SKU_FORMULA,SKU_NAME,SKU_RAW,RAW_NAME,TON
246TILIA.0319,Quinta das Tilias Cão Junior 0319,04FARAVES60,Farinha de Aves 60%,26.8875
246TILIA.0319,Quinta das Tilias Cão Junior 0319,01MILHO,Milho,25
246TILIA.0319,Quinta das Tilias Cão Junior 0319,01TRIGO,Trigo,24
246TILIA.0319,Quinta das Tilias Cão Junior 0319,04FARCARNE,Farinha de Carne,8.5
246TILIA.0319,Quinta das Tilias Cão Junior 0319,04GORDURAAVES,Gordura de Aves,7.4
246TILIA.0319,Quinta das Tilias Cão Junior 0319,01GLUTENMILHO,Gluten de Milho 60%,4
246TILIA.0319,Quinta das Tilias Cão Junior 0319,01POLPABETERRABA,Polpa de Beterraba,2
246TILIA.0319,Quinta das Tilias Cão Junior 0319,02PALADOG,Palatabilizante Cão,1
246TILIA.0319,Quinta das Tilias Cão Junior 0319,05TECNIMIX9010,Premix - Tecnimix 9010,0.4
246TILIA.0319,Quinta das Tilias Cão Junior 0319,07SAL,Sal Refinado,0.4
246TILIA.0319,Quinta das Tilias Cão Junior 0319,05CLORETOCOLINA,Cloreto de Colina,0.15
246TILIA.0319,Quinta das Tilias Cão Junior 0319,05SULFATOGLUCO,Sulfato de Glucosamina,0.1
246TILIA.0319,Quinta das Tilias Cão Junior 0319,05SULFATOCONDROITINA,Sulfato de Condroitina,0.1
246TILIA.0319,Quinta das Tilias Cão Junior 0319,05TERMOXDRY,Premix - Termox Dry FG,0.05
246TILIA.0319,Quinta das Tilias Cão Junior 0319,05YUCCA,Yucca,0.0125
AGTGATO.0081,Pura Special Gato Adulto 0081,04FARAVES70,Farinha de Aves 70%,26.72
AGTGATO.0081,Pura Special Gato Adulto 0081,01TRIGO,Trigo,15.7
AGTGATO.0081,Pura Special Gato Adulto 0081,01MILHO,Milho,20
AGTGATO.0081,Pura Special Gato Adulto 0081,01GLUTENMILHO,Gluten de Milho 60%,6.6
AGTGATO.0081,Pura Special Gato Adulto 0081,04FARATUM,Farinha de Atum,4.6
AGTGATO.0081,Pura Special Gato Adulto 0081,07ERVILHAFORRAGEIRA,Ervilha forrageira,5
AGTGATO.0081,Pura Special Gato Adulto 0081,01POLPABETERRABA,Polpa de Beterraba,2
AGTGATO.0081,Pura Special Gato Adulto 0081,02PALACAT,Palatabilizante Gato,3
AGTGATO.0081,Pura Special Gato Adulto 0081,04GORDURAAVES,Gordura de Aves,7.7
AGTGATO.0081,Pura Special Gato Adulto 0081,07SAL,Sal Refinado,1
AGTGATO.0081,Pura Special Gato Adulto 0081,05CLORETOPOTASSIO,Cloreto de Potássio,0.3
AGTGATO.0081,Pura Special Gato Adulto 0081,05CLORETOCOLINA,Cloreto de Colina,0.3
AGTGATO.0081,Pura Special Gato Adulto 0081,05YUCCA,Yucca,0.03
AGTGATO.0081,Pura Special Gato Adulto 0081,01ARROZ,Arroz,4
AGTGATO.0081,Pura Special Gato Adulto 0081,09PLASMASUINO,Plasma de Suino - Apptein GS,2
AGTGATO.0081,Pura Special Gato Adulto 0081,05TECNIMIX9510,Premix - Tecnimix 9510,1
AGTGATO.0081,Pura Special Gato Adulto 0081,05TERMOXDRY,Premix - Termox Dry FG,0.05
AGTJUNIO.0081,Pura Special Cão Junior 0081,04FARAVES70,Farinha de Aves 70%,34.425
AGTJUNIO.0081,Pura Special Cão Junior 0081,01MILHO,Milho,30
AGTJUNIO.0081,Pura Special Cão Junior 0081,07ERVILHAFORRAGEIRA,Ervilha forrageira,4
AGTJUNIO.0081,Pura Special Cão Junior 0081,01POLPABETERRABA,Polpa de Beterraba,2
AGTJUNIO.0081,Pura Special Cão Junior 0081,04GORDURAAVES,Gordura de Aves,7.8
AGTJUNIO.0081,Pura Special Cão Junior 0081,07SAL,Sal Refinado,0.2
AGTJUNIO.0081,Pura Special Cão Junior 0081,05YUCCA,Yucca,0.025
AGTJUNIO.0081,Pura Special Cão Junior 0081,01ARROZ,Arroz,10
AGTJUNIO.0081,Pura Special Cão Junior 0081,05TERMOXDRY,Premix - Termox Dry FG,0.05
AGTJUNIO.0081,Pura Special Cão Junior 0081,01CEVADA,Cevada,4
AGTJUNIO.0081,Pura Special Cão Junior 0081,05LINHAÇAEXTRUDIDA,Linhaça Extrudida,4
AGTJUNIO.0081,Pura Special Cão Junior 0081,02PALADOG,Palatabilizante Cão,3
AGTJUNIO.0081,Pura Special Cão Junior 0081,05TECNIMIX9012,Premix - Tecnimix 9012,0.5
AGTAD.0081,Pura Special Cão Ad. Frango 0081,04FARAVES70,Farinha de Aves 70%,23.7375
AGTAD.0081,Pura Special Cão Ad. Frango 0081,01MILHO,Milho,22
AGTAD.0081,Pura Special Cão Ad. Frango 0081,07ERVILHAFORRAGEIRA,Ervilha forrageira,4
AGTAD.0081,Pura Special Cão Ad. Frango 0081,01POLPABETERRABA,Polpa de Beterraba,3
AGTAD.0081,Pura Special Cão Ad. Frango 0081,04GORDURAAVES,Gordura de Aves,6
AGTAD.0081,Pura Special Cão Ad. Frango 0081,07SAL,Sal Refinado,0.2
AGTAD.0081,Pura Special Cão Ad. Frango 0081,05YUCCA,Yucca,0.0125
AGTAD.0081,Pura Special Cão Ad. Frango 0081,01ARROZ,Arroz,4
AGTAD.0081,Pura Special Cão Ad. Frango 0081,05TERMOXDRY,Premix - Termox Dry FG,0.05
AGTAD.0081,Pura Special Cão Ad. Frango 0081,01CEVADA,Cevada,10
AGTAD.0081,Pura Special Cão Ad. Frango 0081,05LINHAÇAEXTRUDIDA,Linhaça Extrudida,4
AGTAD.0081,Pura Special Cão Ad. Frango 0081,02PALADOG,Palatabilizante Cão,3
AGTAD.0081,Pura Special Cão Ad. Frango 0081,05TECNIMIX9012,Premix - Tecnimix 9012,0.4
AGTAD.0081,Pura Special Cão Ad. Frango 0081,01TRIGO,Trigo,19.6
AGTADB.0081,Pura Special Cão Ad. Borrego 0081,04FARAVES70,Farinha de Aves 70%,20.5375
AGTADB.0081,Pura Special Cão Ad. Borrego 0081,01MILHO,Milho,20
AGTADB.0081,Pura Special Cão Ad. Borrego 0081,07ERVILHAFORRAGEIRA,Ervilha forrageira,4
AGTADB.0081,Pura Special Cão Ad. Borrego 0081,01POLPABETERRABA,Polpa de Beterraba,2
AGTADB.0081,Pura Special Cão Ad. Borrego 0081,04GORDURAAVES,Gordura de Aves,6
AGTADB.0081,Pura Special Cão Ad. Borrego 0081,07SAL,Sal Refinado,0.2
AGTADB.0081,Pura Special Cão Ad. Borrego 0081,05YUCCA,Yucca,0.0125
AGTADB.0081,Pura Special Cão Ad. Borrego 0081,01ARROZ,Arroz,4
AGTADB.0081,Pura Special Cão Ad. Borrego 0081,05TERMOXDRY,Premix - Termox Dry FG,0.05
AGTADB.0081,Pura Special Cão Ad. Borrego 0081,01CEVADA,Cevada,18
AGTADB.0081,Pura Special Cão Ad. Borrego 0081,05LINHAÇAEXTRUDIDA,Linhaça Extrudida,4
AGTADB.0081,Pura Special Cão Ad. Borrego 0081,02PALADOG,Palatabilizante Cão,2
AGTADB.0081,Pura Special Cão Ad. Borrego 0081,05TECNIMIX9012,Premix - Tecnimix 9012,0.4
AGTADB.0081,Pura Special Cão Ad. Borrego 0081,01TRIGO,Trigo,14.8
AGTADB.0081,Pura Special Cão Ad. Borrego 0081,04FARBORREGO,Farinha de Borrego,4
AGTRPEQF.0081,Pura Special Cão Ad. Mini 0081,04FARAVES70,Farinha de Aves 70%,30.725
AGTRPEQF.0081,Pura Special Cão Ad. Mini 0081,01MILHO,Milho,16.7
AGTRPEQF.0081,Pura Special Cão Ad. Mini 0081,07ERVILHAFORRAGEIRA,Ervilha forrageira,4.6
AGTRPEQF.0081,Pura Special Cão Ad. Mini 0081,01POLPABETERRABA,Polpa de Beterraba,2
AGTRPEQF.0081,Pura Special Cão Ad. Mini 0081,04GORDURAAVES,Gordura de Aves,7.5
AGTRPEQF.0081,Pura Special Cão Ad. Mini 0081,07SAL,Sal Refinado,0.3
AGTRPEQF.0081,Pura Special Cão Ad. Mini 0081,05YUCCA,Yucca,0.025
AGTRPEQF.0081,Pura Special Cão Ad. Mini 0081,01ARROZ,Arroz,10
AGTRPEQF.0081,Pura Special Cão Ad. Mini 0081,05TERMOXDRY,Premix - Termox Dry FG,0.05
AGTRPEQF.0081,Pura Special Cão Ad. Mini 0081,05LINHAÇAEXTRUDIDA,Linhaça Extrudida,4
AGTRPEQF.0081,Pura Special Cão Ad. Mini 0081,02PALADOG,Palatabilizante Cão,3
AGTRPEQF.0081,Pura Special Cão Ad. Mini 0081,05TECNIMIX9012,Premix - Tecnimix 9012,0.4
AGTRPEQF.0081,Pura Special Cão Ad. Mini 0081,05TRIPOLISFOSFATOSODICO,Tripolifosfato Sodico Anhidro,0.7
AGTRPEQF.0081,Pura Special Cão Ad. Mini 0081,01TRIGO,Trigo,20
AGTADHE.0081,Pura Special Cão Alta Energia 0081,04FARAVES70,Farinha de Aves 70%,32.1375
AGTADHE.0081,Pura Special Cão Alta Energia 0081,01MILHO,Milho,20
AGTADHE.0081,Pura Special Cão Alta Energia 0081,07ERVILHAFORRAGEIRA,Ervilha forrageira,4
AGTADHE.0081,Pura Special Cão Alta Energia 0081,01POLPABETERRABA,Polpa de Beterraba,3
AGTADHE.0081,Pura Special Cão Alta Energia 0081,04GORDURAAVES,Gordura de Aves,10.4
AGTADHE.0081,Pura Special Cão Alta Energia 0081,07SAL,Sal Refinado,0.2
AGTADHE.0081,Pura Special Cão Alta Energia 0081,05YUCCA,Yucca,0.0125
AGTADHE.0081,Pura Special Cão Alta Energia 0081,01ARROZ,Arroz,4
AGTADHE.0081,Pura Special Cão Alta Energia 0081,05TERMOXDRY,Premix - Termox Dry FG,0.05
AGTADHE.0081,Pura Special Cão Alta Energia 0081,01CEVADA,Cevada,5
AGTADHE.0081,Pura Special Cão Alta Energia 0081,05LINHAÇAEXTRUDIDA,Linhaça Extrudida,4
AGTADHE.0081,Pura Special Cão Alta Energia 0081,02PALADOG,Palatabilizante Cão,2
AGTADHE.0081,Pura Special Cão Alta Energia 0081,05TECNIMIX9012,Premix - Tecnimix 9012,0.4
AGTADHE.0081,Pura Special Cão Alta Energia 0081,01TRIGO,Trigo,14.8
SNACK2.0330,Teste,01ARROZ,Arroz,50
SNACK2.0330,Teste,01BATATAGRANULADA,Batata Granulada,10
SNACK2.0330,Teste,07MANDIOCA,Mandioca,18
SNACK2.0330,Teste,04FARAVES70,Farinha de Aves 70%,8.8
SNACK2.0330,Teste,01POLPABETERRABA,Polpa de Beterraba,5
SNACK2.0330,Teste,07ERVILHAFORRAGEIRA,Ervilha forrageira,4
SNACK2.0330,Teste,07OVOLIQUIDO,Ovo Líquido,1.2
SNACK2.0330,Teste,07SAL,Sal Refinado,1
SNACK2.0330,Teste,02PALADOG,Palatabilizante Cão,2
OVGTESTE.0322,Acitex Gato 30-9 Esteril 0322,01TRIGO,Trigo,10
OVGTESTE.0322,Acitex Gato 30-9 Esteril 0322,01MILHO,Milho,34.8625
OVGTESTE.0322,Acitex Gato 30-9 Esteril 0322,02PALACAT,Palatabilizante Gato,0.6
OVGTESTE.0322,Acitex Gato 30-9 Esteril 0322,01POLPABETERRABA,Polpa de Beterraba,6
OVGTESTE.0322,Acitex Gato 30-9 Esteril 0322,07SAL,Sal Refinado,1
OVGTESTE.0322,Acitex Gato 30-9 Esteril 0322,05TECNIMIX9510,Premix - Tecnimix 9510,0.9
OVGTESTE.0322,Acitex Gato 30-9 Esteril 0322,05TERMOXDRY,Premix - Termox Dry FG,0.025
OVGTESTE.0322,Acitex Gato 30-9 Esteril 0322,04FARCARNE,Farinha de Carne,21.4
OVGTESTE.0322,Acitex Gato 30-9 Esteril 0322,04FARAVES60,Farinha de Aves 60%,10
OVGTESTE.0322,Acitex Gato 30-9 Esteril 0322,01GLUTENMILHO,Gluten de Milho 60%,9.6
OVGTESTE.0322,Acitex Gato 30-9 Esteril 0322,09CANAAÇUCAR,Cana de Açucar - Fiber 3D,2
OVGTESTE.0322,Acitex Gato 30-9 Esteril 0322,05CLORETOCOLINA,Cloreto de Colina,0.2
OVGTESTE.0322,Acitex Gato 30-9 Esteril 0322,05CLORETOPOTASSIO,Cloreto de Potássio,0.2
OVGTESTE.0322,Acitex Gato 30-9 Esteril 0322,05YUCCA,Yucca,0.0125
PETFPUPP.0321,PetField Premium Cão Junior 0321,04FARAVES70,Farinha de Aves 70%,35.23
PETFPUPP.0321,PetField Premium Cão Junior 0321,01POLPABETERRABA,Polpa de Beterraba,2
PETFPUPP.0321,PetField Premium Cão Junior 0321,04GORDURAAVES,Gordura de Aves,10.1
PETFPUPP.0321,PetField Premium Cão Junior 0321,07SAL,Sal Refinado,0.3
PETFPUPP.0321,PetField Premium Cão Junior 0321,05YUCCA,Yucca,0.025
PETFPUPP.0321,PetField Premium Cão Junior 0321,01ARROZ,Arroz,16.1
PETFPUPP.0321,PetField Premium Cão Junior 0321,01CEVADA,Cevada,10
PETFPUPP.0321,PetField Premium Cão Junior 0321,05LINHAÇAEXTRUDIDA,Linhaça Extrudida,4
PETFPUPP.0321,PetField Premium Cão Junior 0321,02PALADOG,Palatabilizante Cão,1.2
PETFPUPP.0321,PetField Premium Cão Junior 0321,01AVEIA,Aveia,15.2
PETFPUPP.0321,PetField Premium Cão Junior 0321,07ERVILHAFORRAGEIRA,Ervilha forrageira,5
PETFPUPP.0321,PetField Premium Cão Junior 0321,05TECNIMIX9011,Premix - Tecnimix 9011,0.5
PETFPUPP.0321,PetField Premium Cão Junior 0321,05SULFATOGLUCO,Sulfato de Glucosamina,0.14
PETFPUPP.0321,PetField Premium Cão Junior 0321,05CLORETOCOLINA,Cloreto de Colina,0.1
PETFPUPP.0321,PetField Premium Cão Junior 0321,09ARRESTO,Arresto 1.5 Ap conc,0.055
PETFPUPP.0321,PetField Premium Cão Junior 0321,08MEXILHAO VERDE,Mexilhão verde - Green Lipped Mussel,0.05
PETFPREM.0311,PetField Premium Cão Frango e Aveia 0311,04FARAVES70,Farinha de Aves 70%,30.1325
PETFPREM.0311,PetField Premium Cão Frango e Aveia 0311,01POLPABETERRABA,Polpa de Beterraba,2
PETFPREM.0311,PetField Premium Cão Frango e Aveia 0311,04GORDURAAVES,Gordura de Aves,7.9
PETFPREM.0311,PetField Premium Cão Frango e Aveia 0311,07SAL,Sal Refinado,0.3
PETFPREM.0311,PetField Premium Cão Frango e Aveia 0311,05YUCCA,Yucca,0.0125
PETFPREM.0311,PetField Premium Cão Frango e Aveia 0311,01ARROZ,Arroz,11.8
PETFPREM.0311,PetField Premium Cão Frango e Aveia 0311,01CEVADA,Cevada,10
PETFPREM.0311,PetField Premium Cão Frango e Aveia 0311,05LINHAÇAEXTRUDIDA,Linhaça Extrudida,4
PETFPREM.0311,PetField Premium Cão Frango e Aveia 0311,02PALADOG,Palatabilizante Cão,1
PETFPREM.0311,PetField Premium Cão Frango e Aveia 0311,01AVEIA,Aveia,14
PETFPREM.0311,PetField Premium Cão Frango e Aveia 0311,07ERVILHAFORRAGEIRA,Ervilha forrageira,4
PETFPREM.0311,PetField Premium Cão Frango e Aveia 0311,05SULFATOGLUCO,Sulfato de Glucosamina,0.05
PETFPREM.0311,PetField Premium Cão Frango e Aveia 0311,09ARRESTO,Arresto 1.5 Ap conc,0.055
PETFPREM.0311,PetField Premium Cão Frango e Aveia 0311,08MEXILHAO VERDE,Mexilhão verde - Green Lipped Mussel,0.05
PETFPREM.0311,PetField Premium Cão Frango e Aveia 0311,04FARCARNE,Farinha de Carne,4.3
PETFPREM.0311,PetField Premium Cão Frango e Aveia 0311,05TECNIMIX9012,Premix - Tecnimix 9012,0.4
PETFPREM.0311,PetField Premium Cão Frango e Aveia 0311,01MILHO,Milho,10
PETFLAMB.0311,PetField Premium Cão Borrego 0311,01POLPABETERRABA,Polpa de Beterraba,2
PETFLAMB.0311,PetField Premium Cão Borrego 0311,04GORDURAAVES,Gordura de Aves,9.3
PETFLAMB.0311,PetField Premium Cão Borrego 0311,07SAL,Sal Refinado,0.3
PETFLAMB.0311,PetField Premium Cão Borrego 0311,05YUCCA,Yucca,0.025
PETFLAMB.0311,PetField Premium Cão Borrego 0311,01ARROZ,Arroz,4
PETFLAMB.0311,PetField Premium Cão Borrego 0311,01CEVADA,Cevada,14
PETFLAMB.0311,PetField Premium Cão Borrego 0311,05LINHAÇAEXTRUDIDA,Linhaça Extrudida,4
PETFLAMB.0311,PetField Premium Cão Borrego 0311,02PALADOG,Palatabilizante Cão,1
PETFLAMB.0311,PetField Premium Cão Borrego 0311,01AVEIA,Aveia,14
PETFLAMB.0311,PetField Premium Cão Borrego 0311,07ERVILHAFORRAGEIRA,Ervilha forrageira,10
PETFLAMB.0311,PetField Premium Cão Borrego 0311,05SULFATOGLUCO,Sulfato de Glucosamina,0.05
PETFLAMB.0311,PetField Premium Cão Borrego 0311,09ARRESTO,Arresto 1.5 Ap conc,0.055
PETFLAMB.0311,PetField Premium Cão Borrego 0311,08MEXILHAO VERDE,Mexilhão verde - Green Lipped Mussel,0.05
PETFLAMB.0311,PetField Premium Cão Borrego 0311,04FARCARNE,Farinha de Carne,10.4
PETFLAMB.0311,PetField Premium Cão Borrego 0311,05TECNIMIX9012,Premix - Tecnimix 9012,0.4
PETFLAMB.0311,PetField Premium Cão Borrego 0311,01MILHO,Milho,4.4
PETFLAMB.0311,PetField Premium Cão Borrego 0311,04FARBORREGO,Farinha de Borrego,14.22
PETFLAMB.0311,PetField Premium Cão Borrego 0311,01GLUTENMILHO,Gluten de Milho 60%,11.8
PETFCSLG.0311,PetField Premium Cão Senior 0311,01POLPABETERRABA,Polpa de Beterraba,2
PETFCSLG.0311,PetField Premium Cão Senior 0311,04GORDURAAVES,Gordura de Aves,5.3
PETFCSLG.0311,PetField Premium Cão Senior 0311,07SAL,Sal Refinado,0.25
PETFCSLG.0311,PetField Premium Cão Senior 0311,01ARROZ,Arroz,4
PETFCSLG.0311,PetField Premium Cão Senior 0311,05LINHAÇAEXTRUDIDA,Linhaça Extrudida,3
PETFCSLG.0311,PetField Premium Cão Senior 0311,02PALADOG,Palatabilizante Cão,0.6
PETFCSLG.0311,PetField Premium Cão Senior 0311,07ERVILHAFORRAGEIRA,Ervilha forrageira,3
PETFCSLG.0311,PetField Premium Cão Senior 0311,05SULFATOGLUCO,Sulfato de Glucosamina,0.0125
PETFCSLG.0311,PetField Premium Cão Senior 0311,04FARCARNE,Farinha de Carne,24.0625
PETFCSLG.0311,PetField Premium Cão Senior 0311,01MILHO,Milho,23.9
PETFCSLG.0311,PetField Premium Cão Senior 0311,04FARATUM,Farinha de Atum,4
PETFCSLG.0311,PetField Premium Cão Senior 0311,01GLUTENMILHO,Gluten de Milho 60%,3.5
PETFCSLG.0311,PetField Premium Cão Senior 0311,01ALFARROBA,Alfarroba,2
PETFCSLG.0311,PetField Premium Cão Senior 0311,05TECNIMIX9010,Premix - Tecnimix 9010,0.3
PETFCSLG.0311,PetField Premium Cão Senior 0311,05TERMOXDRY,Premix - Termox Dry FG,0.05
PETFCSLG.0311,PetField Premium Cão Senior 0311,05SULFATOCONDROITINA,Sulfato de Condroitina,0.025
PETFCSLG.0311,PetField Premium Cão Senior 0311,01TRIGO,Trigo,24
PETFCSAR.0311,PetField Premium Cão Salmão Arroz 0311,04FARAVES70,Farinha de Aves 70%,12.3
PETFCSAR.0311,PetField Premium Cão Salmão Arroz 0311,01POLPABETERRABA,Polpa de Beterraba,2
PETFCSAR.0311,PetField Premium Cão Salmão Arroz 0311,04GORDURAAVES,Gordura de Aves,8.1
PETFCSAR.0311,PetField Premium Cão Salmão Arroz 0311,07SAL,Sal Refinado,0.25
PETFCSAR.0311,PetField Premium Cão Salmão Arroz 0311,01ARROZ,Arroz,14
PETFCSAR.0311,PetField Premium Cão Salmão Arroz 0311,05LINHAÇAEXTRUDIDA,Linhaça Extrudida,7
PETFCSAR.0311,PetField Premium Cão Salmão Arroz 0311,02PALADOG,Palatabilizante Cão,0.6
PETFCSAR.0311,PetField Premium Cão Salmão Arroz 0311,01AVEIA,Aveia,13.9
PETFCSAR.0311,PetField Premium Cão Salmão Arroz 0311,07ERVILHAFORRAGEIRA,Ervilha forrageira,8
PETFCSAR.0311,PetField Premium Cão Salmão Arroz 0311,05SULFATOGLUCO,Sulfato de Glucosamina,0.05
PETFCSAR.0311,PetField Premium Cão Salmão Arroz 0311,04FARCARNE,Farinha de Carne,11.7
PETFCSAR.0311,PetField Premium Cão Salmão Arroz 0311,01MILHO,Milho,9.7
PETFCSAR.0311,PetField Premium Cão Salmão Arroz 0311,01GLUTENMILHO,Gluten de Milho 60%,8
PETFCSAR.0311,PetField Premium Cão Salmão Arroz 0311,01FARINHASALMAO,Farinha de Salmão,4
PETFCSAR.0311,PetField Premium Cão Salmão Arroz 0311,05TECNIMIX9010,Premix - Tecnimix 9010,0.3
PETFCSAR.0311,PetField Premium Cão Salmão Arroz 0311,05TERMOXDRY,Premix - Termox Dry FG,0.05
PETFCSAR.0311,PetField Premium Cão Salmão Arroz 0311,05SULFATOCONDROITINA,Sulfato de Condroitina,0.05
247TILIA.00345,Quinta das Tilias Cão Alta Energia 00345,04FARCARNE,Farinha de Carne,27.5125
247TILIA.00345,Quinta das Tilias Cão Alta Energia 00345,01MILHO,Milho,27.4
247TILIA.00345,Quinta das Tilias Cão Alta Energia 00345,01CEVADA,Cevada,20
247TILIA.00345,Quinta das Tilias Cão Alta Energia 00345,01GLUTENMILHO,Gluten de Milho 60%,8.7
247TILIA.00345,Quinta das Tilias Cão Alta Energia 00345,04GORDURAAVES,Gordura de Aves,8.6
247TILIA.00345,Quinta das Tilias Cão Alta Energia 00345,01TRIGO,Trigo,3.9
247TILIA.00345,Quinta das Tilias Cão Alta Energia 00345,01POLPABETERRABA,Polpa de Beterraba,2
247TILIA.00345,Quinta das Tilias Cão Alta Energia 00345,02PALADOG,Palatabilizante Cão,0.8
247TILIA.00345,Quinta das Tilias Cão Alta Energia 00345,05TECNIMIX9010,Premix - Tecnimix 9010,0.4
247TILIA.00345,Quinta das Tilias Cão Alta Energia 00345,07SAL,Sal Refinado,0.3
247TILIA.00345,Quinta das Tilias Cão Alta Energia 00345,05CLORETOCOLINA,Cloreto de Colina,0.125
247TILIA.00345,Quinta das Tilias Cão Alta Energia 00345,05SULFATOCONDROITINA,Sulfato de Condroitina,0.1
247TILIA.00345,Quinta das Tilias Cão Alta Energia 00345,05SULFATOGLUCO,Sulfato de Glucosamina,0.1
247TILIA.00345,Quinta das Tilias Cão Alta Energia 00345,05TERMOXDRY,Premix - Termox Dry FG,0.05
247TILIA.00345,Quinta das Tilias Cão Alta Energia 00345,05YUCCA,Yucca,0.0125
AGTADS.00345,Pura Special Cão Ad Salmão 00345,04FARAVES70,Farinha de Aves 70%,20.0375
AGTADS.00345,Pura Special Cão Ad Salmão 00345,01MILHO,Milho,19
AGTADS.00345,Pura Special Cão Ad Salmão 00345,01CEVADA,Cevada,19
AGTADS.00345,Pura Special Cão Ad Salmão 00345,01TRIGO,Trigo,14.6
AGTADS.00345,Pura Special Cão Ad Salmão 00345,04GORDURAAVES,Gordura de Aves,6.2
AGTADS.00345,Pura Special Cão Ad Salmão 00345,07ERVILHAFORRAGEIRA,Ervilha forrageira,4
AGTADS.00345,Pura Special Cão Ad Salmão 00345,05LINHAÇAEXTRUDIDA,Linhaça Extrudida,4
AGTADS.00345,Pura Special Cão Ad Salmão 00345,01ARROZ,Arroz,4
AGTADS.00345,Pura Special Cão Ad Salmão 00345,01FARINHASALMAO,Farinha de Salmão,4
AGTADS.00345,Pura Special Cão Ad Salmão 00345,02PALADOG,Palatabilizante Cão,2.5
AGTADS.00345,Pura Special Cão Ad Salmão 00345,01POLPABETERRABA,Polpa de Beterraba,2
AGTADS.00345,Pura Special Cão Ad Salmão 00345,05TECNIMIX9012,Premix - Tecnimix 9012,0.4
AGTADS.00345,Pura Special Cão Ad Salmão 00345,07SAL,Sal Refinado,0.2
AGTADS.00345,Pura Special Cão Ad Salmão 00345,05TERMOXDRY,Premix - Termox Dry FG,0.05
AGTADS.00345,Pura Special Cão Ad Salmão 00345,05YUCCA,Yucca,0.0125
C-302-HO.00345,happyOne PREMIUM Salmão Arroz 00345,01FARINHASALMAO,Farinha de Salmão,20.77
C-302-HO.00345,happyOne PREMIUM Salmão Arroz 00345,01TRINCAARROZ,Trinca Arroz,20.2
C-302-HO.00345,happyOne PREMIUM Salmão Arroz 00345,01MILHO,Milho,12.1
C-302-HO.00345,happyOne PREMIUM Salmão Arroz 00345,01ARROZ,Arroz,10.1
C-302-HO.00345,happyOne PREMIUM Salmão Arroz 00345,07ERVILHAFORRAGEIRA,Ervilha forrageira,9.9
C-302-HO.00345,happyOne PREMIUM Salmão Arroz 00345,04GORDURAAVES,Gordura de Aves,9.8
C-302-HO.00345,happyOne PREMIUM Salmão Arroz 00345,04FARAVES70,Farinha de Aves 70%,8.9
C-302-HO.00345,happyOne PREMIUM Salmão Arroz 00345,01POLPABETERRABA,Polpa de Beterraba,4
C-302-HO.00345,happyOne PREMIUM Salmão Arroz 00345,02PALADOG,Palatabilizante Cão,3.2
C-302-HO.00345,happyOne PREMIUM Salmão Arroz 00345,07SAL,Sal Refinado,0.25
C-302-HO.00345,happyOne PREMIUM Salmão Arroz 00345,05CLORETOCOLINA,Cloreto de Colina,0.1
C-302-HO.00345,happyOne PREMIUM Salmão Arroz 00345,05TECNIMOLD,Premix - Tecnimold,0.1
C-302-HO.00345,happyOne PREMIUM Salmão Arroz 00345,09ARRESTO,Arresto 1.5 Ap conc,0.055
C-302-HO.00345,happyOne PREMIUM Salmão Arroz 00345,05SULFATOGLUCO,Sulfato de Glucosamina,0.05
C-302-HO.00345,happyOne PREMIUM Salmão Arroz 00345,08MEXILHAO VERDE,Mexilhão verde - Green Lipped Mussel,0.05
C-302-HO.00345,happyOne PREMIUM Salmão Arroz 00345,05YUCCA,Yucca,0.025
C310HOPB.00345,happyOne PREMIUM Insetos 00345,04FARINSETOS,Farinha de Insetos,25.12
C310HOPB.00345,happyOne PREMIUM Insetos 00345,01ARROZ,Arroz,23.6
C310HOPB.00345,happyOne PREMIUM Insetos 00345,01BATATAGRANULADA,Batata Granulada,15
C310HOPB.00345,happyOne PREMIUM Insetos 00345,07ERVILHAFORRAGEIRA,Ervilha forrageira,10
C310HOPB.00345,happyOne PREMIUM Insetos 00345,04GORDURAAVES,Gordura de Aves,8.7
C310HOPB.00345,happyOne PREMIUM Insetos 00345,05LINHAÇAEXTRUDIDA,Linhaça Extrudida,5
C310HOPB.00345,happyOne PREMIUM Insetos 00345,05LEVEDURACERVEJA,"Levedura de Cerveja ""Expert""",4.5
C310HOPB.00345,happyOne PREMIUM Insetos 00345,01ALFARROBA,Alfarroba,4
C310HOPB.00345,happyOne PREMIUM Insetos 00345,02PALAERVILHA,Palatabilizante Ervilha,3
C310HOPB.00345,happyOne PREMIUM Insetos 00345,07SAL,Sal Refinado,0.3
C310HOPB.00345,happyOne PREMIUM Insetos 00345,05CLORETOCOLINA,Cloreto de Colina,0.2
C310HOPB.00345,happyOne PREMIUM Insetos 00345,05TECNIMOLD,Premix - Tecnimold,0.1
C310HOPB.00345,happyOne PREMIUM Insetos 00345,09ARRESTO,Arresto 1.5 Ap conc,0.055
C310HOPB.00345,happyOne PREMIUM Insetos 00345,05YUCCA,Yucca,0.025
OVGTESTE.0322,Acitex Gato 30-9 Esteril 0322,04GORDURAAVES,Gordura de Aves,3.2
OV2812C.00345,Acitex Gato 28-12 Carne 00345,01MILHO,Milho,40.05
OV2812C.00345,Acitex Gato 28-12 Carne 00345,04FARCARNE,Farinha de Carne,25.1
OV2812C.00345,Acitex Gato 28-12 Carne 00345,01TRIGO,Trigo,16.8
OV2812C.00345,Acitex Gato 28-12 Carne 00345,04FARAVES60,Farinha de Aves 60%,9.5
OV2812C.00345,Acitex Gato 28-12 Carne 00345,04GORDURAAVES,Gordura de Aves,3.8
OV2812C.00345,Acitex Gato 28-12 Carne 00345,07SAL,Sal Refinado,1
OV2812C.00345,Acitex Gato 28-12 Carne 00345,01POLPABETERRABA,Polpa de Beterraba,1
OV2812C.00345,Acitex Gato 28-12 Carne 00345,02PALACAT,Palatabilizante Gato,1
OV2812C.00345,Acitex Gato 28-12 Carne 00345,05TECNIMIX9510,Premix - Tecnimix 9510,0.9
OV2812C.00345,Acitex Gato 28-12 Carne 00345,04FARATUM,Farinha de Atum,0.8
OV2812C.00345,Acitex Gato 28-12 Carne 00345,05TERMOXDRY,Premix - Termox Dry FG,0.05
OV2812P.00345,Acitex Gato 28-12 Peixe 00345,01MILHO,Milho,30.175
OV2812P.00345,Acitex Gato 28-12 Peixe 00345,01TRIGO,Trigo,27.5
OV2812P.00345,Acitex Gato 28-12 Peixe 00345,04FARCARNE,Farinha de Carne,25.8
OV2812P.00345,Acitex Gato 28-12 Peixe 00345,04FARAVES60,Farinha de Aves 60%,5
OV2812P.00345,Acitex Gato 28-12 Peixe 00345,04FARATUM,Farinha de Atum,4
OV2812P.00345,Acitex Gato 28-12 Peixe 00345,04GORDURAAVES,Gordura de Aves,4
OV2812P.00345,Acitex Gato 28-12 Peixe 00345,07SAL,Sal Refinado,1
OV2812P.00345,Acitex Gato 28-12 Peixe 00345,01POLPABETERRABA,Polpa de Beterraba,1
OV2812P.00345,Acitex Gato 28-12 Peixe 00345,05TECNIMIX9510,Premix - Tecnimix 9510,0.9
OV2812P.00345,Acitex Gato 28-12 Peixe 00345,02PALACAT,Palatabilizante Gato,0.6
OV2812P.00345,Acitex Gato 28-12 Peixe 00345,05TERMOXDRY,Premix - Termox Dry FG,0.025
280078.0035,Mediterraneum Gato Senior 00345,04FARAVES70,Farinha de Aves 70%,29.945
280078.0035,Mediterraneum Gato Senior 00345,01BATATAGRANULADA,Batata Granulada,11.7
280078.0035,Mediterraneum Gato Senior 00345,07MANDIOCA,Mandioca,10
280078.0035,Mediterraneum Gato Senior 00345,01FARINHASARD,Farinha de Sardinha,10
280078.0035,Mediterraneum Gato Senior 00345,07ERVILHAFORRAGEIRA,Ervilha forrageira,9.7
280078.0035,Mediterraneum Gato Senior 00345,04CDM,CDM - Carne Fresca,9
280078.0035,Mediterraneum Gato Senior 00345,04GORDURAAVES,Gordura de Aves,5
280078.0035,Mediterraneum Gato Senior 00345,05LINHAÇAEXTRUDIDA,Linhaça Extrudida,3
280078.0035,Mediterraneum Gato Senior 00345,02PALACAT,Palatabilizante Gato,3
280078.0035,Mediterraneum Gato Senior 00345,01POLPABETERRABA,Polpa de Beterraba,3
280078.0035,Mediterraneum Gato Senior 00345,07OVOLIQUIDO,Ovo Líquido,1.2
280078.0035,Mediterraneum Gato Senior 00345,07SAL,Sal Refinado,1.1
280078.0035,Mediterraneum Gato Senior 00345,05TECNIMIX9511,Premix - Tecnimix 9511,1
280078.0035,Mediterraneum Gato Senior 00345,09CANAAÇUCAR,Cana de Açucar - Fiber 3D,1
280078.0035,Mediterraneum Gato Senior 00345,05CLORETOCOLINA,Cloreto de Colina,0.4
280078.0035,Mediterraneum Gato Senior 00345,05CLORETOPOTASSIO,Cloreto de Potássio,0.4
280078.0035,Mediterraneum Gato Senior 00345,01CENOURA,Cenoura - Zanahoria Polvo AD,0.1
280078.0035,Mediterraneum Gato Senior 00345,07AZEITE,Azeite,0.1
280078.0035,Mediterraneum Gato Senior 00345,01TOMATE,Tomate,0.1
280078.0035,Mediterraneum Gato Senior 00345,08MAÇA,Maça - Apple pomace,0.1
280078.0035,Mediterraneum Gato Senior 00345,05YUCCA,Yucca,0.1
280078.0035,Mediterraneum Gato Senior 00345,09ARRESTO,Arresto 1.5 Ap conc,0.055
INTCRPEQ.00352,PorSi Seleção Cão Raças Pequenas 00352,01MILHO,Milho,18.5
INTCRPEQ.00352,PorSi Seleção Cão Raças Pequenas 00352,04GORDURAAVES,Gordura de Aves,6
INTCRPEQ.00352,PorSi Seleção Cão Raças Pequenas 00352,01CEVADA,Cevada,15
INTCRPEQ.00352,PorSi Seleção Cão Raças Pequenas 00352,01POLPABETERRABA,Polpa de Beterraba,2
INTCRPEQ.00352,PorSi Seleção Cão Raças Pequenas 00352,02PALADOG,Palatabilizante Cão,0.6
INTCRPEQ.00352,PorSi Seleção Cão Raças Pequenas 00352,05TECNIMIX9010,Premix - Tecnimix 9010,0.25
INTCRPEQ.00352,PorSi Seleção Cão Raças Pequenas 00352,07SAL,Sal Refinado,0.25
INTCRPEQ.00352,PorSi Seleção Cão Raças Pequenas 00352,05TERMOXDRY,Premix - Termox Dry FG,0.05
INTCRPEQ.00352,PorSi Seleção Cão Raças Pequenas 00352,05YUCCA,Yucca,0.0125
INTCRPEQ.00352,PorSi Seleção Cão Raças Pequenas 00352,04FARAVES70,Farinha de Aves 70%,13.8
INTCRPEQ.00352,PorSi Seleção Cão Raças Pequenas 00352,07ERVILHAFORRAGEIRA,Ervilha forrageira,10
INTCRPEQ.00352,PorSi Seleção Cão Raças Pequenas 00352,04FARCARNE,Farinha de Carne,18.5375
INTCRPEQ.00352,PorSi Seleção Cão Raças Pequenas 00352,01TRIGO,Trigo,15
INTCAOPROA.00352,PorSi Seleção Cão Pro Adulto 00352,01MILHO,Milho,10
INTCAOPROA.00352,PorSi Seleção Cão Pro Adulto 00352,04GORDURAAVES,Gordura de Aves,11.3
INTCAOPROA.00352,PorSi Seleção Cão Pro Adulto 00352,01CEVADA,Cevada,13
INTCAOPROA.00352,PorSi Seleção Cão Pro Adulto 00352,01POLPABETERRABA,Polpa de Beterraba,1
INTCAOPROA.00352,PorSi Seleção Cão Pro Adulto 00352,02PALADOG,Palatabilizante Cão,0.6
INTCAOPROA.00352,PorSi Seleção Cão Pro Adulto 00352,05TECNIMIX9010,Premix - Tecnimix 9010,0.25
INTCAOPROA.00352,PorSi Seleção Cão Pro Adulto 00352,07SAL,Sal Refinado,0.25
INTCAOPROA.00352,PorSi Seleção Cão Pro Adulto 00352,05TERMOXDRY,Premix - Termox Dry FG,0.05
INTCAOPROA.00352,PorSi Seleção Cão Pro Adulto 00352,05YUCCA,Yucca,0.0125
INTCAOPROA.00352,PorSi Seleção Cão Pro Adulto 00352,04FARAVES70,Farinha de Aves 70%,14.5
INTCAOPROA.00352,PorSi Seleção Cão Pro Adulto 00352,04FARBORREGO,Farinha de Borrego,15.1375
INTCAOPROA.00352,PorSi Seleção Cão Pro Adulto 00352,01GLUTENMILHO,Gluten de Milho 60%,7.2
INTCAOPROA.00352,PorSi Seleção Cão Pro Adulto 00352,01ARROZ,Arroz,15
INTCAOPROA.00352,PorSi Seleção Cão Pro Adulto 00352,01TRIGO,Trigo,11.7
INTCACTINT.00352,PorSi Cão AE Actividade Intensa 00352,01MILHO,Milho,16.1
INTCACTINT.00352,PorSi Cão AE Actividade Intensa 00352,04GORDURAAVES,Gordura de Aves,8.1
INTCACTINT.00352,PorSi Cão AE Actividade Intensa 00352,01CEVADA,Cevada,15
INTCACTINT.00352,PorSi Cão AE Actividade Intensa 00352,01POLPABETERRABA,Polpa de Beterraba,2
INTCACTINT.00352,PorSi Cão AE Actividade Intensa 00352,02PALADOG,Palatabilizante Cão,0.6
INTCACTINT.00352,PorSi Cão AE Actividade Intensa 00352,07SAL,Sal Refinado,0.4
INTCACTINT.00352,PorSi Cão AE Actividade Intensa 00352,05TERMOXDRY,Premix - Termox Dry FG,0.05
INTCACTINT.00352,PorSi Cão AE Actividade Intensa 00352,05YUCCA,Yucca,0.0125
INTCACTINT.00352,PorSi Cão AE Actividade Intensa 00352,01GLUTENMILHO,Gluten de Milho 60%,8
INTCACTINT.00352,PorSi Cão AE Actividade Intensa 00352,01TRIGO,Trigo,12.1
INTCACTINT.00352,PorSi Cão AE Actividade Intensa 00352,04FARAVES60,Farinha de Aves 60%,20.8125
INTCACTINT.00352,PorSi Cão AE Actividade Intensa 00352,04FARCARNE,Farinha de Carne,10.2
INTCACTINT.00352,PorSi Cão AE Actividade Intensa 00352,07ERVILHAFORRAGEIRA,Ervilha forrageira,4.2
INTCACTINT.00352,PorSi Cão AE Actividade Intensa 00352,01ALFARROBA,Alfarroba,2
INTCACTINT.00352,PorSi Cão AE Actividade Intensa 00352,05CLORETOCOLINA,Cloreto de Colina,0.125
INTCJUNI.00352,PorSi Seleção Cão Pro Junior 00352,01MILHO,Milho,17
INTCJUNI.00352,PorSi Seleção Cão Pro Junior 00352,04GORDURAAVES,Gordura de Aves,4.4
INTCJUNI.00352,PorSi Seleção Cão Pro Junior 00352,01CEVADA,Cevada,15
INTCJUNI.00352,PorSi Seleção Cão Pro Junior 00352,01POLPABETERRABA,Polpa de Beterraba,2
INTCJUNI.00352,PorSi Seleção Cão Pro Junior 00352,02PALADOG,Palatabilizante Cão,0.6
INTCJUNI.00352,PorSi Seleção Cão Pro Junior 00352,05TECNIMIX9010,Premix - Tecnimix 9010,0.3
INTCJUNI.00352,PorSi Seleção Cão Pro Junior 00352,07SAL,Sal Refinado,0.25
INTCJUNI.00352,PorSi Seleção Cão Pro Junior 00352,05TERMOXDRY,Premix - Termox Dry FG,0.05
INTCJUNI.00352,PorSi Seleção Cão Pro Junior 00352,05YUCCA,Yucca,0.0125
INTCJUNI.00352,PorSi Seleção Cão Pro Junior 00352,04FARAVES70,Farinha de Aves 70%,18.9875
INTCJUNI.00352,PorSi Seleção Cão Pro Junior 00352,04FARCARNE,Farinha de Carne,18.9
INTCJUNI.00352,PorSi Seleção Cão Pro Junior 00352,01TRIGO,Trigo,11.5
INTCJUNI.00352,PorSi Seleção Cão Pro Junior 00352,05LEVEDURACERVEJA,"Levedura de Cerveja ""Expert""",1
INTCJUNI.00352,PorSi Seleção Cão Pro Junior 00352,01ARROZ,Arroz,10
247010.0035,DOMUS Cão Alta Energia 00346,04FARCARNE,Farinha de Carne,27.6125
247010.0035,DOMUS Cão Alta Energia 00346,01CEVADA,Cevada,9.2
247010.0035,DOMUS Cão Alta Energia 00346,01MILHO,Milho,20
247010.0035,DOMUS Cão Alta Energia 00346,04GORDURAAVES,Gordura de Aves,6.9
247010.0035,DOMUS Cão Alta Energia 00346,01GLUTENMILHO,Gluten de Milho 60%,6.2
247010.0035,DOMUS Cão Alta Energia 00346,02PALADOG,Palatabilizante Cão,1.2
247010.0035,DOMUS Cão Alta Energia 00346,01POLPABETERRABA,Polpa de Beterraba,1
247010.0035,DOMUS Cão Alta Energia 00346,05TECNIMIX9010,Premix - Tecnimix 9010,0.4
247010.0035,DOMUS Cão Alta Energia 00346,07SAL,Sal Refinado,0.3
247010.0035,DOMUS Cão Alta Energia 00346,05CLORETOCOLINA,Cloreto de Colina,0.125
247010.0035,DOMUS Cão Alta Energia 00346,05TERMOXDRY,Premix - Termox Dry FG,0.05
247010.0035,DOMUS Cão Alta Energia 00346,05YUCCA,Yucca,0.0125
247010.0035,DOMUS Cão Alta Energia 00346,01ALFARROBA,Alfarroba,2
247010.0035,DOMUS Cão Alta Energia 00346,01TRIGO,Trigo,25
280070.0035,Mediterraneum Cão Adulto 00351,04FARAVES70,Farinha de Aves 70%,25.39
280070.0035,Mediterraneum Cão Adulto 00351,01BATATAGRANULADA,Batata Granulada,20
280070.0035,Mediterraneum Cão Adulto 00351,04CDM,CDM - Carne Fresca,6.5
280070.0035,Mediterraneum Cão Adulto 00351,07MANDIOCA,Mandioca,15
280070.0035,Mediterraneum Cão Adulto 00351,04GORDURAAVES,Gordura de Aves,10.5
280070.0035,Mediterraneum Cão Adulto 00351,07ERVILHAFORRAGEIRA,Ervilha forrageira,8
280070.0035,Mediterraneum Cão Adulto 00351,02PALADOG,Palatabilizante Cão,3
280070.0035,Mediterraneum Cão Adulto 00351,01POLPABETERRABA,Polpa de Beterraba,2
280070.0035,Mediterraneum Cão Adulto 00351,07OVOLIQUIDO,Ovo Líquido,1
280070.0035,Mediterraneum Cão Adulto 00351,01FARINHASARD,Farinha de Sardinha,1
280070.0035,Mediterraneum Cão Adulto 00351,01TOMATE,Tomate,0.01
280070.0035,Mediterraneum Cão Adulto 00351,07AZEITE,Azeite,0.1
280070.0035,Mediterraneum Cão Adulto 00351,08MAÇA,Maça - Apple pomace,0.01
280070.0035,Mediterraneum Cão Adulto 00351,01CENOURA,Cenoura - Zanahoria Polvo AD,0.01
280070.0035,Mediterraneum Cão Adulto 00351,05CLORETOCOLINA,Cloreto de Colina,0.2
280070.0035,Mediterraneum Cão Adulto 00351,07SAL,Sal Refinado,0.3
280070.0035,Mediterraneum Cão Adulto 00351,09ARRESTO,Arresto 1.5 Ap conc,0.055
280070.0035,Mediterraneum Cão Adulto 00351,05SULFATOGLUCO,Sulfato de Glucosamina,0.05
280070.0035,Mediterraneum Cão Adulto 00351,08MEXILHAO VERDE,Mexilhão verde - Green Lipped Mussel,0.05
280070.0035,Mediterraneum Cão Adulto 00351,05YUCCA,Yucca,0.025
280070.0035,Mediterraneum Cão Adulto 00351,04PROTEINAERVILHA,Proteína de Ervilha,6.4
280074.0035,Mediterraneum Gato Esteril Carne 00351,04FARAVES70,Farinha de Aves 70%,24.82
280074.0035,Mediterraneum Gato Esteril Carne 00351,01BATATAGRANULADA,Batata Granulada,15
280074.0035,Mediterraneum Gato Esteril Carne 00351,01FARINHASARD,Farinha de Sardinha,8.9
280074.0035,Mediterraneum Gato Esteril Carne 00351,04CDM,CDM - Carne Fresca,6.3
280074.0035,Mediterraneum Gato Esteril Carne 00351,02PALACAT,Palatabilizante Gato,4
280074.0035,Mediterraneum Gato Esteril Carne 00351,07MANDIOCA,Mandioca,10
280074.0035,Mediterraneum Gato Esteril Carne 00351,04GORDURAAVES,Gordura de Aves,5.3
280074.0035,Mediterraneum Gato Esteril Carne 00351,01POLPABETERRABA,Polpa de Beterraba,2
280074.0035,Mediterraneum Gato Esteril Carne 00351,07ERVILHAFORRAGEIRA,Ervilha forrageira,7
280074.0035,Mediterraneum Gato Esteril Carne 00351,07OVOLIQUIDO,Ovo Líquido,1
280074.0035,Mediterraneum Gato Esteril Carne 00351,05TECNIMIX9511,Premix - Tecnimix 9511,1
280074.0035,Mediterraneum Gato Esteril Carne 00351,07SAL,Sal Refinado,0.5
280074.0035,Mediterraneum Gato Esteril Carne 00351,09CANAAÇUCAR,Cana de Açucar - Fiber 3D,2
280074.0035,Mediterraneum Gato Esteril Carne 00351,05CLORETOPOTASSIO,Cloreto de Potássio,0.4
280074.0035,Mediterraneum Gato Esteril Carne 00351,09ARRESTO,Arresto 1.5 Ap conc,0.055
280074.0035,Mediterraneum Gato Esteril Carne 00351,07AZEITE,Azeite,0.1
280074.0035,Mediterraneum Gato Esteril Carne 00351,08MAÇA,Maça - Apple pomace,0.1
280074.0035,Mediterraneum Gato Esteril Carne 00351,01CENOURA,Cenoura - Zanahoria Polvo AD,0.1
280074.0035,Mediterraneum Gato Esteril Carne 00351,01TOMATE,Tomate,0.1
280074.0035,Mediterraneum Gato Esteril Carne 00351,05YUCCA,Yucca,0.025
280074.0035,Mediterraneum Gato Esteril Carne 00351,05LEVEDURACERVEJA,"Levedura de Cerveja ""Expert""",6
280074.0035,Mediterraneum Gato Esteril Carne 00351,04PROTEINAERVILHA,Proteína de Ervilha,5.3
280079HOL.00341,Mediterraneum Gatinhos 00341,05YUCCA,Yucca,0.0125
280079HOL.00341,Mediterraneum Gatinhos 00341,07OVOLIQUIDO,Ovo Líquido,1.8
280079HOL.00341,Mediterraneum Gatinhos 00341,04GORDURAAVES,Gordura de Aves,5.1
280079HOL.00341,Mediterraneum Gatinhos 00341,07ERVILHAFORRAGEIRA,Ervilha forrageira,4
280079HOL.00341,Mediterraneum Gatinhos 00341,01BATATAGRANULADA,Batata Granulada,12.8
280079HOL.00341,Mediterraneum Gatinhos 00341,01POLPABETERRABA,Polpa de Beterraba,2
280079HOL.00341,Mediterraneum Gatinhos 00341,07SAL,Sal Refinado,0.5
280079HOL.00341,Mediterraneum Gatinhos 00341,04CDM,CDM - Carne Fresca,9
280079HOL.00341,Mediterraneum Gatinhos 00341,07AZEITE,Azeite,0.5
280079HOL.00341,Mediterraneum Gatinhos 00341,05TECNIMIX9511,Premix - Tecnimix 9511,1
280079HOL.00341,Mediterraneum Gatinhos 00341,09ARRESTO,Arresto 1.5 Ap conc,0.055
280079HOL.00341,Mediterraneum Gatinhos 00341,01CENOURA,Cenoura - Zanahoria Polvo AD,0.01
280079HOL.00341,Mediterraneum Gatinhos 00341,08MAÇA,Maça - Apple pomace,0.01
280079HOL.00341,Mediterraneum Gatinhos 00341,01TOMATE,Tomate,0.01
280079HOL.00341,Mediterraneum Gatinhos 00341,07MANDIOCA,Mandioca,12
280079HOL.00341,Mediterraneum Gatinhos 00341,05LINHAÇAEXTRUDIDA,Linhaça Extrudida,4
280079HOL.00341,Mediterraneum Gatinhos 00341,09PLASMASUINO,Plasma de Suino - Apptein GS,2
280079HOL.00341,Mediterraneum Gatinhos 00341,05DHAGOLDS17-B,DHA GOLD S17-B,0.3
280079HOL.00341,Mediterraneum Gatinhos 00341,04FARAVES70,Farinha de Aves 70%,26.8025
280079HOL.00341,Mediterraneum Gatinhos 00341,02PALACAT,Palatabilizante Gato,5
280079HOL.00341,Mediterraneum Gatinhos 00341,01FARINHASARD,Farinha de Sardinha,13.1
245010.0036,DOMUS Cão Adulto 00359,01MILHO,Milho,49.9875
245010.0036,DOMUS Cão Adulto 00359,04FARCARNE,Farinha de Carne,27.9
245010.0036,DOMUS Cão Adulto 00359,01TRIGO,Trigo,9.7
245010.0036,DOMUS Cão Adulto 00359,04GORDURAAVES,Gordura de Aves,3.7
245010.0036,DOMUS Cão Adulto 00359,01GLUTENMILHO,Gluten de Milho 60%,3
245010.0036,DOMUS Cão Adulto 00359,01ALFARROBA,Alfarroba,2
245010.0036,DOMUS Cão Adulto 00359,01POLPABETERRABA,Polpa de Beterraba,2
245010.0036,DOMUS Cão Adulto 00359,02PALADOG,Palatabilizante Cão,1.1
245010.0036,DOMUS Cão Adulto 00359,05TECNIMIX9010,Premix - Tecnimix 9010,0.3
245010.0036,DOMUS Cão Adulto 00359,07SAL,Sal Refinado,0.25
245010.0036,DOMUS Cão Adulto 00359,05TERMOXDRY,Premix - Termox Dry FG,0.05
245010.0036,DOMUS Cão Adulto 00359,05YUCCA,Yucca,0.0125
246010.0036,DOMUS Cão Junior 00359,01MILHO,Milho,29.9875
246010.0036,DOMUS Cão Junior 00359,04FARAVES60,Farinha de Aves 60%,19.8
246010.0036,DOMUS Cão Junior 00359,01CEVADA,Cevada,18.7
246010.0036,DOMUS Cão Junior 00359,04FARCARNE,Farinha de Carne,13.3
246010.0036,DOMUS Cão Junior 00359,04GORDURAAVES,Gordura de Aves,7
246010.0036,DOMUS Cão Junior 00359,01GLUTENMILHO,Gluten de Milho 60%,6
246010.0036,DOMUS Cão Junior 00359,01ALFARROBA,Alfarroba,2
246010.0036,DOMUS Cão Junior 00359,02PALADOG,Palatabilizante Cão,1.2
246010.0036,DOMUS Cão Junior 00359,01POLPABETERRABA,Polpa de Beterraba,1
246010.0036,DOMUS Cão Junior 00359,05TECNIMIX9010,Premix - Tecnimix 9010,0.4
246010.0036,DOMUS Cão Junior 00359,07SAL,Sal Refinado,0.4
246010.0036,DOMUS Cão Junior 00359,05CLORETOCOLINA,Cloreto de Colina,0.15
246010.0036,DOMUS Cão Junior 00359,05TERMOXDRY,Premix - Termox Dry FG,0.05
246010.0036,DOMUS Cão Junior 00359,05YUCCA,Yucca,0.0125
250079.0036,happyOne Cão Adulto 00359,04FARAVES70,Farinha de Aves 70%,22.1375
250079.0036,happyOne Cão Adulto 00359,01MILHO,Milho,21.9
250079.0036,happyOne Cão Adulto 00359,01AVEIA,Aveia,14.8
250079.0036,happyOne Cão Adulto 00359,01CEVADA,Cevada,12.9
250079.0036,happyOne Cão Adulto 00359,04FARCARNE,Farinha de Carne,7
250079.0036,happyOne Cão Adulto 00359,04GORDURAAVES,Gordura de Aves,6
250079.0036,happyOne Cão Adulto 00359,01ARROZ,Arroz,4
250079.0036,happyOne Cão Adulto 00359,07ERVILHAFORRAGEIRA,Ervilha forrageira,4
250079.0036,happyOne Cão Adulto 00359,02PALADOG,Palatabilizante Cão,2.5
250079.0036,happyOne Cão Adulto 00359,01ALFARROBA,Alfarroba,2
250079.0036,happyOne Cão Adulto 00359,01POLPABETERRABA,Polpa de Beterraba,2
250079.0036,happyOne Cão Adulto 00359,07SAL,Sal Refinado,0.3
250079.0036,happyOne Cão Adulto 00359,05TERMOXDRY,Premix - Termox Dry FG,0.05
250079.0036,happyOne Cão Adulto 00359,05YUCCA,Yucca,0.0125
251079.0036,happyOne Cão Junior 00359,04FARAVES70,Farinha de Aves 70%,34.8875
251079.0036,happyOne Cão Junior 00359,01MILHO,Milho,30.4
251079.0036,happyOne Cão Junior 00359,01ARROZ,Arroz,10
251079.0036,happyOne Cão Junior 00359,04GORDURAAVES,Gordura de Aves,7.7
251079.0036,happyOne Cão Junior 00359,01AVEIA,Aveia,4
251079.0036,happyOne Cão Junior 00359,07ERVILHAFORRAGEIRA,Ervilha forrageira,4
251079.0036,happyOne Cão Junior 00359,02PALADOG,Palatabilizante Cão,2
251079.0036,happyOne Cão Junior 00359,01CEVADA,Cevada,2
251079.0036,happyOne Cão Junior 00359,01ALFARROBA,Alfarroba,2
251079.0036,happyOne Cão Junior 00359,01POLPABETERRABA,Polpa de Beterraba,2
251079.0036,happyOne Cão Junior 00359,07SAL,Sal Refinado,0.3
251079.0036,happyOne Cão Junior 00359,05CLORETOCOLINA,Cloreto de Colina,0.15
251079.0036,happyOne Cão Junior 00359,05TERMOXDRY,Premix - Termox Dry FG,0.05
251079.0036,happyOne Cão Junior 00359,05YUCCA,Yucca,0.0125
C-301-HO-GR.00351,happyOne PREMIUM Grain Free 00351,04FARAVES70,Farinha de Aves 70%,27.97
C-301-HO-GR.00351,happyOne PREMIUM Grain Free 00351,01BATATAGRANULADA,Batata Granulada,21.7
C-301-HO-GR.00351,happyOne PREMIUM Grain Free 00351,07MANDIOCA,Mandioca,18
C-301-HO-GR.00351,happyOne PREMIUM Grain Free 00351,07ERVILHAFORRAGEIRA,Ervilha forrageira,10
C-301-HO-GR.00351,happyOne PREMIUM Grain Free 00351,05LINHAÇAEXTRUDIDA,Linhaça Extrudida,8
C-301-HO-GR.00351,happyOne PREMIUM Grain Free 00351,04GORDURAAVES,Gordura de Aves,7.4
C-301-HO-GR.00351,happyOne PREMIUM Grain Free 00351,01POLPABETERRABA,Polpa de Beterraba,2
C-301-HO-GR.00351,happyOne PREMIUM Grain Free 00351,02PALADOG,Palatabilizante Cão,2.5
C-301-HO-GR.00351,happyOne PREMIUM Grain Free 00351,07SAL,Sal Refinado,0.3
C-301-HO-GR.00351,happyOne PREMIUM Grain Free 00351,05CLORETOCOLINA,Cloreto de Colina,0.1
C-301-HO-GR.00351,happyOne PREMIUM Grain Free 00351,09ARRESTO,Arresto 1.5 Ap conc,0.055
C-301-HO-GR.00351,happyOne PREMIUM Grain Free 00351,05SULFATOGLUCO,Sulfato de Glucosamina,0.05
C-301-HO-GR.00351,happyOne PREMIUM Grain Free 00351,05YUCCA,Yucca,0.025
C-301-HO-GR.00351,happyOne PREMIUM Grain Free 00351,01QRILL,Qrill Pet Meal,1.5
257079.0036,happyOne Cão Raças Pequenas 00359,04FARAVES70,Farinha de Aves 70%,25.46
257079.0036,happyOne Cão Raças Pequenas 00359,01MILHO,Milho,24.5
257079.0036,happyOne Cão Raças Pequenas 00359,01ARROZ,Arroz,10
257079.0036,happyOne Cão Raças Pequenas 00359,04GORDURAAVES,Gordura de Aves,8.5
257079.0036,happyOne Cão Raças Pequenas 00359,01CEVADA,Cevada,8
257079.0036,happyOne Cão Raças Pequenas 00359,01AVEIA,Aveia,5
257079.0036,happyOne Cão Raças Pequenas 00359,07ERVILHAFORRAGEIRA,Ervilha forrageira,4
257079.0036,happyOne Cão Raças Pequenas 00359,01FARINHASALMAO,Farinha de Salmão,4
257079.0036,happyOne Cão Raças Pequenas 00359,04FARCARNE,Farinha de Carne,2.9
257079.0036,happyOne Cão Raças Pequenas 00359,01ALFARROBA,Alfarroba,2
257079.0036,happyOne Cão Raças Pequenas 00359,01POLPABETERRABA,Polpa de Beterraba,2
257079.0036,happyOne Cão Raças Pequenas 00359,02PALADOG,Palatabilizante Cão,1.9
257079.0036,happyOne Cão Raças Pequenas 00359,05TRIPOLISFOSFATOSODICO,Tripolifosfato Sodico Anhidro,0.7
257079.0036,happyOne Cão Raças Pequenas 00359,07SAL,Sal Refinado,0.3
257079.0036,happyOne Cão Raças Pequenas 00359,05CLORETOCOLINA,Cloreto de Colina,0.15
257079.0036,happyOne Cão Raças Pequenas 00359,05CLORETOPOTASSIO,Cloreto de Potássio,0.15
257079.0036,happyOne Cão Raças Pequenas 00359,05TERMOXDRY,Premix - Termox Dry FG,0.05
257079.0036,happyOne Cão Raças Pequenas 00359,05YUCCA,Yucca,0.015
335-HOP-LI.00359,happyOne PREMIUM Light & Senior Carne Fresca 00359,04FARAVES70,Farinha de Aves 70%,21.8325
335-HOP-LI.00359,happyOne PREMIUM Light & Senior Carne Fresca 00359,01AVEIA,Aveia,20
335-HOP-LI.00359,happyOne PREMIUM Light & Senior Carne Fresca 00359,01CEVADA,Cevada,17.1
335-HOP-LI.00359,happyOne PREMIUM Light & Senior Carne Fresca 00359,01ARROZ,Arroz,16.4
335-HOP-LI.00359,happyOne PREMIUM Light & Senior Carne Fresca 00359,04CDM,CDM - Carne Fresca,6.3
335-HOP-LI.00359,happyOne PREMIUM Light & Senior Carne Fresca 00359,07ERVILHAFORRAGEIRA,Ervilha forrageira,6
335-HOP-LI.00359,happyOne PREMIUM Light & Senior Carne Fresca 00359,05LINHAÇAEXTRUDIDA,Linhaça Extrudida,4
335-HOP-LI.00359,happyOne PREMIUM Light & Senior Carne Fresca 00359,02PALADOG,Palatabilizante Cão,3
335-HOP-LI.00359,happyOne PREMIUM Light & Senior Carne Fresca 00359,04GORDURAAVES,Gordura de Aves,2.5
335-HOP-LI.00359,happyOne PREMIUM Light & Senior Carne Fresca 00359,01POLPABETERRABA,Polpa de Beterraba,2
335-HOP-LI.00359,happyOne PREMIUM Light & Senior Carne Fresca 00359,07SAL,Sal Refinado,0.3
335-HOP-LI.00359,happyOne PREMIUM Light & Senior Carne Fresca 00359,09ARRESTO,Arresto 1.5 Ap conc,0.055
335-HOP-LI.00359,happyOne PREMIUM Light & Senior Carne Fresca 00359,05SULFATOGLUCO,Sulfato de Glucosamina,0.05
335-HOP-LI.00359,happyOne PREMIUM Light & Senior Carne Fresca 00359,08MEXILHAO VERDE,Mexilhão verde - Green Lipped Mussel,0.05
335-HOP-LI.00359,happyOne PREMIUM Light & Senior Carne Fresca 00359,05YUCCA,Yucca,0.0125
AGRITORR.00359,Agritorres Cão Adulto CML 00359,01MILHO,Milho,45.1
AGRITORR.00359,Agritorres Cão Adulto CML 00359,04FARCARNE,Farinha de Carne,19.8
AGRITORR.00359,Agritorres Cão Adulto CML 00359,01TRIGO,Trigo,16.4
AGRITORR.00359,Agritorres Cão Adulto CML 00359,04FARAVES70,Farinha de Aves 70%,10.2
AGRITORR.00359,Agritorres Cão Adulto CML 00359,04GORDURAAVES,Gordura de Aves,4
AGRITORR.00359,Agritorres Cão Adulto CML 00359,01POLPABETERRABA,Polpa de Beterraba,2
AGRITORR.00359,Agritorres Cão Adulto CML 00359,02PALADOG,Palatabilizante Cão,2
AGRITORR.00359,Agritorres Cão Adulto CML 00359,05TECNIMIX9010,Premix - Tecnimix 9010,0.3
AGRITORR.00359,Agritorres Cão Adulto CML 00359,07SAL,Sal Refinado,0.2
AGTGST.00359,Pura Special Gato Esterilizado 00359,04FARAVES70,Farinha de Aves 70%,25.92
AGTGST.00359,Pura Special Gato Esterilizado 00359,01MILHO,Milho,18.7
AGTGST.00359,Pura Special Gato Esterilizado 00359,01TRIGO,Trigo,15
AGTGST.00359,Pura Special Gato Esterilizado 00359,01GLUTENMILHO,Gluten de Milho 60%,10
AGTGST.00359,Pura Special Gato Esterilizado 00359,04GORDURAAVES,Gordura de Aves,6
AGTGST.00359,Pura Special Gato Esterilizado 00359,07ERVILHAFORRAGEIRA,Ervilha forrageira,5
AGTGST.00359,Pura Special Gato Esterilizado 00359,04FARATUM,Farinha de Atum,4.6
AGTGST.00359,Pura Special Gato Esterilizado 00359,01ARROZ,Arroz,4
AGTGST.00359,Pura Special Gato Esterilizado 00359,02PALACAT,Palatabilizante Gato,3
AGTGST.00359,Pura Special Gato Esterilizado 00359,09CANAAÇUCAR,Cana de Açucar - Fiber 3D,2
AGTGST.00359,Pura Special Gato Esterilizado 00359,01POLPABETERRABA,Polpa de Beterraba,2
AGTGST.00359,Pura Special Gato Esterilizado 00359,05TECNIMIX9510,Premix - Tecnimix 9510,1
AGTGST.00359,Pura Special Gato Esterilizado 00359,07SAL,Sal Refinado,1
AGTGST.00359,Pura Special Gato Esterilizado 00359,09PLASMASUINO,Plasma de Suino - Apptein GS,1
AGTGST.00359,Pura Special Gato Esterilizado 00359,05CLORETOPOTASSIO,Cloreto de Potássio,0.4
AGTGST.00359,Pura Special Gato Esterilizado 00359,05CLORETOCOLINA,Cloreto de Colina,0.3
AGTGST.00359,Pura Special Gato Esterilizado 00359,05TERMOXDRY,Premix - Termox Dry FG,0.05
AGTGST.00359,Pura Special Gato Esterilizado 00359,05YUCCA,Yucca,0.03
PDGATPEIXE.00369,ActivPet Gato Peixe 00369,01TRIGO,Trigo,20
PDGATPEIXE.00369,ActivPet Gato Peixe 00369,04FARCARNE,Farinha de Carne,11.1
PDGATPEIXE.00369,ActivPet Gato Peixe 00369,01MILHO,Milho,20
PDGATPEIXE.00369,ActivPet Gato Peixe 00369,04FARAVES60,Farinha de Aves 60%,20.0175
PDGATPEIXE.00369,ActivPet Gato Peixe 00369,04GORDURAAVES,Gordura de Aves,4.2
PDGATPEIXE.00369,ActivPet Gato Peixe 00369,01POLPABETERRABA,Polpa de Beterraba,2
PDGATPEIXE.00369,ActivPet Gato Peixe 00369,07SAL,Sal Refinado,1
PDGATPEIXE.00369,ActivPet Gato Peixe 00369,02PALACAT,Palatabilizante Gato,1.5
PDGATPEIXE.00369,ActivPet Gato Peixe 00369,05TECNIMIX9510,Premix - Tecnimix 9510,0.9
PDGATPEIXE.00369,ActivPet Gato Peixe 00369,05TERMOXDRY,Premix - Termox Dry FG,0.05
PDGATPEIXE.00369,ActivPet Gato Peixe 00369,05YUCCA,Yucca,0.0125
PDGATPEIXE.00369,ActivPet Gato Peixe 00369,01CEVADA,Cevada,9.7
PDGATPEIXE.00369,ActivPet Gato Peixe 00369,04FARATUM,Farinha de Atum,4
PDGATPEIXE.00369,ActivPet Gato Peixe 00369,01GLUTENMILHO,Gluten de Milho 60%,3.5
PDGATCARNE.00369,ActivPet Gato Carne 00369,01TRIGO,Trigo,20
PDGATCARNE.00369,ActivPet Gato Carne 00369,04FARCARNE,Farinha de Carne,14.2
PDGATCARNE.00369,ActivPet Gato Carne 00369,01MILHO,Milho,20
PDGATCARNE.00369,ActivPet Gato Carne 00369,04FARAVES60,Farinha de Aves 60%,20.1175
PDGATCARNE.00369,ActivPet Gato Carne 00369,04GORDURAAVES,Gordura de Aves,4.1
PDGATCARNE.00369,ActivPet Gato Carne 00369,01POLPABETERRABA,Polpa de Beterraba,2
PDGATCARNE.00369,ActivPet Gato Carne 00369,07SAL,Sal Refinado,1
PDGATCARNE.00369,ActivPet Gato Carne 00369,02PALACAT,Palatabilizante Gato,1.5
PDGATCARNE.00369,ActivPet Gato Carne 00369,05TECNIMIX9510,Premix - Tecnimix 9510,0.9
PDGATCARNE.00369,ActivPet Gato Carne 00369,05TERMOXDRY,Premix - Termox Dry FG,0.05
PDGATCARNE.00369,ActivPet Gato Carne 00369,05YUCCA,Yucca,0.0125
PDGATCARNE.00369,ActivPet Gato Carne 00369,01CEVADA,Cevada,6.9
PDGATCARNE.00369,ActivPet Gato Carne 00369,01GLUTENMILHO,Gluten de Milho 60%,5
ACTIVPRACP.00369,ActivPet Raças Pequenas 00369,04FARAVES70,Farinha de Aves 70%,10
ACTIVPRACP.00369,ActivPet Raças Pequenas 00369,01MILHO,Milho,18
ACTIVPRACP.00369,ActivPet Raças Pequenas 00369,01ARROZ,Arroz,10
ACTIVPRACP.00369,ActivPet Raças Pequenas 00369,04GORDURAAVES,Gordura de Aves,5.2
ACTIVPRACP.00369,ActivPet Raças Pequenas 00369,01CEVADA,Cevada,7.3
ACTIVPRACP.00369,ActivPet Raças Pequenas 00369,04FARCARNE,Farinha de Carne,23.2175
ACTIVPRACP.00369,ActivPet Raças Pequenas 00369,01POLPABETERRABA,Polpa de Beterraba,2
ACTIVPRACP.00369,ActivPet Raças Pequenas 00369,02PALADOG,Palatabilizante Cão,0.8
ACTIVPRACP.00369,ActivPet Raças Pequenas 00369,07SAL,Sal Refinado,0.3
ACTIVPRACP.00369,ActivPet Raças Pequenas 00369,05TERMOXDRY,Premix - Termox Dry FG,0.05
ACTIVPRACP.00369,ActivPet Raças Pequenas 00369,05YUCCA,Yucca,0.0125
ACTIVPRACP.00369,ActivPet Raças Pequenas 00369,01GLUTENMILHO,Gluten de Milho 60%,2.4
ACTIVPRACP.00369,ActivPet Raças Pequenas 00369,01QRILL,Qrill Pet Meal,0.4
ACTIVPRACP.00369,ActivPet Raças Pequenas 00369,01TRIGO,Trigo,14
280021.0035,Mediterraneum Raças Pequenas Sardinha 00351,04FARAVES70,Farinha de Aves 70%,15
280021.0035,Mediterraneum Raças Pequenas Sardinha 00351,01BATATAGRANULADA,Batata Granulada,18.95
280021.0035,Mediterraneum Raças Pequenas Sardinha 00351,07MANDIOCA,Mandioca,15.1
280021.0035,Mediterraneum Raças Pequenas Sardinha 00351,01FARINHASARD,Farinha de Sardinha,16
280021.0035,Mediterraneum Raças Pequenas Sardinha 00351,04GORDURAAVES,Gordura de Aves,9.4
280021.0035,Mediterraneum Raças Pequenas Sardinha 00351,07ERVILHAFORRAGEIRA,Ervilha forrageira,8
280021.0035,Mediterraneum Raças Pequenas Sardinha 00351,02PALADOG,Palatabilizante Cão,3
280021.0035,Mediterraneum Raças Pequenas Sardinha 00351,04CDMSARDINHA,CDM - Sardinha,4
280021.0035,Mediterraneum Raças Pequenas Sardinha 00351,05LINHAÇAEXTRUDIDA,Linhaça Extrudida,5
280021.0035,Mediterraneum Raças Pequenas Sardinha 00351,01POLPABETERRABA,Polpa de Beterraba,2
280021.0035,Mediterraneum Raças Pequenas Sardinha 00351,07OVOLIQUIDO,Ovo Líquido,1
280021.0035,Mediterraneum Raças Pequenas Sardinha 00351,05TRIPOLISFOSFATOSODICO,Tripolifosfato Sodico Anhidro,0.7
280021.0035,Mediterraneum Raças Pequenas Sardinha 00351,07AZEITE,Azeite,0.1
280021.0035,Mediterraneum Raças Pequenas Sardinha 00351,07SAL,Sal Refinado,0.3
280021.0035,Mediterraneum Raças Pequenas Sardinha 00351,09ARRESTO,Arresto 1.5 Ap conc,0.055
280021.0035,Mediterraneum Raças Pequenas Sardinha 00351,05DHAGOLDS17-B,DHA GOLD S17-B,0.1
280021.0035,Mediterraneum Raças Pequenas Sardinha 00351,01TOMATE,Tomate,0.04
280021.0035,Mediterraneum Raças Pequenas Sardinha 00351,08MAÇA,Maça - Apple pomace,0.04
280021.0035,Mediterraneum Raças Pequenas Sardinha 00351,01CENOURA,Cenoura - Zanahoria Polvo AD,0.04
280021.0035,Mediterraneum Raças Pequenas Sardinha 00351,05YUCCA,Yucca,0.025
280021.0035,Mediterraneum Raças Pequenas Sardinha 00351,08MEXILHAO VERDE,Mexilhão verde - Green Lipped Mussel,0.05
280021.0035,Mediterraneum Raças Pequenas Sardinha 00351,04PROTEINAERVILHA,Proteína de Ervilha,0.7
255010L.00347,happyOne Gatos Esteril 00347,05TECNIMIX9510,Premix - Tecnimix 9510,1
255010L.00347,happyOne Gatos Esteril 00347,05YUCCA,Yucca,0.025
255010L.00347,happyOne Gatos Esteril 00347,01TRIGO,Trigo,20.9
255010L.00347,happyOne Gatos Esteril 00347,01POLPABETERRABA,Polpa de Beterraba,7
255010L.00347,happyOne Gatos Esteril 00347,01FARINHASALMAO,Farinha de Salmão,4
255010L.00347,happyOne Gatos Esteril 00347,04GORDURAAVES,Gordura de Aves,3
255010L.00347,happyOne Gatos Esteril 00347,05LEVEDURACERVEJA,"Levedura de Cerveja ""Expert""",0.5
255010L.00347,happyOne Gatos Esteril 00347,01MILHO,Milho,15.4
255010L.00347,happyOne Gatos Esteril 00347,07SAL,Sal Refinado,0.6
255010L.00347,happyOne Gatos Esteril 00347,05CLORETOCOLINA,Cloreto de Colina,0.25
255010L.00347,happyOne Gatos Esteril 00347,05CLORETOPOTASSIO,Cloreto de Potássio,0.2
255010L.00347,happyOne Gatos Esteril 00347,09CANAAÇUCAR,Cana de Açucar - Fiber 3D,2
255010L.00347,happyOne Gatos Esteril 00347,05TERMOXDRY,Premix - Termox Dry FG,0.05
255010L.00347,happyOne Gatos Esteril 00347,04FARATUM,Farinha de Atum,4
255010L.00347,happyOne Gatos Esteril 00347,01GLUTENMILHO,Gluten de Milho 60%,5.3
255010L.00347,happyOne Gatos Esteril 00347,04FARAVES70,Farinha de Aves 70%,26.175
255010L.00347,happyOne Gatos Esteril 00347,01ARROZ,Arroz,4
255010L.00347,happyOne Gatos Esteril 00347,01ALFARROBA,Alfarroba,2
255010.0035,happyOne Gatos Esteril Pó 00347,05TECNIMIX9510,Premix - Tecnimix 9510,1
255010.0035,happyOne Gatos Esteril Pó 00347,05YUCCA,Yucca,0.025
255010.0035,happyOne Gatos Esteril Pó 00347,01TRIGO,Trigo,20.9
255010.0035,happyOne Gatos Esteril Pó 00347,01POLPABETERRABA,Polpa de Beterraba,7
255010.0035,happyOne Gatos Esteril Pó 00347,01FARINHASALMAO,Farinha de Salmão,4
255010.0035,happyOne Gatos Esteril Pó 00347,04GORDURAAVES,Gordura de Aves,3
255010.0035,happyOne Gatos Esteril Pó 00347,05LEVEDURACERVEJA,"Levedura de Cerveja ""Expert""",0.5
255010.0035,happyOne Gatos Esteril Pó 00347,01MILHO,Milho,18
255010.0035,happyOne Gatos Esteril Pó 00347,07SAL,Sal Refinado,0.6
255010.0035,happyOne Gatos Esteril Pó 00347,05CLORETOCOLINA,Cloreto de Colina,0.25
255010.0035,happyOne Gatos Esteril Pó 00347,05CLORETOPOTASSIO,Cloreto de Potássio,0.2
255010.0035,happyOne Gatos Esteril Pó 00347,09CANAAÇUCAR,Cana de Açucar - Fiber 3D,2
255010.0035,happyOne Gatos Esteril Pó 00347,05TERMOXDRY,Premix - Termox Dry FG,0.05
255010.0035,happyOne Gatos Esteril Pó 00347,04FARATUM,Farinha de Atum,4
255010.0035,happyOne Gatos Esteril Pó 00347,01GLUTENMILHO,Gluten de Milho 60%,5.3
255010.0035,happyOne Gatos Esteril Pó 00347,04FARAVES70,Farinha de Aves 70%,26.175
255010.0035,happyOne Gatos Esteril Pó 00347,02PALACATC75-30,Digest Gato Pó C75-30,1
255010.0035,happyOne Gatos Esteril Pó 00347,01ARROZ,Arroz,4
255010.0035,happyOne Gatos Esteril Pó 00347,01ALFARROBA,Alfarroba,2
255010L.00347,happyOne Gatos Esteril 00347,02PALACAT,Palatabilizante Gato,3.6
280016.0036,Mediterraneum Cão Adulto Sardinha 0357,07MANDIOCA,Mandioca,19.2
280016.0036,Mediterraneum Cão Adulto Sardinha 0357,01BATATAGRANULADA,Batata Granulada,19.7
280016.0036,Mediterraneum Cão Adulto Sardinha 0357,07ERVILHAFORRAGEIRA,Ervilha forrageira,9
280016.0036,Mediterraneum Cão Adulto Sardinha 0357,04GORDURAAVES,Gordura de Aves,7.7
280016.0036,Mediterraneum Cão Adulto Sardinha 0357,01POLPABETERRABA,Polpa de Beterraba,2
280016.0036,Mediterraneum Cão Adulto Sardinha 0357,04CDMSARDINHA,CDM - Sardinha,4
280016.0036,Mediterraneum Cão Adulto Sardinha 0357,05LINHAÇAEXTRUDIDA,Linhaça Extrudida,6.6
280016.0036,Mediterraneum Cão Adulto Sardinha 0357,07OVOLIQUIDO,Ovo Líquido,1
280016.0036,Mediterraneum Cão Adulto Sardinha 0357,07AZEITE,Azeite,0.5
280016.0036,Mediterraneum Cão Adulto Sardinha 0357,07SAL,Sal Refinado,0.3
280016.0036,Mediterraneum Cão Adulto Sardinha 0357,05CLORETOCOLINA,Cloreto de Colina,0.2
280016.0036,Mediterraneum Cão Adulto Sardinha 0357,08MAÇA,Maça - Apple pomace,0.1
280016.0036,Mediterraneum Cão Adulto Sardinha 0357,01TOMATE,Tomate,0.1
280016.0036,Mediterraneum Cão Adulto Sardinha 0357,01CENOURA,Cenoura - Zanahoria Polvo AD,0.1
280016.0036,Mediterraneum Cão Adulto Sardinha 0357,05YUCCA,Yucca,0.1
280016.0036,Mediterraneum Cão Adulto Sardinha 0357,09ARRESTO,Arresto 1.5 Ap conc,0.055
280016.0036,Mediterraneum Cão Adulto Sardinha 0357,05SULFATOGLUCO,Sulfato de Glucosamina,0.05
280016.0036,Mediterraneum Cão Adulto Sardinha 0357,02PALAERVILHA,Palatabilizante Ervilha,3
280016.0036,Mediterraneum Cão Adulto Sardinha 0357,01FARINHASARD,Farinha de Sardinha,19.845
280016.0036,Mediterraneum Cão Adulto Sardinha 0357,04PROTEINAERVILHA,Proteína de Ervilha,6
280016.0036,Mediterraneum Cão Adulto Sardinha 0357,05SULFATOCONDROITINA,Sulfato de Condroitina,0.05
280011.0036,Mediterraneum Cão Junior 0357,01BATATAGRANULADA,Batata Granulada,20
280011.0036,Mediterraneum Cão Junior 0357,07ERVILHAFORRAGEIRA,Ervilha forrageira,6
280011.0036,Mediterraneum Cão Junior 0357,04GORDURAAVES,Gordura de Aves,9.6
280011.0036,Mediterraneum Cão Junior 0357,01POLPABETERRABA,Polpa de Beterraba,2
280011.0036,Mediterraneum Cão Junior 0357,02PALADOG,Palatabilizante Cão,4.9
280011.0036,Mediterraneum Cão Junior 0357,05YUCCA,Yucca,0.025
280011.0036,Mediterraneum Cão Junior 0357,04CDM,CDM - Carne Fresca,6.3
280011.0036,Mediterraneum Cão Junior 0357,07OVOLIQUIDO,Ovo Líquido,1
280011.0036,Mediterraneum Cão Junior 0357,05CLORETOCOLINA,Cloreto de Colina,0.25
280011.0036,Mediterraneum Cão Junior 0357,07AZEITE,Azeite,0.1
280011.0036,Mediterraneum Cão Junior 0357,05DHAGOLDS17-B,DHA GOLD S17-B,0.5
280011.0036,Mediterraneum Cão Junior 0357,07MANDIOCA,Mandioca,14.8
280011.0036,Mediterraneum Cão Junior 0357,01FARINHASARD,Farinha de Sardinha,3.1
280011.0036,Mediterraneum Cão Junior 0357,07SAL,Sal Refinado,0.3
280011.0036,Mediterraneum Cão Junior 0357,01TOMATE,Tomate,0.04
280011.0036,Mediterraneum Cão Junior 0357,08MAÇA,Maça - Apple pomace,0.04
280011.0036,Mediterraneum Cão Junior 0357,01CENOURA,Cenoura - Zanahoria Polvo AD,0.04
280011.0036,Mediterraneum Cão Junior 0357,09ARRESTO,Arresto 1.5 Ap conc,0.055
280011.0036,Mediterraneum Cão Junior 0357,04FARAVES70,Farinha de Aves 70%,24.935
280011.0036,Mediterraneum Cão Junior 0357,04PROTEINAERVILHA,Proteína de Ervilha,5.5
280011.0036,Mediterraneum Cão Junior 0357,08MEMBRANAOVO,Membrana de Ovo,0.065
280011.0036,Mediterraneum Cão Junior 0357,05SULFATOGLUCO,Sulfato de Glucosamina,0.05
4ZIRCAO.00362,Zircão Adulto 00362,04FARCARNE,Farinha de Carne,34.4375
4ZIRCAO.00362,Zircão Adulto 00362,01MILHO,Milho,30
4ZIRCAO.00362,Zircão Adulto 00362,01TRIGO,Trigo,10.9
4ZIRCAO.00362,Zircão Adulto 00362,01CEVADA,Cevada,20
4ZIRCAO.00362,Zircão Adulto 00362,04GORDURAAVES,Gordura de Aves,2
4ZIRCAO.00362,Zircão Adulto 00362,01POLPABETERRABA,Polpa de Beterraba,2
4ZIRCAO.00362,Zircão Adulto 00362,07SAL,Sal Refinado,0.3
4ZIRCAO.00362,Zircão Adulto 00362,05TERMOXDRY,Premix - Termox Dry FG,0.05
4ZIRCAO.00362,Zircão Adulto 00362,05YUCCA,Yucca,0.0125
4ZIRCAO.00362,Zircão Adulto 00362,05TECNIMIX9015,Premix - Tecnimix 9015,0.3
4ZIRCAOAE.00362,Zircão Alta Energia 00362,01MILHO,Milho,24.8
4ZIRCAOAE.00362,Zircão Alta Energia 00362,01CEVADA,Cevada,16.4
4ZIRCAOAE.00362,Zircão Alta Energia 00362,04FARCARNE,Farinha de Carne,27.6375
4ZIRCAOAE.00362,Zircão Alta Energia 00362,04GORDURAAVES,Gordura de Aves,7.4
4ZIRCAOAE.00362,Zircão Alta Energia 00362,01POLPABETERRABA,Polpa de Beterraba,2
4ZIRCAOAE.00362,Zircão Alta Energia 00362,07SAL,Sal Refinado,0.3
4ZIRCAOAE.00362,Zircão Alta Energia 00362,05TERMOXDRY,Premix - Termox Dry FG,0.05
4ZIRCAOAE.00362,Zircão Alta Energia 00362,05YUCCA,Yucca,0.0125
4ZIRCAOAE.00362,Zircão Alta Energia 00362,01TRIGO,Trigo,10
4ZIRCAOAE.00362,Zircão Alta Energia 00362,01GLUTENMILHO,Gluten de Milho 60%,10.3
4ZIRCAOAE.00362,Zircão Alta Energia 00362,05TECNIMIX9015,Premix - Tecnimix 9015,0.3
AGTCLIGHT.00354,Pura Special Cão Light 00354,04FARAVES70,Farinha de Aves 70%,28.725
AGTCLIGHT.00354,Pura Special Cão Light 00354,01MILHO,Milho,20
AGTCLIGHT.00354,Pura Special Cão Light 00354,01CEVADA,Cevada,6.4
AGTCLIGHT.00354,Pura Special Cão Light 00354,04GORDURAAVES,Gordura de Aves,4.5
AGTCLIGHT.00354,Pura Special Cão Light 00354,07ERVILHAFORRAGEIRA,Ervilha forrageira,4
AGTCLIGHT.00354,Pura Special Cão Light 00354,05LINHAÇAEXTRUDIDA,Linhaça Extrudida,4
AGTCLIGHT.00354,Pura Special Cão Light 00354,01ARROZ,Arroz,10
AGTCLIGHT.00354,Pura Special Cão Light 00354,02PALADOG,Palatabilizante Cão,2.5
AGTCLIGHT.00354,Pura Special Cão Light 00354,01POLPABETERRABA,Polpa de Beterraba,2
AGTCLIGHT.00354,Pura Special Cão Light 00354,07SAL,Sal Refinado,0.3
AGTCLIGHT.00354,Pura Special Cão Light 00354,05TERMOXDRY,Premix - Termox Dry FG,0.05
AGTCLIGHT.00354,Pura Special Cão Light 00354,05YUCCA,Yucca,0.025
AGTCLIGHT.00354,Pura Special Cão Light 00354,01AVEIA,Aveia,15
AGTCLIGHT.00354,Pura Special Cão Light 00354,01ALFARROBA,Alfarroba,2
AGTCLIGHT.00354,Pura Special Cão Light 00354,05TECNIMIX9025,Premix - Tecnimix 9025,0.4
AGTCLIGHT.00354,Pura Special Cão Light 00354,05CLORETOCOLINA,Cloreto de Colina,0.1
AGTCDN.0109,Pura Special Cão Senior 0109,04FARAVES70,Farinha de Aves 70%,23.925
AGTCDN.0109,Pura Special Cão Senior 0109,01MILHO,Milho,22
AGTCDN.0109,Pura Special Cão Senior 0109,01CEVADA,Cevada,20
AGTCDN.0109,Pura Special Cão Senior 0109,04GORDURAAVES,Gordura de Aves,8.2
AGTCDN.0109,Pura Special Cão Senior 0109,07ERVILHAFORRAGEIRA,Ervilha forrageira,4
AGTCDN.0109,Pura Special Cão Senior 0109,05LINHAÇAEXTRUDIDA,Linhaça Extrudida,4
AGTCDN.0109,Pura Special Cão Senior 0109,01ARROZ,Arroz,10
AGTCDN.0109,Pura Special Cão Senior 0109,02PALADOG,Palatabilizante Cão,2
AGTCDN.0109,Pura Special Cão Senior 0109,01POLPABETERRABA,Polpa de Beterraba,4.9
AGTCDN.0109,Pura Special Cão Senior 0109,07SAL,Sal Refinado,0.3
AGTCDN.0109,Pura Special Cão Senior 0109,05TERMOXDRY,Premix - Termox Dry FG,0.05
AGTCDN.0109,Pura Special Cão Senior 0109,05YUCCA,Yucca,0.025
AGTCDN.0109,Pura Special Cão Senior 0109,05TECNIMIX9012,Premix - Tecnimix 9012,0.5
AGTCDN.0109,Pura Special Cão Senior 0109,05SULFATOCONDROITINA,Sulfato de Condroitina,0.05
AGTCDN.0109,Pura Special Cão Senior 0109,05SULFATOGLUCO,Sulfato de Glucosamina,0.05
OVGATCARNO.00360,Acitex Gato 28-12 Frango e Arroz 00360,01MILHO,Milho,20
OVGATCARNO.00360,Acitex Gato 28-12 Frango e Arroz 00360,01TRIGO,Trigo,18.7
OVGATCARNO.00360,Acitex Gato 28-12 Frango e Arroz 00360,04FARCARNE,Farinha de Carne,29.14
OVGATCARNO.00360,Acitex Gato 28-12 Frango e Arroz 00360,04GORDURAAVES,Gordura de Aves,4.4
OVGATCARNO.00360,Acitex Gato 28-12 Frango e Arroz 00360,07SAL,Sal Refinado,1
OVGATCARNO.00360,Acitex Gato 28-12 Frango e Arroz 00360,01POLPABETERRABA,Polpa de Beterraba,1
OVGATCARNO.00360,Acitex Gato 28-12 Frango e Arroz 00360,05TECNIMIX9510,Premix - Tecnimix 9510,0.9
OVGATCARNO.00360,Acitex Gato 28-12 Frango e Arroz 00360,02PALACAT,Palatabilizante Gato,1
OVGATCARNO.00360,Acitex Gato 28-12 Frango e Arroz 00360,05TERMOXDRY,Premix - Termox Dry FG,0.05
OVGATCARNO.00360,Acitex Gato 28-12 Frango e Arroz 00360,01CENOURA,Cenoura - Zanahoria Polvo AD,0.01
OVGATCARNO.00360,Acitex Gato 28-12 Frango e Arroz 00360,01ARROZ,Arroz,4
OVGATCARNO.00360,Acitex Gato 28-12 Frango e Arroz 00360,01CEVADA,Cevada,10
OVGATCARNO.00360,Acitex Gato 28-12 Frango e Arroz 00360,07ERVILHAFORRAGEIRA,Ervilha forrageira,4
OVGATCARNO.00360,Acitex Gato 28-12 Frango e Arroz 00360,01GLUTENMILHO,Gluten de Milho 60%,1.8
248010.0035,DOMUS Gato Adulto Pó 00346,01MILHO,Milho,15
248010.0035,DOMUS Gato Adulto Pó 00346,01TRIGO,Trigo,30.2875
248010.0035,DOMUS Gato Adulto Pó 00346,04FARAVES70,Farinha de Aves 70%,21.3
248010.0035,DOMUS Gato Adulto Pó 00346,01CEVADA,Cevada,8
248010.0035,DOMUS Gato Adulto Pó 00346,01GLUTENMILHO,Gluten de Milho 60%,7.9
248010.0035,DOMUS Gato Adulto Pó 00346,04GORDURAAVES,Gordura de Aves,5.8
248010.0035,DOMUS Gato Adulto Pó 00346,04FARATUM,Farinha de Atum,4
248010.0035,DOMUS Gato Adulto Pó 00346,01POLPABETERRABA,Polpa de Beterraba,2
248010.0035,DOMUS Gato Adulto Pó 00346,07SAL,Sal Refinado,1
248010.0035,DOMUS Gato Adulto Pó 00346,05LEVEDURACERVEJA,"Levedura de Cerveja ""Expert""",1
248010.0035,DOMUS Gato Adulto Pó 00346,05TECNIMIX9510,Premix - Tecnimix 9510,0.9
248010.0035,DOMUS Gato Adulto Pó 00346,02PALACATC75-30,Digest Gato Pó C75-30,0.6
248010.0035,DOMUS Gato Adulto Pó 00346,05CLORETOCOLINA,Cloreto de Colina,0.15
248010.0035,DOMUS Gato Adulto Pó 00346,05TERMOXDRY,Premix - Termox Dry FG,0.05
248010.0035,DOMUS Gato Adulto Pó 00346,05YUCCA,Yucca,0.0125
248010.0035,DOMUS Gato Adulto Pó 00346,01ALFARROBA,Alfarroba,2
248010.00346L,DOMUS Gato Adulto 00346,01MILHO,Milho,15
248010.00346L,DOMUS Gato Adulto 00346,01TRIGO,Trigo,28.4875
248010.00346L,DOMUS Gato Adulto 00346,04FARAVES70,Farinha de Aves 70%,21.3
248010.00346L,DOMUS Gato Adulto 00346,01CEVADA,Cevada,8
248010.00346L,DOMUS Gato Adulto 00346,01GLUTENMILHO,Gluten de Milho 60%,7.9
248010.00346L,DOMUS Gato Adulto 00346,04GORDURAAVES,Gordura de Aves,5.8
248010.00346L,DOMUS Gato Adulto 00346,04FARATUM,Farinha de Atum,4
248010.00346L,DOMUS Gato Adulto 00346,01POLPABETERRABA,Polpa de Beterraba,2
248010.00346L,DOMUS Gato Adulto 00346,07SAL,Sal Refinado,1
248010.00346L,DOMUS Gato Adulto 00346,05LEVEDURACERVEJA,"Levedura de Cerveja ""Expert""",1
248010.00346L,DOMUS Gato Adulto 00346,05TECNIMIX9510,Premix - Tecnimix 9510,0.9
248010.00346L,DOMUS Gato Adulto 00346,05CLORETOCOLINA,Cloreto de Colina,0.15
248010.00346L,DOMUS Gato Adulto 00346,05TERMOXDRY,Premix - Termox Dry FG,0.05
248010.00346L,DOMUS Gato Adulto 00346,05YUCCA,Yucca,0.0125
248010.00346L,DOMUS Gato Adulto 00346,01ALFARROBA,Alfarroba,2
AGTGTN.0109,Pura Special Gatinhos 0109,01TRIGO,Trigo,16.5
AGTGTN.0109,Pura Special Gatinhos 0109,01MILHO,Milho,15
AGTGTN.0109,Pura Special Gatinhos 0109,01GLUTENMILHO,Gluten de Milho 60%,8
AGTGTN.0109,Pura Special Gatinhos 0109,04FARATUM,Farinha de Atum,4
AGTGTN.0109,Pura Special Gatinhos 0109,01POLPABETERRABA,Polpa de Beterraba,2
AGTGTN.0109,Pura Special Gatinhos 0109,02PALACAT,Palatabilizante Gato,4
AGTGTN.0109,Pura Special Gatinhos 0109,04GORDURAAVES,Gordura de Aves,7.9
AGTGTN.0109,Pura Special Gatinhos 0109,07SAL,Sal Refinado,0.5
AGTGTN.0109,Pura Special Gatinhos 0109,05CLORETOPOTASSIO,Cloreto de Potássio,0.1
AGTGTN.0109,Pura Special Gatinhos 0109,05YUCCA,Yucca,0.0125
AGTGTN.0109,Pura Special Gatinhos 0109,01ARROZ,Arroz,4
AGTGTN.0109,Pura Special Gatinhos 0109,09PLASMASUINO,Plasma de Suino - Apptein GS,1.4
AGTGTN.0109,Pura Special Gatinhos 0109,05TECNIMIX9510,Premix - Tecnimix 9510,1
AGTGTN.0109,Pura Special Gatinhos 0109,05TERMOXDRY,Premix - Termox Dry FG,0.05
AGTGTN.0109,Pura Special Gatinhos 0109,04FARAVES60,Farinha de Aves 60%,29.5375
AGTGTN.0109,Pura Special Gatinhos 0109,07ERVILHAFORRAGEIRA,Ervilha forrageira,4
AGTGTN.0109,Pura Special Gatinhos 0109,05LINHAÇAEXTRUDIDA,Linhaça Extrudida,2
300HOP-CAR.00351,happyOne PREMIUM Carne Fresca 00351,04FARAVES70,Farinha de Aves 70%,21.77
300HOP-CAR.00351,happyOne PREMIUM Carne Fresca 00351,04GORDURAAVES,Gordura de Aves,8
300HOP-CAR.00351,happyOne PREMIUM Carne Fresca 00351,04CDM,CDM - Carne Fresca,6.3
300HOP-CAR.00351,happyOne PREMIUM Carne Fresca 00351,07ERVILHAFORRAGEIRA,Ervilha forrageira,7
300HOP-CAR.00351,happyOne PREMIUM Carne Fresca 00351,05LINHAÇAEXTRUDIDA,Linhaça Extrudida,4
300HOP-CAR.00351,happyOne PREMIUM Carne Fresca 00351,01ALFARROBA,Alfarroba,2
300HOP-CAR.00351,happyOne PREMIUM Carne Fresca 00351,02PALADOG,Palatabilizante Cão,2
300HOP-CAR.00351,happyOne PREMIUM Carne Fresca 00351,01POLPABETERRABA,Polpa de Beterraba,2
300HOP-CAR.00351,happyOne PREMIUM Carne Fresca 00351,01GLUTENMILHO,Gluten de Milho 60%,5
300HOP-CAR.00351,happyOne PREMIUM Carne Fresca 00351,07SAL,Sal Refinado,0.3
300HOP-CAR.00351,happyOne PREMIUM Carne Fresca 00351,05CLORETOCOLINA,Cloreto de Colina,0.1
300HOP-CAR.00351,happyOne PREMIUM Carne Fresca 00351,09ARRESTO,Arresto 1.5 Ap conc,0.055
300HOP-CAR.00351,happyOne PREMIUM Carne Fresca 00351,05SULFATOGLUCO,Sulfato de Glucosamina,0.05
300HOP-CAR.00351,happyOne PREMIUM Carne Fresca 00351,05YUCCA,Yucca,0.025
300HOP-CAR.00351,happyOne PREMIUM Carne Fresca 00351,01AVEIA,Aveia,14
300HOP-CAR.00351,happyOne PREMIUM Carne Fresca 00351,01CEVADA,Cevada,5.5
300HOP-CAR.00351,happyOne PREMIUM Carne Fresca 00351,01QRILL,Qrill Pet Meal,1.5
300HOP-CAR.00351,happyOne PREMIUM Carne Fresca 00351,01ARROZ,Arroz,20
308HOPRACP.00359,happyOne PREMIUM Raças Pequenas Carne Fresca 00359,04FARAVES70,Farinha de Aves 70%,24.97
308HOPRACP.00359,happyOne PREMIUM Raças Pequenas Carne Fresca 00359,01ARROZ,Arroz,22
308HOPRACP.00359,happyOne PREMIUM Raças Pequenas Carne Fresca 00359,07ERVILHAFORRAGEIRA,Ervilha forrageira,4
308HOPRACP.00359,happyOne PREMIUM Raças Pequenas Carne Fresca 00359,04GORDURAAVES,Gordura de Aves,6.4
308HOPRACP.00359,happyOne PREMIUM Raças Pequenas Carne Fresca 00359,04CDM,CDM - Carne Fresca,7.6
308HOPRACP.00359,happyOne PREMIUM Raças Pequenas Carne Fresca 00359,01POLPABETERRABA,Polpa de Beterraba,2
308HOPRACP.00359,happyOne PREMIUM Raças Pequenas Carne Fresca 00359,01GLUTENMILHO,Gluten de Milho 60%,1.6
308HOPRACP.00359,happyOne PREMIUM Raças Pequenas Carne Fresca 00359,02PALADOG,Palatabilizante Cão,3
308HOPRACP.00359,happyOne PREMIUM Raças Pequenas Carne Fresca 00359,05LINHAÇAEXTRUDIDA,Linhaça Extrudida,2
308HOPRACP.00359,happyOne PREMIUM Raças Pequenas Carne Fresca 00359,07SAL,Sal Refinado,0.3
308HOPRACP.00359,happyOne PREMIUM Raças Pequenas Carne Fresca 00359,05CLORETOCOLINA,Cloreto de Colina,0.1
308HOPRACP.00359,happyOne PREMIUM Raças Pequenas Carne Fresca 00359,09ARRESTO,Arresto 1.5 Ap conc,0.055
308HOPRACP.00359,happyOne PREMIUM Raças Pequenas Carne Fresca 00359,05YUCCA,Yucca,0.025
308HOPRACP.00359,happyOne PREMIUM Raças Pequenas Carne Fresca 00359,01AVEIA,Aveia,14
308HOPRACP.00359,happyOne PREMIUM Raças Pequenas Carne Fresca 00359,01CEVADA,Cevada,8
308HOPRACP.00359,happyOne PREMIUM Raças Pequenas Carne Fresca 00359,01ALFARROBA,Alfarroba,2
308HOPRACP.00359,happyOne PREMIUM Raças Pequenas Carne Fresca 00359,01QRILL,Qrill Pet Meal,1.5
308HOPRACP.00359,happyOne PREMIUM Raças Pequenas Carne Fresca 00359,05SULFATOGLUCO,Sulfato de Glucosamina,0.05
OVGATCARNO.00360,Acitex Gato 28-12 Frango e Arroz 00360,04FARAVES60,Farinha de Aves 60%,4
C310HOPBGF.00360,Pongo Insetos 00360,04FARINSETOS,Farinha de Insetos,27.32
C310HOPBGF.00360,Pongo Insetos 00360,01BATATAGRANULADA,Batata Granulada,15.9
C310HOPBGF.00360,Pongo Insetos 00360,07ERVILHAFORRAGEIRA,Ervilha forrageira,10
C310HOPBGF.00360,Pongo Insetos 00360,05LINHAÇAEXTRUDIDA,Linhaça Extrudida,5
C310HOPBGF.00360,Pongo Insetos 00360,05LEVEDURACERVEJA,"Levedura de Cerveja ""Expert""",5
C310HOPBGF.00360,Pongo Insetos 00360,01ALFARROBA,Alfarroba,4
C310HOPBGF.00360,Pongo Insetos 00360,02PALAERVILHA,Palatabilizante Ervilha,3
C310HOPBGF.00360,Pongo Insetos 00360,07SAL,Sal Refinado,0.3
C310HOPBGF.00360,Pongo Insetos 00360,05CLORETOCOLINA,Cloreto de Colina,0.2
C310HOPBGF.00360,Pongo Insetos 00360,09ARRESTO,Arresto 1.5 Ap conc,0.055
C310HOPBGF.00360,Pongo Insetos 00360,05YUCCA,Yucca,0.025
C310HOPBGF.00360,Pongo Insetos 00360,07MANDIOCA,Mandioca,19
C310HOPBGF.00360,Pongo Insetos 00360,07OLEOSOJA,Óleo de Soja,9.8
C310HOPBGF.00360,Pongo Insetos 00360,05TECNIMIX9025,Premix - Tecnimix 9025,0.4
332HOPGSEN.00358,happyOne PREMIUM Gato Senior 00358,01POLPABETERRABA,Polpa de Beterraba,2
332HOPGSEN.00358,happyOne PREMIUM Gato Senior 00358,07SAL,Sal Refinado,0.8
332HOPGSEN.00358,happyOne PREMIUM Gato Senior 00358,05YUCCA,Yucca,0.025
332HOPGSEN.00358,happyOne PREMIUM Gato Senior 00358,07ERVILHAFORRAGEIRA,Ervilha forrageira,4
332HOPGSEN.00358,happyOne PREMIUM Gato Senior 00358,09ARRESTO,Arresto 1.5 Ap conc,0.055
332HOPGSEN.00358,happyOne PREMIUM Gato Senior 00358,04CDM,CDM - Carne Fresca,6.3
332HOPGSEN.00358,happyOne PREMIUM Gato Senior 00358,04GORDURAAVES,Gordura de Aves,5
332HOPGSEN.00358,happyOne PREMIUM Gato Senior 00358,04FARATUM,Farinha de Atum,11.2
332HOPGSEN.00358,happyOne PREMIUM Gato Senior 00358,02PALACAT,Palatabilizante Gato,4
332HOPGSEN.00358,happyOne PREMIUM Gato Senior 00358,05TECNIMIX9511,Premix - Tecnimix 9511,1
332HOPGSEN.00358,happyOne PREMIUM Gato Senior 00358,05CLORETOPOTASSIO,Cloreto de Potássio,0.4
332HOPGSEN.00358,happyOne PREMIUM Gato Senior 00358,01TRIGO,Trigo,6.2
332HOPGSEN.00358,happyOne PREMIUM Gato Senior 00358,05LISINA,Lisina,0.2
332HOPGSEN.00358,happyOne PREMIUM Gato Senior 00358,09CANAAÇUCAR,Cana de Açucar - Fiber 3D,2
332HOPGSEN.00358,happyOne PREMIUM Gato Senior 00358,05CLORETOCOLINA,Cloreto de Colina,0.4
332HOPGSEN.00358,happyOne PREMIUM Gato Senior 00358,04FARAVES70,Farinha de Aves 70%,24.87
332HOPGSEN.00358,happyOne PREMIUM Gato Senior 00358,01CEVADA,Cevada,10
332HOPGSEN.00358,happyOne PREMIUM Gato Senior 00358,01AVEIA,Aveia,4
332HOPGSEN.00358,happyOne PREMIUM Gato Senior 00358,05LEVEDURACERVEJA,"Levedura de Cerveja ""Expert""",2.5
332HOPGSEN.00358,happyOne PREMIUM Gato Senior 00358,01QRILL,Qrill Pet Meal,1
332HOPGSEN.00358,happyOne PREMIUM Gato Senior 00358,05SULFATOGLUCO,Sulfato de Glucosamina,0.05
332HOPGSEN.00358,happyOne PREMIUM Gato Senior 00358,01ARROZ,Arroz,14
3003HOP-GAT.00358,happyOne PREMIUM Gato Esteril C. Fresca 00358,04FARAVES70,Farinha de Aves 70%,24.8825
3003HOP-GAT.00358,happyOne PREMIUM Gato Esteril C. Fresca 00358,01TRIGO,Trigo,10
3003HOP-GAT.00358,happyOne PREMIUM Gato Esteril C. Fresca 00358,01GLUTENMILHO,Gluten de Milho 60%,9.5
3003HOP-GAT.00358,happyOne PREMIUM Gato Esteril C. Fresca 00358,04CDM,CDM - Carne Fresca,6.3
3003HOP-GAT.00358,happyOne PREMIUM Gato Esteril C. Fresca 00358,04FARATUM,Farinha de Atum,6
3003HOP-GAT.00358,happyOne PREMIUM Gato Esteril C. Fresca 00358,07ERVILHAFORRAGEIRA,Ervilha forrageira,4
3003HOP-GAT.00358,happyOne PREMIUM Gato Esteril C. Fresca 00358,01POLPABETERRABA,Polpa de Beterraba,2
3003HOP-GAT.00358,happyOne PREMIUM Gato Esteril C. Fresca 00358,02PALACAT,Palatabilizante Gato,5
3003HOP-GAT.00358,happyOne PREMIUM Gato Esteril C. Fresca 00358,04GORDURAAVES,Gordura de Aves,5
3003HOP-GAT.00358,happyOne PREMIUM Gato Esteril C. Fresca 00358,07SAL,Sal Refinado,1
3003HOP-GAT.00358,happyOne PREMIUM Gato Esteril C. Fresca 00358,09CANAAÇUCAR,Cana de Açucar - Fiber 3D,2
3003HOP-GAT.00358,happyOne PREMIUM Gato Esteril C. Fresca 00358,05TECNIMIX9511,Premix - Tecnimix 9511,0.9
3003HOP-GAT.00358,happyOne PREMIUM Gato Esteril C. Fresca 00358,05CLORETOPOTASSIO,Cloreto de Potássio,0.4
3003HOP-GAT.00358,happyOne PREMIUM Gato Esteril C. Fresca 00358,05CLORETOCOLINA,Cloreto de Colina,0.2
3003HOP-GAT.00358,happyOne PREMIUM Gato Esteril C. Fresca 00358,05TECNIMOLD,Premix - Tecnimold,0.1
3003HOP-GAT.00358,happyOne PREMIUM Gato Esteril C. Fresca 00358,09ARRESTO,Arresto 1.5 Ap conc,0.055
3003HOP-GAT.00358,happyOne PREMIUM Gato Esteril C. Fresca 00358,05YUCCA,Yucca,0.0125
3003HOP-GAT.00358,happyOne PREMIUM Gato Esteril C. Fresca 00358,01CEVADA,Cevada,7.1
3003HOP-GAT.00358,happyOne PREMIUM Gato Esteril C. Fresca 00358,01QRILL,Qrill Pet Meal,1.5
3003HOP-GAT.00358,happyOne PREMIUM Gato Esteril C. Fresca 00358,05SULFATOGLUCO,Sulfato de Glucosamina,0.05
3003HOP-GAT.00358,happyOne PREMIUM Gato Esteril C. Fresca 00358,01ARROZ,Arroz,14
333-HOP-GA.00358,happyOne PREMIUM Gato Salmão Fresco 0358,04FARAVES70,Farinha de Aves 70%,24.845
333-HOP-GA.00358,happyOne PREMIUM Gato Salmão Fresco 0358,01TRIGO,Trigo,8.7
333-HOP-GA.00358,happyOne PREMIUM Gato Salmão Fresco 0358,04CDMSALMAO,CDM - Salmão,6.3
333-HOP-GA.00358,happyOne PREMIUM Gato Salmão Fresco 0358,01GLUTENMILHO,Gluten de Milho 60%,11
333-HOP-GA.00358,happyOne PREMIUM Gato Salmão Fresco 0358,02PALACAT,Palatabilizante Gato,4.5
333-HOP-GA.00358,happyOne PREMIUM Gato Salmão Fresco 0358,07ERVILHAFORRAGEIRA,Ervilha forrageira,4
333-HOP-GA.00358,happyOne PREMIUM Gato Salmão Fresco 0358,01AVEIA,Aveia,4
333-HOP-GA.00358,happyOne PREMIUM Gato Salmão Fresco 0358,01POLPABETERRABA,Polpa de Beterraba,2
333-HOP-GA.00358,happyOne PREMIUM Gato Salmão Fresco 0358,01CEVADA,Cevada,4.9
333-HOP-GA.00358,happyOne PREMIUM Gato Salmão Fresco 0358,04FARATUM,Farinha de Atum,4.4
333-HOP-GA.00358,happyOne PREMIUM Gato Salmão Fresco 0358,04GORDURAAVES,Gordura de Aves,5
333-HOP-GA.00358,happyOne PREMIUM Gato Salmão Fresco 0358,05TECNIMIX9511,Premix - Tecnimix 9511,1
333-HOP-GA.00358,happyOne PREMIUM Gato Salmão Fresco 0358,07SAL,Sal Refinado,1
333-HOP-GA.00358,happyOne PREMIUM Gato Salmão Fresco 0358,09CANAAÇUCAR,Cana de Açucar - Fiber 3D,2
333-HOP-GA.00358,happyOne PREMIUM Gato Salmão Fresco 0358,05CLORETOPOTASSIO,Cloreto de Potássio,0.4
333-HOP-GA.00358,happyOne PREMIUM Gato Salmão Fresco 0358,05CLORETOCOLINA,Cloreto de Colina,0.2
333-HOP-GA.00358,happyOne PREMIUM Gato Salmão Fresco 0358,09ARRESTO,Arresto 1.5 Ap conc,0.055
333-HOP-GA.00358,happyOne PREMIUM Gato Salmão Fresco 0358,05YUCCA,Yucca,0.05
333-HOP-GA.00358,happyOne PREMIUM Gato Salmão Fresco 0358,05TECNIMOLD,Premix - Tecnimold,0.1
333-HOP-GA.00358,happyOne PREMIUM Gato Salmão Fresco 0358,01QRILL,Qrill Pet Meal,1.5
333-HOP-GA.00358,happyOne PREMIUM Gato Salmão Fresco 0358,05SULFATOGLUCO,Sulfato de Glucosamina,0.05
333-HOP-GA.00358,happyOne PREMIUM Gato Salmão Fresco 0358,01ARROZ,Arroz,14
254079.0358,happyOne Gatos Salmão Pó 0358,04FARAVES70,Farinha de Aves 70%,26.185
254079.0358,happyOne Gatos Salmão Pó 0358,01TRIGO,Trigo,19.3
254079.0358,happyOne Gatos Salmão Pó 0358,01MILHO,Milho,11.875
254079.0358,happyOne Gatos Salmão Pó 0358,01POLPABETERRABA,Polpa de Beterraba,2
254079.0358,happyOne Gatos Salmão Pó 0358,04GORDURAAVES,Gordura de Aves,6.3
254079.0358,happyOne Gatos Salmão Pó 0358,01FARINHASALMAO,Farinha de Salmão,4
254079.0358,happyOne Gatos Salmão Pó 0358,01GLUTENMILHO,Gluten de Milho 60%,8.5
254079.0358,happyOne Gatos Salmão Pó 0358,09CANAAÇUCAR,Cana de Açucar - Fiber 3D,2
254079.0358,happyOne Gatos Salmão Pó 0358,05TECNIMIX9510,Premix - Tecnimix 9510,1
254079.0358,happyOne Gatos Salmão Pó 0358,05LEVEDURACERVEJA,"Levedura de Cerveja ""Expert""",1
254079.0358,happyOne Gatos Salmão Pó 0358,07SAL,Sal Refinado,0.6
254079.0358,happyOne Gatos Salmão Pó 0358,05CLORETOPOTASSIO,Cloreto de Potássio,0.3
254079.0358,happyOne Gatos Salmão Pó 0358,05CLORETOCOLINA,Cloreto de Colina,0.25
254079.0358,happyOne Gatos Salmão Pó 0358,05TERMOXDRY,Premix - Termox Dry FG,0.05
254079.0358,happyOne Gatos Salmão Pó 0358,05YUCCA,Yucca,0.015
254079.0358,happyOne Gatos Salmão Pó 0358,02PALACATC75-30,Digest Gato Pó C75-30,0.625
254079.0358,happyOne Gatos Salmão Pó 0358,01AVEIA,Aveia,4
254079.0358,happyOne Gatos Salmão Pó 0358,07ERVILHAFORRAGEIRA,Ervilha forrageira,4
254079.0358,happyOne Gatos Salmão Pó 0358,05LINHAÇAEXTRUDIDA,Linhaça Extrudida,4
254079.0358,happyOne Gatos Salmão Pó 0358,01ARROZ,Arroz,4
254079L.0358,happyOne Gatos Salmão 0358,04FARAVES70,Farinha de Aves 70%,26.185
254079L.0358,happyOne Gatos Salmão 0358,01TRIGO,Trigo,19.3
254079L.0358,happyOne Gatos Salmão 0358,01MILHO,Milho,10
254079L.0358,happyOne Gatos Salmão 0358,01POLPABETERRABA,Polpa de Beterraba,2
254079L.0358,happyOne Gatos Salmão 0358,04GORDURAAVES,Gordura de Aves,6.3
254079L.0358,happyOne Gatos Salmão 0358,01FARINHASALMAO,Farinha de Salmão,4
254079L.0358,happyOne Gatos Salmão 0358,01GLUTENMILHO,Gluten de Milho 60%,8.5
254079L.0358,happyOne Gatos Salmão 0358,09CANAAÇUCAR,Cana de Açucar - Fiber 3D,2
254079L.0358,happyOne Gatos Salmão 0358,05TECNIMIX9510,Premix - Tecnimix 9510,1
254079L.0358,happyOne Gatos Salmão 0358,05LEVEDURACERVEJA,"Levedura de Cerveja ""Expert""",1
254079L.0358,happyOne Gatos Salmão 0358,07SAL,Sal Refinado,0.6
254079L.0358,happyOne Gatos Salmão 0358,05CLORETOPOTASSIO,Cloreto de Potássio,0.3
254079L.0358,happyOne Gatos Salmão 0358,05CLORETOCOLINA,Cloreto de Colina,0.25
254079L.0358,happyOne Gatos Salmão 0358,05TERMOXDRY,Premix - Termox Dry FG,0.05
254079L.0358,happyOne Gatos Salmão 0358,05YUCCA,Yucca,0.015
254079L.0358,happyOne Gatos Salmão 0358,01AVEIA,Aveia,4
254079L.0358,happyOne Gatos Salmão 0358,07ERVILHAFORRAGEIRA,Ervilha forrageira,4
254079L.0358,happyOne Gatos Salmão 0358,05LINHAÇAEXTRUDIDA,Linhaça Extrudida,4
254079L.0358,happyOne Gatos Salmão 0358,01ARROZ,Arroz,4
4ZIRCAOAE.00362,Zircão Alta Energia 00362,02PALADOG,Palatabilizante Cão,0.8
240GALACER.00373,Galacer Mantenimiento 00373,01MILHO,Milho,25
240GALACER.00373,Galacer Mantenimiento 00373,04FARCARNE,Farinha de Carne,28.5875
240GALACER.00373,Galacer Mantenimiento 00373,01CEVADA,Cevada,15
240GALACER.00373,Galacer Mantenimiento 00373,01POLPABETERRABA,Polpa de Beterraba,2
240GALACER.00373,Galacer Mantenimiento 00373,04GORDURAAVES,Gordura de Aves,3.2
240GALACER.00373,Galacer Mantenimiento 00373,02PALADOG,Palatabilizante Cão,0.8
240GALACER.00373,Galacer Mantenimiento 00373,05TECNIMIX9010,Premix - Tecnimix 9010,0.3
240GALACER.00373,Galacer Mantenimiento 00373,07SAL,Sal Refinado,0.25
240GALACER.00373,Galacer Mantenimiento 00373,05TERMOXDRY,Premix - Termox Dry FG,0.05
240GALACER.00373,Galacer Mantenimiento 00373,05YUCCA,Yucca,0.0125
240GALACER.00373,Galacer Mantenimiento 00373,01TRIGO,Trigo,22.8
240GALACER.00373,Galacer Mantenimiento 00373,01ALFARROBA,Alfarroba,2
304HOPJUNI.00355,happyOne PREMIUM Junior Carne Fresca 00355,04FARAVES70,Farinha de Aves 70%,24.97
304HOPJUNI.00355,happyOne PREMIUM Junior Carne Fresca 00355,01ARROZ,Arroz,20
304HOPJUNI.00355,happyOne PREMIUM Junior Carne Fresca 00355,04GORDURAAVES,Gordura de Aves,8.5
304HOPJUNI.00355,happyOne PREMIUM Junior Carne Fresca 00355,07ERVILHAFORRAGEIRA,Ervilha forrageira,4
304HOPJUNI.00355,happyOne PREMIUM Junior Carne Fresca 00355,04CDM,CDM - Carne Fresca,7.6
304HOPJUNI.00355,happyOne PREMIUM Junior Carne Fresca 00355,01GLUTENMILHO,Gluten de Milho 60%,1.9
304HOPJUNI.00355,happyOne PREMIUM Junior Carne Fresca 00355,01POLPABETERRABA,Polpa de Beterraba,2
304HOPJUNI.00355,happyOne PREMIUM Junior Carne Fresca 00355,02PALADOG,Palatabilizante Cão,3
304HOPJUNI.00355,happyOne PREMIUM Junior Carne Fresca 00355,05LINHAÇAEXTRUDIDA,Linhaça Extrudida,2
304HOPJUNI.00355,happyOne PREMIUM Junior Carne Fresca 00355,07SAL,Sal Refinado,0.3
304HOPJUNI.00355,happyOne PREMIUM Junior Carne Fresca 00355,05CLORETOCOLINA,Cloreto de Colina,0.1
304HOPJUNI.00355,happyOne PREMIUM Junior Carne Fresca 00355,09ARRESTO,Arresto 1.5 Ap conc,0.055
304HOPJUNI.00355,happyOne PREMIUM Junior Carne Fresca 00355,05YUCCA,Yucca,0.025
304HOPJUNI.00355,happyOne PREMIUM Junior Carne Fresca 00355,01AVEIA,Aveia,11.6
304HOPJUNI.00355,happyOne PREMIUM Junior Carne Fresca 00355,01CEVADA,Cevada,10
304HOPJUNI.00355,happyOne PREMIUM Junior Carne Fresca 00355,01ALFARROBA,Alfarroba,2
304HOPJUNI.00355,happyOne PREMIUM Junior Carne Fresca 00355,01QRILL,Qrill Pet Meal,1.5
304HOPJUNI.00355,happyOne PREMIUM Junior Carne Fresca 00355,05SULFATOGLUCO,Sulfato de Glucosamina,0.05
243ANADAGAP.00345,Ananda Gato Pó 00345,01TRIGO,Trigo,36.7375
243ANADAGAP.00345,Ananda Gato Pó 00345,04FARCARNE,Farinha de Carne,23.1
243ANADAGAP.00345,Ananda Gato Pó 00345,01MILHO,Milho,20
243ANADAGAP.00345,Ananda Gato Pó 00345,04FARAVES60,Farinha de Aves 60%,10.9
243ANADAGAP.00345,Ananda Gato Pó 00345,04GORDURAAVES,Gordura de Aves,4
243ANADAGAP.00345,Ananda Gato Pó 00345,01POLPABETERRABA,Polpa de Beterraba,2.5
243ANADAGAP.00345,Ananda Gato Pó 00345,07SAL,Sal Refinado,1
243ANADAGAP.00345,Ananda Gato Pó 00345,05TECNIMIX9510,Premix - Tecnimix 9510,0.9
243ANADAGAP.00345,Ananda Gato Pó 00345,05CLORETOCOLINA,Cloreto de Colina,0.1
243ANADAGAP.00345,Ananda Gato Pó 00345,05TERMOXDRY,Premix - Termox Dry FG,0.05
243ANADAGAP.00345,Ananda Gato Pó 00345,05YUCCA,Yucca,0.0125
243ANADAGAP.00345,Ananda Gato Pó 00345,02PALACATC75-30,Digest Gato Pó C75-30,0.4
243ANADAGAP.00345,Ananda Gato Pó 00345,05LACTOBACILUSACIDOPHILUS,Lactobacillus acidophilus,0.3
230050.0037,Ananda Cão Basic 00368,01MILHO,Milho,22.95
230050.0037,Ananda Cão Basic 00368,04FARCARNE,Farinha de Carne,24.025
230050.0037,Ananda Cão Basic 00368,01CEVADA,Cevada,22.5
230050.0037,Ananda Cão Basic 00368,01TRIGO,Trigo,22.95
230050.0037,Ananda Cão Basic 00368,01POLPABETERRABA,Polpa de Beterraba,2
230050.0037,Ananda Cão Basic 00368,04GORDURAAVES,Gordura de Aves,3
230050.0037,Ananda Cão Basic 00368,07SAL,Sal Refinado,0.3
230050.0037,Ananda Cão Basic 00368,05TECNIMIX9010,Premix - Tecnimix 9010,0.15
230050.0037,Ananda Cão Basic 00368,05TERMOXDRY,Premix - Termox Dry FG,0.025
230050.0037,Ananda Cão Basic 00368,05LACTOBACILUSACIDOPHILUS,Lactobacillus acidophilus,0.1
242ANAND.00345,Ananda Cão Energy 00345,01MILHO,Milho,29.7125
242ANAND.00345,Ananda Cão Energy 00345,01CEVADA,Cevada,25
242ANAND.00345,Ananda Cão Energy 00345,04FARCARNE,Farinha de Carne,25
242ANAND.00345,Ananda Cão Energy 00345,04FARAVES60,Farinha de Aves 60%,8.5
242ANAND.00345,Ananda Cão Energy 00345,04GORDURAAVES,Gordura de Aves,6.1
242ANAND.00345,Ananda Cão Energy 00345,01POLPABETERRABA,Polpa de Beterraba,2
242ANAND.00345,Ananda Cão Energy 00345,01ALFARROBA,Alfarroba,2
242ANAND.00345,Ananda Cão Energy 00345,02PALADOG,Palatabilizante Cão,0.6
242ANAND.00345,Ananda Cão Energy 00345,05TECNIMIX9010,Premix - Tecnimix 9010,0.4
242ANAND.00345,Ananda Cão Energy 00345,07SAL,Sal Refinado,0.4
242ANAND.00345,Ananda Cão Energy 00345,05CLORETOCOLINA,Cloreto de Colina,0.125
242ANAND.00345,Ananda Cão Energy 00345,05TERMOXDRY,Premix - Termox Dry FG,0.05
242ANAND.00345,Ananda Cão Energy 00345,05YUCCA,Yucca,0.0125
242ANAND.00345,Ananda Cão Energy 00345,05LACTOBACILUSACIDOPHILUS,Lactobacillus acidophilus,0.1
241ANANDA.00359,Ananda Cão Junior 00359,01MILHO,Milho,33.225
241ANANDA.00359,Ananda Cão Junior 00359,04FARCARNE,Farinha de Carne,15.6
241ANANDA.00359,Ananda Cão Junior 00359,01GLUTENMILHO,Gluten de Milho 60%,8.7
241ANANDA.00359,Ananda Cão Junior 00359,04GORDURAAVES,Gordura de Aves,8.3
241ANANDA.00359,Ananda Cão Junior 00359,01TRIGO,Trigo,8
241ANANDA.00359,Ananda Cão Junior 00359,01CEVADA,Cevada,5
241ANANDA.00359,Ananda Cão Junior 00359,02PALADOG,Palatabilizante Cão,2.1
241ANANDA.00359,Ananda Cão Junior 00359,01ALFARROBA,Alfarroba,2
241ANANDA.00359,Ananda Cão Junior 00359,01POLPABETERRABA,Polpa de Beterraba,2
241ANANDA.00359,Ananda Cão Junior 00359,05TECNIMIX9010,Premix - Tecnimix 9010,0.4
241ANANDA.00359,Ananda Cão Junior 00359,07SAL,Sal Refinado,0.35
241ANANDA.00359,Ananda Cão Junior 00359,05CLORETOCOLINA,Cloreto de Colina,0.15
241ANANDA.00359,Ananda Cão Junior 00359,05TERMOXDRY,Premix - Termox Dry FG,0.05
241ANANDA.00359,Ananda Cão Junior 00359,05YUCCA,Yucca,0.025
241ANANDA.00359,Ananda Cão Junior 00359,04FARAVES70,Farinha de Aves 70%,14
241ANANDA.00359,Ananda Cão Junior 00359,05LACTOBACILUSACIDOPHILUS,Lactobacillus acidophilus,0.1
243ANADAGA.00345,Ananda Gato 00345,01TRIGO,Trigo,36.1375
243ANADAGA.00345,Ananda Gato 00345,04FARCARNE,Farinha de Carne,23.1
243ANADAGA.00345,Ananda Gato 00345,01MILHO,Milho,20
243ANADAGA.00345,Ananda Gato 00345,04FARAVES60,Farinha de Aves 60%,10.9
243ANADAGA.00345,Ananda Gato 00345,04GORDURAAVES,Gordura de Aves,4
243ANADAGA.00345,Ananda Gato 00345,01POLPABETERRABA,Polpa de Beterraba,2.5
243ANADAGA.00345,Ananda Gato 00345,07SAL,Sal Refinado,1
243ANADAGA.00345,Ananda Gato 00345,02PALACAT,Palatabilizante Gato,1
243ANADAGA.00345,Ananda Gato 00345,05TECNIMIX9510,Premix - Tecnimix 9510,0.9
243ANADAGA.00345,Ananda Gato 00345,05CLORETOCOLINA,Cloreto de Colina,0.1
243ANADAGA.00345,Ananda Gato 00345,05TERMOXDRY,Premix - Termox Dry FG,0.05
243ANADAGA.00345,Ananda Gato 00345,05YUCCA,Yucca,0.0125
243ANADAGA.00345,Ananda Gato 00345,05LACTOBACILUSACIDOPHILUS,Lactobacillus acidophilus,0.3
230050.0037,Ananda Cão Basic 00368,01ALFARROBA,Alfarroba,2
PDCAOLGSEN.00369,ActivPet Cão Senior 00369,01MILHO,Milho,22
PDCAOLGSEN.00369,ActivPet Cão Senior 00369,04FARCARNE,Farinha de Carne,31.1675
PDCAOLGSEN.00369,ActivPet Cão Senior 00369,01CEVADA,Cevada,14.9
PDCAOLGSEN.00369,ActivPet Cão Senior 00369,01POLPABETERRABA,Polpa de Beterraba,2
PDCAOLGSEN.00369,ActivPet Cão Senior 00369,02PALADOG,Palatabilizante Cão,0.8
PDCAOLGSEN.00369,ActivPet Cão Senior 00369,04GORDURAAVES,Gordura de Aves,4.1
PDCAOLGSEN.00369,ActivPet Cão Senior 00369,07SAL,Sal Refinado,0.3
PDCAOLGSEN.00369,ActivPet Cão Senior 00369,05TERMOXDRY,Premix - Termox Dry FG,0.05
PDCAOLGSEN.00369,ActivPet Cão Senior 00369,05YUCCA,Yucca,0.0125
PDCAOLGSEN.00369,ActivPet Cão Senior 00369,07ERVILHAFORRAGEIRA,Ervilha forrageira,2.7
PDCAOLGSEN.00369,ActivPet Cão Senior 00369,05SULFATOGLUCO,Sulfato de Glucosamina,0.05
PDCAOLGSEN.00369,ActivPet Cão Senior 00369,01TRIGO,Trigo,21.6
240RCPQ.00373,Campeão Cão Raças Pequenas 00373,01MILHO,Milho,15.3
240RCPQ.00373,Campeão Cão Raças Pequenas 00373,04FARCARNE,Farinha de Carne,15.6625
240RCPQ.00373,Campeão Cão Raças Pequenas 00373,01GLUTENMILHO,Gluten de Milho 60%,10.1
240RCPQ.00373,Campeão Cão Raças Pequenas 00373,04GORDURAAVES,Gordura de Aves,8.8
240RCPQ.00373,Campeão Cão Raças Pequenas 00373,01TRIGO,Trigo,15.4
240RCPQ.00373,Campeão Cão Raças Pequenas 00373,01CEVADA,Cevada,9.4
240RCPQ.00373,Campeão Cão Raças Pequenas 00373,02PALADOG,Palatabilizante Cão,1.2
240RCPQ.00373,Campeão Cão Raças Pequenas 00373,01ALFARROBA,Alfarroba,2
240RCPQ.00373,Campeão Cão Raças Pequenas 00373,01POLPABETERRABA,Polpa de Beterraba,2
240RCPQ.00373,Campeão Cão Raças Pequenas 00373,07SAL,Sal Refinado,0.3
240RCPQ.00373,Campeão Cão Raças Pequenas 00373,05TERMOXDRY,Premix - Termox Dry FG,0.025
240RCPQ.00373,Campeão Cão Raças Pequenas 00373,05YUCCA,Yucca,0.0125
240RCPQ.00373,Campeão Cão Raças Pequenas 00373,04FARAVES70,Farinha de Aves 70%,10
240RCPQ.00373,Campeão Cão Raças Pequenas 00373,01ARROZ,Arroz,9.5
240RCPQ.00373,Campeão Cão Raças Pequenas 00373,05TECNIMIX9015,Premix - Tecnimix 9015,0.3
336-HOP-LA.00354,happyOne PREMIUM Cão Raças Grandes 00354,02PALADOG,Palatabilizante Cão,3
336-HOP-LA.00354,happyOne PREMIUM Cão Raças Grandes 00354,01POLPABETERRABA,Polpa de Beterraba,2
336-HOP-LA.00354,happyOne PREMIUM Cão Raças Grandes 00354,07SAL,Sal Refinado,0.3
336-HOP-LA.00354,happyOne PREMIUM Cão Raças Grandes 00354,05YUCCA,Yucca,0.025
336-HOP-LA.00354,happyOne PREMIUM Cão Raças Grandes 00354,07ERVILHAFORRAGEIRA,Ervilha forrageira,6
336-HOP-LA.00354,happyOne PREMIUM Cão Raças Grandes 00354,09ARRESTO,Arresto 1.5 Ap conc,0.055
336-HOP-LA.00354,happyOne PREMIUM Cão Raças Grandes 00354,04CDM,CDM - Carne Fresca,6.3
336-HOP-LA.00354,happyOne PREMIUM Cão Raças Grandes 00354,01CEVADA,Cevada,18
336-HOP-LA.00354,happyOne PREMIUM Cão Raças Grandes 00354,05SULFATOGLUCO,Sulfato de Glucosamina,0.05
336-HOP-LA.00354,happyOne PREMIUM Cão Raças Grandes 00354,08MEXILHAO VERDE,Mexilhão verde - Green Lipped Mussel,0.05
336-HOP-LA.00354,happyOne PREMIUM Cão Raças Grandes 00354,01AVEIA,Aveia,15.9
336-HOP-LA.00354,happyOne PREMIUM Cão Raças Grandes 00354,04GORDURAAVES,Gordura de Aves,5.6
336-HOP-LA.00354,happyOne PREMIUM Cão Raças Grandes 00354,04FARAVES70,Farinha de Aves 70%,22.62
336-HOP-LA.00354,happyOne PREMIUM Cão Raças Grandes 00354,05CLORETOCOLINA,Cloreto de Colina,0.1
336-HOP-LA.00354,happyOne PREMIUM Cão Raças Grandes 00354,01ARROZ,Arroz,18.1
336-HOP-LA.00354,happyOne PREMIUM Cão Raças Grandes 00354,01QRILL,Qrill Pet Meal,1.5
280015.0036,Mediterraneum Cão Senior 00360,04FARAVES70,Farinha de Aves 70%,24.925
280015.0036,Mediterraneum Cão Senior 00360,01BATATAGRANULADA,Batata Granulada,24
280015.0036,Mediterraneum Cão Senior 00360,07MANDIOCA,Mandioca,20
280015.0036,Mediterraneum Cão Senior 00360,04CDM,CDM - Carne Fresca,6.6
280015.0036,Mediterraneum Cão Senior 00360,07ERVILHAFORRAGEIRA,Ervilha forrageira,8
280015.0036,Mediterraneum Cão Senior 00360,02PALADOG,Palatabilizante Cão,4
280015.0036,Mediterraneum Cão Senior 00360,04GORDURAAVES,Gordura de Aves,5.4
280015.0036,Mediterraneum Cão Senior 00360,07OVOLIQUIDO,Ovo Líquido,1
280015.0036,Mediterraneum Cão Senior 00360,01POLPABETERRABA,Polpa de Beterraba,2
280015.0036,Mediterraneum Cão Senior 00360,07AZEITE,Azeite,0.5
280015.0036,Mediterraneum Cão Senior 00360,05CLORETOCOLINA,Cloreto de Colina,0.3
280015.0036,Mediterraneum Cão Senior 00360,07SAL,Sal Refinado,0.3
280015.0036,Mediterraneum Cão Senior 00360,01TOMATE,Tomate,0.01
280015.0036,Mediterraneum Cão Senior 00360,05SULFATOGLUCO,Sulfato de Glucosamina,0.05
280015.0036,Mediterraneum Cão Senior 00360,01CENOURA,Cenoura - Zanahoria Polvo AD,0.01
280015.0036,Mediterraneum Cão Senior 00360,08MAÇA,Maça - Apple pomace,0.01
280015.0036,Mediterraneum Cão Senior 00360,09ARRESTO,Arresto 1.5 Ap conc,0.055
280015.0036,Mediterraneum Cão Senior 00360,05YUCCA,Yucca,0.025
280015.0036,Mediterraneum Cão Senior 00360,05TECNIMIX9020,Premix - Tecnimix 9020,0.4
280015.0036,Mediterraneum Cão Senior 00360,04FARATUM,Farinha de Atum,2.3
280015.0036,Mediterraneum Cão Senior 00360,08MEMBRANAOVO,Membrana de Ovo,0.065
280015.0036,Mediterraneum Cão Senior 00360,05SULFATOCONDROITINA,Sulfato de Condroitina,0.05
253079.0358,happyOne Gato Adulto Pó 0358,04FARAVES70,Farinha de Aves 70%,25.035
253079.0358,happyOne Gato Adulto Pó 0358,01TRIGO,Trigo,16.4
253079.0358,happyOne Gato Adulto Pó 0358,01MILHO,Milho,16
253079.0358,happyOne Gato Adulto Pó 0358,04GORDURAAVES,Gordura de Aves,6.3
253079.0358,happyOne Gato Adulto Pó 0358,04FARATUM,Farinha de Atum,4
253079.0358,happyOne Gato Adulto Pó 0358,01GLUTENMILHO,Gluten de Milho 60%,9.2
253079.0358,happyOne Gato Adulto Pó 0358,01POLPABETERRABA,Polpa de Beterraba,2
253079.0358,happyOne Gato Adulto Pó 0358,05TECNIMIX9510,Premix - Tecnimix 9510,1
253079.0358,happyOne Gato Adulto Pó 0358,07SAL,Sal Refinado,0.8
253079.0358,happyOne Gato Adulto Pó 0358,05LEVEDURACERVEJA,"Levedura de Cerveja ""Expert""",1
253079.0358,happyOne Gato Adulto Pó 0358,05CLORETOPOTASSIO,Cloreto de Potássio,0.3
253079.0358,happyOne Gato Adulto Pó 0358,05CLORETOCOLINA,Cloreto de Colina,0.2
253079.0358,happyOne Gato Adulto Pó 0358,05TERMOXDRY,Premix - Termox Dry FG,0.05
253079.0358,happyOne Gato Adulto Pó 0358,05YUCCA,Yucca,0.015
253079.0358,happyOne Gato Adulto Pó 0358,02PALACATC75-30,Digest Gato Pó C75-30,0.6
253079.0358,happyOne Gato Adulto Pó 0358,01ARROZ,Arroz,4.1
253079.0358,happyOne Gato Adulto Pó 0358,01AVEIA,Aveia,4
253079.0358,happyOne Gato Adulto Pó 0358,05LINHAÇAEXTRUDIDA,Linhaça Extrudida,4
253079.0358,happyOne Gato Adulto Pó 0358,07ERVILHAFORRAGEIRA,Ervilha forrageira,4
253079.0358,happyOne Gato Adulto Pó 0358,09CANAAÇUCAR,Cana de Açucar - Fiber 3D,1
4VITADULTO.00368,Vitake Cão Adulto Raças Grandes 00368,04FARAVES70,Farinha de Aves 70%,29.0375
4VITADULTO.00368,Vitake Cão Adulto Raças Grandes 00368,05LINHAÇAEXTRUDIDA,Linhaça Extrudida,2
4VITADULTO.00368,Vitake Cão Adulto Raças Grandes 00368,04GORDURAAVES,Gordura de Aves,9.1
4VITADULTO.00368,Vitake Cão Adulto Raças Grandes 00368,01POLPABETERRABA,Polpa de Beterraba,2
4VITADULTO.00368,Vitake Cão Adulto Raças Grandes 00368,02PALADOG,Palatabilizante Cão,2
4VITADULTO.00368,Vitake Cão Adulto Raças Grandes 00368,07SAL,Sal Refinado,0.3
4VITADULTO.00368,Vitake Cão Adulto Raças Grandes 00368,05YUCCA,Yucca,0.0125
4VITADULTO.00368,Vitake Cão Adulto Raças Grandes 00368,05TECNIMIX9025,Premix - Tecnimix 9025,0.4
4VITADULTO.00368,Vitake Cão Adulto Raças Grandes 00368,01AVEIA,Aveia,4.7
4VITADULTO.00368,Vitake Cão Adulto Raças Grandes 00368,01CEVADA,Cevada,8
4VITADULTO.00368,Vitake Cão Adulto Raças Grandes 00368,05CLORETOPOTASSIO,Cloreto de Potássio,0.2
4VITADULTO.00368,Vitake Cão Adulto Raças Grandes 00368,05SULFATOGLUCO,Sulfato de Glucosamina,0.05
4VITADULTO.00368,Vitake Cão Adulto Raças Grandes 00368,09ARRESTO,Arresto 1.5 Ap conc,0.05
4VITADULTO.00368,Vitake Cão Adulto Raças Grandes 00368,05SULFATOCONDROITINA,Sulfato de Condroitina,0.05
4VITADULTO.00368,Vitake Cão Adulto Raças Grandes 00368,01ARROZ,Arroz,20.1
4VITADULTO.00368,Vitake Cão Adulto Raças Grandes 00368,01MILHO,Milho,20
4VITADULTO.00368,Vitake Cão Adulto Raças Grandes 00368,01ALFARROBA,Alfarroba,2
253079L.0358,happyOne Gato Adulto 0358,04FARAVES70,Farinha de Aves 70%,25.035
253079L.0358,happyOne Gato Adulto 0358,01TRIGO,Trigo,15.6
253079L.0358,happyOne Gato Adulto 0358,01MILHO,Milho,15
253079L.0358,happyOne Gato Adulto 0358,04GORDURAAVES,Gordura de Aves,6.3
253079L.0358,happyOne Gato Adulto 0358,04FARATUM,Farinha de Atum,4
253079L.0358,happyOne Gato Adulto 0358,01GLUTENMILHO,Gluten de Milho 60%,9.2
253079L.0358,happyOne Gato Adulto 0358,01POLPABETERRABA,Polpa de Beterraba,2
253079L.0358,happyOne Gato Adulto 0358,05TECNIMIX9510,Premix - Tecnimix 9510,1
253079L.0358,happyOne Gato Adulto 0358,07SAL,Sal Refinado,0.8
253079L.0358,happyOne Gato Adulto 0358,05LEVEDURACERVEJA,"Levedura de Cerveja ""Expert""",1
253079L.0358,happyOne Gato Adulto 0358,05CLORETOPOTASSIO,Cloreto de Potássio,0.3
253079L.0358,happyOne Gato Adulto 0358,05CLORETOCOLINA,Cloreto de Colina,0.2
253079L.0358,happyOne Gato Adulto 0358,05TERMOXDRY,Premix - Termox Dry FG,0.05
253079L.0358,happyOne Gato Adulto 0358,05YUCCA,Yucca,0.015
253079L.0358,happyOne Gato Adulto 0358,01ARROZ,Arroz,4.1
253079L.0358,happyOne Gato Adulto 0358,01AVEIA,Aveia,4
253079L.0358,happyOne Gato Adulto 0358,05LINHAÇAEXTRUDIDA,Linhaça Extrudida,4
253079L.0358,happyOne Gato Adulto 0358,07ERVILHAFORRAGEIRA,Ervilha forrageira,4
253079L.0358,happyOne Gato Adulto 0358,09CANAAÇUCAR,Cana de Açucar - Fiber 3D,1
256079.0037,happyOne Gatinhos Pó 00365,01TRIGO,Trigo,9.5
256079.0037,happyOne Gatinhos Pó 00365,04GORDURAAVES,Gordura de Aves,8.3
256079.0037,happyOne Gatinhos Pó 00365,01FARINHASALMAO,Farinha de Salmão,4.1
256079.0037,happyOne Gatinhos Pó 00365,09PLASMASUINO,Plasma de Suino - Apptein GS,1.5
256079.0037,happyOne Gatinhos Pó 00365,01POLPABETERRABA,Polpa de Beterraba,2
256079.0037,happyOne Gatinhos Pó 00365,05LEVEDURACERVEJA,"Levedura de Cerveja ""Expert""",2.5
256079.0037,happyOne Gatinhos Pó 00365,05TECNIMIX9510,Premix - Tecnimix 9510,1.25
256079.0037,happyOne Gatinhos Pó 00365,07SAL,Sal Refinado,0.3
256079.0037,happyOne Gatinhos Pó 00365,05YUCCA,Yucca,0.015
256079.0037,happyOne Gatinhos Pó 00365,05TERMOXDRY,Premix - Termox Dry FG,0.05
256079.0037,happyOne Gatinhos Pó 00365,01MILHO,Milho,9.9
256079.0037,happyOne Gatinhos Pó 00365,01GLUTENMILHO,Gluten de Milho 60%,9
256079.0037,happyOne Gatinhos Pó 00365,05CLORETOPOTASSIO,Cloreto de Potássio,0.2
256079.0037,happyOne Gatinhos Pó 00365,04FARAVES70,Farinha de Aves 70%,29.585
256079.0037,happyOne Gatinhos Pó 00365,02PALACATC75-30,Digest Gato Pó C75-30,1
256079.0037,happyOne Gatinhos Pó 00365,01AVEIA,Aveia,4.6
256079.0037,happyOne Gatinhos Pó 00365,01ARROZ,Arroz,10
256079.0037,happyOne Gatinhos Pó 00365,07ERVILHAFORRAGEIRA,Ervilha forrageira,4
256079.0037,happyOne Gatinhos Pó 00365,01ALFARROBA,Alfarroba,2
256079.0037,happyOne Gatinhos Pó 00365,05CLORETOCOLINA,Cloreto de Colina,0.2
256079L.00365,happyOne Gatinhos 00365,01TRIGO,Trigo,8.25
256079L.00365,happyOne Gatinhos 00365,04GORDURAAVES,Gordura de Aves,8.3
256079L.00365,happyOne Gatinhos 00365,01FARINHASALMAO,Farinha de Salmão,4.1
256079L.00365,happyOne Gatinhos 00365,09PLASMASUINO,Plasma de Suino - Apptein GS,1.5
256079L.00365,happyOne Gatinhos 00365,01POLPABETERRABA,Polpa de Beterraba,2
256079L.00365,happyOne Gatinhos 00365,05LEVEDURACERVEJA,"Levedura de Cerveja ""Expert""",2.5
256079L.00365,happyOne Gatinhos 00365,05TECNIMIX9510,Premix - Tecnimix 9510,1.25
256079L.00365,happyOne Gatinhos 00365,07SAL,Sal Refinado,0.3
256079L.00365,happyOne Gatinhos 00365,05YUCCA,Yucca,0.015
256079L.00365,happyOne Gatinhos 00365,05TERMOXDRY,Premix - Termox Dry FG,0.05
256079L.00365,happyOne Gatinhos 00365,01MILHO,Milho,8.65
256079L.00365,happyOne Gatinhos 00365,01GLUTENMILHO,Gluten de Milho 60%,9
256079L.00365,happyOne Gatinhos 00365,05CLORETOPOTASSIO,Cloreto de Potássio,0.2
256079L.00365,happyOne Gatinhos 00365,04FARAVES70,Farinha de Aves 70%,29.085
256079L.00365,happyOne Gatinhos 00365,01AVEIA,Aveia,4.6
256079L.00365,happyOne Gatinhos 00365,01ARROZ,Arroz,10
256079L.00365,happyOne Gatinhos 00365,07ERVILHAFORRAGEIRA,Ervilha forrageira,4
256079L.00365,happyOne Gatinhos 00365,01ALFARROBA,Alfarroba,2
256079L.00365,happyOne Gatinhos 00365,05CLORETOCOLINA,Cloreto de Colina,0.2
256079L.00365,happyOne Gatinhos 00365,02PALACAT,Palatabilizante Gato,4
240011.0037,Campeão Cão Adulto Ovo 00369,01MILHO,Milho,49.9875
240011.0037,Campeão Cão Adulto Ovo 00369,04FARCARNE,Farinha de Carne,27.6
240011.0037,Campeão Cão Adulto Ovo 00369,01CEVADA,Cevada,13.7
240011.0037,Campeão Cão Adulto Ovo 00369,01TRIGO,Trigo,2.5
240011.0037,Campeão Cão Adulto Ovo 00369,01POLPABETERRABA,Polpa de Beterraba,2
240011.0037,Campeão Cão Adulto Ovo 00369,04GORDURAAVES,Gordura de Aves,1.8
240011.0037,Campeão Cão Adulto Ovo 00369,07OVOLIQUIDO,Ovo Líquido,1.2
240011.0037,Campeão Cão Adulto Ovo 00369,02PALADOG,Palatabilizante Cão,0.6
240011.0037,Campeão Cão Adulto Ovo 00369,05TECNIMIX9010,Premix - Tecnimix 9010,0.3
240011.0037,Campeão Cão Adulto Ovo 00369,07SAL,Sal Refinado,0.25
240011.0037,Campeão Cão Adulto Ovo 00369,05TERMOXDRY,Premix - Termox Dry FG,0.05
240011.0037,Campeão Cão Adulto Ovo 00369,05YUCCA,Yucca,0.0125
240ACTAD.00370,ActivPet Cão Adulto 00370,01MILHO,Milho,49.9375
240ACTAD.00370,ActivPet Cão Adulto 00370,04FARCARNE,Farinha de Carne,30.9
240ACTAD.00370,ActivPet Cão Adulto 00370,01CEVADA,Cevada,10
240ACTAD.00370,ActivPet Cão Adulto 00370,01TRIGO,Trigo,4.1
240ACTAD.00370,ActivPet Cão Adulto 00370,04GORDURAAVES,Gordura de Aves,2.5
240ACTAD.00370,ActivPet Cão Adulto 00370,01POLPABETERRABA,Polpa de Beterraba,2
240ACTAD.00370,ActivPet Cão Adulto 00370,05TECNIMIX9010,Premix - Tecnimix 9010,0.3
240ACTAD.00370,ActivPet Cão Adulto 00370,07SAL,Sal Refinado,0.2
240ACTAD.00370,ActivPet Cão Adulto 00370,05TERMOXDRY,Premix - Termox Dry FG,0.05
240ACTAD.00370,ActivPet Cão Adulto 00370,05YUCCA,Yucca,0.0125
CTCROQUE.00370,Continente Cão Adulto Croquetes 00370,01MILHO,Milho,49.9568
CTCROQUE.00370,Continente Cão Adulto Croquetes 00370,04FARCARNE,Farinha de Carne,30.3
CTCROQUE.00370,Continente Cão Adulto Croquetes 00370,01CEVADA,Cevada,9.6
CTCROQUE.00370,Continente Cão Adulto Croquetes 00370,01POLPABETERRABA,Polpa de Beterraba,4
CTCROQUE.00370,Continente Cão Adulto Croquetes 00370,01ALFARROBA,Alfarroba,3.4
CTCROQUE.00370,Continente Cão Adulto Croquetes 00370,04GORDURAAVES,Gordura de Aves,2.1
CTCROQUE.00370,Continente Cão Adulto Croquetes 00370,05TECNIMIX9010,Premix - Tecnimix 9010,0.3182
CTCROQUE.00370,Continente Cão Adulto Croquetes 00370,07SAL,Sal Refinado,0.3
CTCROQUE.00370,Continente Cão Adulto Croquetes 00370,05TERMOXDRY,Premix - Termox Dry FG,0.025
CTJUNIOR.00370,Continente Cão Junior 00370,04FARAVES60,Farinha de Aves 60%,34.9
CTJUNIOR.00370,Continente Cão Junior 00370,01MILHO,Milho,34
CTJUNIOR.00370,Continente Cão Junior 00370,01TRIGO,Trigo,14
CTJUNIOR.00370,Continente Cão Junior 00370,01ARROZ,Arroz,10
CTJUNIOR.00370,Continente Cão Junior 00370,04GORDURAAVES,Gordura de Aves,4.3
CTJUNIOR.00370,Continente Cão Junior 00370,01POLPABETERRABA,Polpa de Beterraba,2
CTJUNIOR.00370,Continente Cão Junior 00370,05TECNIMIX9010,Premix - Tecnimix 9010,0.4
CTJUNIOR.00370,Continente Cão Junior 00370,07SAL,Sal Refinado,0.2
CTJUNIOR.00370,Continente Cão Junior 00370,05CLORETOCOLINA,Cloreto de Colina,0.15
CTJUNIOR.00370,Continente Cão Junior 00370,05TERMOXDRY,Premix - Termox Dry FG,0.05
INTCAO.00370,PorSi Cão Adulto 00370,01MILHO,Milho,40.85
INTCAO.00370,PorSi Cão Adulto 00370,04FARCARNE,Farinha de Carne,28.8
INTCAO.00370,PorSi Cão Adulto 00370,01TRIGO,Trigo,25
INTCAO.00370,PorSi Cão Adulto 00370,04GORDURAAVES,Gordura de Aves,2.8
INTCAO.00370,PorSi Cão Adulto 00370,04FARAVES70,Farinha de Aves 70%,1
INTCAO.00370,PorSi Cão Adulto 00370,01POLPABETERRABA,Polpa de Beterraba,1
INTCAO.00370,PorSi Cão Adulto 00370,05TECNIMIX9010,Premix - Tecnimix 9010,0.25
INTCAO.00370,PorSi Cão Adulto 00370,07SAL,Sal Refinado,0.25
INTCAO.00370,PorSi Cão Adulto 00370,05TERMOXDRY,Premix - Termox Dry FG,0.05
ITMPPORS.00370,PorSi Cão Adulto MIX 00370,01MILHO,Milho,50.0375
ITMPPORS.00370,PorSi Cão Adulto MIX 00370,04FARCARNE,Farinha de Carne,27.9
ITMPPORS.00370,PorSi Cão Adulto MIX 00370,01CEVADA,Cevada,10.9
ITMPPORS.00370,PorSi Cão Adulto MIX 00370,04GORDURAAVES,Gordura de Aves,3
ITMPPORS.00370,PorSi Cão Adulto MIX 00370,01POLPABETERRABA,Polpa de Beterraba,3
ITMPPORS.00370,PorSi Cão Adulto MIX 00370,04FARAVES70,Farinha de Aves 70%,2.6
ITMPPORS.00370,PorSi Cão Adulto MIX 00370,01ALFARROBA,Alfarroba,2
ITMPPORS.00370,PorSi Cão Adulto MIX 00370,07SAL,Sal Refinado,0.3
ITMPPORS.00370,PorSi Cão Adulto MIX 00370,05TECNIMIX9010,Premix - Tecnimix 9010,0.25
ITMPPORS.00370,PorSi Cão Adulto MIX 00370,05TERMOXDRY,Premix - Termox Dry FG,0.0125
ITMPPORS.00370,PorSi Cão Adulto MIX 00370,C1,Água,0
ITMPPORS.00370,PorSi Cão Adulto MIX 00370,06CORANTEVERDE,Corante Verde Menta,0
ITMPPORS.00370,PorSi Cão Adulto MIX 00370,06CORANTEVERMELHO,Corante Vermelho - Ponceau,0
280020.0036,Mediterraneum Borrego Fresco 0360,04FARBORREGO,Farinha de Borrego,21.69
280020.0036,Mediterraneum Borrego Fresco 0360,01BATATAGRANULADA,Batata Granulada,21
280020.0036,Mediterraneum Borrego Fresco 0360,07MANDIOCA,Mandioca,20.5
280020.0036,Mediterraneum Borrego Fresco 0360,07ERVILHAFORRAGEIRA,Ervilha forrageira,10
280020.0036,Mediterraneum Borrego Fresco 0360,04CDMBORREGO,CDM - Carne Fresca Borrego,6.5
280020.0036,Mediterraneum Borrego Fresco 0360,04GORDURAAVES,Gordura de Aves,5.8
280020.0036,Mediterraneum Borrego Fresco 0360,01POLPABETERRABA,Polpa de Beterraba,2
280020.0036,Mediterraneum Borrego Fresco 0360,07OVOLIQUIDO,Ovo Líquido,1
280020.0036,Mediterraneum Borrego Fresco 0360,07AZEITE,Azeite,0.5
280020.0036,Mediterraneum Borrego Fresco 0360,05CLORETOCOLINA,Cloreto de Colina,0.3
280020.0036,Mediterraneum Borrego Fresco 0360,07SAL,Sal Refinado,0.3
280020.0036,Mediterraneum Borrego Fresco 0360,09ARRESTO,Arresto 1.5 Ap conc,0.055
280020.0036,Mediterraneum Borrego Fresco 0360,05SULFATOGLUCO,Sulfato de Glucosamina,0.05
280020.0036,Mediterraneum Borrego Fresco 0360,05YUCCA,Yucca,0.025
280020.0036,Mediterraneum Borrego Fresco 0360,01CENOURA,Cenoura - Zanahoria Polvo AD,0.01
280020.0036,Mediterraneum Borrego Fresco 0360,08MAÇA,Maça - Apple pomace,0.01
280020.0036,Mediterraneum Borrego Fresco 0360,01TOMATE,Tomate,0.01
280020.0036,Mediterraneum Borrego Fresco 0360,02DIGESTBORREGO,Palatabilizante Borrego,4
280020.0036,Mediterraneum Borrego Fresco 0360,05TECNIMIX9020,Premix - Tecnimix 9020,0.4
280020.0036,Mediterraneum Borrego Fresco 0360,04PROTEINAERVILHA,Proteína de Ervilha,5.8
280020.0036,Mediterraneum Borrego Fresco 0360,05SULFATOCONDROITINA,Sulfato de Condroitina,0.05
252079.0036,happyOne Cão Alta Energia 0359,01MILHO,Milho,24.5
252079.0036,happyOne Cão Alta Energia 0359,04FARCARNE,Farinha de Carne,8
252079.0036,happyOne Cão Alta Energia 0359,04GORDURAAVES,Gordura de Aves,8
252079.0036,happyOne Cão Alta Energia 0359,01CEVADA,Cevada,12
252079.0036,happyOne Cão Alta Energia 0359,01POLPABETERRABA,Polpa de Beterraba,2
252079.0036,happyOne Cão Alta Energia 0359,02PALADOG,Palatabilizante Cão,0.9
252079.0036,happyOne Cão Alta Energia 0359,07SAL,Sal Refinado,0.3
252079.0036,happyOne Cão Alta Energia 0359,05CLORETOCOLINA,Cloreto de Colina,0.15
252079.0036,happyOne Cão Alta Energia 0359,05TERMOXDRY,Premix - Termox Dry FG,0.0822
252079.0036,happyOne Cão Alta Energia 0359,05YUCCA,Yucca,0.0125
252079.0036,happyOne Cão Alta Energia 0359,04FARAVES70,Farinha de Aves 70%,24.9553
252079.0036,happyOne Cão Alta Energia 0359,01ARROZ,Arroz,4
252079.0036,happyOne Cão Alta Energia 0359,01AVEIA,Aveia,8.7
252079.0036,happyOne Cão Alta Energia 0359,07ERVILHAFORRAGEIRA,Ervilha forrageira,4
252079.0036,happyOne Cão Alta Energia 0359,01ALFARROBA,Alfarroba,2
280033.0036,Mediterraneum Gato Adulto 00360,04FARAVES70,Farinha de Aves 70%,24.8
280033.0036,Mediterraneum Gato Adulto 00360,01BATATAGRANULADA,Batata Granulada,11
280033.0036,Mediterraneum Gato Adulto 00360,04CDM,CDM - Carne Fresca,6.5
280033.0036,Mediterraneum Gato Adulto 00360,04GORDURAAVES,Gordura de Aves,8.1
280033.0036,Mediterraneum Gato Adulto 00360,02PALACAT,Palatabilizante Gato,4
280033.0036,Mediterraneum Gato Adulto 00360,07ERVILHAFORRAGEIRA,Ervilha forrageira,10
280033.0036,Mediterraneum Gato Adulto 00360,09CANAAÇUCAR,Cana de Açucar - Fiber 3D,2
280033.0036,Mediterraneum Gato Adulto 00360,01POLPABETERRABA,Polpa de Beterraba,2
280033.0036,Mediterraneum Gato Adulto 00360,07OVOLIQUIDO,Ovo Líquido,1
280033.0036,Mediterraneum Gato Adulto 00360,05TECNIMIX9511,Premix - Tecnimix 9511,1
280033.0036,Mediterraneum Gato Adulto 00360,07SAL,Sal Refinado,0.5
280033.0036,Mediterraneum Gato Adulto 00360,05CLORETOPOTASSIO,Cloreto de Potássio,0.4
280033.0036,Mediterraneum Gato Adulto 00360,09ARRESTO,Arresto 1.5 Ap conc,0.055
280033.0036,Mediterraneum Gato Adulto 00360,07AZEITE,Azeite,0.1
280033.0036,Mediterraneum Gato Adulto 00360,08MAÇA,Maça - Apple pomace,0.01
280033.0036,Mediterraneum Gato Adulto 00360,01CENOURA,Cenoura - Zanahoria Polvo AD,0.01
280033.0036,Mediterraneum Gato Adulto 00360,01TOMATE,Tomate,0.01
280033.0036,Mediterraneum Gato Adulto 00360,05YUCCA,Yucca,0.1
280033.0036,Mediterraneum Gato Adulto 00360,04PROTEINAERVILHA,Proteína de Ervilha,12
280033.0036,Mediterraneum Gato Adulto 00360,07MANDIOCA,Mandioca,10.3
280033.0036,Mediterraneum Gato Adulto 00360,05LEVEDURACERVEJA,"Levedura de Cerveja ""Expert""",6
280033.0036,Mediterraneum Gato Adulto 00360,08MEMBRANAOVO,Membrana de Ovo,0.065
280033.0036,Mediterraneum Gato Adulto 00360,05SULFATOGLUCO,Sulfato de Glucosamina,0.05
INTCACTINT.00352,PorSi Cão AE Actividade Intensa 00352,05TECNIMIX9015,Premix - Tecnimix 9015,0.3
5242010.004,Campeão Cão Alta Energia OleoSoja 00369,01MILHO,Milho,20
5242010.004,Campeão Cão Alta Energia OleoSoja 00369,04FARCARNE,Farinha de Carne,26.5
5242010.004,Campeão Cão Alta Energia OleoSoja 00369,01POLPABETERRABA,Polpa de Beterraba,2
5242010.004,Campeão Cão Alta Energia OleoSoja 00369,01ALFARROBA,Alfarroba,2
5242010.004,Campeão Cão Alta Energia OleoSoja 00369,02PALADOG,Palatabilizante Cão,0.6
5242010.004,Campeão Cão Alta Energia OleoSoja 00369,05TECNIMIX9010,Premix - Tecnimix 9010,0.4
5242010.004,Campeão Cão Alta Energia OleoSoja 00369,07SAL,Sal Refinado,0.4
5242010.004,Campeão Cão Alta Energia OleoSoja 00369,05CLORETOCOLINA,Cloreto de Colina,0.125
5242010.004,Campeão Cão Alta Energia OleoSoja 00369,05TERMOXDRY,Premix - Termox Dry FG,0.05
5242010.004,Campeão Cão Alta Energia OleoSoja 00369,05YUCCA,Yucca,0.0125
5242010.004,Campeão Cão Alta Energia OleoSoja 00369,07OLEOSOJA,Óleo de Soja,6.4
5242010.004,Campeão Cão Alta Energia OleoSoja 00369,01TRIGO,Trigo,34.6125
5242010.004,Campeão Cão Alta Energia OleoSoja 00369,04FARAVES60,Farinha de Aves 60%,6.9
248010.00346L,DOMUS Gato Adulto 00346,02PALACAT,Palatabilizante Gato,2.4
CTRPFRAN.00370,Continente Cão Raças Pequenas 00370,01MILHO,Milho,25
CTRPFRAN.00370,Continente Cão Raças Pequenas 00370,01CEVADA,Cevada,25.525
CTRPFRAN.00370,Continente Cão Raças Pequenas 00370,04FARAVES60,Farinha de Aves 60%,19.3
CTRPFRAN.00370,Continente Cão Raças Pequenas 00370,04FARCARNE,Farinha de Carne,13.5
CTRPFRAN.00370,Continente Cão Raças Pequenas 00370,04GORDURAAVES,Gordura de Aves,7.5
CTRPFRAN.00370,Continente Cão Raças Pequenas 00370,01GLUTENMILHO,Gluten de Milho 60%,4
CTRPFRAN.00370,Continente Cão Raças Pequenas 00370,02PALADOG,Palatabilizante Cão,2.2
CTRPFRAN.00370,Continente Cão Raças Pequenas 00370,01POLPABETERRABA,Polpa de Beterraba,2
CTRPFRAN.00370,Continente Cão Raças Pequenas 00370,05TECNIMIX9010,Premix - Tecnimix 9010,0.4
CTRPFRAN.00370,Continente Cão Raças Pequenas 00370,07SAL,Sal Refinado,0.35
CTRPFRAN.00370,Continente Cão Raças Pequenas 00370,05CLORETOCOLINA,Cloreto de Colina,0.15
CTRPFRAN.00370,Continente Cão Raças Pequenas 00370,05TERMOXDRY,Premix - Termox Dry FG,0.05
CTRPFRAN.00370,Continente Cão Raças Pequenas 00370,05YUCCA,Yucca,0.025
240010.0037,Campeão Cão Adulto 00373,04FARCARNE,Farinha de Carne,31.3875
240010.0037,Campeão Cão Adulto 00373,01MILHO,Milho,25.9
240010.0037,Campeão Cão Adulto 00373,01TRIGO,Trigo,19.3
240010.0037,Campeão Cão Adulto 00373,01CEVADA,Cevada,15
240010.0037,Campeão Cão Adulto 00373,04GORDURAAVES,Gordura de Aves,3
240010.0037,Campeão Cão Adulto 00373,01ALFARROBA,Alfarroba,2
240010.0037,Campeão Cão Adulto 00373,01POLPABETERRABA,Polpa de Beterraba,2
240010.0037,Campeão Cão Adulto 00373,02PALADOG,Palatabilizante Cão,0.8
240010.0037,Campeão Cão Adulto 00373,07SAL,Sal Refinado,0.25
240010.0037,Campeão Cão Adulto 00373,05TERMOXDRY,Premix - Termox Dry FG,0.05
240010.0037,Campeão Cão Adulto 00373,05YUCCA,Yucca,0.0125
240010.0037,Campeão Cão Adulto 00373,05TECNIMIX9015,Premix - Tecnimix 9015,0.3
OV24-12.00373,Acitex Cão 24-12 Complete 00373,04FARCARNE,Farinha de Carne,32.925
OV24-12.00373,Acitex Cão 24-12 Complete 00373,01MILHO,Milho,30
OV24-12.00373,Acitex Cão 24-12 Complete 00373,01TRIGO,Trigo,15.1
OV24-12.00373,Acitex Cão 24-12 Complete 00373,01CEVADA,Cevada,14.1
OV24-12.00373,Acitex Cão 24-12 Complete 00373,04GORDURAAVES,Gordura de Aves,5.3
OV24-12.00373,Acitex Cão 24-12 Complete 00373,01POLPABETERRABA,Polpa de Beterraba,2
OV24-12.00373,Acitex Cão 24-12 Complete 00373,05TECNIMIX9010,Premix - Tecnimix 9010,0.3
OV24-12.00373,Acitex Cão 24-12 Complete 00373,07SAL,Sal Refinado,0.25
OV24-12.00373,Acitex Cão 24-12 Complete 00373,05TERMOXDRY,Premix - Termox Dry FG,0.025
OVADMINI.00370,Acitex Cão 27-14 Ad. Mini 00370,04FARCARNE,Farinha de Carne,31.6125
OVADMINI.00370,Acitex Cão 27-14 Ad. Mini 00370,01MILHO,Milho,29.7
OVADMINI.00370,Acitex Cão 27-14 Ad. Mini 00370,01TRIGO,Trigo,20
OVADMINI.00370,Acitex Cão 27-14 Ad. Mini 00370,04GORDURAAVES,Gordura de Aves,7.4
OVADMINI.00370,Acitex Cão 27-14 Ad. Mini 00370,01GLUTENMILHO,Gluten de Milho 60%,5.8
OVADMINI.00370,Acitex Cão 27-14 Ad. Mini 00370,01ALFARROBA,Alfarroba,2
OVADMINI.00370,Acitex Cão 27-14 Ad. Mini 00370,01POLPABETERRABA,Polpa de Beterraba,2
OVADMINI.00370,Acitex Cão 27-14 Ad. Mini 00370,02PALADOG,Palatabilizante Cão,0.6
OVADMINI.00370,Acitex Cão 27-14 Ad. Mini 00370,07SAL,Sal Refinado,0.35
OVADMINI.00370,Acitex Cão 27-14 Ad. Mini 00370,05TECNIMIX9010,Premix - Tecnimix 9010,0.3
OVADMINI.00370,Acitex Cão 27-14 Ad. Mini 00370,05CLORETOPOTASSIO,Cloreto de Potássio,0.2
OVADMINI.00370,Acitex Cão 27-14 Ad. Mini 00370,05TERMOXDRY,Premix - Termox Dry FG,0.025
OVADMINI.00370,Acitex Cão 27-14 Ad. Mini 00370,05YUCCA,Yucca,0.0125
MCEQUILIBR.00360,Continente Cão Equilíbrio 00360,01MILHO,Milho,29.9375
MCEQUILIBR.00360,Continente Cão Equilíbrio 00360,04FARCARNE,Farinha de Carne,24
MCEQUILIBR.00360,Continente Cão Equilíbrio 00360,01CEVADA,Cevada,12
MCEQUILIBR.00360,Continente Cão Equilíbrio 00360,01POLPABETERRABA,Polpa de Beterraba,2
MCEQUILIBR.00360,Continente Cão Equilíbrio 00360,07SAL,Sal Refinado,0.3
MCEQUILIBR.00360,Continente Cão Equilíbrio 00360,05TERMOXDRY,Premix - Termox Dry FG,0.05
MCEQUILIBR.00360,Continente Cão Equilíbrio 00360,04GORDURAAVES,Gordura de Aves,3.5
MCEQUILIBR.00360,Continente Cão Equilíbrio 00360,04FARAVES70,Farinha de Aves 70%,10
MCEQUILIBR.00360,Continente Cão Equilíbrio 00360,02PALADOG,Palatabilizante Cão,0.6
MCEQUILIBR.00360,Continente Cão Equilíbrio 00360,05TECNIMIX9015,Premix - Tecnimix 9015,0.3
MCEQUILIBR.00360,Continente Cão Equilíbrio 00360,05CLORETOCOLINA,Cloreto de Colina,0.1
MCEQUILIBR.00360,Continente Cão Equilíbrio 00360,05YUCCA,Yucca,0.0125
MCEQUILIBR.00360,Continente Cão Equilíbrio 00360,01TRIGO,Trigo,17.2
MCROQUETE.00347,Continente Cão Completo 00347,01MILHO,Milho,35.2375
MCROQUETE.00347,Continente Cão Completo 00347,04FARCARNE,Farinha de Carne,24.6
MCROQUETE.00347,Continente Cão Completo 00347,01CEVADA,Cevada,10
MCROQUETE.00347,Continente Cão Completo 00347,01POLPABETERRABA,Polpa de Beterraba,1
MCROQUETE.00347,Continente Cão Completo 00347,01ALFARROBA,Alfarroba,1
MCROQUETE.00347,Continente Cão Completo 00347,04GORDURAAVES,Gordura de Aves,2.5
MCROQUETE.00347,Continente Cão Completo 00347,07SAL,Sal Refinado,0.3
MCROQUETE.00347,Continente Cão Completo 00347,05TERMOXDRY,Premix - Termox Dry FG,0.05
MCROQUETE.00347,Continente Cão Completo 00347,01TRIGO,Trigo,25
MCROQUETE.00347,Continente Cão Completo 00347,05TECNIMIX9015,Premix - Tecnimix 9015,0.3
MCROQUETE.00347,Continente Cão Completo 00347,05YUCCA,Yucca,0.0125
307HOP-MON.00358,happyOne PREMIUM Hipoalergénico 00348,04FARBORREGO,Farinha de Borrego,30.0325
307HOP-MON.00358,happyOne PREMIUM Hipoalergénico 00348,01CEVADA,Cevada,18.9
307HOP-MON.00358,happyOne PREMIUM Hipoalergénico 00348,01ARROZ,Arroz,20
307HOP-MON.00358,happyOne PREMIUM Hipoalergénico 00348,04GORDURAAVES,Gordura de Aves,7
307HOP-MON.00358,happyOne PREMIUM Hipoalergénico 00348,01AVEIA,Aveia,6
307HOP-MON.00358,happyOne PREMIUM Hipoalergénico 00348,05LINHAÇAEXTRUDIDA,Linhaça Extrudida,4
307HOP-MON.00358,happyOne PREMIUM Hipoalergénico 00348,01POLPABETERRABA,Polpa de Beterraba,2
307HOP-MON.00358,happyOne PREMIUM Hipoalergénico 00348,02DIGESTBORREGO,Palatabilizante Borrego,2
307HOP-MON.00358,happyOne PREMIUM Hipoalergénico 00348,07SAL,Sal Refinado,0.25
307HOP-MON.00358,happyOne PREMIUM Hipoalergénico 00348,09ARRESTO,Arresto 1.5 Ap conc,0.055
307HOP-MON.00358,happyOne PREMIUM Hipoalergénico 00348,05SULFATOGLUCO,Sulfato de Glucosamina,0.05
307HOP-MON.00358,happyOne PREMIUM Hipoalergénico 00348,05YUCCA,Yucca,0.0125
307HOP-MON.00358,happyOne PREMIUM Hipoalergénico 00348,07ERVILHAFORRAGEIRA,Ervilha forrageira,9.3
240ACTADFL.00371,ActivPet Cão Adulto Frutas e Legumes 00371,01MILHO,Milho,49.9675
240ACTADFL.00371,ActivPet Cão Adulto Frutas e Legumes 00371,04FARCARNE,Farinha de Carne,31.6
240ACTADFL.00371,ActivPet Cão Adulto Frutas e Legumes 00371,01CEVADA,Cevada,10
240ACTADFL.00371,ActivPet Cão Adulto Frutas e Legumes 00371,01POLPABETERRABA,Polpa de Beterraba,2
240ACTADFL.00371,ActivPet Cão Adulto Frutas e Legumes 00371,02PALADOG,Palatabilizante Cão,0.6
240ACTADFL.00371,ActivPet Cão Adulto Frutas e Legumes 00371,04GORDURAAVES,Gordura de Aves,2.5
240ACTADFL.00371,ActivPet Cão Adulto Frutas e Legumes 00371,07SAL,Sal Refinado,0.3
240ACTADFL.00371,ActivPet Cão Adulto Frutas e Legumes 00371,05YUCCA,Yucca,0.0125
240ACTADFL.00371,ActivPet Cão Adulto Frutas e Legumes 00371,07ERVILHAFORRAGEIRA,Ervilha forrageira,0.1
240ACTADFL.00371,ActivPet Cão Adulto Frutas e Legumes 00371,01TRIGO,Trigo,2.6
240ACTADFL.00371,ActivPet Cão Adulto Frutas e Legumes 00371,08MAÇA,Maça - Apple pomace,0.01
240ACTADFL.00371,ActivPet Cão Adulto Frutas e Legumes 00371,01CENOURA,Cenoura - Zanahoria Polvo AD,0.01
PDCAOLGSEN.00369,ActivPet Cão Senior 00369,08MAÇA,Maça - Apple pomace,0.01
PDCAOLGSEN.00369,ActivPet Cão Senior 00369,01CENOURA,Cenoura - Zanahoria Polvo AD,0.01
ACTIVPRACP.00369,ActivPet Raças Pequenas 00369,07ERVILHAFORRAGEIRA,Ervilha forrageira,4
ACTIVPRACP.00369,ActivPet Raças Pequenas 00369,01ALFARROBA,Alfarroba,2
ACTIVPRACP.00369,ActivPet Raças Pequenas 00369,08MAÇA,Maça - Apple pomace,0.01
ACTIVPRACP.00369,ActivPet Raças Pequenas 00369,01CENOURA,Cenoura - Zanahoria Polvo AD,0.01
PDGATCARNE.00369,ActivPet Gato Carne 00369,01CENOURA,Cenoura - Zanahoria Polvo AD,0.01
PDGATCARNE.00369,ActivPet Gato Carne 00369,08MAÇA,Maça - Apple pomace,0.01
PDGATCARNE.00369,ActivPet Gato Carne 00369,07ERVILHAFORRAGEIRA,Ervilha forrageira,4.2
PDGATPEIXE.00369,ActivPet Gato Peixe 00369,07ERVILHAFORRAGEIRA,Ervilha forrageira,2
PDGATPEIXE.00369,ActivPet Gato Peixe 00369,08MAÇA,Maça - Apple pomace,0.01
PDGATPEIXE.00369,ActivPet Gato Peixe 00369,01CENOURA,Cenoura - Zanahoria Polvo AD,0.01
4DIACOCAOA.00360,Patudini Cão Adulto 00360,04FARCARNE,Farinha de Carne,27.5875
4DIACOCAOA.00360,Patudini Cão Adulto 00360,01MILHO,Milho,25.9
4DIACOCAOA.00360,Patudini Cão Adulto 00360,01TRIGO,Trigo,19.1
4DIACOCAOA.00360,Patudini Cão Adulto 00360,01CEVADA,Cevada,15
4DIACOCAOA.00360,Patudini Cão Adulto 00360,04GORDURAAVES,Gordura de Aves,2.5
4DIACOCAOA.00360,Patudini Cão Adulto 00360,01ALFARROBA,Alfarroba,1.2
4DIACOCAOA.00360,Patudini Cão Adulto 00360,01POLPABETERRABA,Polpa de Beterraba,2
4DIACOCAOA.00360,Patudini Cão Adulto 00360,02PALADOG,Palatabilizante Cão,0.8
4DIACOCAOA.00360,Patudini Cão Adulto 00360,07SAL,Sal Refinado,0.25
4DIACOCAOA.00360,Patudini Cão Adulto 00360,05TERMOXDRY,Premix - Termox Dry FG,0.05
4DIACOCAOA.00360,Patudini Cão Adulto 00360,05YUCCA,Yucca,0.0125
4DIACOCAOA.00360,Patudini Cão Adulto 00360,05TECNIMIX9015,Premix - Tecnimix 9015,0.3
4DIACOCAOA.00360,Patudini Cão Adulto 00360,04FARAVES60,Farinha de Aves 60%,5.3
4DIACOHENE.00360,Patudini Cão Alta Energia 00360,04FARCARNE,Farinha de Carne,16.7
4DIACOHENE.00360,Patudini Cão Alta Energia 00360,01CEVADA,Cevada,14.2
4DIACOHENE.00360,Patudini Cão Alta Energia 00360,01MILHO,Milho,20
4DIACOHENE.00360,Patudini Cão Alta Energia 00360,04GORDURAAVES,Gordura de Aves,6.4
4DIACOHENE.00360,Patudini Cão Alta Energia 00360,01POLPABETERRABA,Polpa de Beterraba,2
4DIACOHENE.00360,Patudini Cão Alta Energia 00360,07SAL,Sal Refinado,0.25
4DIACOHENE.00360,Patudini Cão Alta Energia 00360,05TERMOXDRY,Premix - Termox Dry FG,0.05
4DIACOHENE.00360,Patudini Cão Alta Energia 00360,05YUCCA,Yucca,0.0125
4DIACOHENE.00360,Patudini Cão Alta Energia 00360,01TRIGO,Trigo,15.1
4DIACOHENE.00360,Patudini Cão Alta Energia 00360,04FARAVES70,Farinha de Aves 70%,24.9875
4DIACOHENE.00360,Patudini Cão Alta Energia 00360,05TECNIMIX9015,Premix - Tecnimix 9015,0.3
4DIACOGATO.00360,Patudini Gato Adulto 00360,01TRIGO,Trigo,20
4DIACOGATO.00360,Patudini Gato Adulto 00360,04FARCARNE,Farinha de Carne,13.8
4DIACOGATO.00360,Patudini Gato Adulto 00360,01MILHO,Milho,24.9375
4DIACOGATO.00360,Patudini Gato Adulto 00360,04GORDURAAVES,Gordura de Aves,4.7
4DIACOGATO.00360,Patudini Gato Adulto 00360,01POLPABETERRABA,Polpa de Beterraba,2
4DIACOGATO.00360,Patudini Gato Adulto 00360,07SAL,Sal Refinado,1
4DIACOGATO.00360,Patudini Gato Adulto 00360,02PALACAT,Palatabilizante Gato,1
4DIACOGATO.00360,Patudini Gato Adulto 00360,05TECNIMIX9510,Premix - Tecnimix 9510,0.9
4DIACOGATO.00360,Patudini Gato Adulto 00360,05CLORETOCOLINA,Cloreto de Colina,0.1
4DIACOGATO.00360,Patudini Gato Adulto 00360,05TERMOXDRY,Premix - Termox Dry FG,0.05
4DIACOGATO.00360,Patudini Gato Adulto 00360,05YUCCA,Yucca,0.0125
4DIACOGATO.00360,Patudini Gato Adulto 00360,04FARAVES70,Farinha de Aves 70%,24
4DIACOGATO.00360,Patudini Gato Adulto 00360,01CEVADA,Cevada,5
4DIACOGATO.00360,Patudini Gato Adulto 00360,05LEVEDURACERVEJA,"Levedura de Cerveja ""Expert""",2.5
4DIACOJUNI.00360,Patudini Cão Junior 00360,01MILHO,Milho,20.1
4DIACOJUNI.00360,Patudini Cão Junior 00360,04FARCARNE,Farinha de Carne,20.4875
4DIACOJUNI.00360,Patudini Cão Junior 00360,04GORDURAAVES,Gordura de Aves,8.8
4DIACOJUNI.00360,Patudini Cão Junior 00360,01TRIGO,Trigo,15.1
4DIACOJUNI.00360,Patudini Cão Junior 00360,01CEVADA,Cevada,9.2
4DIACOJUNI.00360,Patudini Cão Junior 00360,02PALADOG,Palatabilizante Cão,0.6
4DIACOJUNI.00360,Patudini Cão Junior 00360,01POLPABETERRABA,Polpa de Beterraba,2
4DIACOJUNI.00360,Patudini Cão Junior 00360,07SAL,Sal Refinado,0.25
4DIACOJUNI.00360,Patudini Cão Junior 00360,05TERMOXDRY,Premix - Termox Dry FG,0.05
4DIACOJUNI.00360,Patudini Cão Junior 00360,05YUCCA,Yucca,0.0125
4DIACOJUNI.00360,Patudini Cão Junior 00360,04FARAVES70,Farinha de Aves 70%,19.1
4DIACOJUNI.00360,Patudini Cão Junior 00360,05TECNIMIX9015,Premix - Tecnimix 9015,0.3
4DIACOJUNI.00360,Patudini Cão Junior 00360,01ARROZ,Arroz,4
ZMERCBASIC.00364,Mercoplus Cão Basic 00364,04FARCARNE,Farinha de Carne,27.8125
ZMERCBASIC.00364,Mercoplus Cão Basic 00364,01MILHO,Milho,20.2
ZMERCBASIC.00364,Mercoplus Cão Basic 00364,01TRIGO,Trigo,15.7
ZMERCBASIC.00364,Mercoplus Cão Basic 00364,01CEVADA,Cevada,25
ZMERCBASIC.00364,Mercoplus Cão Basic 00364,04GORDURAAVES,Gordura de Aves,2
ZMERCBASIC.00364,Mercoplus Cão Basic 00364,01ALFARROBA,Alfarroba,2
ZMERCBASIC.00364,Mercoplus Cão Basic 00364,01POLPABETERRABA,Polpa de Beterraba,2.4
ZMERCBASIC.00364,Mercoplus Cão Basic 00364,07SAL,Sal Refinado,0.4
ZMERCBASIC.00364,Mercoplus Cão Basic 00364,05TERMOXDRY,Premix - Termox Dry FG,0.05
ZMERCBASIC.00364,Mercoplus Cão Basic 00364,05YUCCA,Yucca,0.0125
ZMERCBASIC.00364,Mercoplus Cão Basic 00364,05TECNIMIX9015,Premix - Tecnimix 9015,0.3
ZMERCBASIC.00364,Mercoplus Cão Basic 00364,04FARAVES60,Farinha de Aves 60%,4
ZMERCBASIC.00364,Mercoplus Cão Basic 00364,05CLORETOCOLINA,Cloreto de Colina,0.125
ZMERCENERG.00364,Mercoplus Cão Energy 00364,04FARCARNE,Farinha de Carne,6.4
ZMERCENERG.00364,Mercoplus Cão Energy 00364,01CEVADA,Cevada,25
ZMERCENERG.00364,Mercoplus Cão Energy 00364,01MILHO,Milho,20.2
ZMERCENERG.00364,Mercoplus Cão Energy 00364,04GORDURAAVES,Gordura de Aves,7
ZMERCENERG.00364,Mercoplus Cão Energy 00364,01POLPABETERRABA,Polpa de Beterraba,3.9
ZMERCENERG.00364,Mercoplus Cão Energy 00364,07SAL,Sal Refinado,0.4
ZMERCENERG.00364,Mercoplus Cão Energy 00364,05TERMOXDRY,Premix - Termox Dry FG,0.05
ZMERCENERG.00364,Mercoplus Cão Energy 00364,05YUCCA,Yucca,0.0125
ZMERCENERG.00364,Mercoplus Cão Energy 00364,05TECNIMIX9015,Premix - Tecnimix 9015,0.3
ZMERCENERG.00364,Mercoplus Cão Energy 00364,04FARAVES60,Farinha de Aves 60%,34.6125
ZMERCENERG.00364,Mercoplus Cão Energy 00364,01ALFARROBA,Alfarroba,2
ZMERCENERG.00364,Mercoplus Cão Energy 00364,05CLORETOCOLINA,Cloreto de Colina,0.125
ZMERCGATO.00364,Mercoplus Gato Adulto 00364,01TRIGO,Trigo,34.1875
ZMERCGATO.00364,Mercoplus Gato Adulto 00364,04FARCARNE,Farinha de Carne,14.5
ZMERCGATO.00364,Mercoplus Gato Adulto 00364,01MILHO,Milho,20
ZMERCGATO.00364,Mercoplus Gato Adulto 00364,04GORDURAAVES,Gordura de Aves,5
ZMERCGATO.00364,Mercoplus Gato Adulto 00364,01POLPABETERRABA,Polpa de Beterraba,1
ZMERCGATO.00364,Mercoplus Gato Adulto 00364,07SAL,Sal Refinado,1
ZMERCGATO.00364,Mercoplus Gato Adulto 00364,02PALACAT,Palatabilizante Gato,2
ZMERCGATO.00364,Mercoplus Gato Adulto 00364,05TECNIMIX9510,Premix - Tecnimix 9510,0.9
ZMERCGATO.00364,Mercoplus Gato Adulto 00364,05CLORETOCOLINA,Cloreto de Colina,0.15
ZMERCGATO.00364,Mercoplus Gato Adulto 00364,05TERMOXDRY,Premix - Termox Dry FG,0.05
ZMERCGATO.00364,Mercoplus Gato Adulto 00364,05YUCCA,Yucca,0.0125
ZMERCGATO.00364,Mercoplus Gato Adulto 00364,04FARAVES70,Farinha de Aves 70%,17.2
ZMERCGATO.00364,Mercoplus Gato Adulto 00364,01GLUTENMILHO,Gluten de Milho 60%,4
ZMERCPREMI.00364,Mercoplus Cão Premium 00364,04FARCARNE,Farinha de Carne,0.3
ZMERCPREMI.00364,Mercoplus Cão Premium 00364,01TRIGO,Trigo,35.1125
ZMERCPREMI.00364,Mercoplus Cão Premium 00364,01CEVADA,Cevada,16.5
ZMERCPREMI.00364,Mercoplus Cão Premium 00364,04GORDURAAVES,Gordura de Aves,10.6
ZMERCPREMI.00364,Mercoplus Cão Premium 00364,01POLPABETERRABA,Polpa de Beterraba,2
ZMERCPREMI.00364,Mercoplus Cão Premium 00364,07SAL,Sal Refinado,0.3
ZMERCPREMI.00364,Mercoplus Cão Premium 00364,05TERMOXDRY,Premix - Termox Dry FG,0.05
ZMERCPREMI.00364,Mercoplus Cão Premium 00364,05YUCCA,Yucca,0.0125
ZMERCPREMI.00364,Mercoplus Cão Premium 00364,05TECNIMIX9015,Premix - Tecnimix 9015,0.3
ZMERCPREMI.00364,Mercoplus Cão Premium 00364,04FARAVES60,Farinha de Aves 60%,30.7
ZMERCPREMI.00364,Mercoplus Cão Premium 00364,05CLORETOCOLINA,Cloreto de Colina,0.125
ZMERCPREMI.00364,Mercoplus Cão Premium 00364,01ARROZ,Arroz,4
ZMERCPUPPY.00364,Mercoplus Cão Junior 00364,04GORDURAAVES,Gordura de Aves,10.7
ZMERCPUPPY.00364,Mercoplus Cão Junior 00364,01TRIGO,Trigo,35.1
ZMERCPUPPY.00364,Mercoplus Cão Junior 00364,01CEVADA,Cevada,1.7
ZMERCPUPPY.00364,Mercoplus Cão Junior 00364,01POLPABETERRABA,Polpa de Beterraba,2
ZMERCPUPPY.00364,Mercoplus Cão Junior 00364,07SAL,Sal Refinado,0.3
ZMERCPUPPY.00364,Mercoplus Cão Junior 00364,05TERMOXDRY,Premix - Termox Dry FG,0.05
ZMERCPUPPY.00364,Mercoplus Cão Junior 00364,05YUCCA,Yucca,0.0125
ZMERCPUPPY.00364,Mercoplus Cão Junior 00364,05TECNIMIX9015,Premix - Tecnimix 9015,0.3
ZMERCPUPPY.00364,Mercoplus Cão Junior 00364,01ARROZ,Arroz,10
ZMERCPUPPY.00364,Mercoplus Cão Junior 00364,04FARAVES60,Farinha de Aves 60%,38.4125
ZMERCPUPPY.00364,Mercoplus Cão Junior 00364,04FARCARNE,Farinha de Carne,1.3
ZMERCPUPPY.00364,Mercoplus Cão Junior 00364,05CLORETOCOLINA,Cloreto de Colina,0.125
230011.0037,Alipet Cão Adulto 00370,01MILHO,Milho,50.0125
230011.0037,Alipet Cão Adulto 00370,04FARCARNE,Farinha de Carne,24.5
230011.0037,Alipet Cão Adulto 00370,01CEVADA,Cevada,18.8
230011.0037,Alipet Cão Adulto 00370,01ALFARROBA,Alfarroba,2
230011.0037,Alipet Cão Adulto 00370,01POLPABETERRABA,Polpa de Beterraba,2
230011.0037,Alipet Cão Adulto 00370,07OVOLIQUIDO,Ovo Líquido,1.2
230011.0037,Alipet Cão Adulto 00370,04GORDURAAVES,Gordura de Aves,1
230011.0037,Alipet Cão Adulto 00370,07SAL,Sal Refinado,0.3
230011.0037,Alipet Cão Adulto 00370,05TECNIMIX9010,Premix - Tecnimix 9010,0.15
230011.0037,Alipet Cão Adulto 00370,05TERMOXDRY,Premix - Termox Dry FG,0.025
230011.0037,Alipet Cão Adulto 00370,05YUCCA,Yucca,0.0125
241010.0037,Campeão Cão Junior 00373,01MILHO,Milho,33.425
241010.0037,Campeão Cão Junior 00373,04FARCARNE,Farinha de Carne,15.6
241010.0037,Campeão Cão Junior 00373,04FARAVES60,Farinha de Aves 60%,14
241010.0037,Campeão Cão Junior 00373,01GLUTENMILHO,Gluten de Milho 60%,8.7
241010.0037,Campeão Cão Junior 00373,04GORDURAAVES,Gordura de Aves,8.3
241010.0037,Campeão Cão Junior 00373,01TRIGO,Trigo,8
241010.0037,Campeão Cão Junior 00373,01CEVADA,Cevada,5
241010.0037,Campeão Cão Junior 00373,02PALADOG,Palatabilizante Cão,2.1
241010.0037,Campeão Cão Junior 00373,01ALFARROBA,Alfarroba,2
241010.0037,Campeão Cão Junior 00373,01POLPABETERRABA,Polpa de Beterraba,2
241010.0037,Campeão Cão Junior 00373,07SAL,Sal Refinado,0.35
241010.0037,Campeão Cão Junior 00373,05CLORETOCOLINA,Cloreto de Colina,0.15
241010.0037,Campeão Cão Junior 00373,05TERMOXDRY,Premix - Termox Dry FG,0.05
241010.0037,Campeão Cão Junior 00373,05YUCCA,Yucca,0.025
OVGATPSALM.00370,Acitex Gato 28-12 Salmão e Arroz 00370,04FARCARNE,Farinha de Carne,28.865
OVGATPSALM.00370,Acitex Gato 28-12 Salmão e Arroz 00370,01MILHO,Milho,25
OVGATPSALM.00370,Acitex Gato 28-12 Salmão e Arroz 00370,01TRIGO,Trigo,15
OVGATPSALM.00370,Acitex Gato 28-12 Salmão e Arroz 00370,01CEVADA,Cevada,8.3
OVGATPSALM.00370,Acitex Gato 28-12 Salmão e Arroz 00370,04GORDURAAVES,Gordura de Aves,4.5
OVGATPSALM.00370,Acitex Gato 28-12 Salmão e Arroz 00370,07ERVILHAFORRAGEIRA,Ervilha forrageira,4
OVGATPSALM.00370,Acitex Gato 28-12 Salmão e Arroz 00370,01ARROZ,Arroz,4
OVGATPSALM.00370,Acitex Gato 28-12 Salmão e Arroz 00370,01FARINHASALMAO,Farinha de Salmão,4
OVGATPSALM.00370,Acitex Gato 28-12 Salmão e Arroz 00370,01GLUTENMILHO,Gluten de Milho 60%,2.4
OVGATPSALM.00370,Acitex Gato 28-12 Salmão e Arroz 00370,07SAL,Sal Refinado,1
OVGATPSALM.00370,Acitex Gato 28-12 Salmão e Arroz 00370,02PALACAT,Palatabilizante Gato,1
OVGATPSALM.00370,Acitex Gato 28-12 Salmão e Arroz 00370,01POLPABETERRABA,Polpa de Beterraba,1
OVGATPSALM.00370,Acitex Gato 28-12 Salmão e Arroz 00370,05TECNIMIX9510,Premix - Tecnimix 9510,0.9
OVGATPSALM.00370,Acitex Gato 28-12 Salmão e Arroz 00370,05TERMOXDRY,Premix - Termox Dry FG,0.025
OVGATPSALM.00370,Acitex Gato 28-12 Salmão e Arroz 00370,01CENOURA,Cenoura - Zanahoria Polvo AD,0.01
OVKITTEN.00370,Acitex Gatinhos 33-13 00370,04FARAVES60,Farinha de Aves 60%,20.075
OVKITTEN.00370,Acitex Gatinhos 33-13 00370,01MILHO,Milho,20
OVKITTEN.00370,Acitex Gatinhos 33-13 00370,01TRIGO,Trigo,20
OVKITTEN.00370,Acitex Gatinhos 33-13 00370,04FARCARNE,Farinha de Carne,10.7
OVKITTEN.00370,Acitex Gatinhos 33-13 00370,01GLUTENMILHO,Gluten de Milho 60%,7.1
OVKITTEN.00370,Acitex Gatinhos 33-13 00370,04GORDURAAVES,Gordura de Aves,6
OVKITTEN.00370,Acitex Gatinhos 33-13 00370,01CEVADA,Cevada,4
OVKITTEN.00370,Acitex Gatinhos 33-13 00370,04FARATUM,Farinha de Atum,4
OVKITTEN.00370,Acitex Gatinhos 33-13 00370,05LEVEDURACERVEJA,"Levedura de Cerveja ""Expert""",2.5
OVKITTEN.00370,Acitex Gatinhos 33-13 00370,02PALACAT,Palatabilizante Gato,2
OVKITTEN.00370,Acitex Gatinhos 33-13 00370,01POLPABETERRABA,Polpa de Beterraba,1.6
OVKITTEN.00370,Acitex Gatinhos 33-13 00370,05TECNIMIX9510,Premix - Tecnimix 9510,1
OVKITTEN.00370,Acitex Gatinhos 33-13 00370,07SAL,Sal Refinado,1
OVKITTEN.00370,Acitex Gatinhos 33-13 00370,05TERMOXDRY,Premix - Termox Dry FG,0.025
230020-P.00373,Pet Zêzere Cão Adulto 00373,01MILHO,Milho,48.225
230020-P.00373,Pet Zêzere Cão Adulto 00373,04FARCARNE,Farinha de Carne,27.8
230020-P.00373,Pet Zêzere Cão Adulto 00373,01CEVADA,Cevada,10
230020-P.00373,Pet Zêzere Cão Adulto 00373,01TRIGO,Trigo,10
230020-P.00373,Pet Zêzere Cão Adulto 00373,01POLPABETERRABA,Polpa de Beterraba,2
230020-P.00373,Pet Zêzere Cão Adulto 00373,04GORDURAAVES,Gordura de Aves,1.5
230020-P.00373,Pet Zêzere Cão Adulto 00373,07SAL,Sal Refinado,0.3
230020-P.00373,Pet Zêzere Cão Adulto 00373,05TECNIMIX9010,Premix - Tecnimix 9010,0.15
230020-P.00373,Pet Zêzere Cão Adulto 00373,05TERMOXDRY,Premix - Termox Dry FG,0.025
240ACTADFL.00371,ActivPet Cão Adulto Frutas e Legumes 00371,05TECNIMIX9015,Premix - Tecnimix 9015,0.3
PDCAOLGSEN.00369,ActivPet Cão Senior 00369,05TECNIMIX9015,Premix - Tecnimix 9015,0.3
ACTIVPRACP.00369,ActivPet Raças Pequenas 00369,05TECNIMIX9015,Premix - Tecnimix 9015,0.3
280012.0037,Mediterraneum Raças Pequenas 00366,04FARAVES70,Farinha de Aves 70%,25.8
280012.0037,Mediterraneum Raças Pequenas 00366,01BATATAGRANULADA,Batata Granulada,20.7
280012.0037,Mediterraneum Raças Pequenas 00366,04CDM,CDM - Carne Fresca,6.5
280012.0037,Mediterraneum Raças Pequenas 00366,04GORDURAAVES,Gordura de Aves,9
280012.0037,Mediterraneum Raças Pequenas 00366,07MANDIOCA,Mandioca,10
280012.0037,Mediterraneum Raças Pequenas 00366,07ERVILHAFORRAGEIRA,Ervilha forrageira,9.9
280012.0037,Mediterraneum Raças Pequenas 00366,02PALADOG,Palatabilizante Cão,5
280012.0037,Mediterraneum Raças Pequenas 00366,07OVOLIQUIDO,Ovo Líquido,1
280012.0037,Mediterraneum Raças Pequenas 00366,01POLPABETERRABA,Polpa de Beterraba,3
280012.0037,Mediterraneum Raças Pequenas 00366,01FARINHASARD,Farinha de Sardinha,1.6
280012.0037,Mediterraneum Raças Pequenas 00366,05TRIPOLISFOSFATOSODICO,Tripolifosfato Sodico Anhidro,0.7
280012.0037,Mediterraneum Raças Pequenas 00366,07AZEITE,Azeite,0.5
280012.0037,Mediterraneum Raças Pequenas 00366,07SAL,Sal Refinado,0.2
280012.0037,Mediterraneum Raças Pequenas 00366,09ARRESTO,Arresto 1.5 Ap conc,0.055
280012.0037,Mediterraneum Raças Pequenas 00366,05DHAGOLDS17-B,DHA GOLD S17-B,0.05
280012.0037,Mediterraneum Raças Pequenas 00366,08MAÇA,Maça - Apple pomace,0.04
280012.0037,Mediterraneum Raças Pequenas 00366,01CENOURA,Cenoura - Zanahoria Polvo AD,0.04
280012.0037,Mediterraneum Raças Pequenas 00366,01TOMATE,Tomate,0.04
280012.0037,Mediterraneum Raças Pequenas 00366,05YUCCA,Yucca,0.025
280012.0037,Mediterraneum Raças Pequenas 00366,08MEXILHAO VERDE,Mexilhão verde - Green Lipped Mussel,0.05
280012.0037,Mediterraneum Raças Pequenas 00366,05TECNIMIX9020,Premix - Tecnimix 9020,0.4
280012.0037,Mediterraneum Raças Pequenas 00366,04PROTEINAERVILHA,Proteína de Ervilha,3.4
280012.0037,Mediterraneum Raças Pequenas 00366,01ALFARROBA,Alfarroba,2
280027.0037,Mediterraneum Gato Esteril Sardinha 0366,04FARAVES70,Farinha de Aves 70%,19.95
280027.0037,Mediterraneum Gato Esteril Sardinha 0366,07MANDIOCA,Mandioca,10
280027.0037,Mediterraneum Gato Esteril Sardinha 0366,07ERVILHAFORRAGEIRA,Ervilha forrageira,6
280027.0037,Mediterraneum Gato Esteril Sardinha 0366,01BATATAGRANULADA,Batata Granulada,17.9
280027.0037,Mediterraneum Gato Esteril Sardinha 0366,04GORDURAAVES,Gordura de Aves,5.4
280027.0037,Mediterraneum Gato Esteril Sardinha 0366,04FARATUM,Farinha de Atum,11.8
280027.0037,Mediterraneum Gato Esteril Sardinha 0366,04CDMSARDINHA,CDM - Sardinha,4
280027.0037,Mediterraneum Gato Esteril Sardinha 0366,01POLPABETERRABA,Polpa de Beterraba,4
280027.0037,Mediterraneum Gato Esteril Sardinha 0366,02PALACAT,Palatabilizante Gato,4
280027.0037,Mediterraneum Gato Esteril Sardinha 0366,07OVOLIQUIDO,Ovo Líquido,1
280027.0037,Mediterraneum Gato Esteril Sardinha 0366,05TECNIMIX9511,Premix - Tecnimix 9511,1
280027.0037,Mediterraneum Gato Esteril Sardinha 0366,09CANAAÇUCAR,Cana de Açucar - Fiber 3D,2
280027.0037,Mediterraneum Gato Esteril Sardinha 0366,07SAL,Sal Refinado,0.5
280027.0037,Mediterraneum Gato Esteril Sardinha 0366,05CLORETOPOTASSIO,Cloreto de Potássio,0.4
280027.0037,Mediterraneum Gato Esteril Sardinha 0366,01CENOURA,Cenoura - Zanahoria Polvo AD,0.04
280027.0037,Mediterraneum Gato Esteril Sardinha 0366,08MAÇA,Maça - Apple pomace,0.04
280027.0037,Mediterraneum Gato Esteril Sardinha 0366,07AZEITE,Azeite,0.05
280027.0037,Mediterraneum Gato Esteril Sardinha 0366,05YUCCA,Yucca,0.025
280027.0037,Mediterraneum Gato Esteril Sardinha 0366,01TOMATE,Tomate,0.04
280027.0037,Mediterraneum Gato Esteril Sardinha 0366,09ARRESTO,Arresto 1.5 Ap conc,0.055
280027.0037,Mediterraneum Gato Esteril Sardinha 0366,04PROTEINAERVILHA,Proteína de Ervilha,6.8
280027.0037,Mediterraneum Gato Esteril Sardinha 0366,05LEVEDURACERVEJA,"Levedura de Cerveja ""Expert""",5
4IFADAULTO.00373,Amigo Cão Adulto 00373,04FARCARNE,Farinha de Carne,31.4875
4IFADAULTO.00373,Amigo Cão Adulto 00373,01MILHO,Milho,30
4IFADAULTO.00373,Amigo Cão Adulto 00373,01CEVADA,Cevada,20
4IFADAULTO.00373,Amigo Cão Adulto 00373,01TRIGO,Trigo,10
4IFADAULTO.00373,Amigo Cão Adulto 00373,01POLPABETERRABA,Polpa de Beterraba,3
4IFADAULTO.00373,Amigo Cão Adulto 00373,04GORDURAAVES,Gordura de Aves,2.5
4IFADAULTO.00373,Amigo Cão Adulto 00373,01ALFARROBA,Alfarroba,2.4
4IFADAULTO.00373,Amigo Cão Adulto 00373,07SAL,Sal Refinado,0.25
4IFADAULTO.00373,Amigo Cão Adulto 00373,05TERMOXDRY,Premix - Termox Dry FG,0.05
4IFADAULTO.00373,Amigo Cão Adulto 00373,05YUCCA,Yucca,0.0125
ORLANDO.00373,Orlando Cão Adulto 00373,01MILHO,Milho,38.6875
ORLANDO.00373,Orlando Cão Adulto 00373,04FARCARNE,Farinha de Carne,19.2
ORLANDO.00373,Orlando Cão Adulto 00373,01CEVADA,Cevada,15
ORLANDO.00373,Orlando Cão Adulto 00373,04FARAVES60,Farinha de Aves 60%,9
ORLANDO.00373,Orlando Cão Adulto 00373,01TRIGO,Trigo,8.9
ORLANDO.00373,Orlando Cão Adulto 00373,04GORDURAAVES,Gordura de Aves,4
ORLANDO.00373,Orlando Cão Adulto 00373,01ALFARROBA,Alfarroba,2.5
ORLANDO.00373,Orlando Cão Adulto 00373,01POLPABETERRABA,Polpa de Beterraba,2
ORLANDO.00373,Orlando Cão Adulto 00373,05TECNIMIX9010,Premix - Tecnimix 9010,0.3
ORLANDO.00373,Orlando Cão Adulto 00373,07SAL,Sal Refinado,0.3
ORLANDO.00373,Orlando Cão Adulto 00373,05TERMOXDRY,Premix - Termox Dry FG,0.05
ORLANDO.00373,Orlando Cão Adulto 00373,05CLORETOCOLINA,Cloreto de Colina,0.05
ORLANDO.00373,Orlando Cão Adulto 00373,05YUCCA,Yucca,0.0125
233010.0037,Alipet Gato Adulto 00373,01TRIGO,Trigo,29.1375
233010.0037,Alipet Gato Adulto 00373,04FARCARNE,Farinha de Carne,22.9
233010.0037,Alipet Gato Adulto 00373,01MILHO,Milho,20
233010.0037,Alipet Gato Adulto 00373,04FARAVES60,Farinha de Aves 60%,11.1
233010.0037,Alipet Gato Adulto 00373,01CEVADA,Cevada,7.3
233010.0037,Alipet Gato Adulto 00373,04GORDURAAVES,Gordura de Aves,4
233010.0037,Alipet Gato Adulto 00373,01POLPABETERRABA,Polpa de Beterraba,2.5
233010.0037,Alipet Gato Adulto 00373,07SAL,Sal Refinado,1
233010.0037,Alipet Gato Adulto 00373,02PALACAT,Palatabilizante Gato,1
233010.0037,Alipet Gato Adulto 00373,05TECNIMIX9510,Premix - Tecnimix 9510,0.9
233010.0037,Alipet Gato Adulto 00373,05CLORETOCOLINA,Cloreto de Colina,0.1
233010.0037,Alipet Gato Adulto 00373,05TERMOXDRY,Premix - Termox Dry FG,0.05
233010.0037,Alipet Gato Adulto 00373,05YUCCA,Yucca,0.0125
233010P.00373,Alipet Gato Adulto Pó 00373,01TRIGO,Trigo,29.8875
233010P.00373,Alipet Gato Adulto Pó 00373,04FARCARNE,Farinha de Carne,22.9
233010P.00373,Alipet Gato Adulto Pó 00373,01MILHO,Milho,20
233010P.00373,Alipet Gato Adulto Pó 00373,04FARAVES60,Farinha de Aves 60%,11.1
233010P.00373,Alipet Gato Adulto Pó 00373,01CEVADA,Cevada,7.3
233010P.00373,Alipet Gato Adulto Pó 00373,04GORDURAAVES,Gordura de Aves,4
233010P.00373,Alipet Gato Adulto Pó 00373,01POLPABETERRABA,Polpa de Beterraba,2.5
233010P.00373,Alipet Gato Adulto Pó 00373,07SAL,Sal Refinado,1
233010P.00373,Alipet Gato Adulto Pó 00373,05TECNIMIX9510,Premix - Tecnimix 9510,0.9
233010P.00373,Alipet Gato Adulto Pó 00373,05CLORETOCOLINA,Cloreto de Colina,0.1
233010P.00373,Alipet Gato Adulto Pó 00373,05TERMOXDRY,Premix - Termox Dry FG,0.05
233010P.00373,Alipet Gato Adulto Pó 00373,05YUCCA,Yucca,0.0125
233010P.00373,Alipet Gato Adulto Pó 00373,02PALACATC75-30,Digest Gato Pó C75-30,0.25
242010.0037,Campeão Cão Alta Energia 00373,04FARCARNE,Farinha de Carne,25.6125
242010.0037,Campeão Cão Alta Energia 00373,01CEVADA,Cevada,25
242010.0037,Campeão Cão Alta Energia 00373,01MILHO,Milho,20.1
242010.0037,Campeão Cão Alta Energia 00373,01TRIGO,Trigo,9.9
242010.0037,Campeão Cão Alta Energia 00373,04FARAVES60,Farinha de Aves 60%,7.5
242010.0037,Campeão Cão Alta Energia 00373,04GORDURAAVES,Gordura de Aves,6.4
242010.0037,Campeão Cão Alta Energia 00373,01POLPABETERRABA,Polpa de Beterraba,2
242010.0037,Campeão Cão Alta Energia 00373,01ALFARROBA,Alfarroba,2
242010.0037,Campeão Cão Alta Energia 00373,02PALADOG,Palatabilizante Cão,0.6
242010.0037,Campeão Cão Alta Energia 00373,07SAL,Sal Refinado,0.4
242010.0037,Campeão Cão Alta Energia 00373,05CLORETOCOLINA,Cloreto de Colina,0.125
242010.0037,Campeão Cão Alta Energia 00373,05TERMOXDRY,Premix - Termox Dry FG,0.05
242010.0037,Campeão Cão Alta Energia 00373,05YUCCA,Yucca,0.0125
242-GALACE.00373,Galacer Cão Energy 00373,01MILHO,Milho,25.0125
242-GALACE.00373,Galacer Cão Energy 00373,01TRIGO,Trigo,19.8
242-GALACE.00373,Galacer Cão Energy 00373,04FARCARNE,Farinha de Carne,19.2
242-GALACE.00373,Galacer Cão Energy 00373,04FARAVES60,Farinha de Aves 60%,11.1
242-GALACE.00373,Galacer Cão Energy 00373,01CEVADA,Cevada,10
242-GALACE.00373,Galacer Cão Energy 00373,04GORDURAAVES,Gordura de Aves,6.6
242-GALACE.00373,Galacer Cão Energy 00373,01ALFARROBA,Alfarroba,4
242-GALACE.00373,Galacer Cão Energy 00373,01POLPABETERRABA,Polpa de Beterraba,2.7
242-GALACE.00373,Galacer Cão Energy 00373,02PALADOG,Palatabilizante Cão,0.6
242-GALACE.00373,Galacer Cão Energy 00373,05TECNIMIX9010,Premix - Tecnimix 9010,0.4
242-GALACE.00373,Galacer Cão Energy 00373,07SAL,Sal Refinado,0.4
242-GALACE.00373,Galacer Cão Energy 00373,05CLORETOCOLINA,Cloreto de Colina,0.125
242-GALACE.00373,Galacer Cão Energy 00373,05TERMOXDRY,Premix - Termox Dry FG,0.05
242-GALACE.00373,Galacer Cão Energy 00373,05YUCCA,Yucca,0.0125
243010.0037,Campeão Gato Adulto Pó 00373,01TRIGO,Trigo,33.0875
243010.0037,Campeão Gato Adulto Pó 00373,01MILHO,Milho,22.3
243010.0037,Campeão Gato Adulto Pó 00373,04FARAVES70,Farinha de Aves 70%,20
243010.0037,Campeão Gato Adulto Pó 00373,04GORDURAAVES,Gordura de Aves,5
243010.0037,Campeão Gato Adulto Pó 00373,04FARCARNE,Farinha de Carne,5
243010.0037,Campeão Gato Adulto Pó 00373,04FARATUM,Farinha de Atum,4
243010.0037,Campeão Gato Adulto Pó 00373,01POLPABETERRABA,Polpa de Beterraba,4
243010.0037,Campeão Gato Adulto Pó 00373,01GLUTENMILHO,Gluten de Milho 60%,4
243010.0037,Campeão Gato Adulto Pó 00373,07SAL,Sal Refinado,1
243010.0037,Campeão Gato Adulto Pó 00373,05TECNIMIX9510,Premix - Tecnimix 9510,0.9
243010.0037,Campeão Gato Adulto Pó 00373,02PALACATC75-30,Digest Gato Pó C75-30,0.5
243010.0037,Campeão Gato Adulto Pó 00373,05CLORETOCOLINA,Cloreto de Colina,0.15
243010.0037,Campeão Gato Adulto Pó 00373,05TERMOXDRY,Premix - Termox Dry FG,0.05
243010.0037,Campeão Gato Adulto Pó 00373,05YUCCA,Yucca,0.0125
243020.0037,Gato Combate 00373,01MILHO,Milho,30.7375
243020.0037,Gato Combate 00373,01CEVADA,Cevada,25
243020.0037,Gato Combate 00373,04FARCARNE,Farinha de Carne,20.7
243020.0037,Gato Combate 00373,04FARAVES60,Farinha de Aves 60%,14
243020.0037,Gato Combate 00373,04GORDURAAVES,Gordura de Aves,4
243020.0037,Gato Combate 00373,01POLPABETERRABA,Polpa de Beterraba,2.5
243020.0037,Gato Combate 00373,07SAL,Sal Refinado,1
243020.0037,Gato Combate 00373,02PALACAT,Palatabilizante Gato,1
243020.0037,Gato Combate 00373,05TECNIMIX9510,Premix - Tecnimix 9510,0.9
243020.0037,Gato Combate 00373,05CLORETOCOLINA,Cloreto de Colina,0.1
243020.0037,Gato Combate 00373,05TERMOXDRY,Premix - Termox Dry FG,0.05
243020.0037,Gato Combate 00373,05YUCCA,Yucca,0.0125
243010L.00373,Campeão Gato Adulto 00373,01TRIGO,Trigo,33.0875
243010L.00373,Campeão Gato Adulto 00373,01MILHO,Milho,20.8
243010L.00373,Campeão Gato Adulto 00373,04FARAVES70,Farinha de Aves 70%,20
243010L.00373,Campeão Gato Adulto 00373,04GORDURAAVES,Gordura de Aves,5
243010L.00373,Campeão Gato Adulto 00373,04FARCARNE,Farinha de Carne,5
243010L.00373,Campeão Gato Adulto 00373,04FARATUM,Farinha de Atum,4
243010L.00373,Campeão Gato Adulto 00373,01POLPABETERRABA,Polpa de Beterraba,4
243010L.00373,Campeão Gato Adulto 00373,01GLUTENMILHO,Gluten de Milho 60%,4
243010L.00373,Campeão Gato Adulto 00373,07SAL,Sal Refinado,1
243010L.00373,Campeão Gato Adulto 00373,05TECNIMIX9510,Premix - Tecnimix 9510,0.9
243010L.00373,Campeão Gato Adulto 00373,05CLORETOCOLINA,Cloreto de Colina,0.15
243010L.00373,Campeão Gato Adulto 00373,05TERMOXDRY,Premix - Termox Dry FG,0.05
243010L.00373,Campeão Gato Adulto 00373,05YUCCA,Yucca,0.0125
243010L.00373,Campeão Gato Adulto 00373,02PALACAT,Palatabilizante Gato,2
243ESTERIL.00373,Campeão Gato Estéril Pó 00373,04FARAVES70,Farinha de Aves 70%,26.0875
243ESTERIL.00373,Campeão Gato Estéril Pó 00373,01TRIGO,Trigo,25.8
243ESTERIL.00373,Campeão Gato Estéril Pó 00373,01MILHO,Milho,24.9
243ESTERIL.00373,Campeão Gato Estéril Pó 00373,04FARCARNE,Farinha de Carne,6.4
243ESTERIL.00373,Campeão Gato Estéril Pó 00373,04GORDURAAVES,Gordura de Aves,4.4
243ESTERIL.00373,Campeão Gato Estéril Pó 00373,01ARROZ,Arroz,4
243ESTERIL.00373,Campeão Gato Estéril Pó 00373,09CANAAÇUCAR,Cana de Açucar - Fiber 3D,2
243ESTERIL.00373,Campeão Gato Estéril Pó 00373,01POLPABETERRABA,Polpa de Beterraba,2
243ESTERIL.00373,Campeão Gato Estéril Pó 00373,07SAL,Sal Refinado,1
243ESTERIL.00373,Campeão Gato Estéril Pó 00373,04FARATUM,Farinha de Atum,1
243ESTERIL.00373,Campeão Gato Estéril Pó 00373,05TECNIMIX9510,Premix - Tecnimix 9510,0.9
243ESTERIL.00373,Campeão Gato Estéril Pó 00373,02PALACATC75-30,Digest Gato Pó C75-30,0.5
243ESTERIL.00373,Campeão Gato Estéril Pó 00373,05LEVEDURACERVEJA,"Levedura de Cerveja ""Expert""",0.5
243ESTERIL.00373,Campeão Gato Estéril Pó 00373,05CLORETOPOTASSIO,Cloreto de Potássio,0.3
243ESTERIL.00373,Campeão Gato Estéril Pó 00373,05CLORETOCOLINA,Cloreto de Colina,0.15
243ESTERIL.00373,Campeão Gato Estéril Pó 00373,05TERMOXDRY,Premix - Termox Dry FG,0.05
243ESTERIL.00373,Campeão Gato Estéril Pó 00373,05YUCCA,Yucca,0.0125
244010.0037,Agribar Cão Alta Energia Premium 00373,04FARAVES70,Farinha de Aves 70%,20.1375
244010.0037,Agribar Cão Alta Energia Premium 00373,04FARCARNE,Farinha de Carne,18.6
244010.0037,Agribar Cão Alta Energia Premium 00373,01MILHO,Milho,18.5
244010.0037,Agribar Cão Alta Energia Premium 00373,01CEVADA,Cevada,16.6
244010.0037,Agribar Cão Alta Energia Premium 00373,04GORDURAAVES,Gordura de Aves,8.8
244010.0037,Agribar Cão Alta Energia Premium 00373,01ARROZ,Arroz,5.6
244010.0037,Agribar Cão Alta Energia Premium 00373,05LINHAÇAEXTRUDIDA,Linhaça Extrudida,4
244010.0037,Agribar Cão Alta Energia Premium 00373,01POLPABETERRABA,Polpa de Beterraba,2
244010.0037,Agribar Cão Alta Energia Premium 00373,01ALFARROBA,Alfarroba,2
244010.0037,Agribar Cão Alta Energia Premium 00373,07ERVILHAFORRAGEIRA,Ervilha forrageira,2
244010.0037,Agribar Cão Alta Energia Premium 00373,02PALADOG,Palatabilizante Cão,0.8
244010.0037,Agribar Cão Alta Energia Premium 00373,05TECNIMIX9010,Premix - Tecnimix 9010,0.4
244010.0037,Agribar Cão Alta Energia Premium 00373,07SAL,Sal Refinado,0.4
244010.0037,Agribar Cão Alta Energia Premium 00373,05CLORETOCOLINA,Cloreto de Colina,0.125
244010.0037,Agribar Cão Alta Energia Premium 00373,05TERMOXDRY,Premix - Termox Dry FG,0.025
244010.0037,Agribar Cão Alta Energia Premium 00373,05YUCCA,Yucca,0.0125
OV2412LAMB.00373,Acitex Cão 24-12 Borrego e Arroz 00373,04FARCARNE,Farinha de Carne,30.565
OV2412LAMB.00373,Acitex Cão 24-12 Borrego e Arroz 00373,01MILHO,Milho,30
OV2412LAMB.00373,Acitex Cão 24-12 Borrego e Arroz 00373,01CEVADA,Cevada,22.7
OV2412LAMB.00373,Acitex Cão 24-12 Borrego e Arroz 00373,04GORDURAAVES,Gordura de Aves,5.1
OV2412LAMB.00373,Acitex Cão 24-12 Borrego e Arroz 00373,01ARROZ,Arroz,4
OV2412LAMB.00373,Acitex Cão 24-12 Borrego e Arroz 00373,04FARBORREGO,Farinha de Borrego,4
OV2412LAMB.00373,Acitex Cão 24-12 Borrego e Arroz 00373,01POLPABETERRABA,Polpa de Beterraba,2
OV2412LAMB.00373,Acitex Cão 24-12 Borrego e Arroz 00373,07ERVILHAFORRAGEIRA,Ervilha forrageira,1
OV2412LAMB.00373,Acitex Cão 24-12 Borrego e Arroz 00373,07SAL,Sal Refinado,0.3
OV2412LAMB.00373,Acitex Cão 24-12 Borrego e Arroz 00373,05TERMOXDRY,Premix - Termox Dry FG,0.025
OV2412LAMB.00373,Acitex Cão 24-12 Borrego e Arroz 00373,01CENOURA,Cenoura - Zanahoria Polvo AD,0.01
OV2412SALM.00373,Acitex Cão 24-12 Salmão e Arroz 00373,04FARCARNE,Farinha de Carne,31.615
OV2412SALM.00373,Acitex Cão 24-12 Salmão e Arroz 00373,01MILHO,Milho,24.9
OV2412SALM.00373,Acitex Cão 24-12 Salmão e Arroz 00373,01CEVADA,Cevada,24.5
OV2412SALM.00373,Acitex Cão 24-12 Salmão e Arroz 00373,04GORDURAAVES,Gordura de Aves,5.3
OV2412SALM.00373,Acitex Cão 24-12 Salmão e Arroz 00373,01ARROZ,Arroz,4
OV2412SALM.00373,Acitex Cão 24-12 Salmão e Arroz 00373,01FARINHASALMAO,Farinha de Salmão,4
OV2412SALM.00373,Acitex Cão 24-12 Salmão e Arroz 00373,01TRIGO,Trigo,2.1
OV2412SALM.00373,Acitex Cão 24-12 Salmão e Arroz 00373,01POLPABETERRABA,Polpa de Beterraba,2
OV2412SALM.00373,Acitex Cão 24-12 Salmão e Arroz 00373,07ERVILHAFORRAGEIRA,Ervilha forrageira,1
OV2412SALM.00373,Acitex Cão 24-12 Salmão e Arroz 00373,07SAL,Sal Refinado,0.25
OV2412SALM.00373,Acitex Cão 24-12 Salmão e Arroz 00373,05TERMOXDRY,Premix - Termox Dry FG,0.025
OV2412SALM.00373,Acitex Cão 24-12 Salmão e Arroz 00373,01CENOURA,Cenoura - Zanahoria Polvo AD,0.01
OV23-8.00373,Acitex Cão 23-8 Manutenção 00373,04FARCARNE,Farinha de Carne,31.025
OV23-8.00373,Acitex Cão 23-8 Manutenção 00373,01MILHO,Milho,30
OV23-8.00373,Acitex Cão 23-8 Manutenção 00373,01TRIGO,Trigo,20
OV23-8.00373,Acitex Cão 23-8 Manutenção 00373,01CEVADA,Cevada,11.3
OV23-8.00373,Acitex Cão 23-8 Manutenção 00373,01POLPABETERRABA,Polpa de Beterraba,3
OV23-8.00373,Acitex Cão 23-8 Manutenção 00373,04GORDURAAVES,Gordura de Aves,3
OV23-8.00373,Acitex Cão 23-8 Manutenção 00373,01ALFARROBA,Alfarroba,1
OV23-8.00373,Acitex Cão 23-8 Manutenção 00373,07SAL,Sal Refinado,0.35
OV23-8.00373,Acitex Cão 23-8 Manutenção 00373,05TECNIMIX9010,Premix - Tecnimix 9010,0.3
OV23-8.00373,Acitex Cão 23-8 Manutenção 00373,05TERMOXDRY,Premix - Termox Dry FG,0.025
OV2412LAMB.00373,Acitex Cão 24-12 Borrego e Arroz 00373,05TECNIMIX9015,Premix - Tecnimix 9015,0.3
OV2412SALM.00373,Acitex Cão 24-12 Salmão e Arroz 00373,05TECNIMIX9015,Premix - Tecnimix 9015,0.3
4IFADAULTO.00373,Amigo Cão Adulto 00373,05TECNIMIX9015,Premix - Tecnimix 9015,0.3
5GNR25.00373,Concurso GNR 00373,01MILHO,Milho,29.89
5GNR25.00373,Concurso GNR 00373,04GORDURAAVES,Gordura de Aves,10
5GNR25.00373,Concurso GNR 00373,01POLPABETERRABA,Polpa de Beterraba,2
5GNR25.00373,Concurso GNR 00373,01ALFARROBA,Alfarroba,2
5GNR25.00373,Concurso GNR 00373,02PALADOG,Palatabilizante Cão,0.6
5GNR25.00373,Concurso GNR 00373,07SAL,Sal Refinado,0.3
5GNR25.00373,Concurso GNR 00373,05CLORETOCOLINA,Cloreto de Colina,0.1
5GNR25.00373,Concurso GNR 00373,05YUCCA,Yucca,0.025
5GNR25.00373,Concurso GNR 00373,04FARAVES70,Farinha de Aves 70%,33.825
5GNR25.00373,Concurso GNR 00373,01CEVADA,Cevada,11.7
5GNR25.00373,Concurso GNR 00373,05LINHAÇAEXTRUDIDA,Linhaça Extrudida,4
5GNR25.00373,Concurso GNR 00373,04FARATUM,Farinha de Atum,1
5GNR25.00373,Concurso GNR 00373,05TECNIMIX9020,Premix - Tecnimix 9020,0.4
5GNR25.00373,Concurso GNR 00373,01ARROZ,Arroz,4
5GNR25.00373,Concurso GNR 00373,VitC,Vitamina C,0.06
5GNR25.00373,Concurso GNR 00373,05SULFATOGLUCO,Sulfato de Glucosamina,0.05
5GNR25.00373,Concurso GNR 00373,05TERMOXDRY,Premix - Termox Dry FG,0.05
MCALTANUTR.00347,Continente Cão 28-15 Alta Nutrição 00347,01MILHO,Milho,19.9875
MCALTANUTR.00347,Continente Cão 28-15 Alta Nutrição 00347,04FARCARNE,Farinha de Carne,10.7
MCALTANUTR.00347,Continente Cão 28-15 Alta Nutrição 00347,01POLPABETERRABA,Polpa de Beterraba,2
MCALTANUTR.00347,Continente Cão 28-15 Alta Nutrição 00347,05TECNIMIX9010,Premix - Tecnimix 9010,0.3
MCALTANUTR.00347,Continente Cão 28-15 Alta Nutrição 00347,07SAL,Sal Refinado,0.3
MCALTANUTR.00347,Continente Cão 28-15 Alta Nutrição 00347,05TERMOXDRY,Premix - Termox Dry FG,0.05
MCALTANUTR.00347,Continente Cão 28-15 Alta Nutrição 00347,01ARROZ,Arroz,4
MCALTANUTR.00347,Continente Cão 28-15 Alta Nutrição 00347,07ERVILHAFORRAGEIRA,Ervilha forrageira,10
MCALTANUTR.00347,Continente Cão 28-15 Alta Nutrição 00347,05CLORETOCOLINA,Cloreto de Colina,0.15
MCALTANUTR.00347,Continente Cão 28-15 Alta Nutrição 00347,01AVEIA,Aveia,4
MCALTANUTR.00347,Continente Cão 28-15 Alta Nutrição 00347,04GORDURAAVES,Gordura de Aves,8.1
MCALTANUTR.00347,Continente Cão 28-15 Alta Nutrição 00347,04FARAVES70,Farinha de Aves 70%,20.05
MCALTANUTR.00347,Continente Cão 28-15 Alta Nutrição 00347,05LINHAÇAEXTRUDIDA,Linhaça Extrudida,4
MCALTANUTR.00347,Continente Cão 28-15 Alta Nutrição 00347,05SULFATOGLUCO,Sulfato de Glucosamina,0.05
MCALTANUTR.00347,Continente Cão 28-15 Alta Nutrição 00347,01TRIGO,Trigo,16.3
MCALTANUTR.00347,Continente Cão 28-15 Alta Nutrição 00347,05YUCCA,Yucca,0.0125
242010.0037,Campeão Cão Alta Energia 00373,05TECNIMIX9015,Premix - Tecnimix 9015,0.3
241010.0037,Campeão Cão Junior 00373,05TECNIMIX9015,Premix - Tecnimix 9015,0.3
258079.0037,happyOne Cão Senior 00366,01MILHO,Milho,25
258079.0037,happyOne Cão Senior 00366,01CEVADA,Cevada,12
258079.0037,happyOne Cão Senior 00366,01POLPABETERRABA,Polpa de Beterraba,2
258079.0037,happyOne Cão Senior 00366,02PALADOG,Palatabilizante Cão,2.5
258079.0037,happyOne Cão Senior 00366,04GORDURAAVES,Gordura de Aves,3.2
258079.0037,happyOne Cão Senior 00366,07SAL,Sal Refinado,0.3
258079.0037,happyOne Cão Senior 00366,05SULFATOGLUCO,Sulfato de Glucosamina,0.05
258079.0037,happyOne Cão Senior 00366,05TERMOXDRY,Premix - Termox Dry FG,0.05
258079.0037,happyOne Cão Senior 00366,08MEXILHAO VERDE,Mexilhão verde - Green Lipped Mussel,0.05
258079.0037,happyOne Cão Senior 00366,05YUCCA,Yucca,0.0125
258079.0037,happyOne Cão Senior 00366,04FARAVES70,Farinha de Aves 70%,25.1375
258079.0037,happyOne Cão Senior 00366,01AVEIA,Aveia,13.3
258079.0037,happyOne Cão Senior 00366,07ERVILHAFORRAGEIRA,Ervilha forrageira,4
258079.0037,happyOne Cão Senior 00366,05LINHAÇAEXTRUDIDA,Linhaça Extrudida,4
258079.0037,happyOne Cão Senior 00366,01ALFARROBA,Alfarroba,2
258079.0037,happyOne Cão Senior 00366,05TECNIMIX9025,Premix - Tecnimix 9025,0.4
258079.0037,happyOne Cão Senior 00366,01ARROZ,Arroz,6
252079.0036,happyOne Cão Alta Energia 0359,05TECNIMIX9025,Premix - Tecnimix 9025,0.4
257079.0036,happyOne Cão Raças Pequenas 00359,05TECNIMIX9010,Premix - Tecnimix 9010,0.375
251079.0036,happyOne Cão Junior 00359,05TECNIMIX9010,Premix - Tecnimix 9010,0.5
250079.0036,happyOne Cão Adulto 00359,05TECNIMIX9015,Premix - Tecnimix 9015,0.4
C310HOPB.00345,happyOne PREMIUM Insetos 00345,05TECNIMIX9012,Premix - Tecnimix 9012,0.4
C-302-HO.00345,happyOne PREMIUM Salmão Arroz 00345,05TECNIMIX9012,Premix - Tecnimix 9012,0.4
308HOPRACP.00359,happyOne PREMIUM Raças Pequenas Carne Fresca 00359,05TECNIMIX9025,Premix - Tecnimix 9025,0.4
335-HOP-LI.00359,happyOne PREMIUM Light & Senior Carne Fresca 00359,05TECNIMIX9025,Premix - Tecnimix 9025,0.4
304HOPJUNI.00355,happyOne PREMIUM Junior Carne Fresca 00355,05TECNIMIX9025,Premix - Tecnimix 9025,0.4
307HOP-MON.00358,happyOne PREMIUM Hipoalergénico 00348,05TECNIMIX9025,Premix - Tecnimix 9025,0.4
C-301-HO-GR.00351,happyOne PREMIUM Grain Free 00351,05TECNIMIX9025,Premix - Tecnimix 9025,0.4
300HOP-CAR.00351,happyOne PREMIUM Carne Fresca 00351,05TECNIMIX9025,Premix - Tecnimix 9025,0.4
336-HOP-LA.00354,happyOne PREMIUM Cão Raças Grandes 00354,05TECNIMIX9025,Premix - Tecnimix 9025,0.4
280070.0035,Mediterraneum Cão Adulto 00351,05TECNIMIX9025,Premix - Tecnimix 9025,0.4
280016.0036,Mediterraneum Cão Adulto Sardinha 0357,05TECNIMIX9011,Premix - Tecnimix 9011,0.4
280011.0036,Mediterraneum Cão Junior 0357,05TECNIMIX9025,Premix - Tecnimix 9025,0.4
280021.0035,Mediterraneum Raças Pequenas Sardinha 00351,05TECNIMIX9025,Premix - Tecnimix 9025,0.4
253079L.0358,happyOne Gato Adulto 0358,02PALACAT,Palatabilizante Gato,2.4
254079L.0358,happyOne Gatos Salmão 0358,02PALACAT,Palatabilizante Gato,2.5
256000L.134,MIKA Gatinhos 134,01TRIGO,Trigo,33.085
256000L.134,MIKA Gatinhos 134,04GORDURAAVES,Gordura de Aves,10
256000L.134,MIKA Gatinhos 134,02PALACAT,Palatabilizante Gato,2.5
256000L.134,MIKA Gatinhos 134,01FARINHASALMAO,Farinha de Salmão,4.1
256000L.134,MIKA Gatinhos 134,09PLASMASUINO,Plasma de Suino - Apptein GS,3.7
256000L.134,MIKA Gatinhos 134,01POLPABETERRABA,Polpa de Beterraba,2
256000L.134,MIKA Gatinhos 134,05LEVEDURACERVEJA,"Levedura de Cerveja ""Expert""",1.9
256000L.134,MIKA Gatinhos 134,05TECNIMIX9510,Premix - Tecnimix 9510,1.25
256000L.134,MIKA Gatinhos 134,07SAL,Sal Refinado,0.3
256000L.134,MIKA Gatinhos 134,05YUCCA,Yucca,0.015
256000L.134,MIKA Gatinhos 134,05TERMOXDRY,Premix - Termox Dry FG,0.05
256000L.134,MIKA Gatinhos 134,01MILHO,Milho,4.1
256000L.134,MIKA Gatinhos 134,01GLUTENMILHO,Gluten de Milho 60%,9.9
256000L.134,MIKA Gatinhos 134,05CLORETOPOTASSIO,Cloreto de Potássio,0.4
256000L.134,MIKA Gatinhos 134,04FARAVES70,Farinha de Aves 70%,26.7
