Pallet ID,SKU ID,Zone,Batch ID,Expiry Date,Manufacturing Date,Quantity,Weight,EAN Number,Created At,Updated At
356007604450059239,5913013,ASRS,12102025,12-10-2035,04-05-2026,300,300,4335619000049,04-05-26 05:59:54,04-05-26 01:40:22
356007604402643714,8290268,ASRS,260501001,01-11-2027,01-05-2026,640,160,5601493715676,04-05-26 05:59:46,04-05-26 01:38:50
356007604450059789,5913013,ASRS,12102025,12-10-2035,04-05-2026,300,300,4335619000049,04-05-26 06:00:01,04-05-26 01:26:49
356007604402643707,8290268,ASRS,260501001,01-11-2027,01-05-2026,640,160,5601493715676,04-05-26 05:59:40,04-05-26 01:24:53
356007604402636099,HAPPYESTERIL10,ASRS,260428004,28-10-2027,29-04-2026,480,48,5600760440297,04-05-26 05:56:55,04-05-26 01:22:26
356007604402636068,HAPPYESTERIL10,ASRS,260428004,28-10-2027,29-04-2026,480,48,5600760440297,04-05-26 05:52:42,04-05-26 01:17:56
356007604402636051,HAPPYESTERIL10,ASRS,260428004,28-10-2027,29-04-2026,480,48,5600760440297,04-05-26 05:52:38,04-05-26 01:17:05
356007604402636044,HAPPYESTERIL10,ASRS,260428004,28-10-2027,29-04-2026,480,48,5600760440297,04-05-26 05:52:34,04-05-26 01:13:13
356007604402636037,HAPPYESTERIL10,ASRS,260428004,28-10-2027,29-04-2026,480,48,5600760440297,04-05-26 05:52:31,04-05-26 01:12:37
356007604402635986,HAPPYESTERIL10,ASRS,260428004,28-10-2027,29-04-2026,480,48,5600760440297,04-05-26 05:52:22,04-05-26 01:04:55
356007604402636082,HAPPYESTERIL10,ASRS,260428004,28-10-2027,29-04-2026,480,48,5600760440297,04-05-26 05:49:13,04-05-26 01:03:56
356007604402636075,HAPPYESTERIL10,ASRS,260428004,28-10-2027,29-04-2026,480,48,5600760440297,29-04-26 00:18:17,04-05-26 00:59:02
356007604402628391,HPREMIUMSA15,ASRS,260427004,27-10-2027,27-04-2026,585,39,5600760440877,27-04-26 07:43:39,04-05-26 00:51:07
356007604402628353,HPREMIUMSA15,ASRS,260427004,27-10-2027,27-04-2026,585,39,5600760440877,04-05-26 05:37:08,04-05-26 00:45:25
356007604402616350,HAPPYMEDJR12,ASRS,260422006,22-10-2027,23-04-2026,468,39,5600760440556,04-05-26 05:05:08,04-05-26 00:16:25
356007604402616336,HAPPYMEDJR12,ASRS,260422006,22-10-2027,23-04-2026,468,39,5600760440556,23-04-26 04:25:54,04-05-26 00:13:32
356007604402616329,HAPPYMEDJR12,ASRS,260422006,22-10-2027,23-04-2026,468,39,5600760440556,04-05-26 04:47:42,04-05-26 00:10:52
356007604402616275,HAPPYMEDJR12,ASRS,260422006,22-10-2027,23-04-2026,468,39,5600760440556,04-05-26 04:45:31,04-05-26 00:08:33
356007604402616299,HAPPYMEDJR12,ASRS,260422006,22-10-2027,23-04-2026,468,39,5600760440556,04-05-26 04:45:36,04-05-26 00:07:19
356007604402616251,HAPPYMEDJR12,ASRS,260422006,22-10-2027,23-04-2026,468,39,5600760440556,04-05-26 04:45:24,04-05-26 00:04:33
356007604402616244,HAPPYMEDJR12,ASRS,260422006,22-10-2027,23-04-2026,468,39,5600760440556,04-05-26 04:43:26,04-05-26 00:04:18
356007604402616237,HAPPYMEDJR12,ASRS,260422006,22-10-2027,23-04-2026,468,39,5600760440556,04-05-26 04:43:23,04-05-26 00:00:55
356007604402616206,HAPPYMEDJR12,ASRS,260422006,22-10-2027,23-04-2026,468,39,5600760440556,04-05-26 04:37:43,04-05-26 00:00:53
356007604402616220,HAPPYMEDJR12,ASRS,260422006,22-10-2027,23-04-2026,468,39,5600760440556,04-05-26 04:43:19,03-05-26 23:57:54
356007604402616121,HAPPYMEDJR12,ASRS,260422006,22-10-2027,23-04-2026,468,39,5600760440556,04-05-26 04:34:39,03-05-26 23:55:09
356007604402616190,HAPPYMEDJR12,ASRS,260422006,22-10-2027,23-04-2026,468,39,5600760440556,04-05-26 04:35:52,03-05-26 23:55:07
356007604402616145,HAPPYMEDJR12,ASRS,260422006,22-10-2027,23-04-2026,468,39,5600760440556,04-05-26 04:34:43,03-05-26 23:51:55
356007604402616107,HAPPYMEDJR12,ASRS,260422006,22-10-2027,23-04-2026,468,39,5600760440556,04-05-26 04:34:35,03-05-26 23:48:31
356007604402616084,HAPPYMEDJR12,ASRS,260422006,22-10-2027,23-04-2026,468,39,5600760440556,04-05-26 04:34:31,03-05-26 23:47:59
356007604450062000,HPREMIUMCF12,ASRS,251211009,11-06-2027,04-05-2026,468,39,5600758049624,04-05-26 04:24:35,03-05-26 23:44:20
356007604402644209,8290076,ASRS,260501001,01-11-2027,01-05-2026,324,324,5601493715669,04-05-26 02:53:23,03-05-26 23:41:33
356007604402628209,HAPPYGATO2,ASRS,260424003,24-10-2027,27-04-2026,480,240,5600760440013,04-05-26 04:24:40,03-05-26 23:41:23
356007604402645589,8290076,ASRS,260501001,01-11-2027,04-05-2026,324,324,5601493715669,04-05-26 03:04:09,03-05-26 23:33:30
356007604402645244,8290076,ASRS,260501001,01-11-2027,04-05-2026,324,324,5601493715669,03-05-26 21:55:02,03-05-26 23:31:54
356007604402645473,8290076,ASRS,260501001,01-11-2027,04-05-2026,324,324,5601493715669,04-05-26 03:04:04,03-05-26 23:31:52
356007604402645459,8290076,ASRS,260501001,01-11-2027,04-05-2026,324,324,5601493715669,03-05-26 22:55:47,03-05-26 23:29:55
356007604402645688,8290076,ASRS,260501001,01-11-2027,04-05-2026,324,324,5601493715669,04-05-26 03:04:17,03-05-26 23:25:14
356007604402645206,8290076,ASRS,260501001,01-11-2027,04-05-2026,324,324,5601493715669,04-05-26 03:03:45,03-05-26 23:23:10
356007604402645190,8290076,ASRS,260501001,01-11-2027,04-05-2026,324,324,5601493715669,04-05-26 03:03:41,03-05-26 23:21:01
356007604402644797,8290076,ASRS,260501001,01-11-2027,01-05-2026,324,324,5601493715669,04-05-26 03:03:37,03-05-26 23:20:19
356007604402644780,8290076,ASRS,260501001,01-11-2027,01-05-2026,324,324,5601493715669,04-05-26 03:03:31,03-05-26 23:19:22
356007604402644148,8290076,ASRS,260408002,08-10-2027,01-05-2026,324,324,5601493715669,04-05-26 02:53:16,03-05-26 23:06:18
356007604402644759,8290076,ASRS,260501001,01-11-2027,01-05-2026,324,324,5601493715669,04-05-26 03:03:23,03-05-26 23:04:25
356007604402644438,8290076,ASRS,260501001,01-11-2027,01-05-2026,324,324,5601493715669,04-05-26 02:53:04,03-05-26 22:59:57
356007604402644414,8290076,ASRS,260501001,01-11-2027,01-05-2026,324,324,5601493715669,04-05-26 02:53:00,03-05-26 22:00:41
356007604402570874,8290076,ASRS,260408002,08-10-2027,09-04-2026,324,324,5601493715669,01-05-26 11:41:31,01-05-26 08:22:20
356007604402570416,8290076,ASRS,260408002,08-10-2027,09-04-2026,324,324,5601493715669,01-05-26 11:39:02,01-05-26 08:17:35
356007604402569878,8290076,ASRS,260408002,08-10-2027,09-04-2026,324,324,5601493715669,01-05-26 11:30:15,01-05-26 08:15:51
356007604402633678,999982,ASRS,260424014,24-04-2027,28-04-2026,640,160,5607047025840,01-05-26 11:23:39,01-05-26 07:51:37
356007604402637553,1000914,ASRS,260428005,28-04-2027,29-04-2026,640,160,5607047025277,01-05-26 09:16:55,01-05-26 07:22:22
356007604402628216,HAPPYGATO2,ASRS,260424003,24-10-2027,27-04-2026,480,240,5600760440013,01-05-26 11:50:47,01-05-26 07:07:40
356007604402628049,HAPPYGATO2,ASRS,260424003,24-10-2027,27-04-2026,480,240,5600760440013,01-05-26 11:51:02,01-05-26 07:05:04
356007604402628025,HAPPYGATO2,ASRS,260424003,24-10-2027,27-04-2026,480,240,5600760440013,01-05-26 11:50:57,01-05-26 07:02:54
356007604402570652,8290076,ASRS,260408002,08-10-2027,09-04-2026,324,324,5601493715669,01-05-26 11:40:21,01-05-26 06:59:54
356007604402570690,8290076,ASRS,260408002,08-10-2027,09-04-2026,324,324,5601493715669,01-05-26 11:40:56,01-05-26 06:58:57
356007604402570577,8290076,ASRS,260408002,08-10-2027,09-04-2026,324,324,5601493715669,01-05-26 11:39:46,01-05-26 06:55:45
356007604402570089,8290076,ASRS,260408002,08-10-2027,09-04-2026,324,324,5601493715669,01-05-26 11:31:30,01-05-26 06:54:53
356007604402570201,8290076,ASRS,260408002,08-10-2027,09-04-2026,324,324,5601493715669,01-05-26 11:32:11,01-05-26 06:52:43
356007604402569977,8290076,ASRS,260408002,08-10-2027,09-04-2026,324,324,5601493715669,01-05-26 11:30:52,01-05-26 06:50:01
356007604402569786,8290076,ASRS,260408002,08-10-2027,09-04-2026,324,324,5601493715669,01-05-26 11:29:44,01-05-26 06:49:26
356007604402560493,CAMPEAOMIX4,ASRS,260402004,02-04-2027,07-04-2026,640,160,5600760440136,01-05-26 11:29:03,01-05-26 06:45:48
356007604402560400,CAMPEAOMIX4,ASRS,260402004,02-04-2027,07-04-2026,640,160,5600760440136,01-05-26 11:28:25,01-05-26 06:45:44
356007604402631834,AMIGO4,ASRS,260424012,24-04-2027,28-04-2026,564,141,8480012046524,01-05-26 11:27:22,01-05-26 06:45:28
356007604402633814,999982,ASRS,260424014,24-04-2027,28-04-2026,640,160,5607047025840,01-05-26 11:25:56,01-05-26 06:42:22
356007604402633807,999982,ASRS,260424014,24-04-2027,28-04-2026,640,160,5607047025840,01-05-26 11:25:28,01-05-26 06:42:15
356007604402633708,999982,ASRS,260424014,24-04-2027,28-04-2026,640,160,5607047025840,01-05-26 11:24:13,01-05-26 06:40:33
356007604402633739,999982,ASRS,260424014,24-04-2027,28-04-2026,640,160,5607047025840,01-05-26 11:25:05,01-05-26 06:38:59
356007604402637508,1000914,ASRS,260428005,28-04-2027,29-04-2026,640,160,5607047025277,01-05-26 11:23:05,01-05-26 06:38:22
356007604402633593,999982,ASRS,260424014,24-04-2027,28-04-2026,640,160,5607047025840,01-05-26 11:22:52,01-05-26 06:35:55
356007604402581962,ALIMERKAADULTO4,ASRS,260413003,13-04-2027,13-04-2026,560,140,8430807037060,01-05-26 09:20:17,01-05-26 06:33:46
356007604402582129,ALIMERKAADULTO4,ASRS,260413003,13-04-2027,13-04-2026,560,140,8430807037060,01-05-26 09:19:56,01-05-26 06:32:26
356007604402582020,ALIMERKAADULTO4,ASRS,260413003,13-04-2027,13-04-2026,560,140,8430807037060,01-05-26 09:20:00,01-05-26 06:31:21
356007604402582211,ALIMERKAADULTO4,ASRS,260413003,13-04-2027,13-04-2026,560,140,8430807037060,01-05-26 09:19:51,01-05-26 06:31:15
356007604402582303,ALIMERKAADULTO4,ASRS,260413003,13-04-2027,13-04-2026,560,140,8430807037060,01-05-26 09:19:46,01-05-26 06:28:44
356007604402581887,ALIMERKAADULTO4,ASRS,260413003,13-04-2027,13-04-2026,560,140,8430807037060,01-05-26 09:20:45,01-05-26 06:27:38
356007604402582341,ALIMERKAADULTO4,ASRS,260413003,13-04-2027,13-04-2026,560,140,8430807037060,01-05-26 09:19:37,01-05-26 06:26:37
356007604402581825,ALIMERKAADULTO4,ASRS,260413003,13-04-2027,13-04-2026,560,140,8430807037060,13-04-26 04:15:52,01-05-26 06:25:33
356007604402582563,ALIMERKAADULTO4,ASRS,260413003,13-04-2027,13-04-2026,560,140,8430807037060,01-05-26 09:17:27,01-05-26 06:22:26
356007604450063472,8290140,ASRS,260420003,20-10-2027,01-05-2026,640,160,5601493715614,01-05-26 02:19:27,01-05-26 05:56:06
356007604402636839,1000914,ASRS,260428005,28-04-2027,29-04-2026,640,160,5607047025277,01-05-26 08:57:59,01-05-26 05:30:15
356007604402636594,1000914,ASRS,260428005,28-04-2027,29-04-2026,640,160,5607047025277,01-05-26 08:56:00,01-05-26 04:54:10
356007604402636860,1000914,ASRS,260428005,28-04-2027,29-04-2026,640,160,5607047025277,01-05-26 08:58:42,01-05-26 04:51:46
356007604402636853,1000914,ASRS,260428005,28-04-2027,29-04-2026,640,160,5607047025277,01-05-26 08:58:16,01-05-26 04:47:48
356007604402636778,1000914,ASRS,260428005,28-04-2027,29-04-2026,640,160,5607047025277,01-05-26 08:57:38,01-05-26 04:30:11
356007604402636693,1000914,ASRS,260428005,28-04-2027,29-04-2026,640,160,5607047025277,01-05-26 09:12:30,01-05-26 04:26:54
356007604402636761,1000914,ASRS,260428005,28-04-2027,29-04-2026,640,160,5607047025277,01-05-26 08:57:18,01-05-26 04:25:08
356007604402636709,1000914,ASRS,260428005,28-04-2027,29-04-2026,640,160,5607047025277,01-05-26 09:11:09,01-05-26 04:23:06
356007604402636754,1000914,ASRS,260428005,28-04-2027,29-04-2026,640,160,5607047025277,01-05-26 09:11:52,01-05-26 04:20:47
356007604450063755,HAPPYRP2,ASRS,260403005,03-10-2027,01-05-2026,480,240,5600760440266,01-05-26 09:08:06,01-05-26 04:16:13
356007604402636747,1000914,ASRS,260428005,28-04-2027,29-04-2026,640,160,5607047025277,01-05-26 08:56:37,01-05-26 04:16:01
356007604402636495,1000914,ASRS,260428005,28-04-2027,29-04-2026,640,160,5607047025277,01-05-26 09:04:28,01-05-26 04:14:54
356007604402636662,1000914,ASRS,260428005,28-04-2027,29-04-2026,640,160,5607047025277,01-05-26 08:56:11,01-05-26 04:12:49
356007604402636648,1000914,ASRS,260428005,28-04-2027,29-04-2026,640,160,5607047025277,01-05-26 08:56:06,01-05-26 04:09:16
356007604450063724,AGRIBARAEPREMIUM20,ASRS,260414002,14-04-2027,01-05-2026,660,33,5600739960085,01-05-26 05:38:26,01-05-26 04:06:45
356007604402636549,1000914,ASRS,260428005,28-04-2027,29-04-2026,640,160,5607047025277,01-05-26 08:55:50,01-05-26 04:06:19
356007604402636556,1000914,ASRS,260428005,28-04-2027,29-04-2026,640,160,5607047025277,29-04-26 06:22:51,01-05-26 04:06:18
356007604402556052,8290077,ASRS,260404008,04-10-2027,06-04-2026,540,60,5601493715621,01-05-26 08:04:56,01-05-26 04:01:20
356007604402556038,8290077,ASRS,260404008,04-10-2027,06-04-2026,540,60,5601493715621,01-05-26 08:04:58,01-05-26 04:00:50
356007604402556007,8290077,ASRS,260404008,04-10-2027,06-04-2026,540,60,5601493715621,01-05-26 08:05:05,01-05-26 03:59:14
356007604402633487,999982,ASRS,260424014,24-04-2027,28-04-2026,640,160,5607047025840,01-05-26 05:35:30,01-05-26 03:57:56
356007604402555970,8290077,ASRS,260404008,04-10-2027,06-04-2026,540,60,5601493715621,01-05-26 08:05:09,01-05-26 03:54:20
356007604402555994,8290077,ASRS,260404008,04-10-2027,06-04-2026,540,60,5601493715621,01-05-26 08:05:07,01-05-26 03:53:07
356007604402555963,8290077,ASRS,260404008,04-10-2027,06-04-2026,540,60,5601493715621,01-05-26 08:04:41,01-05-26 03:52:27
356007604402555949,8290077,ASRS,260404008,04-10-2027,06-04-2026,540,60,5601493715621,01-05-26 08:04:39,01-05-26 03:50:19
356007604402555956,8290077,ASRS,260404008,04-10-2027,06-04-2026,540,60,5601493715621,01-05-26 08:04:47,01-05-26 03:48:31
356007604402591015,AGRIBARADULTO4,ASRS,260415003,15-10-2027,15-04-2026,640,160,5600739960092,01-05-26 05:43:24,01-05-26 03:31:15
356007604450063731,AGRIBARAEPREMIUM20,ASRS,260414002,14-04-2027,01-05-2026,580,29,5600739960085,01-05-26 05:38:22,01-05-26 03:28:24
356007604402590919,AGRIBARADULTO4,ASRS,260415003,15-10-2027,15-04-2026,640,160,5600739960092,01-05-26 05:43:37,01-05-26 03:25:50
356007604402627981,HAPPYGATO2,ASRS,260424003,24-10-2027,27-04-2026,480,240,5600760440013,30-04-26 14:12:49,01-05-26 03:25:01
356007604402633494,999982,ASRS,260424014,24-04-2027,28-04-2026,640,160,5607047025840,01-05-26 05:40:08,01-05-26 03:20:39
356007604402556083,8290077,ASRS,260404008,04-10-2027,06-04-2026,540,60,5601493715621,01-05-26 02:16:20,01-05-26 03:19:58
356007604402590858,AGRIBARADULTO4,ASRS,260415003,15-10-2027,15-04-2026,640,160,5600739960092,01-05-26 05:41:28,01-05-26 03:19:54
356007604402590964,AGRIBARADULTO4,ASRS,260415003,15-10-2027,15-04-2026,640,160,5600739960092,01-05-26 05:41:13,01-05-26 03:15:50
356007604402633456,999982,ASRS,260424014,24-04-2027,28-04-2026,640,160,5607047025840,01-05-26 05:33:33,01-05-26 03:09:40
356007604402633470,999982,ASRS,260424014,24-04-2027,28-04-2026,640,160,5607047025840,01-05-26 05:34:45,01-05-26 03:07:47
356007604402633463,999982,ASRS,260424014,24-04-2027,28-04-2026,640,160,5607047025840,01-05-26 05:33:54,01-05-26 03:03:26
356007604402633845,999982,ASRS,260424014,24-04-2027,28-04-2026,640,160,5607047025840,01-05-26 05:30:48,01-05-26 02:59:32
356007604450063489,1836921,ASRS,260421004,21-04-2027,01-05-2026,630,42,5604260308835,01-05-26 02:19:31,01-05-26 02:50:40
356007604402633272,999982,ASRS,260424014,24-04-2027,28-04-2026,640,160,5607047025840,28-04-26 06:11:55,01-05-26 00:59:27
356007604402633241,999982,ASRS,260424014,24-04-2027,28-04-2026,640,160,5607047025840,01-05-26 05:32:35,01-05-26 00:58:23
356007604402633227,999982,ASRS,260424014,24-04-2027,28-04-2026,640,160,5607047025840,01-05-26 05:32:08,01-05-26 00:52:13
356007604402592203,AGRIBARJR4,ASRS,260414009,14-10-2027,15-04-2026,640,160,5600739960108,01-05-26 05:31:43,01-05-26 00:46:26
356007604402592234,AGRIBARJR4,ASRS,260414009,14-10-2027,15-04-2026,640,160,5600739960108,01-05-26 05:31:36,01-05-26 00:41:52
356007604450063137,1836910,ASRS,26012026,26-01-2036,30-04-2026,300,300,5604260303571,01-05-26 02:16:53,01-05-26 00:39:53
356007604402627752,HAPPYGATO2,ASRS,260424003,24-10-2027,27-04-2026,480,240,5600760440013,30-04-26 14:12:25,01-05-26 00:38:20
356007604402627998,HAPPYGATO2,ASRS,260424003,24-10-2027,27-04-2026,480,240,5600760440013,30-04-26 14:12:46,01-05-26 00:35:46
356007604402565511,1836932,ASRS,260407003,07-04-2027,30-04-2026,640,160,5604260308828,30-04-26 14:25:18,01-05-26 00:34:40
356007604402627844,HAPPYGATO2,ASRS,260424003,24-10-2027,27-04-2026,480,240,5600760440013,30-04-26 14:11:55,01-05-26 00:31:45
356007604402626830,AMIGO4,ASRS,260424012,24-04-2027,25-04-2026,560,140,8480012046524,30-04-26 14:02:03,01-05-26 00:31:08
356007604402615346,CAMPEAOMIX4,ASRS,260422001,22-04-2027,22-04-2026,640,160,5600760440136,30-04-26 11:00:56,30-04-26 09:30:12
356007604402626748,AMIGO4,ASRS,260424012,24-04-2027,25-04-2026,560,140,8480012046524,30-04-26 14:02:08,30-04-26 09:15:09
356007604450063403,1836910,ASRS,26012026,26-01-2036,30-04-2026,300,300,5604260303571,30-04-26 11:53:34,30-04-26 09:13:34
356007604450063274,1836910,ASRS,26012026,26-01-2036,30-04-2026,300,300,5604260303571,30-04-26 12:09:30,30-04-26 08:08:40
356007604450063304,1836910,ASRS,26012026,26-01-2036,30-04-2026,300,300,5604260303571,30-04-26 12:05:51,30-04-26 07:59:19
356007604450063458,1836910,ASRS,26012026,26-01-2036,30-04-2026,300,300,5604260303571,30-04-26 12:09:40,30-04-26 07:32:40
356007604450063441,1836910,ASRS,26012026,26-01-2036,30-04-2026,300,300,5604260303571,30-04-26 12:09:43,30-04-26 07:28:55
356007604450063298,1836910,ASRS,26012026,26-01-2036,30-04-2026,300,300,5604260303571,30-04-26 12:06:00,30-04-26 07:26:43
356007604450063267,1836910,ASRS,26012026,26-01-2036,30-04-2026,300,300,5604260303571,30-04-26 12:09:25,30-04-26 07:26:40
356007604450063311,1836910,ASRS,26012026,26-01-2036,30-04-2026,300,300,5604260303571,30-04-26 12:03:08,30-04-26 07:21:20
356007604450063281,1836910,ASRS,26012026,26-01-2036,30-04-2026,300,300,5604260303571,30-04-26 12:05:54,30-04-26 07:21:16
356007604450063342,1836910,ASRS,26012026,26-01-2036,30-04-2026,300,300,5604260303571,30-04-26 12:00:58,30-04-26 07:17:35
356007604450063366,1836910,ASRS,26012026,26-01-2036,30-04-2026,300,300,5604260303571,30-04-26 12:00:51,30-04-26 07:15:37
356007604450063335,1836910,ASRS,26012026,26-01-2036,30-04-2026,300,300,5604260303571,30-04-26 12:01:02,30-04-26 07:13:47
356007604450063250,1836910,ASRS,26012026,26-01-2036,30-04-2026,300,300,5604260303571,30-04-26 11:47:42,30-04-26 07:12:14
356007604450063359,1836910,ASRS,26012026,26-01-2036,30-04-2026,300,300,5604260303571,30-04-26 11:58:59,30-04-26 07:11:38
356007604450063380,1836910,ASRS,26012026,26-01-2036,30-04-2026,300,300,5604260303571,30-04-26 11:55:19,30-04-26 07:11:10
356007604450063373,1836910,ASRS,26012026,26-01-2036,30-04-2026,300,300,5604260303571,30-04-26 11:58:28,30-04-26 07:08:29
356007604450063120,1836910,ASRS,26012026,26-01-2036,30-04-2026,300,300,5604260303571,30-04-26 11:02:56,30-04-26 07:07:01
356007604450063397,1836910,ASRS,26012026,26-01-2036,30-04-2026,300,300,5604260303571,30-04-26 11:54:56,30-04-26 07:06:24
356007604450063410,1836910,ASRS,26012026,26-01-2036,30-04-2026,300,300,5604260303571,30-04-26 11:53:01,30-04-26 07:05:37
356007604450063427,1836910,ASRS,26012026,26-01-2036,30-04-2026,300,300,5604260303571,30-04-26 11:52:29,30-04-26 07:01:24
356007604450063052,1836910,ASRS,26012026,26-01-2036,30-04-2026,300,300,5604260303571,30-04-26 11:45:18,30-04-26 06:59:20
356007604450063243,1836910,ASRS,26012026,26-01-2036,30-04-2026,300,300,5604260303571,30-04-26 11:47:36,30-04-26 06:59:03
356007604450063434,1836910,ASRS,26012026,26-01-2036,30-04-2026,300,300,5604260303571,30-04-26 11:50:10,30-04-26 06:58:32
356007604450063045,1836910,ASRS,26012026,26-01-2036,30-04-2026,300,300,5604260303571,30-04-26 11:45:27,30-04-26 06:55:01
356007604450063069,1836910,ASRS,26012026,26-01-2036,30-04-2026,300,300,5604260303571,30-04-26 11:44:44,30-04-26 06:54:23
356007604402592159,AGRIBARJR4,ASRS,260414009,14-10-2027,15-04-2026,640,160,5600739960108,30-04-26 11:10:30,30-04-26 06:53:50
356007604450063083,1836910,ASRS,26012026,26-01-2036,30-04-2026,300,300,5604260303571,30-04-26 11:12:46,30-04-26 06:53:16
356007604450063076,1836910,ASRS,26012026,26-01-2036,30-04-2026,300,300,5604260303571,30-04-26 11:44:39,30-04-26 06:51:09
356007604402592067,AGRIBARJR4,ASRS,260414009,14-10-2027,15-04-2026,640,160,5600739960108,30-04-26 11:10:41,30-04-26 06:47:15
356007604450063090,1836910,ASRS,26012026,26-01-2036,30-04-2026,300,300,5604260303571,30-04-26 11:09:04,30-04-26 06:46:53
356007604450063106,1836910,ASRS,26012026,26-01-2036,30-04-2026,300,300,5604260303571,30-04-26 11:08:20,30-04-26 06:46:05
356007604450063113,1836910,ASRS,26012026,26-01-2036,30-04-2026,300,300,5604260303571,30-04-26 11:04:57,30-04-26 06:25:44
356007604402615230,CAMPEAOMIX4,ASRS,260422001,22-04-2027,22-04-2026,640,160,5600760440136,30-04-26 10:59:38,30-04-26 06:21:18
356007604402615353,CAMPEAOMIX4,ASRS,260422001,22-04-2027,22-04-2026,640,160,5600760440136,30-04-26 11:01:34,30-04-26 06:21:06
356007604402615339,CAMPEAOMIX4,ASRS,260422001,22-04-2027,22-04-2026,640,160,5600760440136,30-04-26 11:00:16,30-04-26 06:20:07
356007604450063151,1836910,ASRS,26012026,26-01-2036,30-04-2026,300,300,5604260303571,30-04-26 10:57:49,30-04-26 06:15:16
356007604450063144,1836910,ASRS,26012026,26-01-2036,30-04-2026,300,300,5604260303571,30-04-26 10:59:03,30-04-26 06:13:36
356007604450063168,1836910,ASRS,26012026,26-01-2036,30-04-2026,300,300,5604260303571,30-04-26 10:58:39,30-04-26 06:08:55
356007604450063175,1836910,ASRS,26012026,26-01-2036,30-04-2026,300,300,5604260303571,30-04-26 10:40:11,30-04-26 06:02:45
356007604450063182,1836910,ASRS,26012026,26-01-2036,30-04-2026,300,300,5604260303571,30-04-26 10:40:14,30-04-26 05:57:53
356007604450063205,1836910,ASRS,26012026,26-01-2036,30-04-2026,300,300,5604260303571,30-04-26 10:39:53,30-04-26 05:55:07
356007604450062949,1836910,ASRS,26012026,30-04-2036,30-04-2026,300,300,5604260303571,30-04-26 10:35:51,30-04-26 05:53:48
356007604450063236,1836910,ASRS,26012026,26-01-2036,30-04-2026,300,300,5604260303571,30-04-26 10:34:02,30-04-26 05:52:29
356007604450063229,1836910,ASRS,26012026,26-01-2036,30-04-2026,300,300,5604260303571,30-04-26 10:35:27,30-04-26 05:52:28
356007604450063199,1836910,ASRS,26012026,26-01-2036,30-04-2026,300,300,5604260303571,30-04-26 10:39:59,30-04-26 05:50:51
356007604450063212,1836910,ASRS,26012026,26-01-2036,30-04-2026,300,300,5604260303571,30-04-26 10:36:53,30-04-26 05:49:30
356007604450062963,1836910,ASRS,26012026,30-04-2036,30-04-2026,300,300,5604260303571,30-04-26 10:30:12,30-04-26 05:48:53
356007604450062956,1836910,ASRS,26012026,30-04-2036,30-04-2026,300,300,5604260303571,30-04-26 10:31:21,30-04-26 05:47:23
356007604402624973,AMIGO4,ASRS,260424012,24-04-2027,25-04-2026,560,140,8480012046524,29-04-26 10:01:56,30-04-26 05:46:11
356007604450062970,1836910,ASRS,26012026,30-04-2036,30-04-2026,300,300,5604260303571,30-04-26 10:28:55,30-04-26 05:45:57
356007604450062987,1836910,ASRS,26012026,30-04-2036,30-04-2026,300,300,5604260303571,30-04-26 10:27:39,30-04-26 05:37:21
356007604450062994,1836910,ASRS,26012026,30-04-2036,30-04-2026,300,300,5604260303571,30-04-26 10:26:31,30-04-26 05:36:18
356007604450063007,1836910,ASRS,26012026,30-04-2036,30-04-2026,300,300,5604260303571,30-04-26 10:25:24,30-04-26 05:32:02
356007604450063014,1836910,ASRS,26012026,30-04-2036,30-04-2026,300,300,5604260303571,30-04-26 10:21:39,30-04-26 05:31:30
356007604402617944,1836921,ASRS,260423005,23-04-2027,23-04-2026,630,42,5604260308835,30-04-26 10:24:22,30-04-26 05:31:23
356007604450063021,1836910,ASRS,26012026,30-04-2036,30-04-2026,300,300,5604260303571,30-04-26 10:19:42,30-04-26 05:29:30
356007604450063038,1836910,ASRS,26012026,30-04-2036,30-04-2026,300,300,5604260303571,30-04-26 10:18:15,30-04-26 05:26:22
356007604402567553,1836932,ASRS,260407003,07-04-2027,30-04-2026,640,160,5604260308828,30-04-26 08:07:05,30-04-26 04:00:42
356007604402618323,1836921,ASRS,260423005,23-04-2027,30-04-2026,630,42,5604260308835,30-04-26 08:18:09,30-04-26 03:57:54
356007604402625994,AMIGO4,ASRS,260424012,24-04-2027,25-04-2026,560,140,8480012046524,29-04-26 10:02:58,30-04-26 03:42:56
356007604402621804,1836932,ASRS,260423005,23-04-2027,24-04-2026,640,160,5604260308828,30-04-26 08:06:21,30-04-26 03:42:27
356007604402625741,AMIGO4,ASRS,260424012,24-04-2027,25-04-2026,560,140,8480012046524,29-04-26 10:02:48,30-04-26 03:39:01
356007604402621347,1836932,ASRS,260423005,23-04-2027,24-04-2026,640,160,5604260308828,30-04-26 08:06:14,30-04-26 03:38:08
356007604402567676,1836932,ASRS,260407003,07-04-2027,30-04-2026,640,160,5604260308828,30-04-26 08:06:56,30-04-26 03:36:23
356007604402622085,1836932,ASRS,260423005,23-04-2027,25-04-2026,640,160,5604260308828,30-04-26 08:06:08,30-04-26 03:35:15
356007604402621835,1836932,ASRS,260423005,23-04-2027,24-04-2026,640,160,5604260308828,30-04-26 08:06:01,30-04-26 03:34:05
356007604402624706,AMIGO4,ASRS,260424012,24-04-2027,25-04-2026,560,140,8480012046524,29-04-26 10:02:37,30-04-26 03:04:28
356007604402624560,AMIGO4,ASRS,260424012,24-04-2027,25-04-2026,560,140,8480012046524,29-04-26 10:02:25,30-04-26 02:59:57
356007604402625840,AMIGO4,ASRS,260424012,24-04-2027,25-04-2026,560,140,8480012046524,29-04-26 10:02:53,30-04-26 02:59:34
356007604402625079,AMIGO4,ASRS,260424012,24-04-2027,25-04-2026,560,140,8480012046524,29-04-26 10:02:43,30-04-26 02:55:10
356007604402632152,AMIGO4,ASRS,260424012,24-04-2027,28-04-2026,560,140,8480012046524,28-04-26 00:29:20,30-04-26 02:53:24
356007604402625192,AMIGO4,ASRS,260424012,24-04-2027,25-04-2026,560,140,8480012046524,29-04-26 10:02:10,30-04-26 02:52:45
356007604402624300,AMIGO4,ASRS,260424012,24-04-2027,25-04-2026,560,140,8480012046524,29-04-26 10:02:18,30-04-26 02:52:42
356007604402588800,HAPPYESTERIL10,3,260414005,14-10-2027,14-04-2026,300,30,5600760440297,22-04-26 07:07:11,29-04-26 22:29:12
356007604402631537,AMIGO4,ASRS,260424012,24-04-2027,28-04-2026,560,140,8480012046524,28-04-26 12:34:33,29-04-26 06:30:55
356007604402589975,1857834,ASRS,260414004,14-04-2027,15-04-2026,600,60,5604260337118,29-04-26 08:32:05,29-04-26 06:00:20
356007604402634415,999982,ASRS,260424014,24-04-2027,28-04-2026,640,160,5607047025840,29-04-26 08:46:56,29-04-26 05:49:21
356007604402634156,999982,ASRS,260424014,24-04-2027,28-04-2026,640,160,5607047025840,29-04-26 08:45:02,29-04-26 05:41:53
356007604402624188,AMIGO4,ASRS,260424012,24-04-2027,25-04-2026,560,140,8480012046524,29-04-26 08:28:52,29-04-26 04:59:47
356007604402623853,AMIGO4,ASRS,260424012,24-04-2027,25-04-2026,560,140,8480012046524,28-04-26 12:46:41,29-04-26 04:55:33
356007604402634385,999982,ASRS,260424014,24-04-2027,28-04-2026,640,160,5607047025840,29-04-26 08:46:17,29-04-26 04:27:38
356007604402634286,999982,ASRS,260424014,24-04-2027,28-04-2026,640,160,5607047025840,29-04-26 08:45:47,29-04-26 04:24:41
356007604402634064,999982,ASRS,260424014,24-04-2027,28-04-2026,640,160,5607047025840,28-04-26 11:02:17,29-04-26 04:22:49
356007604402634132,999982,ASRS,260424014,24-04-2027,28-04-2026,640,160,5607047025840,29-04-26 08:44:54,29-04-26 04:18:24
356007604450062352,HPREMIUMRGCF12,ASRS,251023002,23-04-2027,28-04-2026,468,39,5600758049617,28-04-26 03:28:38,29-04-26 04:16:08
356007604402634057,999982,ASRS,260424014,24-04-2027,28-04-2026,640,160,5607047025840,29-04-26 08:43:08,29-04-26 04:15:56
356007604402634040,999982,ASRS,260424014,24-04-2027,28-04-2026,640,160,5607047025840,29-04-26 08:42:30,29-04-26 04:00:55
356007604402633920,999982,ASRS,260424014,24-04-2027,28-04-2026,640,160,5607047025840,29-04-26 08:41:29,29-04-26 03:58:46
356007604402633906,999982,ASRS,260424014,24-04-2027,28-04-2026,640,160,5607047025840,28-04-26 09:52:29,29-04-26 03:55:07
356007604402589982,1857834,ASRS,260414004,14-04-2027,15-04-2026,600,60,5604260337118,29-04-26 08:32:08,29-04-26 03:49:58
356007604402589876,1857834,ASRS,260414004,14-04-2027,15-04-2026,600,60,5604260337118,29-04-26 08:32:10,29-04-26 03:48:10
356007604402589944,1857834,ASRS,260414004,14-04-2027,15-04-2026,600,60,5604260337118,29-04-26 08:31:52,29-04-26 03:44:10
356007604402624232,AMIGO4,ASRS,260424012,24-04-2027,25-04-2026,560,140,8480012046524,29-04-26 08:30:19,29-04-26 03:39:14
356007604402589869,1857834,ASRS,260414004,14-04-2027,15-04-2026,600,60,5604260337118,29-04-26 08:26:19,29-04-26 03:33:30
356007604402589913,1857834,ASRS,260414004,14-04-2027,15-04-2026,600,60,5604260337118,29-04-26 07:45:15,29-04-26 03:24:45
356007604402589999,1857834,ASRS,260414004,14-04-2027,15-04-2026,600,60,5604260337118,29-04-26 07:45:19,29-04-26 03:23:39
356007604402589920,1857834,ASRS,260414004,14-04-2027,15-04-2026,600,60,5604260337118,29-04-26 07:45:21,29-04-26 03:11:55
356007604402612543,AMIGO10,ASRS,260421006,21-04-2027,22-04-2026,480,48,8480012046517,29-04-26 05:22:37,29-04-26 03:07:10
356007604402624133,AMIGO4,ASRS,260424012,24-04-2027,25-04-2026,560,140,8480012046524,25-04-26 06:22:12,29-04-26 03:06:57
356007604402624058,AMIGO4,ASRS,260424012,24-04-2027,25-04-2026,560,140,8480012046524,28-04-26 12:51:46,29-04-26 02:53:04
356007604402623990,AMIGO4,ASRS,260424012,24-04-2027,25-04-2026,560,140,8480012046524,25-04-26 05:54:50,29-04-26 02:50:59
356007604402623945,AMIGO4,ASRS,260424012,24-04-2027,25-04-2026,560,140,8480012046524,25-04-26 05:45:20,29-04-26 02:47:43
356007604402623860,AMIGO4,ASRS,260424012,24-04-2027,25-04-2026,560,140,8480012046524,25-04-26 05:30:42,29-04-26 02:46:40
356007604402632060,AMIGO4,ASRS,260424012,24-04-2027,28-04-2026,560,140,8480012046524,28-04-26 12:34:28,29-04-26 02:37:17
356007604450062604,AMIGO4,ASRS,260424012,24-04-2027,28-04-2026,560,140,8480012046524,28-04-26 12:32:06,29-04-26 02:35:05
356007604402520381,HPREMIUMLIGHTSENIORCF15,ASRS,260326003,26-09-2027,26-03-2026,585,39,5600760440952,28-04-26 07:11:35,29-04-26 00:42:41
356007604402630066,AMIGO4,ASRS,260424012,24-04-2027,27-04-2026,560,140,8480012046524,28-04-26 10:50:54,28-04-26 08:06:16
356007604402631315,AMIGO4,ASRS,260424012,24-04-2027,28-04-2026,560,140,8480012046524,28-04-26 12:26:38,28-04-26 08:01:00
356007604402631186,AMIGO4,ASRS,260424012,24-04-2027,28-04-2026,560,140,8480012046524,28-04-26 12:24:10,28-04-26 07:57:31
356007604402631148,AMIGO4,ASRS,260424012,24-04-2027,28-04-2026,560,140,8480012046524,28-04-26 12:24:13,28-04-26 07:56:51
356007604402590643,1857823,ASRS,260414004,14-04-2027,15-04-2026,480,240,5604260337101,28-04-26 12:20:09,28-04-26 07:52:28
356007604402631063,AMIGO4,ASRS,260424012,24-04-2027,28-04-2026,560,140,8480012046524,28-04-26 12:20:12,28-04-26 07:52:05
356007604402630943,AMIGO4,ASRS,260424012,24-04-2027,28-04-2026,560,140,8480012046524,28-04-26 12:20:15,28-04-26 07:47:17
356007604402630769,AMIGO4,ASRS,260424012,24-04-2027,27-04-2026,560,140,8480012046524,28-04-26 12:20:17,28-04-26 07:47:16
356007604402630714,AMIGO4,ASRS,260424012,24-04-2027,27-04-2026,560,140,8480012046524,28-04-26 12:15:47,28-04-26 07:41:47
356007604402630615,AMIGO4,ASRS,260424012,24-04-2027,27-04-2026,560,140,8480012046524,28-04-26 12:15:50,28-04-26 07:41:46
356007604402623662,AMIGO4,ASRS,260403004,03-04-2027,25-04-2026,560,140,8480012046524,28-04-26 12:15:52,28-04-26 07:36:59
356007604402630332,AMIGO4,ASRS,260424012,24-04-2027,27-04-2026,560,140,8480012046524,28-04-26 12:15:56,28-04-26 07:35:55
356007604450062598,HPREMIUMADULTOHIPO12,ASRS,260427005,27-10-2027,28-04-2026,468,39,5600758049679,28-04-26 12:14:07,28-04-26 07:32:46
356007604402628865,HPREMIUMADULTOHIPO12,ASRS,260427005,27-10-2027,27-04-2026,468,39,5600758049679,28-04-26 12:10:52,28-04-26 07:30:25
356007604402628841,HPREMIUMADULTOHIPO12,ASRS,260427005,27-10-2027,27-04-2026,468,39,5600758049679,28-04-26 12:10:54,28-04-26 07:27:48
356007604402628810,HPREMIUMADULTOHIPO12,ASRS,260427005,27-10-2027,27-04-2026,468,39,5600758049679,28-04-26 12:07:43,28-04-26 07:24:49
356007604402628827,HPREMIUMADULTOHIPO12,ASRS,260427005,27-10-2027,27-04-2026,468,39,5600758049679,28-04-26 12:11:02,28-04-26 07:22:51
356007604402628797,HPREMIUMADULTOHIPO12,ASRS,260427005,27-10-2027,27-04-2026,468,39,5600758049679,28-04-26 12:07:46,28-04-26 07:18:19
356007604402628766,HPREMIUMADULTOHIPO12,ASRS,260427005,27-10-2027,27-04-2026,468,39,5600758049679,28-04-26 12:04:55,28-04-26 07:15:03
356007604402628742,HPREMIUMADULTOHIPO12,ASRS,260427005,27-10-2027,27-04-2026,468,39,5600758049679,28-04-26 11:56:45,28-04-26 07:13:43
356007604402628728,HPREMIUMADULTOHIPO12,ASRS,260427005,27-10-2027,27-04-2026,468,39,5600758049679,28-04-26 11:56:48,28-04-26 07:11:10
356007604402628698,CAMPEAOJR20,ASRS,260425005,25-04-2027,27-04-2026,780,39,5600760440099,28-04-26 11:56:50,28-04-26 07:08:43
356007604402628681,HPREMIUMADULTOHIPO12,ASRS,260427005,27-10-2027,27-04-2026,468,39,5600758049679,28-04-26 11:47:58,28-04-26 07:07:55
356007604402628667,HPREMIUMADULTOHIPO12,ASRS,260427005,27-10-2027,27-04-2026,468,39,5600758049679,28-04-26 11:48:01,28-04-26 07:03:42
356007604402628643,HPREMIUMADULTOHIPO12,ASRS,260427005,27-10-2027,27-04-2026,468,39,5600758049679,28-04-26 11:48:04,28-04-26 07:02:42
356007604402618262,1836921,ASRS,260423005,23-04-2027,23-04-2026,630,42,5604260308835,28-04-26 11:32:18,28-04-26 06:53:11
356007604402618309,1836921,ASRS,260423005,23-04-2027,23-04-2026,630,42,5604260308835,28-04-26 11:18:34,28-04-26 06:49:25
356007604402618293,1836921,ASRS,260423005,23-04-2027,23-04-2026,630,42,5604260308835,28-04-26 11:19:01,28-04-26 06:48:09
356007604402618347,1836921,ASRS,260423005,23-04-2027,23-04-2026,630,42,5604260308835,28-04-26 11:12:48,28-04-26 06:42:51
356007604402618330,1836921,ASRS,260423005,23-04-2027,23-04-2026,630,42,5604260308835,28-04-26 11:05:03,28-04-26 06:39:15
356007604402618392,1836921,ASRS,260423005,23-04-2027,23-04-2026,630,42,5604260308835,28-04-26 11:05:07,28-04-26 06:37:20
356007604402618354,1836921,ASRS,260423005,23-04-2027,23-04-2026,630,42,5604260308835,28-04-26 11:05:14,28-04-26 06:34:28
356007604450062581,HPREMIUMRGCF12,ASRS,260107006,07-07-2027,28-04-2026,468,39,5600758049617,28-04-26 11:01:58,28-04-26 06:30:33
356007604402618378,1836921,ASRS,260423005,23-04-2027,23-04-2026,630,42,5604260308835,28-04-26 11:05:18,28-04-26 06:29:27
356007604402618422,1836921,ASRS,260423005,23-04-2027,23-04-2026,630,42,5604260308835,28-04-26 11:05:25,28-04-26 06:24:18
356007604450003058,HPREMIUMRGCF12,ASRS,260107006,07-07-2027,28-04-2026,468,39,5600758049617,28-04-26 10:53:52,28-04-26 06:19:12
356007604402630301,AMIGO4,ASRS,260424012,24-04-2027,27-04-2026,560,140,8480012046524,28-04-26 10:50:46,28-04-26 06:15:18
356007604450003010,HPREMIUMRGCF12,ASRS,260107006,07-07-2027,28-04-2026,468,39,5600758049617,28-04-26 10:53:56,28-04-26 06:14:04
356007604402630189,AMIGO4,ASRS,260424012,24-04-2027,27-04-2026,560,140,8480012046524,28-04-26 10:50:51,28-04-26 06:09:02
356007604450027580,HPREMIUMRGCF12,ASRS,260107006,07-07-2027,28-04-2026,468,39,5600758049617,28-04-26 10:49:47,28-04-26 06:07:44
356007604450003034,HPREMIUMRGCF12,ASRS,260107006,07-07-2027,28-04-2026,468,39,5600758049617,28-04-26 10:46:55,28-04-26 06:04:37
356007604450003003,HPREMIUMRGCF12,ASRS,260107006,07-07-2027,28-04-2026,468,39,5600758049617,28-04-26 10:44:51,28-04-26 06:04:22
356007604402490646,873824,ASRS,260317004,17-03-2027,28-04-2026,600,30,5601009990252,28-04-26 10:29:35,28-04-26 06:00:12
356007604450003041,HPREMIUMRGCF12,ASRS,260107006,07-07-2027,28-04-2026,468,39,5600758049617,28-04-26 10:37:25,28-04-26 05:59:24
356007604402490554,873824,ASRS,260317004,17-03-2027,18-03-2026,600,30,5601009990252,28-04-26 10:29:39,28-04-26 05:58:00
356007604402490547,873824,ASRS,260317004,17-03-2027,18-03-2026,600,30,5601009990252,28-04-26 10:29:32,28-04-26 05:54:07
356007604402490677,873824,ASRS,260317004,17-03-2027,28-04-2026,600,30,5601009990252,28-04-26 10:29:30,28-04-26 05:52:43
356007604402411771,8290221,ASRS,260224007,24-08-2027,25-02-2026,640,160,5601493734097,28-04-26 10:29:25,28-04-26 05:51:15
356007604402490509,873824,ASRS,260317004,17-03-2027,18-03-2026,600,30,5601009990252,28-04-26 10:29:27,28-04-26 05:48:46
356007604402555635,8290159,ASRS,260404007,04-10-2027,06-04-2026,540,60,5601493734073,28-04-26 10:18:23,28-04-26 05:47:18
356007604402555628,8290159,ASRS,260404007,04-10-2027,06-04-2026,540,60,5601493734073,28-04-26 10:18:29,28-04-26 05:42:53
356007604402448043,8290159,ASRS,260304004,04-09-2027,28-04-2026,540,60,5601493734073,28-04-26 10:16:58,28-04-26 05:39:12
356007604402447862,8290159,ASRS,260304004,04-09-2027,28-04-2026,540,60,5601493734073,28-04-26 10:17:51,28-04-26 05:38:45
356007604450053480,5913013,ASRS,12102025,12-10-2035,28-04-2026,300,300,4335619000049,28-04-26 09:58:31,28-04-26 05:35:13
356007604402448074,8290159,ASRS,260304004,04-09-2027,28-04-2026,540,60,5601493734073,28-04-26 10:15:43,28-04-26 05:33:51
356007604402594979,HPREMIUMGF12,ASRS,260416002,16-10-2027,16-04-2026,468,39,5600758049631,28-04-26 10:14:55,28-04-26 05:33:28
356007604450053725,5913013,ASRS,12102025,12-10-2035,28-04-2026,300,300,4335619000049,28-04-26 09:58:34,28-04-26 05:29:00
356007604450059871,5913013,ASRS,12102025,12-10-2035,20-04-2026,300,300,4335619000049,28-04-26 09:58:41,28-04-26 05:28:04
356007604450062567,HPREMIUMGF12,ASRS,260416002,16-10-2027,28-04-2026,468,39,5600758049631,28-04-26 03:13:58,28-04-26 05:26:25
356007604402629916,AMIGO4,ASRS,260424012,24-04-2027,27-04-2026,560,140,8480012046524,28-04-26 09:54:58,28-04-26 05:24:11
356007604402629763,AMIGO4,ASRS,260424012,24-04-2027,27-04-2026,560,140,8480012046524,28-04-26 09:55:01,28-04-26 05:22:35
356007604402629664,AMIGO4,ASRS,260424012,24-04-2027,27-04-2026,560,140,8480012046524,28-04-26 09:55:12,28-04-26 05:19:05
356007604402520343,HPREMIUMLIGHTSENIORCF15,ASRS,260326003,26-09-2027,26-03-2026,585,39,5600760440952,28-04-26 09:53:17,28-04-26 05:17:01
356007604402520367,HPREMIUMLIGHTSENIORCF15,ASRS,260326003,26-09-2027,26-03-2026,585,39,5600760440952,28-04-26 09:51:46,28-04-26 05:14:37
356007604402520350,HPREMIUMLIGHTSENIORCF15,ASRS,260326003,26-09-2027,26-03-2026,585,39,5600760440952,28-04-26 09:52:54,28-04-26 05:12:41
356007604402448005,8290159,ASRS,260304004,04-09-2027,06-03-2026,540,60,5601493734073,28-04-26 09:50:36,28-04-26 05:08:44
356007604402520398,HPREMIUMLIGHTSENIORCF15,ASRS,260326003,26-09-2027,26-03-2026,585,39,5600760440952,28-04-26 07:10:26,28-04-26 03:36:32
356007604450062338,HPREMIUMRGCF12,ASRS,251023002,23-04-2027,28-04-2026,468,39,5600758049617,28-04-26 03:35:02,28-04-26 03:28:25
356007604402520404,HPREMIUMLIGHTSENIORCF15,ASRS,260326003,26-09-2027,26-03-2026,585,39,5600760440952,28-04-26 07:03:20,28-04-26 03:27:44
356007604450062307,HPREMIUMRGCF12,ASRS,251023002,23-04-2027,28-04-2026,468,39,5600758049617,28-04-26 04:16:37,28-04-26 03:25:13
356007604402520411,HPREMIUMLIGHTSENIORCF15,ASRS,260326003,26-09-2027,26-03-2026,585,39,5600760440952,28-04-26 07:01:57,28-04-26 03:22:33
356007604450062314,HPREMIUMRGCF12,ASRS,251023002,23-04-2027,28-04-2026,468,39,5600758049617,28-04-26 04:16:29,28-04-26 03:18:46
356007604450062291,HPREMIUMRGCF12,ASRS,251023002,23-04-2027,28-04-2026,468,39,5600758049617,28-04-26 04:16:40,28-04-26 03:17:06
356007604450062574,HPREMIUMRGCF12,ASRS,251023002,23-04-2027,28-04-2026,468,39,5600758049617,28-04-26 04:27:54,28-04-26 03:14:40
356007604450062321,HPREMIUMRGCF12,ASRS,251023002,23-04-2027,28-04-2026,468,39,5600758049617,28-04-26 06:58:32,28-04-26 03:11:06
356007604450062345,HPREMIUMRGCF12,ASRS,251023002,23-04-2027,28-04-2026,468,39,5600758049617,28-04-26 03:31:36,28-04-26 03:09:26
356007604450028105,HPREMIUMRGCF12,ASRS,260107006,07-07-2027,27-04-2026,468,39,5600758049617,27-04-26 10:49:19,27-04-26 08:19:30
356007604450062437,HPREMIUMGF12,ASRS,260416002,16-10-2027,27-04-2026,468,39,5600758049631,27-04-26 13:06:10,27-04-26 08:16:12
356007604450062444,HPREMIUMGF12,ASRS,260416002,16-10-2027,27-04-2026,468,39,5600758049631,27-04-26 13:04:32,27-04-26 08:13:58
356007604402628322,HAPPYGATO2,ASRS,260424003,24-10-2027,27-04-2026,480,240,5600760440013,27-04-26 12:51:50,27-04-26 08:08:29
356007604450062369,HPREMIUMRGCF12,ASRS,251023002,23-04-2027,27-04-2026,468,39,5600758049617,27-04-26 12:55:04,27-04-26 08:07:09
356007604402628339,HAPPYGATO2,ASRS,260424003,24-10-2027,27-04-2026,480,240,5600760440013,27-04-26 12:51:48,27-04-26 08:06:51
356007604402628247,HAPPYGATO2,ASRS,260424003,24-10-2027,27-04-2026,480,240,5600760440013,27-04-26 12:51:53,27-04-26 08:05:43
356007604402628230,HAPPYGATO2,ASRS,260424003,24-10-2027,27-04-2026,480,240,5600760440013,27-04-26 12:28:31,27-04-26 07:51:52
356007604450062383,HPREMIUMRGCF12,ASRS,251023002,23-04-2027,27-04-2026,468,39,5600758049617,27-04-26 07:59:51,27-04-26 04:05:54
356007604450062284,HPREMIUMRGCF12,ASRS,251023002,23-04-2027,27-04-2026,468,39,5600758049617,27-04-26 07:47:15,27-04-26 03:52:46
356007604450062390,HPREMIUMRGCF12,ASRS,251023002,23-04-2027,27-04-2026,468,39,5600758049617,27-04-26 07:57:19,27-04-26 03:38:42
356007604450062376,HPREMIUMRGCF12,ASRS,251023002,23-04-2027,27-04-2026,468,39,5600758049617,27-04-26 08:02:15,27-04-26 03:35:11
356007604450062420,HPREMIUMRGCF12,ASRS,251023002,23-04-2027,27-04-2026,468,39,5600758049617,27-04-26 07:50:32,27-04-26 03:34:55
356007604450062413,HPREMIUMRGCF12,ASRS,251023002,23-04-2027,27-04-2026,468,39,5600758049617,27-04-26 07:52:57,27-04-26 03:33:11
356007604450062406,HPREMIUMRGCF12,ASRS,251023002,23-04-2027,27-04-2026,468,39,5600758049617,27-04-26 07:55:05,27-04-26 03:32:11
356007604402620999,1836932,ASRS,260423005,23-04-2027,24-04-2026,640,160,5604260308828,24-04-26 13:23:57,27-04-26 03:19:22
356007604402615940,HAPPYMEDJR3,ASRS,260422006,22-10-2027,23-04-2026,480,160,5600760440525,24-04-26 13:23:48,27-04-26 03:10:55
356007604402607068,8290140,ASRS,260420003,20-10-2027,27-04-2026,640,160,5601493715614,27-04-26 07:21:40,27-04-26 03:08:51
356007604402620944,1836932,ASRS,260423005,23-04-2027,24-04-2026,640,160,5604260308828,24-04-26 13:24:00,27-04-26 03:05:48
356007604402617586,8290144,ASRS,260420003,20-10-2027,23-04-2026,588,42,5601493715638,27-04-26 07:23:02,27-04-26 02:44:10
356007604402615995,HAPPYMEDJR3,ASRS,260422006,22-10-2027,23-04-2026,480,160,5600760440525,27-04-26 06:43:53,27-04-26 02:37:53
356007604402620722,1836932,ASRS,260423005,23-04-2027,24-04-2026,640,160,5604260308828,24-04-26 11:12:42,27-04-26 02:29:42
356007604402615988,HAPPYMEDJR3,ASRS,260422006,22-10-2027,23-04-2026,480,160,5600760440525,24-04-26 13:31:02,27-04-26 02:28:19
356007604402615971,HAPPYMEDJR3,ASRS,260422006,22-10-2027,23-04-2026,480,160,5600760440525,24-04-26 13:31:07,27-04-26 02:24:53
356007604402621064,1836932,ASRS,260423005,23-04-2027,24-04-2026,640,160,5604260308828,24-04-26 13:23:54,27-04-26 02:20:32
356007604450062062,AMIGO10,ASRS,260421006,21-04-2027,24-04-2026,480,48,8480012046517,24-04-26 12:38:37,27-04-26 02:05:39
356007604450062079,AMIGO10,ASRS,260421006,21-04-2027,24-04-2026,480,48,8480012046517,24-04-26 12:38:42,27-04-26 00:50:30
356007604402620821,8290237,ASRS,260424010,24-10-2027,24-04-2026,630,42,5601493715607,24-04-26 11:52:06,24-04-26 08:21:13
356007604402567294,HAPPYJR10,ASRS,260408001,08-10-2027,08-04-2026,600,60,5600760440228,24-04-26 12:39:17,24-04-26 08:16:40
356007604402564644,AMIGO4,ASRS,260403004,03-04-2027,08-04-2026,560,140,8480012046524,24-04-26 12:31:15,24-04-26 08:13:00
356007604402564521,AMIGO4,ASRS,260403004,03-04-2027,08-04-2026,560,140,8480012046524,24-04-26 12:31:26,24-04-26 07:56:24
356007604402564262,AMIGO4,ASRS,260403004,03-04-2027,08-04-2026,560,140,8480012046524,24-04-26 12:22:02,24-04-26 07:35:26
356007604402564194,AMIGO4,ASRS,260403004,03-04-2027,08-04-2026,560,140,8480012046524,24-04-26 12:22:26,24-04-26 07:34:30
356007604450062055,AMIGO4,ASRS,260403004,03-04-2027,24-04-2026,560,140,8480012046524,24-04-26 12:14:24,24-04-26 07:26:25
356007604450062048,AMIGO4,ASRS,260403004,03-04-2027,24-04-2026,560,140,8480012046524,24-04-26 12:14:21,24-04-26 07:26:08
356007604450062017,HPREMIUMCF12,ASRS,251211009,11-06-2027,24-04-2026,468,39,5600758049624,24-04-26 11:59:15,24-04-26 07:24:03
356007604402564033,AMIGO4,ASRS,260403004,03-04-2027,08-04-2026,560,140,8480012046524,24-04-26 12:12:19,24-04-26 07:23:11
356007604402620555,1836932,ASRS,260423005,23-04-2027,24-04-2026,640,160,5604260308828,24-04-26 12:10:23,24-04-26 07:22:33
356007604402564026,AMIGO4,ASRS,260403004,03-04-2027,08-04-2026,560,140,8480012046524,24-04-26 12:11:50,24-04-26 07:22:14
356007604402594269,JACKPETORIGINAL18,ASRS,260415005,15-04-2027,16-04-2026,594,33,5600758049808,24-04-26 11:39:15,24-04-26 07:20:22
356007604402594221,JACKPETORIGINAL18,ASRS,260415005,15-04-2027,16-04-2026,594,33,5600758049808,24-04-26 11:36:39,24-04-26 07:19:38
356007604450062024,HPREMIUMCF12,ASRS,251211009,11-06-2027,24-04-2026,468,39,5600758049624,24-04-26 11:58:40,24-04-26 07:17:04
356007604402594252,JACKPETORIGINAL18,ASRS,260415005,15-04-2027,16-04-2026,594,33,5600758049808,24-04-26 11:38:43,24-04-26 07:16:50
356007604402594313,JACKPETORIGINAL18,ASRS,260415005,15-04-2027,16-04-2026,594,33,5600758049808,24-04-26 11:40:51,24-04-26 07:05:45
356007604402594306,JACKPETORIGINAL18,ASRS,260415005,15-04-2027,16-04-2026,594,33,5600758049808,24-04-26 11:40:23,24-04-26 07:04:51
356007604402594283,JACKPETORIGINAL18,ASRS,260415005,15-04-2027,16-04-2026,594,33,5600758049808,24-04-26 11:39:51,24-04-26 07:02:05
356007604402594191,JACKPETORIGINAL18,ASRS,260415005,15-04-2027,16-04-2026,594,33,5600758049808,24-04-26 11:52:12,24-04-26 07:00:26
356007604402594238,JACKPETORIGINAL18,ASRS,260415005,15-04-2027,16-04-2026,594,33,5600758049808,24-04-26 11:37:10,24-04-26 06:59:42
356007604402594245,JACKPETORIGINAL18,ASRS,260415005,15-04-2027,16-04-2026,594,33,5600758049808,24-04-26 11:37:44,24-04-26 06:57:18
356007604450062031,JACKPETORIGINAL18,ASRS,260415005,15-04-2027,24-04-2026,594,33,5600758049808,24-04-26 11:35:05,24-04-26 06:54:17
356007604402594207,JACKPETORIGINAL18,ASRS,260415005,15-04-2027,16-04-2026,594,33,5600758049808,24-04-26 11:35:36,24-04-26 06:52:40
356007604402594184,JACKPETORIGINAL18,ASRS,260415005,15-04-2027,16-04-2026,594,33,5600758049808,24-04-26 11:32:30,24-04-26 06:43:18
356007604402564910,AMIGO4,ASRS,260403004,03-04-2027,08-04-2026,560,140,8480012046524,24-04-26 11:28:26,24-04-26 06:38:59
356007604402564897,AMIGO4,ASRS,260403004,03-04-2027,08-04-2026,560,140,8480012046524,24-04-26 11:27:50,24-04-26 06:36:44
356007604402610242,AMIGO18,ASRS,260421006,21-04-2027,21-04-2026,594,33,8480012045961,24-04-26 11:25:21,24-04-26 06:34:55
356007604402444830,1471006,ASRS,260217004,17-02-2027,06-03-2026,480,160,5604260339112,24-04-26 11:25:16,24-04-26 06:34:31
356007604402445288,1471006,ASRS,260217004,17-02-2027,06-03-2026,480,160,5604260339112,24-04-26 11:25:13,24-04-26 06:34:02
356007604402620708,5912446,ASRS,260424009,24-04-2027,24-04-2026,600,60,5600760440396,24-04-26 10:50:56,24-04-26 06:25:05
356007604402607198,8290140,ASRS,260420003,20-10-2027,21-04-2026,640,160,5601493715614,24-04-26 10:46:27,24-04-26 06:23:35
356007604402553808,HAPPYADULTO4,2,260403008,03-10-2027,04-04-2026,400,100,5600760440006,23-04-26 07:05:37,24-04-26 06:22:29
356007604402607570,8290140,ASRS,260420003,20-10-2027,21-04-2026,640,160,5601493715614,24-04-26 10:50:11,24-04-26 06:22:19
356007604402607556,8290140,ASRS,260420003,20-10-2027,21-04-2026,640,160,5601493715614,24-04-26 10:49:16,24-04-26 06:20:22
356007604402607297,8290140,ASRS,260420003,20-10-2027,21-04-2026,640,160,5601493715614,24-04-26 10:47:55,24-04-26 06:20:01
356007604402620685,5912446,ASRS,260424009,24-04-2027,24-04-2026,600,60,5600760440396,24-04-26 10:50:05,24-04-26 06:18:35
356007604402607082,8290140,ASRS,260420003,20-10-2027,21-04-2026,640,160,5601493715614,24-04-26 10:40:18,24-04-26 06:16:15
356007604402593033,JACKPETORIGINAL18,ASRS,260415005,15-04-2027,15-04-2026,594,33,5600758049808,24-04-26 10:37:33,24-04-26 06:14:42
356007604402620661,1836932,ASRS,260423005,23-04-2027,24-04-2026,640,160,5604260308828,24-04-26 10:34:19,24-04-26 06:11:53
356007604402593026,JACKPETORIGINAL18,ASRS,260415005,15-04-2027,15-04-2026,594,33,5600758049808,24-04-26 10:36:57,24-04-26 06:09:24
356007604402592937,JACKPETORIGINAL18,ASRS,260415005,15-04-2027,15-04-2026,594,33,5600758049808,24-04-26 10:32:50,24-04-26 06:08:37
356007604402592975,JACKPETORIGINAL18,ASRS,260415005,15-04-2027,15-04-2026,594,33,5600758049808,24-04-26 10:34:53,24-04-26 06:08:02
356007604402593002,JACKPETORIGINAL18,ASRS,260415005,15-04-2027,15-04-2026,594,33,5600758049808,24-04-26 10:36:19,24-04-26 06:07:42
356007604402592982,JACKPETORIGINAL18,ASRS,260415005,15-04-2027,15-04-2026,594,33,5600758049808,24-04-26 10:35:36,24-04-26 06:07:30
356007604402592968,JACKPETORIGINAL18,ASRS,260415005,15-04-2027,15-04-2026,594,33,5600758049808,24-04-26 10:34:09,24-04-26 06:04:59
356007604402592951,JACKPETORIGINAL18,ASRS,260415005,15-04-2027,15-04-2026,594,33,5600758049808,24-04-26 10:33:25,24-04-26 06:04:35
356007604402612222,AMIGO10,ASRS,260421006,21-04-2027,22-04-2026,480,48,8480012046517,24-04-26 10:26:45,24-04-26 05:51:39
356007604402610426,AMIGO18,ASRS,260421006,21-04-2027,21-04-2026,594,33,8480012045961,24-04-26 10:22:21,24-04-26 05:48:45
356007604402612321,AMIGO10,ASRS,260421006,21-04-2027,22-04-2026,480,48,8480012046517,24-04-26 10:31:12,24-04-26 05:42:09
356007604402620654,1836932,ASRS,260423005,23-04-2027,24-04-2026,640,160,5604260308828,24-04-26 10:22:32,24-04-26 05:42:00
356007604402612307,AMIGO10,ASRS,260421006,21-04-2027,22-04-2026,480,48,8480012046517,24-04-26 10:30:01,24-04-26 05:41:35
356007604402612253,AMIGO10,ASRS,260421006,21-04-2027,22-04-2026,480,48,8480012046517,21-04-26 23:56:50,24-04-26 05:38:45
356007604402612277,AMIGO10,ASRS,260421006,21-04-2027,22-04-2026,480,48,8480012046517,24-04-26 10:29:28,24-04-26 05:37:58
356007604402612239,AMIGO10,ASRS,260421006,21-04-2027,22-04-2026,480,48,8480012046517,24-04-26 10:27:10,24-04-26 05:37:15
356007604402612246,AMIGO10,ASRS,260421006,21-04-2027,22-04-2026,480,48,8480012046517,24-04-26 10:27:38,24-04-26 05:37:06
356007604402612208,AMIGO10,ASRS,260421006,21-04-2027,22-04-2026,480,48,8480012046517,24-04-26 10:26:19,24-04-26 05:35:12
356007604402563388,AMIGO4,ASRS,260403004,03-04-2027,07-04-2026,560,140,8480012046524,24-04-26 10:25:32,24-04-26 05:33:07
356007604402610471,AMIGO18,ASRS,260421006,21-04-2027,21-04-2026,594,33,8480012045961,24-04-26 10:23:24,24-04-26 05:32:03
356007604402610457,AMIGO18,ASRS,260421006,21-04-2027,21-04-2026,594,33,8480012045961,24-04-26 10:22:55,24-04-26 05:31:04
356007604402610389,AMIGO18,ASRS,260421006,21-04-2027,21-04-2026,594,33,8480012045961,24-04-26 10:20:04,24-04-26 05:30:15
356007604402610228,AMIGO18,ASRS,260421006,21-04-2027,21-04-2026,594,33,8480012045961,24-04-26 10:21:44,24-04-26 05:29:45
356007604402610204,AMIGO18,ASRS,260421006,21-04-2027,21-04-2026,594,33,8480012045961,24-04-26 10:21:09,24-04-26 05:29:34
356007604402610402,AMIGO18,ASRS,260421006,21-04-2027,21-04-2026,594,33,8480012045961,24-04-26 10:20:37,24-04-26 05:28:26
356007604402442782,HPREMIUMINSETO4,ASRS,260305006,05-09-2027,05-03-2026,420,105,5600758049600,24-04-26 09:59:35,24-04-26 05:26:27
356007604402620548,1836932,ASRS,260423005,23-04-2027,24-04-2026,640,160,5604260308828,24-04-26 10:00:21,24-04-26 05:26:26
356007604402442768,HPREMIUMINSETO4,ASRS,260305006,05-09-2027,05-03-2026,420,105,5600758049600,24-04-26 09:59:06,24-04-26 05:26:16
356007604402620609,1836932,ASRS,260423005,23-04-2027,24-04-2026,640,160,5604260308828,24-04-26 09:56:21,24-04-26 05:22:17
356007604402620524,1836932,ASRS,260423005,23-04-2027,24-04-2026,640,160,5604260308828,24-04-26 09:58:47,24-04-26 05:22:11
356007604402442799,HPREMIUMINSETO4,ASRS,260305006,05-09-2027,05-03-2026,420,105,5600758049600,24-04-26 09:58:54,24-04-26 05:21:23
356007604402590193,1857823,ASRS,260414004,14-04-2027,15-04-2026,480,240,5604260337101,24-04-26 07:53:07,24-04-26 05:20:06
356007604402610198,AMIGO18,ASRS,260421006,21-04-2027,21-04-2026,594,33,8480012045961,24-04-26 09:40:38,24-04-26 05:19:17
356007604402610167,AMIGO18,ASRS,260421006,21-04-2027,21-04-2026,594,33,8480012045961,24-04-26 09:39:53,24-04-26 05:18:02
356007604402620517,1836932,ASRS,260423005,23-04-2027,24-04-2026,640,160,5604260308828,24-04-26 09:40:52,24-04-26 05:17:52
356007604402610143,AMIGO18,ASRS,260421006,21-04-2027,21-04-2026,594,33,8480012045961,24-04-26 09:38:32,24-04-26 05:16:18
356007604402610365,AMIGO18,ASRS,260421006,21-04-2027,21-04-2026,594,33,8480012045961,24-04-26 09:38:05,24-04-26 05:15:01
356007604402443260,HPREMIUMINSETO10,ASRS,260305006,05-09-2027,05-03-2026,400,40,5600758049594,24-04-26 09:32:58,24-04-26 05:08:30
356007604402620425,1836932,ASRS,260423005,23-04-2027,24-04-2026,640,160,5604260308828,24-04-26 08:40:12,24-04-26 05:01:29
356007604402566334,1836932,ASRS,260407003,07-04-2027,08-04-2026,640,160,5604260308828,24-04-26 09:35:58,24-04-26 04:56:34
356007604402565979,1836932,ASRS,260407003,07-04-2027,08-04-2026,640,160,5604260308828,24-04-26 09:35:05,24-04-26 04:53:28
356007604402620265,1836932,ASRS,260423005,23-04-2027,24-04-2026,640,160,5604260308828,24-04-26 07:36:28,24-04-26 04:50:08
356007604402443307,HPREMIUMINSETO10,ASRS,260305006,05-09-2027,05-03-2026,400,40,5600758049594,24-04-26 09:33:02,24-04-26 04:47:11
356007604402443321,HPREMIUMINSETO10,ASRS,260305006,05-09-2027,05-03-2026,400,40,5600758049594,24-04-26 09:33:10,24-04-26 04:42:46
356007604402443277,HPREMIUMINSETO10,ASRS,260305006,05-09-2027,05-03-2026,400,40,5600758049594,24-04-26 09:32:47,24-04-26 04:39:49
356007604402568109,1836932,ASRS,260407003,07-04-2027,08-04-2026,640,160,5604260308828,24-04-26 09:23:59,24-04-26 04:36:41
356007604402568116,1836932,ASRS,260407003,07-04-2027,08-04-2026,640,160,5604260308828,24-04-26 09:24:36,24-04-26 04:33:27
356007604402565832,1836932,ASRS,260407003,07-04-2027,08-04-2026,640,160,5604260308828,24-04-26 09:21:25,24-04-26 04:29:28
356007604402565856,1836932,ASRS,260407003,07-04-2027,08-04-2026,640,160,5604260308828,24-04-26 09:22:05,24-04-26 04:29:10
356007604402567508,1836932,ASRS,260407003,07-04-2027,08-04-2026,640,160,5604260308828,24-04-26 09:19:35,24-04-26 04:27:09
356007604402565535,1836932,ASRS,260407003,07-04-2027,08-04-2026,640,160,5604260308828,24-04-26 09:18:57,24-04-26 04:25:34
356007604402565320,1836932,ASRS,260407003,07-04-2027,08-04-2026,640,160,5604260308828,24-04-26 09:17:43,24-04-26 04:24:39
356007604402590186,1857823,ASRS,260414004,14-04-2027,15-04-2026,480,240,5604260337101,24-04-26 07:52:18,24-04-26 04:16:29
356007604402589616,1857823,ASRS,260414004,14-04-2027,15-04-2026,480,240,5604260337101,24-04-26 07:48:57,24-04-26 03:50:04
356007604402620210,1836932,ASRS,260423005,23-04-2027,24-04-2026,640,160,5604260308828,24-04-26 07:00:18,24-04-26 03:49:34
356007604402589951,1857823,ASRS,260414004,14-04-2027,15-04-2026,480,240,5604260337101,24-04-26 07:49:39,24-04-26 03:44:46
356007604402558773,1665381,ASRS,260403002,03-04-2027,06-04-2026,640,160,5604260285228,24-04-26 07:50:44,24-04-26 03:43:29
356007604402589548,1857823,ASRS,260414004,14-04-2027,15-04-2026,480,240,5604260337101,24-04-26 07:31:21,24-04-26 03:41:47
356007604402590162,1857823,ASRS,260414004,14-04-2027,15-04-2026,480,240,5604260337101,24-04-26 07:51:50,24-04-26 03:41:07
356007604402589814,1857823,ASRS,260414004,14-04-2027,15-04-2026,480,240,5604260337101,24-04-26 07:47:38,24-04-26 03:39:33
356007604402590018,1857823,ASRS,260414004,14-04-2027,15-04-2026,480,240,5604260337101,24-04-26 07:50:13,24-04-26 03:38:48
356007604450059772,5913013,ASRS,12102025,12-10-2035,24-04-2026,300,300,4335619000049,24-04-26 04:10:31,24-04-26 03:37:40
356007604402589937,1857823,ASRS,260414004,14-04-2027,15-04-2026,480,240,5604260337101,24-04-26 07:35:22,24-04-26 03:35:59
356007604402589777,1857823,ASRS,260414004,14-04-2027,15-04-2026,480,240,5604260337101,24-04-26 07:32:53,24-04-26 03:32:33
356007604402487592,HAPPYSENIOR10,ASRS,260316009,16-09-2027,17-03-2026,480,48,5600760440334,24-04-26 07:14:29,24-04-26 03:32:10
356007604402620203,1836932,ASRS,260423005,23-04-2027,24-04-2026,640,160,5604260308828,24-04-26 06:42:00,24-04-26 03:31:57
356007604450059079,5913013,ASRS,12102025,12-10-2035,24-04-2026,300,300,4335619000049,24-04-26 06:00:58,24-04-26 03:28:50
356007604402619917,1836932,ASRS,260423005,23-04-2027,24-04-2026,640,160,5604260308828,24-04-26 04:42:28,24-04-26 03:27:56
356007604402572748,JACKPETORIGINAL10,ASRS,260409003,09-04-2027,09-04-2026,480,48,5600758049815,24-04-26 06:20:20,24-04-26 03:12:49
356007604402619900,1836932,ASRS,260423005,23-04-2027,24-04-2026,640,160,5604260308828,24-04-26 07:14:21,24-04-26 02:58:52
356007604402607051,JACKPETORIGINAL18,ASRS,260420004,20-04-2027,21-04-2026,594,33,5600758049808,24-04-26 06:26:15,24-04-26 02:49:53
356007604402620173,1836932,ASRS,260423005,23-04-2027,24-04-2026,640,160,5604260308828,24-04-26 06:19:22,24-04-26 02:47:01
356007604402620197,1836932,ASRS,260423005,23-04-2027,24-04-2026,640,160,5604260308828,24-04-26 06:32:44,24-04-26 02:46:23
356007604402607037,JACKPETORIGINAL18,ASRS,260420004,20-04-2027,21-04-2026,594,33,5600758049808,24-04-26 06:25:19,24-04-26 02:42:32
356007604402620081,1836932,ASRS,260423005,23-04-2027,24-04-2026,640,160,5604260308828,24-04-26 05:43:51,24-04-26 02:39:33
356007604402572878,JACKPETORIGINAL10,ASRS,260409003,09-04-2027,09-04-2026,480,48,5600758049815,24-04-26 06:23:22,24-04-26 02:37:56
356007604402619979,1836932,ASRS,260423005,23-04-2027,24-04-2026,640,160,5604260308828,24-04-26 05:12:22,24-04-26 02:35:03
356007604402572762,JACKPETORIGINAL10,ASRS,260409003,09-04-2027,09-04-2026,480,48,5600758049815,24-04-26 06:21:59,24-04-26 02:31:33
356007604402572847,JACKPETORIGINAL10,ASRS,260409003,09-04-2027,09-04-2026,480,48,5600758049815,24-04-26 06:22:57,24-04-26 02:29:21
356007604402572809,JACKPETORIGINAL10,ASRS,260409003,09-04-2027,09-04-2026,480,48,5600758049815,24-04-26 06:22:23,24-04-26 02:26:51
356007604402572717,JACKPETORIGINAL10,ASRS,260409003,09-04-2027,09-04-2026,480,48,5600758049815,24-04-26 06:19:46,24-04-26 02:25:08
356007604402572694,JACKPETORIGINAL10,ASRS,260409003,09-04-2027,09-04-2026,480,48,5600758049815,24-04-26 06:19:18,24-04-26 02:23:36
356007604402617876,1836932,ASRS,260423005,23-04-2027,23-04-2026,640,160,5604260308828,24-04-26 06:09:24,24-04-26 02:21:42
356007604450061928,1836932,ASRS,260423005,23-04-2027,24-04-2026,640,160,5604260308828,24-04-26 06:07:18,24-04-26 02:19:38
356007604402559688,HAPPYMIX4,ASRS,260406007,06-10-2027,07-04-2026,640,160,5600760440044,24-04-26 05:16:47,24-04-26 02:17:35
356007604402617630,8290144,ASRS,260420003,20-10-2027,23-04-2026,588,42,5601493715638,24-04-26 03:36:51,24-04-26 02:17:23
356007604450053633,5913013,ASRS,12102025,12-10-2035,24-04-2026,300,300,4335619000049,24-04-26 06:01:01,24-04-26 02:16:02
356007604402619733,1836932,ASRS,260423005,23-04-2027,24-04-2026,640,160,5604260308828,24-04-26 03:33:29,24-04-26 02:11:06
356007604450053145,5913013,ASRS,12102025,12-10-2035,24-04-2026,300,300,4335619000049,24-04-26 05:59:52,24-04-26 01:14:27
356007604402412341,8290221,ASRS,260224007,24-08-2027,23-04-2026,640,160,5601493734097,23-04-26 13:26:23,24-04-26 01:12:46
356007604402559725,HAPPYMIX4,ASRS,260406007,06-10-2027,07-04-2026,640,160,5600760440044,24-04-26 05:16:39,24-04-26 01:11:46
356007604402558025,HAPPYAE4,ASRS,260404006,04-10-2027,06-04-2026,640,160,5600760440051,24-04-26 05:15:13,24-04-26 01:09:03
356007604402557981,HAPPYAE4,ASRS,260404006,04-10-2027,06-04-2026,640,160,5600760440051,24-04-26 05:14:54,24-04-26 01:06:35
356007604402557912,HAPPYAE4,ASRS,260404006,04-10-2027,06-04-2026,640,160,5600760440051,24-04-26 05:14:57,24-04-26 01:02:48
356007604402547135,HAPPYESTERIL4,ASRS,260402001,02-10-2027,02-04-2026,640,160,5600758049433,24-04-26 05:12:19,24-04-26 01:00:22
356007604402555987,HAPPYRP4,ASRS,260403005,03-10-2027,06-04-2026,640,160,5600760440259,24-04-26 05:15:09,24-04-26 00:56:16
356007604402559770,HAPPYMIX4,ASRS,260406007,06-10-2027,07-04-2026,640,160,5600760440044,24-04-26 05:16:34,24-04-26 00:55:23
356007604402555703,HAPPYRP4,ASRS,260403005,03-10-2027,06-04-2026,640,160,5600760440259,24-04-26 05:14:59,24-04-26 00:51:36
356007604402396801,HAPPYAE10,ASRS,260220004,20-08-2027,21-02-2026,600,60,5600760440211,24-04-26 05:12:10,24-04-26 00:50:21
356007604402396818,HAPPYAE10,ASRS,260220004,20-08-2027,21-02-2026,600,60,5600760440211,24-04-26 05:12:12,24-04-26 00:47:28
356007604402396863,HAPPYAE10,ASRS,260220004,20-08-2027,21-02-2026,600,60,5600760440211,24-04-26 05:12:16,24-04-26 00:44:31
356007604402555772,HAPPYRP4,ASRS,260403005,03-10-2027,06-04-2026,640,160,5600760440259,24-04-26 05:15:04,24-04-26 00:41:24
356007604402516889,HAPPYGATINHOS1.5,ASRS,260320003,20-09-2027,25-03-2026,324,324,5600760440310,24-04-26 05:06:44,24-04-26 00:33:28
356007604402516803,HAPPYGATINHOS1.5,ASRS,260320003,20-09-2027,25-03-2026,324,324,5600760440310,24-04-26 05:04:50,24-04-26 00:20:51
356007604402516735,HAPPYGATINHOS1.5,ASRS,260320003,20-09-2027,25-03-2026,324,324,5600760440310,24-04-26 05:06:41,24-04-26 00:20:35
356007604402516704,HAPPYGATINHOS1.5,ASRS,260320003,20-09-2027,25-03-2026,324,324,5600760440310,24-04-26 05:06:51,24-04-26 00:20:14
356007604402516643,HAPPYGATINHOS1.5,ASRS,260320003,20-09-2027,25-03-2026,324,324,5600760440310,24-04-26 05:04:47,24-04-26 00:18:26
356007604402487547,HAPPYSENIOR4,ASRS,260316009,16-09-2027,17-03-2026,640,160,5600760440327,24-04-26 04:46:02,24-04-26 00:11:37
356007604402487653,HAPPYSENIOR10,ASRS,260316009,16-09-2027,17-03-2026,480,48,5600760440334,24-04-26 04:46:05,24-04-26 00:09:17
356007604402619870,1836932,ASRS,260423005,23-04-2027,24-04-2026,640,160,5604260308828,24-04-26 04:32:09,24-04-26 00:01:13
356007604402619894,1836932,ASRS,260423005,23-04-2027,24-04-2026,640,160,5604260308828,24-04-26 04:33:57,24-04-26 00:00:54
356007604402619771,1836932,ASRS,260423005,23-04-2027,24-04-2026,640,160,5604260308828,24-04-26 03:53:09,23-04-26 23:58:09
356007604402447909,8290159,ASRS,260304004,04-09-2027,06-03-2026,540,60,5601493734073,24-04-26 03:34:24,23-04-26 23:54:20
356007604402487288,HAPPYSENIOR4,ASRS,260316009,16-09-2027,17-03-2026,640,160,5600760440327,24-04-26 04:35:24,23-04-26 23:52:18
356007604402487462,HAPPYSENIOR4,ASRS,260316009,16-09-2027,17-03-2026,640,160,5600760440327,24-04-26 04:35:18,23-04-26 23:48:36
356007604402487332,HAPPYSENIOR4,ASRS,260316009,16-09-2027,17-03-2026,640,160,5600760440327,24-04-26 04:35:09,23-04-26 23:46:07
356007604402487387,HAPPYSENIOR4,ASRS,260316009,16-09-2027,17-03-2026,640,160,5600760440327,24-04-26 04:35:02,23-04-26 23:41:33
356007604450053411,5913013,ASRS,12102025,12-10-2035,24-04-2026,300,300,4335619000049,24-04-26 04:08:59,23-04-26 23:25:34
356007604402617678,8290144,ASRS,260420003,20-10-2027,23-04-2026,588,42,5601493715638,24-04-26 03:46:01,23-04-26 23:24:04
356007604450053565,5913013,ASRS,12102025,12-10-2035,24-04-2026,300,300,4335619000049,24-04-26 04:02:04,23-04-26 23:21:02
356007604402543861,8290219,ASRS,260401003,01-10-2027,01-04-2026,600,60,5601493715591,24-04-26 04:01:13,23-04-26 23:19:22
356007604402581801,ALIMERKAADULTO4,ASRS,260413003,13-04-2027,13-04-2026,560,140,8430807037060,24-04-26 03:54:28,23-04-26 23:13:38
356007604402589326,1857823,ASRS,260414004,14-04-2027,15-04-2026,480,240,5604260337101,24-04-26 03:57:07,23-04-26 23:12:35
356007604402617807,8290144,ASRS,260420003,20-10-2027,23-04-2026,588,42,5601493715638,24-04-26 03:53:05,23-04-26 23:06:59
356007604402617784,8290144,ASRS,260420003,20-10-2027,23-04-2026,588,42,5601493715638,24-04-26 03:51:23,23-04-26 23:06:10
356007604402617562,8290144,ASRS,260420003,20-10-2027,23-04-2026,588,42,5601493715638,24-04-26 03:50:07,23-04-26 23:04:36
356007604402617753,8290144,ASRS,260420003,20-10-2027,23-04-2026,588,42,5601493715638,24-04-26 03:50:46,23-04-26 23:01:54
356007604402617555,8290144,ASRS,260420003,20-10-2027,23-04-2026,588,42,5601493715638,24-04-26 03:49:28,23-04-26 23:00:59
356007604402617692,8290144,ASRS,260420003,20-10-2027,23-04-2026,588,42,5601493715638,24-04-26 03:46:52,23-04-26 22:58:39
356007604402617739,8290144,ASRS,260420003,20-10-2027,23-04-2026,588,42,5601493715638,24-04-26 03:48:42,23-04-26 22:56:46
356007604402617715,8290144,ASRS,260420003,20-10-2027,23-04-2026,588,42,5601493715638,24-04-26 03:47:57,23-04-26 22:55:31
356007604402617654,8290144,ASRS,260420003,20-10-2027,23-04-2026,588,42,5601493715638,24-04-26 03:42:34,23-04-26 22:52:19
356007604402617623,8290144,ASRS,260420003,20-10-2027,23-04-2026,588,42,5601493715638,24-04-26 03:36:04,23-04-26 22:48:05
356007604402617647,8290144,ASRS,260420003,20-10-2027,23-04-2026,588,42,5601493715638,24-04-26 03:40:32,23-04-26 22:47:20
356007604402617609,8290144,ASRS,260420003,20-10-2027,23-04-2026,588,42,5601493715638,24-04-26 03:35:20,23-04-26 22:46:19
356007604402617548,8290144,ASRS,260420003,20-10-2027,23-04-2026,588,42,5601493715638,23-04-26 13:04:06,23-04-26 22:45:39
356007604402555598,8290159,ASRS,260304004,04-09-2027,24-04-2026,540,60,5601493734073,24-04-26 03:31:09,23-04-26 22:43:12
356007604402412457,8290221,ASRS,260224007,24-08-2027,23-04-2026,640,160,5601493734097,23-04-26 13:26:27,23-04-26 08:40:24
356007604402466313,1665366,ASRS,260311002,11-03-2027,23-04-2026,720,36,5604260285242,23-04-26 13:25:48,23-04-26 08:38:29
356007604402544028,8290219,ASRS,260401003,01-10-2027,01-04-2026,600,60,5601493715591,23-04-26 12:33:00,23-04-26 08:19:30
356007604402544042,8290219,ASRS,260401003,01-10-2027,01-04-2026,600,60,5601493715591,23-04-26 12:32:53,23-04-26 08:18:21
356007604402617494,HAPPYMEDADULTOSARDINHA12,ASRS,260423002,23-10-2027,23-04-2026,468,39,5600760440624,23-04-26 12:27:24,23-04-26 08:18:10
356007604402617449,HAPPYMEDADULTOSARDINHA12,ASRS,260423002,23-10-2027,23-04-2026,468,39,5600760440624,23-04-26 12:11:17,23-04-26 08:17:05
356007604402617487,HAPPYMEDADULTOSARDINHA12,ASRS,260423002,23-10-2027,23-04-2026,468,39,5600760440624,23-04-26 12:23:21,23-04-26 08:16:25
356007604402543984,8290219,ASRS,260401003,01-10-2027,01-04-2026,600,60,5601493715591,23-04-26 12:28:36,23-04-26 08:15:21
356007604402617470,HAPPYMEDADULTOSARDINHA12,ASRS,260423002,23-10-2027,23-04-2026,468,39,5600760440624,23-04-26 12:19:21,23-04-26 08:15:07
356007604402617463,HAPPYMEDADULTOSARDINHA12,ASRS,260423002,23-10-2027,23-04-2026,468,39,5600760440624,23-04-26 12:15:17,23-04-26 08:14:07
356007604402544127,8290219,ASRS,260401003,01-10-2027,01-04-2026,600,60,5601493715591,23-04-26 12:33:08,23-04-26 08:13:43
356007604402544011,8290219,ASRS,260401003,01-10-2027,01-04-2026,600,60,5601493715591,23-04-26 12:31:02,23-04-26 08:12:52
356007604402544004,8290219,ASRS,260401003,01-10-2027,01-04-2026,600,60,5601493715591,23-04-26 12:30:09,23-04-26 08:12:29
356007604402543960,8290219,ASRS,260401003,01-10-2027,01-04-2026,600,60,5601493715591,23-04-26 12:27:03,23-04-26 08:10:16
356007604402543953,8290219,ASRS,260401003,01-10-2027,01-04-2026,600,60,5601493715591,23-04-26 12:25:31,23-04-26 08:06:51
356007604402617432,HAPPYMEDADULTOSARDINHA12,ASRS,260423002,23-10-2027,23-04-2026,468,39,5600760440624,23-04-26 12:07:14,23-04-26 08:05:49
356007604402543922,8290219,ASRS,260401003,01-10-2027,01-04-2026,600,60,5601493715591,23-04-26 11:07:46,23-04-26 07:50:54
356007604402617319,HAPPYMEDADULTOSARDINHA12,ASRS,260423002,23-10-2027,23-04-2026,468,39,5600760440624,23-04-26 11:33:20,23-04-26 07:42:06
356007604402617425,HAPPYMEDADULTOSARDINHA12,ASRS,260423002,23-10-2027,23-04-2026,468,39,5600760440624,23-04-26 12:03:18,23-04-26 07:34:41
356007604450061829,1470992,ASRS,260321008,21-03-2027,23-04-2026,480,160,5604260339105,23-04-26 12:19:29,23-04-26 07:33:34
356007604402617418,HAPPYMEDADULTOSARDINHA12,ASRS,260423002,23-10-2027,23-04-2026,468,39,5600760440624,23-04-26 11:59:29,23-04-26 07:30:56
356007604402617401,HAPPYMEDADULTOSARDINHA12,ASRS,260423002,23-10-2027,23-04-2026,468,39,5600760440624,23-04-26 11:53:55,23-04-26 07:26:36
356007604450061805,HAPPYGATO2,ASRS,260302010,02-09-2027,23-04-2026,480,240,5600760440013,23-04-26 11:13:16,23-04-26 07:26:30
356007604402617371,HAPPYMEDADULTOSARDINHA12,ASRS,260423002,23-10-2027,23-04-2026,468,39,5600760440624,23-04-26 11:45:46,23-04-26 07:25:07
356007604402617395,HAPPYMEDADULTOSARDINHA12,ASRS,260423002,23-10-2027,23-04-2026,468,39,5600760440624,23-04-26 11:49:46,23-04-26 07:24:19
356007604402550395,HAPPYGATOSALMAO2,ASRS,260402002,02-10-2027,03-04-2026,480,240,5600760440280,23-04-26 09:17:05,23-04-26 07:20:57
356007604402617357,HAPPYMEDADULTOSARDINHA12,ASRS,260423002,23-10-2027,23-04-2026,468,39,5600760440624,23-04-26 11:41:44,23-04-26 07:11:27
356007604402617333,HAPPYMEDADULTOSARDINHA12,ASRS,260423002,23-10-2027,23-04-2026,468,39,5600760440624,23-04-26 11:37:37,23-04-26 07:08:23
356007604402543939,8290219,ASRS,260401003,01-10-2027,01-04-2026,600,60,5601493715591,23-04-26 11:56:18,23-04-26 07:08:10
356007604402617258,HAPPYMEDADULTOSARDINHA12,ASRS,260423002,23-10-2027,23-04-2026,468,39,5600760440624,23-04-26 11:18:53,23-04-26 07:05:43
356007604402617296,HAPPYMEDADULTOSARDINHA12,ASRS,260423002,23-10-2027,23-04-2026,468,39,5600760440624,23-04-26 11:29:24,23-04-26 07:05:03
356007604402549337,HAPPYGATOSALMAO2,ASRS,260402002,02-10-2027,03-04-2026,480,240,5600760440280,23-04-26 10:59:31,23-04-26 07:03:47
356007604402543946,8290219,ASRS,260401003,01-10-2027,01-04-2026,600,60,5601493715591,23-04-26 11:52:43,23-04-26 07:03:24
356007604402617272,HAPPYMEDADULTOSARDINHA12,ASRS,260423002,23-10-2027,23-04-2026,468,39,5600760440624,23-04-26 11:22:55,23-04-26 07:00:59
356007604450061799,HAPPYESTERIL2,ASRS,260402001,02-10-2027,23-04-2026,480,240,5600760440303,23-04-26 11:26:09,23-04-26 06:58:56
356007604402593200,8290150,ASRS,260415002,15-10-2027,16-04-2026,640,160,5601493715584,23-04-26 11:05:42,23-04-26 06:19:23
356007604402593248,8290150,ASRS,260415002,15-10-2027,16-04-2026,640,160,5601493715584,23-04-26 11:05:38,23-04-26 06:13:19
356007604402617234,HAPPYMEDADULTOSARDINHA3,ASRS,260423002,23-10-2027,23-04-2026,480,160,5600760440655,23-04-26 10:38:56,23-04-26 06:07:35
356007604402549535,HAPPYGATOSALMAO2,ASRS,260402002,02-10-2027,03-04-2026,480,240,5600760440280,02-04-26 23:03:48,23-04-26 06:06:19
356007604402549733,HAPPYGATOSALMAO2,ASRS,260402002,02-10-2027,03-04-2026,480,240,5600760440280,23-04-26 09:16:41,23-04-26 06:06:18
356007604402617159,HAPPYMEDADULTOSARDINHA3,ASRS,260423002,23-10-2027,23-04-2026,480,160,5600760440655,23-04-26 09:52:10,23-04-26 06:03:58
356007604402549344,HAPPYGATOSALMAO2,ASRS,260402002,02-10-2027,03-04-2026,480,240,5600760440280,23-04-26 09:16:52,23-04-26 06:03:44
356007604402617203,HAPPYMEDADULTOSARDINHA3,ASRS,260423002,23-10-2027,23-04-2026,480,160,5600760440655,23-04-26 10:19:19,23-04-26 06:03:30
356007604402617135,HAPPYMEDADULTOSARDINHA3,ASRS,260423002,23-10-2027,23-04-2026,480,160,5600760440655,23-04-26 09:37:30,23-04-26 05:56:49
356007604402617050,HAPPYMEDGFBORREGO12,ASRS,260422005,22-10-2027,23-04-2026,468,39,5600758049242,23-04-26 08:55:47,23-04-26 05:49:09
356007604402549269,HAPPYGATOSALMAO2,ASRS,260402002,02-10-2027,03-04-2026,480,240,5600760440280,23-04-26 09:17:13,23-04-26 05:48:32
356007604402611430,AYALAADULTO18,ASRS,260421006,21-04-2027,22-04-2026,594,33,8420947609852,23-04-26 10:28:42,23-04-26 05:47:40
356007604402611683,AYALAADULTO18,ASRS,260421006,21-04-2027,22-04-2026,594,33,8420947609852,23-04-26 10:28:46,23-04-26 05:38:32
356007604402611669,AYALAADULTO18,ASRS,260421006,21-04-2027,22-04-2026,594,33,8420947609852,23-04-26 10:28:44,23-04-26 05:37:37
356007604402549528,HAPPYGATOSALMAO2,ASRS,260402002,02-10-2027,03-04-2026,480,240,5600760440280,23-04-26 09:16:55,23-04-26 05:30:19
356007604402550371,HAPPYGATOSALMAO2,ASRS,260402002,02-10-2027,03-04-2026,480,240,5600760440280,23-04-26 09:17:16,23-04-26 05:29:42
356007604402550128,HAPPYGATOSALMAO2,ASRS,260402002,02-10-2027,03-04-2026,480,240,5600760440280,23-04-26 09:15:51,23-04-26 05:07:20
356007604402550135,HAPPYGATOSALMAO2,ASRS,260402002,02-10-2027,03-04-2026,480,240,5600760440280,23-04-26 09:33:23,23-04-26 05:07:03
356007604402545865,HAPPYGATOSALMAO10,ASRS,260402002,02-10-2027,02-04-2026,480,48,5600760440273,23-04-26 09:19:47,23-04-26 05:05:12
356007604402593347,8290150,ASRS,260415002,15-10-2027,16-04-2026,640,160,5601493715584,23-04-26 09:36:23,23-04-26 05:04:36
356007604402545896,HAPPYGATOSALMAO10,ASRS,260402002,02-10-2027,02-04-2026,480,48,5600760440273,23-04-26 09:19:51,23-04-26 05:00:49
356007604402550098,HAPPYGATOSALMAO2,ASRS,260402002,02-10-2027,03-04-2026,480,240,5600760440280,23-04-26 09:15:58,23-04-26 04:54:21
356007604402549832,HAPPYGATOSALMAO2,ASRS,260402002,02-10-2027,03-04-2026,480,240,5600760440280,23-04-26 09:15:49,23-04-26 04:53:21
356007604402549764,HAPPYGATOSALMAO2,ASRS,260402002,02-10-2027,03-04-2026,480,240,5600760440280,23-04-26 09:15:44,23-04-26 04:51:25
356007604402593385,8290150,ASRS,260415002,15-10-2027,16-04-2026,640,160,5601493715584,23-04-26 09:36:33,23-04-26 04:49:51
356007604402549757,HAPPYGATOSALMAO2,ASRS,260402002,02-10-2027,03-04-2026,480,240,5600760440280,23-04-26 09:37:20,23-04-26 04:46:57
356007604402593286,8290150,ASRS,260415002,15-10-2027,16-04-2026,640,160,5601493715584,23-04-26 09:36:13,23-04-26 04:46:26
356007604402617043,HAPPYMEDGFBORREGO12,ASRS,260422005,22-10-2027,23-04-2026,468,39,5600758049242,23-04-26 09:36:24,23-04-26 04:45:52
356007604402617005,HAPPYMEDGFBORREGO12,ASRS,260422005,22-10-2027,23-04-2026,468,39,5600758049242,23-04-26 08:40:25,23-04-26 04:39:13
356007604402549740,HAPPYGATOSALMAO2,ASRS,260402002,02-10-2027,03-04-2026,480,240,5600760440280,23-04-26 09:16:38,23-04-26 04:38:46
356007604402549818,HAPPYGATOSALMAO2,ASRS,260402002,02-10-2027,03-04-2026,480,240,5600760440280,23-04-26 09:15:47,23-04-26 04:38:41
356007604402616985,HAPPYMEDGFBORREGO12,ASRS,260422005,22-10-2027,23-04-2026,468,39,5600758049242,23-04-26 08:35:08,23-04-26 04:34:13
356007604402616961,HAPPYMEDGFBORREGO12,ASRS,260422005,22-10-2027,23-04-2026,468,39,5600758049242,23-04-26 08:28:23,23-04-26 03:53:20
356007604402616947,HAPPYMEDGFBORREGO12,ASRS,260422005,22-10-2027,23-04-2026,468,39,5600758049242,23-04-26 08:21:17,23-04-26 03:44:25
356007604402616930,HAPPYMEDGFBORREGO12,ASRS,260422005,22-10-2027,23-04-2026,468,39,5600758049242,23-04-26 08:16:58,23-04-26 03:40:27
356007604402557028,HAPPYRP2,ASRS,260403005,03-10-2027,06-04-2026,480,240,5600760440266,23-04-26 07:17:42,23-04-26 03:36:44
356007604402616794,HAPPYMEDGFBORREGO12,ASRS,260422005,22-10-2027,23-04-2026,468,39,5600758049242,23-04-26 07:32:49,23-04-26 03:35:37
356007604402616909,HAPPYMEDGFBORREGO12,ASRS,260422005,22-10-2027,23-04-2026,468,39,5600758049242,23-04-26 08:05:17,23-04-26 03:34:15
356007604402616763,HAPPYMEDGFBORREGO3,ASRS,260422005,22-10-2027,23-04-2026,480,160,5600758049235,23-04-26 07:12:32,23-04-26 03:21:18
356007604402616879,HAPPYMEDGFBORREGO12,ASRS,260422005,22-10-2027,23-04-2026,468,39,5600758049242,23-04-26 07:58:37,23-04-26 03:21:10
356007604402616824,HAPPYMEDGFBORREGO12,ASRS,260422005,22-10-2027,23-04-2026,468,39,5600758049242,23-04-26 07:43:21,23-04-26 03:18:02
356007604402616800,HAPPYMEDGFBORREGO12,ASRS,260422005,22-10-2027,23-04-2026,468,39,5600758049242,23-04-26 07:36:53,23-04-26 03:17:01
356007604402556700,HAPPYRP2,ASRS,260403005,03-10-2027,06-04-2026,480,240,5600760440266,23-04-26 07:17:52,23-04-26 02:53:33
356007604402556854,HAPPYRP2,ASRS,260403005,03-10-2027,06-04-2026,480,240,5600760440266,23-04-26 07:17:59,23-04-26 02:50:40
356007604402556632,HAPPYRP2,ASRS,260403005,03-10-2027,06-04-2026,480,240,5600760440266,23-04-26 07:18:01,23-04-26 02:46:11
356007604402616770,HAPPYMEDGFBORREGO12,ASRS,260422005,22-10-2027,23-04-2026,468,39,5600758049242,23-04-26 07:30:03,23-04-26 02:46:07
356007604402557035,HAPPYRP2,ASRS,260403005,03-10-2027,06-04-2026,480,240,5600760440266,23-04-26 07:17:46,23-04-26 02:39:55
356007604402556885,HAPPYRP2,ASRS,260403005,03-10-2027,06-04-2026,480,240,5600760440266,23-04-26 07:17:34,23-04-26 02:38:27
356007604402557004,HAPPYRP2,ASRS,260403005,03-10-2027,06-04-2026,480,240,5600760440266,23-04-26 07:17:39,23-04-26 02:36:47
356007604402556861,HAPPYRP2,ASRS,260403005,03-10-2027,06-04-2026,480,240,5600760440266,23-04-26 07:17:28,23-04-26 02:34:36
356007604402537839,AYALAADULTO4,ASRS,260329006,29-03-2027,31-03-2026,560,140,8420947609869,23-04-26 07:16:18,23-04-26 02:33:53
356007604402537914,AYALAADULTO4,ASRS,260329006,29-03-2027,31-03-2026,560,140,8420947609869,23-04-26 07:15:27,23-04-26 02:33:50
356007604402538119,AYALAADULTO4,ASRS,260329006,29-03-2027,31-03-2026,560,140,8420947609869,23-04-26 07:13:38,23-04-26 02:31:53
356007604402538157,AYALAADULTO4,ASRS,260329006,29-03-2027,31-03-2026,560,140,8420947609869,23-04-26 07:15:05,23-04-26 02:31:02
356007604402557165,HAPPYRP2,ASRS,260403005,03-10-2027,06-04-2026,480,240,5600760440266,23-04-26 07:10:15,23-04-26 02:30:37
356007604402438310,HAPPYGATO2,ASRS,260302010,02-09-2027,04-03-2026,480,240,5600760440013,23-04-26 06:18:09,23-04-26 02:15:54
356007604402553686,HAPPYADULTO4,ASRS,260403008,03-10-2027,04-04-2026,640,160,5600760440006,23-04-26 07:06:58,23-04-26 02:14:41
356007604402553730,HAPPYADULTO4,ASRS,260403008,03-10-2027,04-04-2026,640,160,5600760440006,23-04-26 07:04:39,23-04-26 02:12:15
356007604402553693,HAPPYADULTO4,ASRS,260403008,03-10-2027,04-04-2026,640,160,5600760440006,23-04-26 07:03:45,23-04-26 02:11:04
356007604402438242,HAPPYGATO2,ASRS,260302010,02-09-2027,04-03-2026,480,240,5600760440013,23-04-26 06:18:34,23-04-26 02:08:49
356007604402616718,HAPPYMEDGFBORREGO3,ASRS,260422005,22-10-2027,23-04-2026,480,160,5600758049235,23-04-26 06:43:27,23-04-26 02:07:58
356007604402438181,HAPPYGATO2,ASRS,260302010,02-09-2027,04-03-2026,480,240,5600760440013,23-04-26 06:18:43,23-04-26 02:07:24
356007604450061737,HAPPYGATO2,ASRS,260302010,02-09-2027,23-04-2026,480,240,5600760440013,23-04-26 06:54:28,23-04-26 02:01:11
356007604402616657,HAPPYMEDGFBORREGO3,ASRS,260422005,22-10-2027,23-04-2026,480,160,5600758049235,23-04-26 06:20:35,23-04-26 01:57:58
356007604402438266,HAPPYGATO2,ASRS,260302010,02-09-2027,04-03-2026,480,240,5600760440013,23-04-26 06:18:02,23-04-26 01:47:49
356007604402547395,HAPPYESTERIL2,ASRS,260402001,02-10-2027,02-04-2026,480,240,5600760440303,23-04-26 06:17:43,23-04-26 01:44:41
356007604402547487,HAPPYESTERIL2,ASRS,260402001,02-10-2027,02-04-2026,480,240,5600760440303,23-04-26 06:17:31,23-04-26 01:41:39
356007604402547746,HAPPYESTERIL2,ASRS,260402001,02-10-2027,02-04-2026,480,240,5600760440303,23-04-26 06:17:37,23-04-26 01:39:03
356007604402547623,HAPPYESTERIL2,ASRS,260402001,02-10-2027,02-04-2026,480,240,5600760440303,23-04-26 06:17:29,23-04-26 01:37:37
356007604402548194,HAPPYESTERIL2,ASRS,260402001,02-10-2027,02-04-2026,480,240,5600760440303,23-04-26 06:16:56,23-04-26 01:37:19
356007604402547975,HAPPYESTERIL2,ASRS,260402001,02-10-2027,02-04-2026,480,240,5600760440303,23-04-26 06:15:22,23-04-26 01:36:39
356007604402547678,HAPPYESTERIL2,ASRS,260402001,02-10-2027,02-04-2026,480,240,5600760440303,23-04-26 06:10:59,23-04-26 01:34:51
356007604402547647,HAPPYESTERIL2,ASRS,260402001,02-10-2027,02-04-2026,480,240,5600760440303,23-04-26 06:12:52,23-04-26 01:34:20
356007604402548316,HAPPYESTERIL2,ASRS,260402001,02-10-2027,02-04-2026,480,240,5600760440303,23-04-26 06:10:33,23-04-26 01:34:12
356007604402548286,HAPPYESTERIL2,ASRS,260402001,02-10-2027,02-04-2026,480,240,5600760440303,23-04-26 06:10:03,23-04-26 01:32:05
356007604402548026,HAPPYESTERIL2,ASRS,260402001,02-10-2027,02-04-2026,480,240,5600760440303,23-04-26 06:05:55,23-04-26 01:31:50
356007604402510726,1470992,ASRS,260321008,21-03-2027,23-04-2026,480,160,5604260339105,23-04-26 03:55:13,23-04-26 01:25:46
356007604402548330,HAPPYESTERIL2,ASRS,260402001,02-10-2027,02-04-2026,480,240,5600760440303,23-04-26 05:58:58,23-04-26 01:23:24
356007604402616480,HAPPYMEDJR12,ASRS,260422006,22-10-2027,23-04-2026,468,39,5600760440556,23-04-26 05:22:12,23-04-26 01:20:17
356007604402616473,HAPPYMEDJR12,ASRS,260422006,22-10-2027,23-04-2026,468,39,5600760440556,23-04-26 05:16:59,23-04-26 01:17:58
356007604450059796,5913013,ASRS,12102025,12-10-2035,23-04-2026,300,300,4335619000049,23-04-26 05:52:59,23-04-26 01:13:26
356007604402616442,HAPPYMEDJR12,ASRS,260422006,22-10-2027,23-04-2026,468,39,5600760440556,23-04-26 05:11:08,23-04-26 01:12:21
356007604402616411,HAPPYMEDJR12,ASRS,260422006,22-10-2027,23-04-2026,468,39,5600760440556,23-04-26 04:47:12,23-04-26 01:08:25
356007604402616398,HAPPYMEDJR12,ASRS,260422006,22-10-2027,23-04-2026,468,39,5600760440556,23-04-26 04:42:00,23-04-26 01:04:33
356007604402548613,HAPPYESTERIL2,ASRS,260402001,02-10-2027,02-04-2026,480,240,5600760440303,23-04-26 05:52:36,23-04-26 01:00:32
356007604402616374,HAPPYMEDJR12,ASRS,260422006,22-10-2027,23-04-2026,468,39,5600760440556,23-04-26 04:36:49,23-04-26 00:59:23
356007604402538324,AYALAADULTO4,ASRS,260329006,29-03-2027,31-03-2026,560,140,8420947609869,23-04-26 04:52:02,23-04-26 00:55:31
356007604402520206,HAPPYJR4,ASRS,260321006,21-09-2027,26-03-2026,640,160,5600760440068,23-04-26 05:13:50,23-04-26 00:50:23
356007604402567331,HAPPYJR10,ASRS,260408001,08-10-2027,08-04-2026,600,60,5600760440228,23-04-26 05:22:38,23-04-26 00:34:44
356007604402520268,HAPPYJR4,ASRS,260321006,21-09-2027,26-03-2026,640,160,5600760440068,23-04-26 05:13:57,23-04-26 00:33:00
356007604402520329,HAPPYJR10,ASRS,260321006,21-09-2027,26-03-2026,600,60,5600760440228,23-04-26 05:14:00,23-04-26 00:27:15
356007604402567386,HAPPYJR10,ASRS,260408001,08-10-2027,08-04-2026,600,60,5600760440228,23-04-26 05:14:04,23-04-26 00:24:13
356007604402567218,HAPPYJR10,ASRS,260408001,08-10-2027,08-04-2026,600,60,5600760440228,23-04-26 05:14:07,23-04-26 00:24:13
356007604450055446,5913013,ASRS,12102025,12-10-2035,23-04-2026,300,300,4335619000049,23-04-26 05:12:31,23-04-26 00:21:29
356007604402567249,HAPPYJR10,ASRS,260408001,08-10-2027,08-04-2026,600,60,5600760440228,23-04-26 05:14:25,23-04-26 00:21:24
356007604402538355,AYALAADULTO4,ASRS,260329006,29-03-2027,31-03-2026,560,140,8420947609869,23-04-26 05:12:39,23-04-26 00:19:12
356007604402538171,AYALAADULTO4,ASRS,260329006,29-03-2027,31-03-2026,560,140,8420947609869,23-04-26 04:51:58,23-04-26 00:16:24
356007604402444281,1471006,ASRS,260217004,17-02-2027,23-04-2026,480,160,5604260339112,23-04-26 04:18:18,23-04-26 00:16:00
356007604450052605,5913013,ASRS,12102025,12-10-2035,23-04-2026,300,300,4335619000049,23-04-26 04:14:05,23-04-26 00:14:04
356007604402444786,1471006,ASRS,260217004,17-02-2027,06-03-2026,480,160,5604260339112,23-04-26 04:18:14,23-04-26 00:13:26
356007604450061492,1471006,ASRS,260217004,17-02-2027,23-04-2026,480,160,5604260339112,23-04-26 04:02:34,23-04-26 00:11:55
356007604450061539,1470992,ASRS,260321008,21-03-2027,23-04-2026,480,160,5604260339105,23-04-26 04:10:56,23-04-26 00:11:41
356007604450061522,1470992,ASRS,260321008,21-03-2027,23-04-2026,480,160,5604260339105,23-04-26 04:07:51,23-04-26 00:08:52
356007604402444335,1471006,ASRS,260217004,17-02-2027,23-04-2026,480,160,5604260339112,23-04-26 04:01:57,23-04-26 00:08:29
356007604402444403,1471006,ASRS,260217004,17-02-2027,23-04-2026,480,160,5604260339112,23-04-26 03:59:30,23-04-26 00:08:03
356007604402510412,1470992,ASRS,260321008,21-03-2027,23-04-2026,480,160,5604260339105,23-04-26 03:55:04,23-04-26 00:07:30
356007604402593187,8290150,ASRS,260415002,15-10-2027,16-04-2026,640,160,5601493715584,23-04-26 03:50:07,22-04-26 23:00:35
356007604402411931,8290221,ASRS,260224007,24-08-2027,23-04-2026,640,160,5601493734097,23-04-26 03:51:53,22-04-26 23:00:32
356007604402593149,8290150,ASRS,260415002,15-10-2027,15-04-2026,640,160,5601493715584,23-04-26 03:47:14,22-04-26 22:59:26
356007604402593095,8290150,ASRS,260415002,15-10-2027,15-04-2026,640,160,5601493715584,23-04-26 03:46:27,22-04-26 22:56:50
356007604402444779,1471006,ASRS,260217004,17-02-2027,23-04-2026,480,160,5604260339112,23-04-26 03:46:29,22-04-26 22:55:49
356007604402593019,8290150,ASRS,260415002,15-10-2027,15-04-2026,640,160,5601493715584,23-04-26 03:38:26,22-04-26 22:51:46
356007604402543632,8290219,ASRS,260401003,01-10-2027,01-04-2026,600,60,5601493715591,23-04-26 03:39:37,22-04-26 22:49:04
356007604402592999,8290150,ASRS,260415002,15-10-2027,15-04-2026,640,160,5601493715584,23-04-26 03:37:14,22-04-26 22:48:11
356007604402592890,8290150,ASRS,260415002,15-10-2027,15-04-2026,640,160,5601493715584,23-04-26 03:36:21,22-04-26 22:47:30
356007604402602704,1000914,ASRS,260417004,17-04-2027,18-04-2026,640,160,5607047025277,23-04-26 03:34:35,22-04-26 22:42:32
356007604450061485,998196,ASRS,260415006,15-04-2027,23-04-2026,480,160,5607047025857,23-04-26 03:30:15,22-04-26 22:39:28
356007604402598694,998196,ASRS,260415006,15-04-2027,17-04-2026,480,160,5607047025857,23-04-26 03:23:23,22-04-26 22:34:15
356007604402597376,998196,ASRS,260415006,15-04-2027,17-04-2026,480,160,5607047025857,23-04-26 03:24:48,22-04-26 22:33:21
356007604402598434,998196,ASRS,260415006,15-04-2027,17-04-2026,480,160,5607047025857,23-04-26 03:20:14,22-04-26 22:26:26
356007604402598380,998196,ASRS,260415006,15-04-2027,17-04-2026,480,160,5607047025857,23-04-26 03:14:41,22-04-26 22:23:19
356007604402610433,1000913,ASRS,260421001,21-04-2027,21-04-2026,640,160,5607047025284,22-04-26 12:29:44,22-04-26 08:08:31
356007604402611126,1000913,ASRS,260421001,21-04-2027,22-04-2026,640,160,5607047025284,22-04-26 12:33:30,22-04-26 07:49:05
356007604402611072,1000913,ASRS,260421001,21-04-2027,22-04-2026,640,160,5607047025284,22-04-26 12:32:53,22-04-26 07:48:36
356007604402610761,1000913,ASRS,260421001,21-04-2027,21-04-2026,640,160,5607047025284,22-04-26 12:39:25,22-04-26 07:47:31
356007604402610914,1000913,ASRS,260421001,21-04-2027,21-04-2026,640,160,5607047025284,22-04-26 12:31:32,22-04-26 07:45:57
356007604402610815,1000913,ASRS,260421001,21-04-2027,21-04-2026,640,160,5607047025284,22-04-26 12:31:25,22-04-26 07:45:55
356007604402609765,1000913,ASRS,260421001,21-04-2027,21-04-2026,640,160,5607047025284,22-04-26 12:26:57,22-04-26 07:42:36
356007604402610310,1000913,ASRS,260421001,21-04-2027,21-04-2026,640,160,5607047025284,22-04-26 12:29:17,22-04-26 07:39:57
356007604402610020,1000913,ASRS,260421001,21-04-2027,21-04-2026,640,160,5607047025284,22-04-26 12:27:57,22-04-26 07:39:25
356007604402610051,1000913,ASRS,260421001,21-04-2027,21-04-2026,640,160,5607047025284,22-04-26 12:28:29,22-04-26 07:38:55
356007604402609666,1000913,ASRS,260421001,21-04-2027,21-04-2026,640,160,5607047025284,22-04-26 12:22:00,22-04-26 07:35:59
356007604402609130,1000913,ASRS,260421001,21-04-2027,21-04-2026,640,160,5607047025284,22-04-26 12:17:03,22-04-26 07:32:23
356007604402612048,1000913,ASRS,260421001,21-04-2027,22-04-2026,640,160,5607047025284,22-04-26 12:09:36,22-04-26 07:31:57
356007604402609352,1000913,ASRS,260421001,21-04-2027,21-04-2026,640,160,5607047025284,22-04-26 12:17:01,22-04-26 07:31:44
356007604402611997,1000913,ASRS,260421001,21-04-2027,22-04-2026,640,160,5607047025284,22-04-26 12:15:08,22-04-26 07:30:12
356007604402611850,1000913,ASRS,260421001,21-04-2027,22-04-2026,640,160,5607047025284,22-04-26 12:09:28,22-04-26 07:28:37
356007604402611898,1000913,ASRS,260421001,21-04-2027,22-04-2026,640,160,5607047025284,22-04-26 12:09:31,22-04-26 07:27:34
356007604402611454,1000913,ASRS,260421001,21-04-2027,22-04-2026,640,160,5607047025284,22-04-26 12:08:54,22-04-26 07:15:32
356007604402611799,1000913,ASRS,260421001,21-04-2027,22-04-2026,640,160,5607047025284,22-04-26 12:03:05,22-04-26 07:15:04
356007604402611379,1000913,ASRS,260421001,21-04-2027,22-04-2026,640,160,5607047025284,22-04-26 11:58:08,22-04-26 07:06:43
356007604402611324,1000913,ASRS,260421001,21-04-2027,22-04-2026,640,160,5607047025284,22-04-26 11:58:15,22-04-26 07:05:39
356007604402474332,8290131,ASRS,260311005,11-09-2027,14-03-2026,480,240,5601493715553,22-04-26 11:56:22,22-04-26 07:02:18
356007604402474363,8290131,ASRS,260311005,11-09-2027,14-03-2026,480,240,5601493715553,22-04-26 11:51:19,22-04-26 07:00:34
356007604450059802,5913013,ASRS,12102025,12-10-2035,22-04-2026,300,300,4335619000049,22-04-26 11:43:59,22-04-26 06:51:05
356007604402474080,8290131,ASRS,260311005,11-09-2027,14-03-2026,480,240,5601493715553,22-04-26 11:18:43,22-04-26 06:46:01
356007604450053367,5913013,ASRS,12102025,12-10-2035,20-04-2026,300,300,4335619000049,22-04-26 11:17:09,22-04-26 06:45:02
356007604450055255,5913013,ASRS,12102025,12-10-2035,22-04-2026,300,300,4335619000049,22-04-26 11:11:07,22-04-26 06:44:28
356007604402591299,8290150,ASRS,260415002,15-10-2027,15-04-2026,640,160,5601493715584,22-04-26 11:09:37,22-04-26 06:44:01
356007604402466184,1665366,ASRS,260311002,11-03-2027,11-03-2026,720,36,5604260285242,22-04-26 10:29:31,22-04-26 06:39:24
356007604402606337,8290140,ASRS,260420003,20-10-2027,21-04-2026,640,160,5601493715614,22-04-26 09:54:21,22-04-26 06:29:35
356007604402466382,1665366,ASRS,260311002,11-03-2027,11-03-2026,720,36,5604260285242,22-04-26 10:23:38,22-04-26 06:05:55
356007604402466306,1665366,ASRS,260311002,11-03-2027,11-03-2026,720,36,5604260285242,11-03-26 13:18:49,22-04-26 05:53:54
356007604402474004,8290131,ASRS,260311005,11-09-2027,13-03-2026,480,240,5601493715553,22-04-26 10:11:26,22-04-26 05:23:32
356007604402582440,ALIMERKAADULTO4,ASRS,260413003,13-04-2027,13-04-2026,560,140,8430807037060,22-04-26 10:12:02,22-04-26 05:22:27
356007604402543267,8290144,ASRS,260401002,01-10-2027,01-04-2026,588,42,5601493715638,22-04-26 10:05:48,22-04-26 05:16:32
356007604402543854,8290219,ASRS,260401003,01-10-2027,01-04-2026,600,60,5601493715591,22-04-26 10:04:29,22-04-26 05:13:02
356007604402587360,8290133,ASRS,260414004,14-10-2027,14-04-2026,640,160,5601493715560,22-04-26 09:49:59,22-04-26 05:11:37
356007604402606870,8290140,ASRS,260420003,20-10-2027,22-04-2026,640,160,5601493715614,22-04-26 09:57:47,22-04-26 05:10:23
356007604402606658,8290140,ASRS,260420003,20-10-2027,22-04-2026,640,160,5601493715614,22-04-26 09:56:05,22-04-26 05:07:40
356007604402606665,8290140,ASRS,260420003,20-10-2027,22-04-2026,640,160,5601493715614,22-04-26 09:56:38,22-04-26 05:07:28
356007604402606535,8290140,ASRS,260420003,20-10-2027,22-04-2026,640,160,5601493715614,22-04-26 09:55:30,22-04-26 05:06:58
356007604402592807,8290150,ASRS,260415002,15-10-2027,15-04-2026,640,160,5601493715584,22-04-26 09:52:13,22-04-26 05:03:00
356007604402592746,8290150,ASRS,260415002,15-10-2027,15-04-2026,640,160,5601493715584,22-04-26 09:51:34,22-04-26 05:01:15
356007604402592739,8290150,ASRS,260415002,15-10-2027,15-04-2026,640,160,5601493715584,22-04-26 09:48:11,22-04-26 05:00:42
356007604402510849,1470992,ASRS,260321008,21-03-2027,22-04-2026,480,160,5604260339105,22-04-26 09:48:41,22-04-26 04:55:51
356007604402592715,8290150,ASRS,260415002,15-10-2027,15-04-2026,640,160,5601493715584,22-04-26 09:45:32,22-04-26 04:55:47
356007604402592418,8290150,ASRS,260415002,15-10-2027,15-04-2026,640,160,5601493715584,22-04-26 09:29:02,22-04-26 04:54:45
356007604402605934,8290140,ASRS,260420003,20-10-2027,21-04-2026,640,160,5601493715614,22-04-26 09:40:57,22-04-26 04:53:40
356007604402592722,8290150,ASRS,260415002,15-10-2027,15-04-2026,640,160,5601493715584,22-04-26 09:45:59,22-04-26 04:53:14
356007604402606276,8290140,ASRS,260420003,20-10-2027,21-04-2026,640,160,5601493715614,22-04-26 09:43:09,22-04-26 04:52:35
356007604402606269,8290140,ASRS,260420003,20-10-2027,21-04-2026,640,160,5601493715614,22-04-26 09:42:34,22-04-26 04:50:05
356007604402592579,8290150,ASRS,260415002,15-10-2027,15-04-2026,640,160,5601493715584,22-04-26 09:41:24,22-04-26 04:49:10
356007604402592494,8290150,ASRS,260415002,15-10-2027,15-04-2026,640,160,5601493715584,22-04-26 09:39:44,22-04-26 04:48:50
356007604402605859,8290140,ASRS,260420003,20-10-2027,21-04-2026,640,160,5601493715614,22-04-26 09:38:17,22-04-26 04:47:13
356007604402597314,998196,ASRS,260415006,15-04-2027,17-04-2026,480,160,5607047025857,22-04-26 09:25:40,22-04-26 04:34:10
356007604402597154,998196,ASRS,260415006,15-04-2027,17-04-2026,480,160,5607047025857,22-04-26 09:23:21,22-04-26 04:33:24
356007604402597260,998196,ASRS,260415006,15-04-2027,17-04-2026,480,160,5607047025857,22-04-26 09:25:49,22-04-26 04:31:35
356007604402597048,998196,ASRS,260415006,15-04-2027,17-04-2026,480,160,5607047025857,22-04-26 09:20:06,22-04-26 04:30:17
356007604402597130,998196,ASRS,260415006,15-04-2027,17-04-2026,480,160,5607047025857,22-04-26 09:22:05,22-04-26 04:28:44
356007604402597109,998196,ASRS,260415006,15-04-2027,17-04-2026,480,160,5607047025857,22-04-26 09:20:04,22-04-26 04:28:42
356007604402572083,8290076,ASRS,260408002,08-10-2027,09-04-2026,324,324,5601493715669,22-04-26 09:15:39,22-04-26 04:22:18
356007604402592180,8290150,ASRS,260415002,15-10-2027,15-04-2026,640,160,5601493715584,22-04-26 08:00:25,22-04-26 03:57:27
356007604402571796,8290076,ASRS,260408002,08-10-2027,09-04-2026,324,324,5601493715669,22-04-26 08:01:43,22-04-26 03:54:51
356007604402592289,8290150,ASRS,260415002,15-10-2027,15-04-2026,640,160,5601493715584,22-04-26 08:01:00,22-04-26 03:52:54
356007604402592173,8290150,ASRS,260415002,15-10-2027,15-04-2026,640,160,5601493715584,22-04-26 07:57:52,22-04-26 03:52:39
356007604402571604,8290076,ASRS,260408002,08-10-2027,09-04-2026,324,324,5601493715669,22-04-26 07:58:26,22-04-26 03:49:36
356007604402571697,8290076,ASRS,260408002,08-10-2027,09-04-2026,324,324,5601493715669,22-04-26 07:58:57,22-04-26 03:49:12
356007604402444762,1471006,ASRS,260217004,17-02-2027,22-04-2026,480,160,5604260339112,22-04-26 07:41:55,22-04-26 02:57:08
356007604402445110,1471006,ASRS,260217004,17-02-2027,22-04-2026,480,160,5604260339112,22-04-26 07:42:19,22-04-26 02:56:46
356007604402588763,HAPPYESTERIL10,ASRS,260414005,14-10-2027,14-04-2026,480,48,5600760440297,22-04-26 07:07:18,22-04-26 02:33:10
356007604402587971,8290133,ASRS,260414004,14-10-2027,22-04-2026,640,160,5601493715560,22-04-26 07:00:40,22-04-26 02:11:39
356007604450059826,5913013,ASRS,12102025,12-10-2035,21-04-2026,300,300,4335619000049,22-04-26 06:49:23,22-04-26 01:59:56
356007604402591725,8290150,ASRS,260415002,15-10-2027,15-04-2026,640,160,5601493715584,22-04-26 06:06:13,22-04-26 01:55:33
356007604402592074,8290150,ASRS,260415002,15-10-2027,15-04-2026,640,160,5601493715584,22-04-26 06:11:43,22-04-26 01:37:18
356007604402588671,8290133,ASRS,260414004,14-10-2027,14-04-2026,640,160,5601493715560,22-04-26 06:01:36,22-04-26 01:30:14
356007604402591671,8290150,ASRS,260415002,15-10-2027,15-04-2026,640,160,5601493715584,22-04-26 06:05:31,22-04-26 01:30:12
356007604402588725,8290133,ASRS,260414004,14-10-2027,14-04-2026,640,160,5601493715560,22-04-26 06:02:05,22-04-26 01:28:33
356007604402588732,8290133,ASRS,260414004,14-10-2027,14-04-2026,640,160,5601493715560,22-04-26 06:04:48,22-04-26 01:28:18
356007604402588541,8290133,ASRS,260414004,14-10-2027,14-04-2026,640,160,5601493715560,22-04-26 06:00:47,22-04-26 01:26:33
356007604402588442,8290133,ASRS,260414004,14-10-2027,14-04-2026,640,160,5601493715560,22-04-26 06:03:30,22-04-26 01:26:24
356007604402588510,8290133,ASRS,260414004,14-10-2027,14-04-2026,640,160,5601493715560,22-04-26 05:59:59,22-04-26 01:22:39
356007604402588404,8290133,ASRS,260414004,14-10-2027,14-04-2026,640,160,5601493715560,22-04-26 05:56:47,22-04-26 01:20:29
356007604402588374,8290133,ASRS,260414004,14-10-2027,14-04-2026,640,160,5601493715560,22-04-26 05:55:29,22-04-26 01:15:56
356007604402588305,8290133,ASRS,260414004,14-10-2027,14-04-2026,640,160,5601493715560,22-04-26 05:54:00,22-04-26 01:15:15
356007604402588497,8290133,ASRS,260414004,14-10-2027,14-04-2026,640,160,5601493715560,22-04-26 05:58:55,22-04-26 01:12:46
356007604402588398,8290133,ASRS,260414004,14-10-2027,14-04-2026,640,160,5601493715560,22-04-26 05:56:09,22-04-26 01:06:14
356007604402588367,8290133,ASRS,260414004,14-10-2027,14-04-2026,640,160,5601493715560,22-04-26 05:54:50,22-04-26 01:04:40
356007604450053435,5913013,ASRS,12102025,12-10-2035,22-04-2026,300,300,4335619000049,22-04-26 05:19:19,22-04-26 01:00:59
356007604450059925,5913013,ASRS,12102025,12-10-2035,07-04-2026,300,300,4335619000049,22-04-26 05:15:58,22-04-26 00:58:03
356007604450053732,5913013,ASRS,12102025,12-10-2035,22-04-2026,300,300,4335619000049,22-04-26 05:35:52,22-04-26 00:53:11
356007604450059833,5913013,ASRS,12102025,12-10-2035,21-04-2026,300,300,4335619000049,22-04-26 05:21:55,22-04-26 00:51:55
356007604402596621,998196,ASRS,260415006,15-04-2027,17-04-2026,480,160,5607047025857,22-04-26 05:24:24,22-04-26 00:48:23
356007604450059819,5913013,ASRS,12102025,12-10-2035,22-04-2026,300,300,4335619000049,22-04-26 05:34:02,22-04-26 00:40:58
356007604450053152,5913013,ASRS,12102025,12-10-2035,22-04-2026,300,300,4335619000049,22-04-26 05:20:29,22-04-26 00:32:37
356007604450052490,5913013,ASRS,12102025,12-10-2035,22-04-2026,300,300,4335619000049,22-04-26 05:19:54,22-04-26 00:27:14
356007604450053596,5913013,ASRS,12102025,12-10-2035,22-04-2026,300,300,4335619000049,22-04-26 05:16:36,22-04-26 00:26:28
356007604450053657,5913013,ASRS,12102025,12-10-2035,22-04-2026,300,300,4335619000049,22-04-26 05:18:01,22-04-26 00:26:15
356007604450059161,5913013,ASRS,12102025,12-10-2035,06-04-2026,300,300,4335619000049,22-04-26 05:18:41,22-04-26 00:25:59
356007604450059314,5913013,ASRS,12102025,12-10-2035,06-04-2026,300,300,4335619000049,22-04-26 05:17:19,22-04-26 00:25:14
356007604450059895,5913013,ASRS,12102025,12-10-2035,22-04-2026,300,300,4335619000049,22-04-26 05:13:07,22-04-26 00:24:11
356007604450052469,5913013,ASRS,12102025,12-10-2035,17-04-2026,300,300,4335619000049,22-04-26 05:15:17,22-04-26 00:22:43
356007604450055538,5913013,ASRS,12102025,12-10-2035,20-04-2026,300,300,4335619000049,22-04-26 05:14:36,22-04-26 00:21:45
356007604450053671,5913013,ASRS,12102025,12-10-2035,22-04-2026,300,300,4335619000049,22-04-26 05:10:41,22-04-26 00:19:16
356007604450059451,5913013,ASRS,12102025,12-10-2035,07-04-2026,300,300,4335619000049,22-04-26 05:09:56,22-04-26 00:19:05
356007604402582716,ALIMERKAADULTO4,ASRS,260413003,13-04-2027,22-04-2026,560,140,8430807037060,22-04-26 04:51:47,22-04-26 00:14:35
356007604450053855,5913013,ASRS,12102025,12-10-2035,22-04-2026,300,300,4335619000049,22-04-26 04:52:23,22-04-26 00:13:23
356007604402444595,1471006,ASRS,260217004,17-02-2027,21-04-2026,480,160,5604260339112,21-04-26 13:02:26,21-04-26 08:21:09
356007604402586998,8290133,ASRS,260414004,14-10-2027,14-04-2026,640,160,5601493715560,14-04-26 05:13:37,21-04-26 08:20:28
356007604450061188,ALIMERKAADULTO4,ASRS,260413003,13-04-2027,21-04-2026,560,140,8430807037060,21-04-26 12:50:53,21-04-26 08:19:22
356007604402444373,1471006,ASRS,260217004,17-02-2027,21-04-2026,480,160,5604260339112,21-04-26 13:08:24,21-04-26 08:18:13
356007604402562176,ALIMERKAADULTO4,ASRS,260403004,03-04-2027,07-04-2026,560,140,8430807037060,07-04-26 12:55:49,21-04-26 08:13:55
356007604402562268,ALIMERKAADULTO4,ASRS,260403004,03-04-2027,07-04-2026,560,140,8430807037060,07-04-26 13:14:35,21-04-26 07:57:28
356007604450061171,ALIMERKAADULTO4,ASRS,260413003,13-04-2027,21-04-2026,560,140,8430807037060,21-04-26 12:44:03,21-04-26 07:51:39
356007604450061164,ALIMERKAADULTO4,ASRS,260413003,13-04-2027,21-04-2026,560,140,8430807037060,21-04-26 12:43:17,21-04-26 07:50:06
356007604450055101,5913013,ASRS,12102025,12-10-2035,21-04-2026,300,300,4335619000049,21-04-26 09:06:15,21-04-26 07:26:27
356007604450053237,5913013,ASRS,12102025,12-10-2035,21-04-2026,300,300,4335619000049,21-04-26 11:56:34,21-04-26 07:13:33
356007604450055200,5913013,ASRS,12102025,12-10-2035,21-04-2026,300,300,4335619000049,21-04-26 11:43:04,21-04-26 07:01:51
356007604450053626,5913013,ASRS,12102025,12-10-2035,21-04-2026,300,300,4335619000049,21-04-26 11:45:32,21-04-26 07:00:26
356007604450059840,5913013,ASRS,12102025,12-10-2035,21-04-2026,300,300,4335619000049,21-04-26 11:52:12,21-04-26 06:59:59
356007604450053077,5913013,ASRS,12102025,12-10-2035,21-04-2026,300,300,4335619000049,21-04-26 11:44:58,21-04-26 06:54:36
356007604402596546,998196,ASRS,260415006,15-04-2027,17-04-2026,480,160,5607047025857,16-04-26 22:56:20,21-04-26 06:54:04
356007604450053695,5913013,ASRS,12102025,12-10-2035,21-04-2026,300,300,4335619000049,21-04-26 11:43:24,21-04-26 06:52:16
356007604402596522,998196,ASRS,260415006,15-04-2027,17-04-2026,480,160,5607047025857,16-04-26 22:54:41,21-04-26 06:43:01
356007604402608416,8290140,ASRS,260420003,20-10-2027,21-04-2026,640,160,5601493715614,21-04-26 10:22:12,21-04-26 06:33:49
356007604402492985,1470955,ASRS,260316008,16-03-2027,21-04-2026,640,160,5604260338184,21-04-26 11:20:35,21-04-26 06:27:50
356007604402608263,8290140,ASRS,260420003,20-10-2027,21-04-2026,640,160,5601493715614,21-04-26 09:42:02,21-04-26 06:26:59
356007604450061096,1471006,ASRS,260217004,17-02-2027,21-04-2026,480,160,5604260339112,21-04-26 11:19:05,21-04-26 06:26:04
356007604402608164,8290140,ASRS,260420003,20-10-2027,21-04-2026,640,160,5601493715614,21-04-26 09:08:57,21-04-26 06:21:27
356007604402608126,8290140,ASRS,260420003,20-10-2027,21-04-2026,640,160,5601493715614,21-04-26 08:59:24,21-04-26 06:19:29
356007604402538591,AYALAADULTO4,ASRS,260329006,29-03-2027,21-04-2026,560,140,8420947609869,21-04-26 08:55:28,21-04-26 06:18:12
356007604402608072,8290140,ASRS,260420003,20-10-2027,21-04-2026,640,160,5601493715614,21-04-26 08:51:49,21-04-26 06:17:18
356007604450061133,1470955,ASRS,260316008,16-03-2027,21-04-2026,640,160,5604260338184,21-04-26 09:01:07,21-04-26 06:17:01
356007604402607990,8290140,ASRS,260420003,20-10-2027,21-04-2026,640,160,5601493715614,21-04-26 08:32:23,21-04-26 06:16:31
356007604450053121,5913013,ASRS,12102025,12-10-2035,21-04-2026,300,300,4335619000049,21-04-26 09:04:35,21-04-26 06:14:37
356007604402607877,8290140,ASRS,260420003,20-10-2027,21-04-2026,640,160,5601493715614,21-04-26 08:03:23,21-04-26 06:13:57
356007604402607839,8290140,ASRS,260420003,20-10-2027,21-04-2026,640,160,5601493715614,21-04-26 07:50:18,21-04-26 06:11:39
356007604402538379,AYALAADULTO4,ASRS,260329006,29-03-2027,21-04-2026,560,140,8420947609869,21-04-26 08:58:24,21-04-26 06:09:22
356007604402510597,1470992,ASRS,260321008,21-03-2027,21-04-2026,480,160,5604260339105,21-04-26 08:53:17,21-04-26 06:09:01
356007604402538737,AYALAADULTO4,ASRS,260329006,29-03-2027,21-04-2026,560,140,8420947609869,21-04-26 08:58:16,21-04-26 06:08:48
356007604402588046,8290133,ASRS,260414004,14-10-2027,21-04-2026,640,160,5601493715560,21-04-26 06:21:57,21-04-26 03:59:08
356007604402555246,8290243,ASRS,260404007,04-10-2027,20-04-2026,588,42,5601493734080,20-04-26 10:35:29,21-04-26 03:59:02
356007604402447985,8290159,ASRS,260304004,04-09-2027,21-04-2026,540,60,5601493734073,21-04-26 06:21:45,21-04-26 03:55:46
356007604450061119,1470992,ASRS,260321008,21-03-2027,21-04-2026,480,160,5604260339105,21-04-26 08:46:09,21-04-26 03:55:25
356007604450061126,1470992,ASRS,260321008,21-03-2027,21-04-2026,480,160,5604260339105,21-04-26 08:46:05,21-04-26 03:54:01
356007604402448098,8290159,ASRS,260304004,04-09-2027,21-04-2026,540,60,5601493734073,21-04-26 06:21:40,21-04-26 03:50:45
356007604402591602,8290150,ASRS,260415002,15-10-2027,21-04-2026,640,160,5601493715584,21-04-26 06:21:36,21-04-26 03:48:51
356007604402607754,8290140,ASRS,260420003,20-10-2027,21-04-2026,640,160,5601493715614,21-04-26 07:35:56,21-04-26 03:05:53
356007604402607648,8290140,ASRS,260420003,20-10-2027,21-04-2026,640,160,5601493715614,21-04-26 06:39:07,21-04-26 03:01:35
356007604402607624,8290140,ASRS,260420003,20-10-2027,21-04-2026,640,160,5601493715614,21-04-26 06:30:13,21-04-26 02:55:26
356007604450059864,5913013,ASRS,12102025,12-10-2035,21-04-2026,300,300,4335619000049,21-04-26 06:32:41,21-04-26 02:17:02
356007604450053176,5913013,ASRS,12102025,12-10-2035,21-04-2026,300,300,4335619000049,21-04-26 06:29:30,21-04-26 01:53:08
356007604450052476,5913013,ASRS,12102025,12-10-2035,21-04-2026,300,300,4335619000049,21-04-26 06:27:08,21-04-26 01:50:36
356007604450053442,5913013,ASRS,12102025,12-10-2035,21-04-2026,300,300,4335619000049,21-04-26 06:26:05,21-04-26 01:49:33
356007604450056610,5913013,ASRS,12102025,12-10-2045,21-04-2026,300,300,4335619000049,21-04-26 06:25:11,21-04-26 01:33:34
356007604450055118,5913013,ASRS,12102025,12-10-2035,21-04-2026,300,300,4335619000049,21-04-26 06:24:38,21-04-26 01:31:02
356007604450053084,5913013,ASRS,12102025,12-10-2035,21-04-2026,300,300,4335619000049,21-04-26 06:23:30,21-04-26 01:30:08
356007604402510535,1470992,ASRS,260321008,21-03-2027,21-04-2026,480,160,5604260339105,21-04-26 06:06:11,21-04-26 01:28:14
356007604402591589,8290150,ASRS,260415002,15-10-2027,21-04-2026,640,160,5601493715584,21-04-26 06:17:11,21-04-26 01:27:12
356007604450055095,5913013,ASRS,12102025,12-10-2035,21-04-2026,300,300,4335619000049,21-04-26 06:01:27,21-04-26 01:23:11
356007604402445240,1471006,ASRS,260217004,17-02-2027,21-04-2026,480,160,5604260339112,21-04-26 06:06:37,21-04-26 01:17:34
356007604450053800,5913013,ASRS,12102025,12-10-2035,21-04-2026,300,300,4335619000049,21-04-26 06:01:35,21-04-26 01:17:23
356007604402412365,8290221,ASRS,260224007,24-08-2027,21-04-2026,640,160,5601493734097,21-04-26 05:59:03,21-04-26 01:14:34
356007604402444663,1471006,ASRS,260217004,17-02-2027,21-04-2026,480,160,5604260339112,21-04-26 05:31:52,21-04-26 01:13:45
356007604402412310,8290221,ASRS,260224007,24-08-2027,21-04-2026,640,160,5601493734097,21-04-26 05:58:54,21-04-26 01:13:22
356007604450055293,5913013,ASRS,12102025,12-10-2035,21-04-2026,300,300,4335619000049,21-04-26 05:32:02,21-04-26 01:11:02
356007604402445264,1471006,ASRS,260217004,17-02-2027,21-04-2026,480,160,5604260339112,21-04-26 05:31:31,21-04-26 01:09:29
356007604450053398,5913013,ASRS,12102025,12-10-2035,21-04-2026,300,300,4335619000049,21-04-26 05:31:56,21-04-26 01:07:52
356007604402445493,1471006,ASRS,260217004,17-02-2027,21-04-2026,480,160,5604260339112,21-04-26 05:31:46,21-04-26 01:03:33
356007604402555611,8290159,ASRS,260404007,04-10-2027,21-04-2026,540,60,5601493734073,21-04-26 05:31:24,21-04-26 01:00:37
356007604450061089,1470955,ASRS,260316008,16-03-2027,21-04-2026,640,160,5604260338184,21-04-26 05:50:43,21-04-26 00:59:03
356007604402555666,8290159,ASRS,260404007,04-10-2027,21-04-2026,540,60,5601493734073,21-04-26 05:26:50,21-04-26 00:37:09
356007604402594474,JACKPETORIGINAL18,ASRS,260415005,15-04-2027,20-04-2026,594,33,5600758049808,20-04-26 12:35:27,21-04-26 00:35:42
356007604402538560,AYALAADULTO4,ASRS,260329006,29-03-2027,21-04-2026,560,140,8420947609869,21-04-26 05:26:29,21-04-26 00:32:35
356007604402447923,8290159,ASRS,260304004,04-09-2027,20-04-2026,540,60,5601493734073,21-04-26 04:07:15,21-04-26 00:25:59
356007604402591565,8290150,ASRS,260415002,15-10-2027,21-04-2026,640,160,5601493715584,21-04-26 04:01:54,21-04-26 00:23:34
356007604402445455,1471006,ASRS,260217004,17-02-2027,21-04-2026,480,160,5604260339112,21-04-26 04:02:27,21-04-26 00:18:46
356007604402447886,8290159,ASRS,260304004,04-09-2027,21-04-2026,540,60,5601493734073,21-04-26 04:02:11,21-04-26 00:17:01
356007604402555123,8290243,ASRS,260404007,04-10-2027,21-04-2026,588,42,5601493734080,21-04-26 04:00:49,21-04-26 00:11:18
356007604402448029,8290159,ASRS,260304004,04-09-2027,21-04-2026,540,60,5601493734073,21-04-26 04:01:12,20-04-26 23:07:26
356007604402391554,1470966,ASRS,260219007,19-02-2027,21-04-2026,600,60,5604260338191,21-04-26 03:57:26,20-04-26 23:05:01
356007604402448128,8290159,ASRS,260304004,04-09-2027,20-04-2026,540,60,5601493734073,20-04-26 12:59:37,20-04-26 08:10:53
356007604402490691,873824,ASRS,260317004,17-03-2027,20-04-2026,600,30,5601009990252,20-04-26 12:50:56,20-04-26 08:07:24
356007604450059987,1470955,ASRS,260316008,16-03-2027,20-04-2026,640,160,5604260338184,20-04-26 12:54:06,20-04-26 08:06:44
356007604402510634,1470992,ASRS,260321008,21-03-2027,20-04-2026,480,160,5604260339105,20-04-26 12:51:00,20-04-26 08:02:26
356007604402412167,8290221,ASRS,260224007,24-08-2027,20-04-2026,640,160,5601493734097,20-04-26 12:50:58,20-04-26 08:02:25
356007604402391707,1470966,ASRS,260219007,19-02-2027,20-04-2026,600,60,5604260338191,20-04-26 12:35:24,20-04-26 07:53:11
356007604402555147,8290243,ASRS,260404007,04-10-2027,20-04-2026,588,42,5601493734080,20-04-26 12:28:19,20-04-26 07:49:15
356007604450060945,1470966,ASRS,260219007,19-02-2027,20-04-2026,600,60,5604260338191,20-04-26 12:29:05,20-04-26 07:47:51
356007604450060013,1470966,ASRS,260219007,19-02-2027,08-04-2026,600,60,05604260338191,08-04-26 12:14:03,20-04-26 07:30:51
356007604402594498,JACKPETORIGINAL18,ASRS,260415005,15-04-2027,20-04-2026,594,33,5600758049808,20-04-26 12:04:54,20-04-26 07:26:57
356007604450059130,5913013,ASRS,12102025,12-10-2035,20-04-2026,300,300,4335619000049,20-04-26 06:47:13,20-04-26 07:26:31
356007604402550265,1857823,ASRS,260403001,03-04-2027,20-04-2026,480,240,5604260337101,20-04-26 11:57:58,20-04-26 07:15:30
356007604402492725,1470955,ASRS,260316008,16-03-2027,20-04-2026,640,160,5604260338184,20-04-26 11:56:30,20-04-26 07:12:16
356007604402492800,1470955,ASRS,260316008,16-03-2027,20-04-2026,640,160,5604260338184,20-04-26 11:55:40,20-04-26 07:11:14
356007604402538553,AYALAADULTO4,ASRS,260329006,29-03-2027,20-04-2026,560,140,8420947609869,20-04-26 11:55:31,20-04-26 07:08:02
356007604450053701,5913013,ASRS,12102025,12-10-2035,20-04-2026,300,300,4335619000049,20-04-26 11:24:34,20-04-26 06:49:26
356007604402555352,8290243,ASRS,260404007,04-10-2027,20-04-2026,588,42,5601493734080,20-04-26 10:49:17,20-04-26 06:37:46
356007604402555307,8290243,ASRS,260404007,04-10-2027,20-04-2026,588,42,5601493734080,20-04-26 11:20:27,20-04-26 06:33:31
356007604402538706,AYALAADULTO4,ASRS,260329006,29-03-2027,20-04-2026,560,140,8420947609869,20-04-26 11:17:55,20-04-26 06:29:32
356007604402555369,8290243,ASRS,260404007,04-10-2027,20-04-2026,588,42,5601493734080,20-04-26 11:18:23,20-04-26 06:29:25
356007604402538584,AYALAADULTO4,ASRS,260329006,29-03-2027,20-04-2026,560,140,8420947609869,20-04-26 10:48:51,20-04-26 06:21:52
356007604450055361,5913013,ASRS,12102025,12-10-2035,20-04-2026,300,300,4335619000049,20-04-26 07:15:35,20-04-26 06:10:09
356007604402594481,JACKPETORIGINAL18,ASRS,260415005,15-04-2027,20-04-2026,594,33,5600758049808,20-04-26 06:45:16,20-04-26 06:06:23
356007604450055309,5913013,ASRS,12102025,12-10-2035,20-04-2026,300,300,4335619000049,20-04-26 10:42:09,20-04-26 06:05:37
356007604450053404,5913013,ASRS,12102025,12-10-2035,20-04-2026,300,300,4335619000049,20-04-26 10:42:02,20-04-26 06:04:53
356007604450053350,5913013,ASRS,12102025,12-10-2035,20-04-2026,300,300,4335619000049,20-04-26 10:40:26,20-04-26 06:00:37
356007604402555406,8290243,ASRS,260404007,04-10-2027,20-04-2026,588,42,5601493734080,20-04-26 10:39:05,20-04-26 06:00:19
356007604402555208,8290243,ASRS,260404007,04-10-2027,20-04-2026,588,42,5601493734080,20-04-26 10:35:26,20-04-26 05:52:23
356007604402555178,8290243,ASRS,260404007,04-10-2027,20-04-2026,588,42,5601493734080,20-04-26 10:31:15,20-04-26 05:41:33
356007604450053091,5913013,ASRS,12102025,12-10-2035,20-04-2026,300,300,4335619000049,20-04-26 10:31:12,20-04-26 05:40:01
356007604450059475,5913013,ASRS,12102025,12-10-2035,20-04-2026,300,300,4335619000049,20-04-26 10:29:47,20-04-26 05:37:19
356007604402555222,8290243,ASRS,260404007,04-10-2027,20-04-2026,588,42,5601493734080,20-04-26 09:07:36,20-04-26 04:55:45
356007604450055132,5913013,ASRS,12102025,12-10-2035,20-04-2026,300,300,4335619000049,20-04-26 09:07:11,20-04-26 04:53:26
356007604402594467,JACKPETORIGINAL18,ASRS,260415005,15-04-2027,20-04-2026,594,33,5600758049808,20-04-26 09:00:58,20-04-26 04:50:23
356007604450053848,5913013,ASRS,12102025,12-10-2035,20-04-2026,300,300,4335619000049,20-04-26 09:00:38,20-04-26 04:47:50
356007604450059086,5913013,ASRS,12102025,12-10-2035,20-04-2026,300,300,4335619000049,20-04-26 09:00:54,20-04-26 04:44:12
356007604450055347,5913013,ASRS,12102025,12-10-2035,20-04-2026,300,300,4335619000049,20-04-26 09:00:48,20-04-26 04:43:31
356007604450053503,5913013,ASRS,12102025,12-10-2035,20-04-2026,300,300,4335619000049,20-04-26 07:50:18,20-04-26 04:38:59
356007604450055491,5913013,ASRS,12102025,12-10-2035,20-04-2026,300,300,4335619000049,20-04-26 07:50:02,20-04-26 04:38:48
356007604450052636,5913013,ASRS,12102025,12-10-2035,20-04-2026,300,300,4335619000049,20-04-26 07:50:12,20-04-26 04:34:41
356007604402555338,8290243,ASRS,260404007,04-10-2027,20-04-2026,588,42,5601493734080,20-04-26 07:49:55,20-04-26 04:33:14
356007604450059901,5913013,ASRS,12102025,12-10-2035,20-04-2026,300,300,4335619000049,20-04-26 07:49:51,20-04-26 04:25:14
356007604402555345,8290243,ASRS,260404007,04-10-2027,20-04-2026,588,42,5601493734080,20-04-26 08:01:50,20-04-26 04:03:50
356007604450055071,5913013,ASRS,12102025,12-10-2035,20-04-2026,300,300,4335619000049,20-04-26 08:01:55,20-04-26 03:52:38
356007604450057822,5913013,ASRS,12102025,12-10-2035,20-04-2026,300,300,4335619000049,20-04-26 07:41:41,20-04-26 03:21:26
356007604450053190,5913013,ASRS,12102025,12-10-2035,20-04-2026,300,300,4335619000049,20-04-26 07:39:19,20-04-26 03:18:35
356007604402555314,8290243,ASRS,260404007,04-10-2027,20-04-2026,588,42,5601493734080,20-04-26 07:40:35,20-04-26 03:14:17
356007604450055279,5913013,ASRS,12102025,12-10-2035,20-04-2026,300,300,4335619000049,20-04-26 07:21:08,20-04-26 03:12:40
356007604450055477,5913013,ASRS,12102025,12-10-2035,20-04-2026,300,300,4335619000049,20-04-26 07:39:58,20-04-26 03:09:50
356007604402594504,JACKPETORIGINAL18,ASRS,260415005,15-04-2027,20-04-2026,594,33,5600758049808,20-04-26 07:32:44,20-04-26 03:02:50
356007604402594443,JACKPETORIGINAL18,ASRS,260415005,15-04-2027,20-04-2026,594,33,5600758049808,20-04-26 07:21:03,20-04-26 02:56:28
356007604450059949,5913013,ASRS,12102025,12-10-2035,20-04-2026,300,300,4335619000049,20-04-26 07:15:42,20-04-26 02:53:55
356007604450059093,5913013,ASRS,12102025,12-10-2035,20-04-2026,300,300,4335619000049,20-04-26 06:48:13,20-04-26 02:45:23
356007604450052377,5913013,ASRS,12102025,12-10-2035,20-04-2026,300,300,4335619000049,20-04-26 06:44:35,20-04-26 02:40:37
356007604450056580,5913013,ASRS,12102025,12-10-2045,20-04-2026,300,300,4335619000049,20-04-26 06:45:59,20-04-26 02:40:28
356007604402596317,998196,ASRS,260415006,15-04-2027,17-04-2026,480,160,5607047025857,16-04-26 21:33:38,20-04-26 01:43:43
356007604402596263,998196,ASRS,260415006,15-04-2027,17-04-2026,480,160,5607047025857,16-04-26 21:12:20,17-04-26 06:58:15
356007604402596256,998196,ASRS,260415006,15-04-2027,17-04-2026,480,160,5607047025857,16-04-26 21:09:50,17-04-26 06:53:05
356007604402591183,8290150,ASRS,260415002,15-10-2027,17-04-2026,640,160,5601493715584,17-04-26 10:28:21,17-04-26 06:38:42
356007604402591022,8290150,ASRS,260415002,15-10-2027,17-04-2026,640,160,5601493715584,17-04-26 10:26:08,17-04-26 06:33:34
356007604402594542,HAPPYMEDGATO2,ASRS,260415010,15-10-2027,16-04-2026,400,200,5600758049792,16-04-26 06:51:56,17-04-26 06:04:58
356007604402591312,8290150,ASRS,260415002,15-10-2027,17-04-2026,640,160,5601493715584,17-04-26 10:17:54,17-04-26 05:35:18
356007604402597925,998196,ASRS,260415006,15-04-2027,17-04-2026,480,160,5607047025857,17-04-26 08:06:45,17-04-26 05:25:22
356007604402594917,HPREMIUMGF12,ASRS,260416002,16-10-2027,16-04-2026,468,39,5600758049631,16-04-26 10:16:50,17-04-26 05:15:54
356007604402597987,998196,ASRS,260415006,15-04-2027,17-04-2026,480,160,5607047025857,17-04-26 08:25:11,17-04-26 04:44:03
356007604402597918,998196,ASRS,260415006,15-04-2027,17-04-2026,480,160,5607047025857,17-04-26 08:05:08,17-04-26 03:41:44
356007604402597888,998196,ASRS,260415006,15-04-2027,17-04-2026,480,160,5607047025857,17-04-26 08:00:24,17-04-26 03:37:44
356007604402594962,HPREMIUMGF12,ASRS,260416002,16-10-2027,16-04-2026,468,39,5600758049631,16-04-26 10:42:19,17-04-26 03:37:28
356007604402597864,998196,ASRS,260415006,15-04-2027,17-04-2026,480,160,5607047025857,17-04-26 07:57:44,17-04-26 03:33:13
356007604402594955,HPREMIUMGF12,ASRS,260416002,16-10-2027,16-04-2026,468,39,5600758049631,16-04-26 10:34:44,17-04-26 03:29:20
356007604402594948,HPREMIUMGF12,ASRS,260416002,16-10-2027,16-04-2026,468,39,5600758049631,16-04-26 10:30:48,17-04-26 03:28:06
356007604402594931,HPREMIUMGF12,ASRS,260416002,16-10-2027,16-04-2026,468,39,5600758049631,16-04-26 10:24:41,17-04-26 02:38:22
356007604402594832,HAPPYMEDGATO7,ASRS,260415010,15-10-2027,16-04-2026,420,60,5600760440808,16-04-26 09:33:33,16-04-26 08:18:52
356007604402594818,HAPPYMEDGATO7,ASRS,260415010,15-10-2027,16-04-2026,420,60,5600760440808,16-04-26 09:20:36,16-04-26 08:13:04
356007604402594634,HAPPYMEDGATO2,ASRS,260415010,15-10-2027,16-04-2026,400,200,5600758049792,16-04-26 07:29:59,16-04-26 07:14:54
356007604402594597,HAPPYMEDGATO2,ASRS,260415010,15-10-2027,16-04-2026,400,200,5600758049792,16-04-26 07:11:16,16-04-26 06:42:39
356007604402587834,8290133,ASRS,260414004,14-10-2027,14-04-2026,640,160,5601493715560,14-04-26 09:15:08,14-04-26 07:30:37
356007604402583003,ALIMERKAADULTO4,ASRS,260413003,13-04-2027,13-04-2026,560,140,8430807037060,13-04-26 09:33:11,13-04-26 05:22:41
226007604450002755,SKU551,A105,BatchTest,03-03-2026,02-02-2026,0,400,5600760440617,22-01-26 04:52:52,21-01-26 23:54:50
567113389065345616,SKU551,A105,BatchTest,03-03-2026,02-02-2026,0,67,0123567890126,20-01-26 04:12:27,19-01-26 23:14:58
567113389065345615,SKU551,A105,BatchTest,03-03-2026,02-02-2026,0,67,0123567890126,19-01-26 11:15:41,19-01-26 06:17:51
567113389065345613,SKU776,B120,BatchTest,03-03-2026,02-02-2026,1876,67,0123567890126,19-01-26 11:03:48,19-01-26 06:07:06
567113389065345612,SKU776,B120,BatchTest,03-03-2026,02-02-2026,1876,67,0123567890126,19-01-26 10:44:40,19-01-26 05:55:50
567113389065345611,SKU776,B123,BatchTest,03-03-2026,02-02-2026,1876,67,0123567890126,12-01-26 09:20:58,12-01-26 04:41:44
11338906534567329,SKU776,B120,BatchTest,03-03-2026,02-02-2026,1876,67,0123567890126,12-01-26 05:26:30,12-01-26 00:29:01
356007604402257034,5912446,B338,260106009,06-01-2027,07-01-2026,600,60,5600760440396,07-01-26 09:25:31,07-01-26 07:40:32
356007604402257256,1000914,B130,260106001,06-01-2027,07-01-2026,640,160,5607047025277,07-01-26 11:24:17,07-01-26 06:35:21
356007604402257232,1000914,B130,260106001,06-01-2027,07-01-2026,640,160,5607047025277,07-01-26 11:22:32,07-01-26 06:32:32
356007604402257225,1000914,B130,260106001,06-01-2027,07-01-2026,640,160,5607047025277,07-01-26 11:20:44,07-01-26 06:22:52
356007604402257058,1000914,B130,260106001,06-01-2027,07-01-2026,640,160,5607047025277,07-01-26 09:38:51,07-01-26 06:21:06
356007604402257157,5912446,B338,260106009,06-01-2027,07-01-2026,600,60,5600760440396,07-01-26 10:59:33,07-01-26 06:07:45
356007604402257133,5912446,B126,260106009,06-01-2027,07-01-2026,600,60,5600760440396,07-01-26 10:50:31,07-01-26 05:58:47
356007604402257119,5912446,B338,260106009,06-01-2027,07-01-2026,600,60,5600760440396,07-01-26 10:30:11,07-01-26 05:57:21
356007604402257102,5912446,B338,260106009,06-01-2027,07-01-2026,600,60,5600760440396,07-01-26 10:27:28,07-01-26 05:56:25
356007604402257096,5912446,B338,260106009,06-01-2027,07-01-2026,600,60,5600760440396,07-01-26 10:26:58,07-01-26 05:55:29
356007604402257089,5912446,B126,260106009,06-01-2027,07-01-2026,600,60,5600760440396,07-01-26 10:15:19,07-01-26 05:35:06
356007604402257072,5912446,B126,260106009,06-01-2027,07-01-2026,600,60,5600760440396,07-01-26 10:14:57,07-01-26 05:34:19
356007604402257065,5912446,B126,260106009,06-01-2027,07-01-2026,600,60,5600760440396,07-01-26 09:41:43,07-01-26 05:31:00
356007604402257041,5912446,B126,260106009,06-01-2027,07-01-2026,600,60,5600760440396,07-01-26 09:33:45,07-01-26 05:30:13
356007604402257003,5912446,B338,260106009,06-01-2027,07-01-2026,600,60,5600760440396,07-01-26 09:08:08,07-01-26 05:21:14
356007604402256976,5912446,B338,260106009,06-01-2027,07-01-2026,600,60,5600760440396,07-01-26 09:01:59,07-01-26 04:52:30
356007604402256952,5900855,B133,260107003,07-01-2027,07-01-2026,660,33,4056489520603,07-01-26 08:58:17,07-01-26 04:11:29
356007604402256945,5900855,B133,260107003,07-01-2027,07-01-2026,660,33,4056489520603,07-01-26 08:57:54,07-01-26 04:10:53
356007604402256921,5912446,B135,260106009,06-01-2027,07-01-2026,600,60,5600760440396,07-01-26 08:55:32,07-01-26 04:08:16
356007604402256914,5912446,B135,260106009,06-01-2027,07-01-2026,600,60,5600760440396,07-01-26 08:52:26,07-01-26 04:07:33
356007604402256907,5912446,B135,260106009,06-01-2027,07-01-2026,600,60,5600760440396,07-01-26 08:49:21,07-01-26 03:59:54
356007604402256884,5912446,B135,260106009,06-01-2027,07-01-2026,600,60,5600760440396,07-01-26 08:46:39,07-01-26 03:59:10
356007604402256877,5912446,B135,260106009,06-01-2027,07-01-2026,600,60,5600760440396,07-01-26 08:45:59,07-01-26 03:54:48
356007604402256891,5900855,B142,260107003,07-01-2027,07-01-2026,660,33,4056489520603,07-01-26 08:46:43,07-01-26 03:53:51
356007604402256518,5912446,B126,260106009,06-01-2027,07-01-2026,600,60,5600760440396,07-01-26 06:08:44,07-01-26 01:24:52
356007604402256495,5900855,B142,260107003,07-01-2027,07-01-2026,660,33,4056489520603,07-01-26 05:58:16,07-01-26 01:14:03
356007604402256471,5912446,B124,260106009,06-01-2027,07-01-2026,600,60,5600760440396,07-01-26 05:51:51,07-01-26 01:12:59
356007604402256488,5900855,B142,260107003,07-01-2027,07-01-2026,660,33,4056489520603,07-01-26 05:56:57,07-01-26 01:11:21
356007604402256464,5900855,B142,260107003,07-01-2027,07-01-2026,660,33,4056489520603,07-01-26 05:51:06,07-01-26 01:10:09
22338906534567373,SKU567,B130,BATCHNEW,02-01-2026,02-02-2026,67,67,0123567890126,06-01-26 09:27:45,07-01-26 01:05:57
356007604402256433,5900855,B142,260107003,07-01-2027,07-01-2026,660,33,4056489520603,07-01-26 05:46:31,07-01-26 00:53:49
356007604402256426,5900855,B142,260107003,07-01-2027,07-01-2026,660,33,4056489520603,07-01-26 05:46:08,07-01-26 00:52:37
356007604402256365,5912446,B126,260106009,06-01-2027,07-01-2026,600,60,5600760440396,07-01-26 04:56:58,07-01-26 00:03:19
356007604402251308,1836932,B426,260102009,02-01-2027,05-01-2026,488,122,5604260308828,05-01-26 17:23:12,06-01-26 23:09:54
356007604402254323,03933P03,A415,260106002,06-01-2027,06-01-2026,480,160,5606497005303,06-01-26 13:53:42,06-01-26 09:06:01
356007604402254231,03933P03,B220,260106002,06-01-2027,06-01-2026,480,160,5606497005303,06-01-26 13:23:42,06-01-26 08:39:10
356007604402254224,03933P03,B220,260106002,06-01-2027,06-01-2026,480,160,5606497005303,06-01-26 13:22:52,06-01-26 08:37:58
356007604402254194,03933P03,B220,260106002,06-01-2027,06-01-2026,480,160,5606497005303,06-01-26 12:34:34,06-01-26 08:36:29
356007604402254187,03933P03,B220,260106002,06-01-2027,06-01-2026,480,160,5606497005303,06-01-26 12:34:12,06-01-26 08:35:18
356007604402254156,03933P03,B220,260106002,06-01-2027,06-01-2026,480,160,5606497005303,06-01-26 12:02:19,06-01-26 08:30:57
356007604402253579,1665370,A113,260106003,06-01-2027,06-01-2026,600,60,5604260285235,06-01-26 07:03:25,06-01-26 02:10:48
356007604402253562,1665370,A113,260106003,06-01-2027,06-01-2026,600,60,5604260285235,06-01-26 07:01:40,06-01-26 02:09:02
356007604402253555,1665370,A113,260106003,06-01-2027,06-01-2026,600,60,5604260285235,06-01-26 07:00:05,06-01-26 02:07:16
356007604402253524,1665370,A113,260106003,06-01-2027,06-01-2026,600,60,5604260285235,06-01-26 06:53:59,06-01-26 02:05:29
356007604402253500,1665370,A113,260106003,06-01-2027,06-01-2026,600,60,5604260285235,06-01-26 06:15:38,06-01-26 02:03:43
356007604402253487,1665370,A113,260106003,06-01-2027,06-01-2026,600,60,5604260285235,06-01-26 06:09:44,06-01-26 02:01:57
356007604402253470,1665370,A113,260106003,06-01-2027,06-01-2026,600,60,5604260285235,06-01-26 06:03:41,06-01-26 02:00:11
356007604402253463,03933P03,A411,260106002,06-01-2027,06-01-2026,480,160,5606497005303,06-01-26 05:58:59,06-01-26 01:54:09
356007604402253456,1665370,A112,260106003,06-01-2027,06-01-2026,600,60,5604260285235,06-01-26 05:57:51,06-01-26 01:52:30
356007604402253449,03933P03,A411,260106002,06-01-2027,06-01-2026,480,160,5606497005303,06-01-26 05:56:14,06-01-26 00:59:43
356007604402253432,03933P03,A411,260106002,06-01-2027,06-01-2026,480,160,5606497005303,06-01-26 05:55:27,06-01-26 00:58:10
356007604402250295,1836932,B426,260102009,02-01-2027,05-01-2026,640,160,5604260308828,05-01-26 12:35:45,05-01-26 07:38:10
356007604402250233,1836932,B426,260102009,02-01-2027,05-01-2026,640,160,5604260308828,05-01-26 12:23:15,05-01-26 07:27:31
356007604402249916,1836932,B426,260102009,02-01-2027,05-01-2026,640,160,5604260308828,05-01-26 10:48:26,05-01-26 07:03:50
356007604402249886,1836932,B222,260102009,02-01-2027,05-01-2026,640,160,5604260308828,05-01-26 10:43:35,05-01-26 05:49:27
356007604402249879,1836932,B222,260102009,02-01-2027,05-01-2026,640,160,5604260308828,05-01-26 10:41:50,05-01-26 05:44:29
356007604402249855,1836932,B222,260102009,02-01-2027,05-01-2026,640,160,5604260308828,05-01-26 10:32:32,05-01-26 05:43:45
356007604402249831,1836932,B222,260102009,02-01-2027,05-01-2026,640,160,5604260308828,05-01-26 10:21:17,05-01-26 05:39:39
356007604402249787,1836932,B222,260102009,02-01-2027,05-01-2026,640,160,5604260308828,05-01-26 10:06:00,05-01-26 05:22:16
356007604402249664,1836932,B222,260102009,02-01-2027,05-01-2026,640,160,5604260308828,05-01-26 09:35:53,05-01-26 05:07:01
356007604402249565,1836932,B222,260102009,02-01-2027,05-01-2026,640,160,5604260308828,05-01-26 09:16:04,05-01-26 04:48:15
78434743712345130,SKU884,A410,BATCHNEW,02-01-2026,02-02-2026,270,27,0123567890126,02-01-26 11:53:24,02-01-26 11:48:54
78434743712345128,SKU884,B139,BATCHNEW,02-01-2026,02-02-2026,270,27,0123567890126,02-01-26 09:40:13,02-01-26 04:43:00
78434743712345127,SKU884,B139,BATCHNEW,02-01-2026,02-02-2026,270,27,0123567890126,02-01-26 08:54:52,02-01-26 04:39:54
78434743712345125,SKU884,A409,BATCHB25,15-03-2027,15-03-2026,220,22,0123567890143,02-01-26 07:51:55,02-01-26 03:42:56
78434743712345100,SKU884,,BATCHB25,15-03-2027,15-03-2026,220,22,0123567890143,30-12-25 09:43:51,30-12-25 04:45:48
78434743712345098,SKU884,,BATCHB25,15-03-2027,15-03-2026,220,22,0123567890143,30-12-25 09:07:48,30-12-25 04:24:16
