SKU,Description,Family,ADI,CV2,Demand_Pattern,Zero_Rate,Quantum_Share_Pct,Horizon,Model,WAPE,Grade,Velocity
02135041,ALIM.S.CAO PRO RACA PEQ. 3K,06MARCAPRO,1.4473684210526316,1.531831461200769,Lumpy,0.35,0.0255,1W,arima,49.151,Fair,B
02135041,ALIM.S.CAO PRO RACA PEQ. 3K,06MARCAPRO,1.4473684210526316,1.531831461200769,Lumpy,0.35,0.0255,2W,RandomForestRegressor,59.667,Poor,B
02135041,ALIM.S.CAO PRO RACA PEQ. 3K,06MARCAPRO,1.4473684210526316,1.531831461200769,Lumpy,0.35,0.0255,4W,CrostonStyle,76.792,Unreliable,B
02135041,ALIM.S.CAO PRO RACA PEQ. 3K,06MARCAPRO,1.4473684210526316,1.531831461200769,Lumpy,0.35,0.0255,8W,CrostonStyle_alpha_02,66.642,Poor,B
02135041,ALIM.S.CAO PRO RACA PEQ. 3K,06MARCAPRO,1.4473684210526316,1.531831461200769,Lumpy,0.35,0.0255,13W,SBA_alpha_02,75.882,Unreliable,B
0213876,Pura Spec Cão Ad Borrego 3Kg,06MARCAPRO,18.8,33.50538638322321,Intermittent,0.9629629629629629,0.0107,1W,SBA_alpha_01,71.17,Poor,C
0213876,Pura Spec Cão Ad Borrego 3Kg,06MARCAPRO,18.8,33.50538638322321,Intermittent,0.9629629629629629,0.0107,2W,SBA_alpha_01,95.832,Unreliable,C
0213876,Pura Spec Cão Ad Borrego 3Kg,06MARCAPRO,18.8,33.50538638322321,Intermittent,0.9629629629629629,0.0107,4W,HuberRegressor,100.0,Unreliable,C
0213876,Pura Spec Cão Ad Borrego 3Kg,06MARCAPRO,18.8,33.50538638322321,Intermittent,0.9629629629629629,0.0107,8W,HuberRegressor,100.0,Unreliable,C
0213876,Pura Spec Cão Ad Borrego 3Kg,06MARCAPRO,18.8,33.50538638322321,Intermittent,0.9629629629629629,0.0107,13W,NaiveLastValue,100.0,Unreliable,C
0061171,Agricat 20Kg,06MARCAPRO,14.625,13.750545899205175,Intermittent,0.926829268292683,0.0351,1W,LastNonZero,34.043,Good,C
0061171,Agricat 20Kg,06MARCAPRO,14.625,13.750545899205175,Intermittent,0.926829268292683,0.0351,2W,arima,99.863,Unreliable,C
0061171,Agricat 20Kg,06MARCAPRO,14.625,13.750545899205175,Intermittent,0.926829268292683,0.0351,4W,NaiveLastValue,100.0,Unreliable,C
0061171,Agricat 20Kg,06MARCAPRO,14.625,13.750545899205175,Intermittent,0.926829268292683,0.0351,8W,NaiveLastValue,100.0,Unreliable,C
0061171,Agricat 20Kg,06MARCAPRO,14.625,13.750545899205175,Intermittent,0.926829268292683,0.0351,13W,NaiveLastValue,100.0,Unreliable,C
0213874,Pura Spec Cão Júnior 3Kg,06MARCAPRO,16.625,27.25062464698587,Intermittent,0.9470588235294117,0.0138,1W,LastNonZero,82.194,Unreliable,C
0213874,Pura Spec Cão Júnior 3Kg,06MARCAPRO,16.625,27.25062464698587,Intermittent,0.9470588235294117,0.0138,2W,TwoStage_RF_Ridge,99.999,Unreliable,C
0213874,Pura Spec Cão Júnior 3Kg,06MARCAPRO,16.625,27.25062464698587,Intermittent,0.9470588235294117,0.0138,4W,NaiveLastValue,100.0,Unreliable,C
0213874,Pura Spec Cão Júnior 3Kg,06MARCAPRO,16.625,27.25062464698587,Intermittent,0.9470588235294117,0.0138,8W,NaiveLastValue,100.0,Unreliable,C
0213874,Pura Spec Cão Júnior 3Kg,06MARCAPRO,16.625,27.25062464698587,Intermittent,0.9470588235294117,0.0138,13W,NaiveLastValue,100.0,Unreliable,C
000966587,Silica Gel Kitty 3.8L,SILICA,1.21875,0.9213841054529335,Smooth,0.2971014492753623,0.4053,1W,MovingAverage_4,35.049,Fair,A
000966587,Silica Gel Kitty 3.8L,SILICA,1.21875,0.9213841054529335,Smooth,0.2971014492753623,0.4053,2W,CrostonStyle_alpha_02,74.076,Poor,A
000966587,Silica Gel Kitty 3.8L,SILICA,1.21875,0.9213841054529335,Smooth,0.2971014492753623,0.4053,4W,SBA_alpha_02,99.654,Unreliable,A
000966587,Silica Gel Kitty 3.8L,SILICA,1.21875,0.9213841054529335,Smooth,0.2971014492753623,0.4053,8W,ZeroForecast,100.0,Unreliable,A
000966587,Silica Gel Kitty 3.8L,SILICA,1.21875,0.9213841054529335,Smooth,0.2971014492753623,0.4053,13W,ZeroForecast,100.0,Unreliable,A
0213875,Pura Spec Cão Júnior 15Kg,06MARCAPRO,7.0,7.596225173229044,Intermittent,0.8588235294117647,0.0871,1W,TwoStage_Logistic_Huber,72.544,Poor,B
0213875,Pura Spec Cão Júnior 15Kg,06MARCAPRO,7.0,7.596225173229044,Intermittent,0.8588235294117647,0.0871,2W,SeasonalNaive_52,74.506,Poor,B
0213875,Pura Spec Cão Júnior 15Kg,06MARCAPRO,7.0,7.596225173229044,Intermittent,0.8588235294117647,0.0871,4W,SeasonalNaive_52,86.696,Unreliable,B
0213875,Pura Spec Cão Júnior 15Kg,06MARCAPRO,7.0,7.596225173229044,Intermittent,0.8588235294117647,0.0871,8W,ZeroForecast,100.0,Unreliable,B
0213875,Pura Spec Cão Júnior 15Kg,06MARCAPRO,7.0,7.596225173229044,Intermittent,0.8588235294117647,0.0871,13W,sarima,98.666,Unreliable,B
02033464,PorSi Silica 1.5Kg,SILICA,1.4301075268817205,1.1115489244488113,Lumpy,0.3037037037037037,0.1232,1W,Ridge,13.983,Excellent,A
02033464,PorSi Silica 1.5Kg,SILICA,1.4301075268817205,1.1115489244488113,Lumpy,0.3037037037037037,0.1232,2W,ADIDA_4,64.884,Poor,A
02033464,PorSi Silica 1.5Kg,SILICA,1.4301075268817205,1.1115489244488113,Lumpy,0.3037037037037037,0.1232,4W,ADIDA_4,54.082,Fair,A
02033464,PorSi Silica 1.5Kg,SILICA,1.4301075268817205,1.1115489244488113,Lumpy,0.3037037037037037,0.1232,8W,Ridge,51.458,Fair,A
02033464,PorSi Silica 1.5Kg,SILICA,1.4301075268817205,1.1115489244488113,Lumpy,0.3037037037037037,0.1232,13W,arima,65.95,Poor,A
0213878,Pura Spec Cão Ad Salmão 3Kg,06MARCAPRO,25.6,28.698826304468533,Intermittent,0.9629629629629629,0.0133,1W,LastNonZero,46.925,Fair,C
0213878,Pura Spec Cão Ad Salmão 3Kg,06MARCAPRO,25.6,28.698826304468533,Intermittent,0.9629629629629629,0.0133,2W,arima,99.968,Unreliable,C
0213878,Pura Spec Cão Ad Salmão 3Kg,06MARCAPRO,25.6,28.698826304468533,Intermittent,0.9629629629629629,0.0133,4W,NaiveLastValue,100.0,Unreliable,C
0213878,Pura Spec Cão Ad Salmão 3Kg,06MARCAPRO,25.6,28.698826304468533,Intermittent,0.9629629629629629,0.0133,8W,NaiveLastValue,100.0,Unreliable,C
0213878,Pura Spec Cão Ad Salmão 3Kg,06MARCAPRO,25.6,28.698826304468533,Intermittent,0.9629629629629629,0.0133,13W,NaiveLastValue,100.0,Unreliable,C
0213880,Pura Spec Cão Ad Frango 3Kg,06MARCAPRO,22.0,26.08314294333818,Intermittent,0.9539473684210527,0.0126,1W,LastNonZero,82.244,Unreliable,C
0213880,Pura Spec Cão Ad Frango 3Kg,06MARCAPRO,22.0,26.08314294333818,Intermittent,0.9539473684210527,0.0126,2W,TwoStage_RF_Ridge,100.0,Unreliable,C
0213880,Pura Spec Cão Ad Frango 3Kg,06MARCAPRO,22.0,26.08314294333818,Intermittent,0.9539473684210527,0.0126,4W,NaiveLastValue,100.0,Unreliable,C
0213880,Pura Spec Cão Ad Frango 3Kg,06MARCAPRO,22.0,26.08314294333818,Intermittent,0.9539473684210527,0.0126,8W,NaiveLastValue,100.0,Unreliable,C
0213880,Pura Spec Cão Ad Frango 3Kg,06MARCAPRO,22.0,26.08314294333818,Intermittent,0.9539473684210527,0.0126,13W,NaiveLastValue,100.0,Unreliable,C
0213877,Pura Spec Cão Ad Borrego 15Kg,06MARCAPRO,5.354838709677419,4.857016957507263,Intermittent,0.8128654970760234,0.1154,1W,ADIDA_8,87.335,Unreliable,B
0213877,Pura Spec Cão Ad Borrego 15Kg,06MARCAPRO,5.354838709677419,4.857016957507263,Intermittent,0.8128654970760234,0.1154,2W,HistGradientBoostingRegressor,87.398,Unreliable,B
0213877,Pura Spec Cão Ad Borrego 15Kg,06MARCAPRO,5.354838709677419,4.857016957507263,Intermittent,0.8128654970760234,0.1154,4W,ZeroForecast,100.0,Unreliable,B
0213877,Pura Spec Cão Ad Borrego 15Kg,06MARCAPRO,5.354838709677419,4.857016957507263,Intermittent,0.8128654970760234,0.1154,8W,ZeroForecast,100.0,Unreliable,B
0213877,Pura Spec Cão Ad Borrego 15Kg,06MARCAPRO,5.354838709677419,4.857016957507263,Intermittent,0.8128654970760234,0.1154,13W,NaiveLastValue,100.0,Unreliable,B
0213879,Pura Spec Cão Ad Salmão 15Kg,06MARCAPRO,3.7111111111111112,3.361040668067528,Intermittent,0.7309941520467836,0.2077,1W,SeasonalNaive_52,53.309,Fair,A
0213879,Pura Spec Cão Ad Salmão 15Kg,06MARCAPRO,3.7111111111111112,3.361040668067528,Intermittent,0.7309941520467836,0.2077,2W,ExtraTreesRegressor,69.136,Poor,A
0213879,Pura Spec Cão Ad Salmão 15Kg,06MARCAPRO,3.7111111111111112,3.361040668067528,Intermittent,0.7309941520467836,0.2077,4W,ExtraTreesRegressor,86.347,Unreliable,A
0213879,Pura Spec Cão Ad Salmão 15Kg,06MARCAPRO,3.7111111111111112,3.361040668067528,Intermittent,0.7309941520467836,0.2077,8W,SeasonalNaive_52,86.442,Unreliable,A
0213879,Pura Spec Cão Ad Salmão 15Kg,06MARCAPRO,3.7111111111111112,3.361040668067528,Intermittent,0.7309941520467836,0.2077,13W,SeasonalNaive_52,69.2,Poor,A
0213882,Pura Spec Cão Adulto Mini 2Kg,06MARCAPRO,23.833333333333332,28.968875483523483,Intermittent,0.9597701149425287,0.0165,1W,LastNonZero,66.086,Poor,C
0213882,Pura Spec Cão Adulto Mini 2Kg,06MARCAPRO,23.833333333333332,28.968875483523483,Intermittent,0.9597701149425287,0.0165,2W,SeasonalNaive_52,59.424,Poor,C
0213882,Pura Spec Cão Adulto Mini 2Kg,06MARCAPRO,23.833333333333332,28.968875483523483,Intermittent,0.9597701149425287,0.0165,4W,SeasonalNaive_52,20.092,Good,C
0213882,Pura Spec Cão Adulto Mini 2Kg,06MARCAPRO,23.833333333333332,28.968875483523483,Intermittent,0.9597701149425287,0.0165,8W,SeasonalNaive_52,18.198,Excellent,C
0213882,Pura Spec Cão Adulto Mini 2Kg,06MARCAPRO,23.833333333333332,28.968875483523483,Intermittent,0.9597701149425287,0.0165,13W,SeasonalNaive_52,18.198,Excellent,C
0213888,Pura Spec Gato Adulto 1.5Kg,06MARCAPRO,47.333333333333336,43.75684927760942,Intermittent,0.974025974025974,0.0072,1W,SBA_alpha_01,41.105,Fair,C
0213888,Pura Spec Gato Adulto 1.5Kg,06MARCAPRO,47.333333333333336,43.75684927760942,Intermittent,0.974025974025974,0.0072,2W,SBA_alpha_02,87.295,Unreliable,C
0213888,Pura Spec Gato Adulto 1.5Kg,06MARCAPRO,47.333333333333336,43.75684927760942,Intermittent,0.974025974025974,0.0072,4W,HuberRegressor,100.0,Unreliable,C
0213888,Pura Spec Gato Adulto 1.5Kg,06MARCAPRO,47.333333333333336,43.75684927760942,Intermittent,0.974025974025974,0.0072,8W,HuberRegressor,100.0,Unreliable,C
0213888,Pura Spec Gato Adulto 1.5Kg,06MARCAPRO,47.333333333333336,43.75684927760942,Intermittent,0.974025974025974,0.0072,13W,NaiveLastValue,100.0,Unreliable,C
0213881,Pura Spec Cão Ad Frango 15Kg,06MARCAPRO,4.970588235294118,4.869790421796754,Intermittent,0.7988505747126436,0.1301,1W,LastNonZero,79.134,Unreliable,A
0213881,Pura Spec Cão Ad Frango 15Kg,06MARCAPRO,4.970588235294118,4.869790421796754,Intermittent,0.7988505747126436,0.1301,2W,ZeroForecast,100.0,Unreliable,A
0213881,Pura Spec Cão Ad Frango 15Kg,06MARCAPRO,4.970588235294118,4.869790421796754,Intermittent,0.7988505747126436,0.1301,4W,ZeroForecast,100.0,Unreliable,A
0213881,Pura Spec Cão Ad Frango 15Kg,06MARCAPRO,4.970588235294118,4.869790421796754,Intermittent,0.7988505747126436,0.1301,8W,ZeroForecast,100.0,Unreliable,A
0213881,Pura Spec Cão Ad Frango 15Kg,06MARCAPRO,4.970588235294118,4.869790421796754,Intermittent,0.7988505747126436,0.1301,13W,NaiveLastValue,100.0,Unreliable,A
0213883,Pura Spec Cão Ad Alta Energia 15Kg,06MARCAPRO,5.689655172413793,5.045741423789576,Intermittent,0.8245614035087719,0.1106,1W,LastNonZero,9.17,Excellent,B
0213883,Pura Spec Cão Ad Alta Energia 15Kg,06MARCAPRO,5.689655172413793,5.045741423789576,Intermittent,0.8245614035087719,0.1106,2W,Ridge,98.242,Unreliable,B
0213883,Pura Spec Cão Ad Alta Energia 15Kg,06MARCAPRO,5.689655172413793,5.045741423789576,Intermittent,0.8245614035087719,0.1106,4W,ZeroForecast,100.0,Unreliable,B
0213883,Pura Spec Cão Ad Alta Energia 15Kg,06MARCAPRO,5.689655172413793,5.045741423789576,Intermittent,0.8245614035087719,0.1106,8W,ZeroForecast,100.0,Unreliable,B
0213883,Pura Spec Cão Ad Alta Energia 15Kg,06MARCAPRO,5.689655172413793,5.045741423789576,Intermittent,0.8245614035087719,0.1106,13W,ZeroForecast,100.0,Unreliable,B
0213889,Pura Spec Gato Adulto 10Kg,06MARCAPRO,15.454545454545455,14.460841551692452,Intermittent,0.9310344827586207,0.0378,1W,LastNonZero,43.528,Fair,B
0213889,Pura Spec Gato Adulto 10Kg,06MARCAPRO,15.454545454545455,14.460841551692452,Intermittent,0.9310344827586207,0.0378,2W,TwoStage_Logistic_Huber,99.515,Unreliable,B
0213889,Pura Spec Gato Adulto 10Kg,06MARCAPRO,15.454545454545455,14.460841551692452,Intermittent,0.9310344827586207,0.0378,4W,sarima,100.0,Unreliable,B
0213889,Pura Spec Gato Adulto 10Kg,06MARCAPRO,15.454545454545455,14.460841551692452,Intermittent,0.9310344827586207,0.0378,8W,ZeroForecast,100.0,Unreliable,B
0213889,Pura Spec Gato Adulto 10Kg,06MARCAPRO,15.454545454545455,14.460841551692452,Intermittent,0.9310344827586207,0.0378,13W,NaiveLastValue,100.0,Unreliable,B
0214170,Pura Spec Cão Sénior 15Kg,06MARCAPRO,11.0,10.968705573022028,Intermittent,0.9090909090909091,0.0335,1W,LastNonZero,54.6,Fair,C
0214170,Pura Spec Cão Sénior 15Kg,06MARCAPRO,11.0,10.968705573022028,Intermittent,0.9090909090909091,0.0335,2W,TwoStage_Logistic_Huber,89.405,Unreliable,C
0214170,Pura Spec Cão Sénior 15Kg,06MARCAPRO,11.0,10.968705573022028,Intermittent,0.9090909090909091,0.0335,4W,TwoStage_Logistic_Huber,95.386,Unreliable,C
0214170,Pura Spec Cão Sénior 15Kg,06MARCAPRO,11.0,10.968705573022028,Intermittent,0.9090909090909091,0.0335,8W,TwoStage_Logistic_Huber,96.729,Unreliable,C
0214170,Pura Spec Cão Sénior 15Kg,06MARCAPRO,11.0,10.968705573022028,Intermittent,0.9090909090909091,0.0335,13W,NaiveLastValue,100.0,Unreliable,C
0214171,Pura Spec Gatinhos 1.5Kg,06MARCAPRO,55.0,41.400140344049,Intermittent,0.975609756097561,0.0054,1W,LastNonZero,31.195,Good,C
0214171,Pura Spec Gatinhos 1.5Kg,06MARCAPRO,55.0,41.400140344049,Intermittent,0.975609756097561,0.0054,2W,NaiveLastValue,100.0,Unreliable,C
0214171,Pura Spec Gatinhos 1.5Kg,06MARCAPRO,55.0,41.400140344049,Intermittent,0.975609756097561,0.0054,4W,NaiveLastValue,100.0,Unreliable,C
0214171,Pura Spec Gatinhos 1.5Kg,06MARCAPRO,55.0,41.400140344049,Intermittent,0.975609756097561,0.0054,8W,NaiveLastValue,100.0,Unreliable,C
0214171,Pura Spec Gatinhos 1.5Kg,06MARCAPRO,55.0,41.400140344049,Intermittent,0.975609756097561,0.0054,13W,NaiveLastValue,100.0,Unreliable,C
0213890,Pura Spec Gato Esterilizado 1.5Kg,06MARCAPRO,27.166666666666668,28.251585088369715,Intermittent,0.9597701149425287,0.0107,1W,SBA_alpha_01,84.883,Unreliable,C
0213890,Pura Spec Gato Esterilizado 1.5Kg,06MARCAPRO,27.166666666666668,28.251585088369715,Intermittent,0.9597701149425287,0.0107,2W,ExtraTreesRegressor,93.0,Unreliable,C
0213890,Pura Spec Gato Esterilizado 1.5Kg,06MARCAPRO,27.166666666666668,28.251585088369715,Intermittent,0.9597701149425287,0.0107,4W,ZeroForecast,100.0,Unreliable,C
0213890,Pura Spec Gato Esterilizado 1.5Kg,06MARCAPRO,27.166666666666668,28.251585088369715,Intermittent,0.9597701149425287,0.0107,8W,NaiveLastValue,100.0,Unreliable,C
0213890,Pura Spec Gato Esterilizado 1.5Kg,06MARCAPRO,27.166666666666668,28.251585088369715,Intermittent,0.9597701149425287,0.0107,13W,NaiveLastValue,100.0,Unreliable,C
0213891,Pura Spec Gato Esterilizado 10Kg,06MARCAPRO,9.11111111111111,9.763309066550843,Intermittent,0.8908045977011494,0.0578,1W,LastNonZero,33.002,Good,B
0213891,Pura Spec Gato Esterilizado 10Kg,06MARCAPRO,9.11111111111111,9.763309066550843,Intermittent,0.8908045977011494,0.0578,2W,TwoStage_Logistic_Huber,59.66,Poor,B
0213891,Pura Spec Gato Esterilizado 10Kg,06MARCAPRO,9.11111111111111,9.763309066550843,Intermittent,0.8908045977011494,0.0578,4W,TwoStage_Logistic_Huber,69.332,Poor,B
0213891,Pura Spec Gato Esterilizado 10Kg,06MARCAPRO,9.11111111111111,9.763309066550843,Intermittent,0.8908045977011494,0.0578,8W,TwoStage_Logistic_Huber,69.332,Poor,B
0213891,Pura Spec Gato Esterilizado 10Kg,06MARCAPRO,9.11111111111111,9.763309066550843,Intermittent,0.8908045977011494,0.0578,13W,NaiveLastValue,100.0,Unreliable,B
02153311,PorSi Alimento Cão Júnior 10Kg,06MARCAPRO,,,,0.5,0.0025,1W,,,Insufficient History,C
02153311,PorSi Alimento Cão Júnior 10Kg,06MARCAPRO,,,,0.5,0.0025,2W,,,Insufficient History,C
02153311,PorSi Alimento Cão Júnior 10Kg,06MARCAPRO,,,,0.5,0.0025,4W,,,Insufficient History,C
02153311,PorSi Alimento Cão Júnior 10Kg,06MARCAPRO,,,,0.5,0.0025,8W,,,Insufficient History,C
02153311,PorSi Alimento Cão Júnior 10Kg,06MARCAPRO,,,,0.5,0.0025,13W,,,Insufficient History,C
02153322,PorSi Alimento Cão Júnior 2kg,06MARCAPRO,,,,0.5,0.0018,1W,,,Insufficient History,C
02153322,PorSi Alimento Cão Júnior 2kg,06MARCAPRO,,,,0.5,0.0018,2W,,,Insufficient History,C
02153322,PorSi Alimento Cão Júnior 2kg,06MARCAPRO,,,,0.5,0.0018,4W,,,Insufficient History,C
02153322,PorSi Alimento Cão Júnior 2kg,06MARCAPRO,,,,0.5,0.0018,8W,,,Insufficient History,C
02153322,PorSi Alimento Cão Júnior 2kg,06MARCAPRO,,,,0.5,0.0018,13W,,,Insufficient History,C
0282709,MIKA GATO ADULTO SEM COR 2KG,06MARCAPRO,5.5,18.148437500000004,Intermittent,0.9302325581395349,0.0032,1W,LastNonZero,12.5,Excellent,C
0282709,MIKA GATO ADULTO SEM COR 2KG,06MARCAPRO,5.5,18.148437500000004,Intermittent,0.9302325581395349,0.0032,2W,NaiveLastValue,100.0,Unreliable,C
0282709,MIKA GATO ADULTO SEM COR 2KG,06MARCAPRO,5.5,18.148437500000004,Intermittent,0.9302325581395349,0.0032,4W,NaiveLastValue,100.0,Unreliable,C
0282709,MIKA GATO ADULTO SEM COR 2KG,06MARCAPRO,5.5,18.148437500000004,Intermittent,0.9302325581395349,0.0032,8W,NaiveLastValue,100.0,Unreliable,C
0282709,MIKA GATO ADULTO SEM COR 2KG,06MARCAPRO,5.5,18.148437500000004,Intermittent,0.9302325581395349,0.0032,13W,NaiveLastValue,100.0,Unreliable,C
0282700,"MIKA GATINHOS 1,5KG",06MARCAPRO,7.5,14.918869152910847,Intermittent,0.9302325581395349,0.0034,1W,SBA_alpha_01,43.915,Fair,C
0282700,"MIKA GATINHOS 1,5KG",06MARCAPRO,7.5,14.918869152910847,Intermittent,0.9302325581395349,0.0034,2W,TSB_01_01,87.929,Unreliable,C
0282700,"MIKA GATINHOS 1,5KG",06MARCAPRO,7.5,14.918869152910847,Intermittent,0.9302325581395349,0.0034,4W,ZeroForecast,100.0,Unreliable,C
0282700,"MIKA GATINHOS 1,5KG",06MARCAPRO,7.5,14.918869152910847,Intermittent,0.9302325581395349,0.0034,8W,ZeroForecast,100.0,Unreliable,C
0282700,"MIKA GATINHOS 1,5KG",06MARCAPRO,7.5,14.918869152910847,Intermittent,0.9302325581395349,0.0034,13W,ZeroForecast,100.0,Unreliable,C
0282704,MIKA CÃO ADULTO 4KG,06MARCAPRO,17.0,19.710937500000007,Intermittent,0.9318181818181818,0.0086,1W,SBA_alpha_01,26.591,Good,B
0282704,MIKA CÃO ADULTO 4KG,06MARCAPRO,17.0,19.710937500000007,Intermittent,0.9318181818181818,0.0086,2W,NaiveLastValue,100.0,Unreliable,B
0282704,MIKA CÃO ADULTO 4KG,06MARCAPRO,17.0,19.710937500000007,Intermittent,0.9318181818181818,0.0086,4W,NaiveLastValue,100.0,Unreliable,B
0282704,MIKA CÃO ADULTO 4KG,06MARCAPRO,17.0,19.710937500000007,Intermittent,0.9318181818181818,0.0086,8W,NaiveLastValue,100.0,Unreliable,B
0282704,MIKA CÃO ADULTO 4KG,06MARCAPRO,17.0,19.710937500000007,Intermittent,0.9318181818181818,0.0086,13W,NaiveLastValue,100.0,Unreliable,B
0215988,Amostra Pura Spec Cão Borrego 80g,AMOSTRAS,51.0,89.95878348006696,Intermittent,0.9885714285714285,0.0,1W,SBA_alpha_02,34.668,Good,C
0215988,Amostra Pura Spec Cão Borrego 80g,AMOSTRAS,51.0,89.95878348006696,Intermittent,0.9885714285714285,0.0,2W,NaiveLastValue,100.0,Unreliable,C
0215988,Amostra Pura Spec Cão Borrego 80g,AMOSTRAS,51.0,89.95878348006696,Intermittent,0.9885714285714285,0.0,4W,NaiveLastValue,100.0,Unreliable,C
0215988,Amostra Pura Spec Cão Borrego 80g,AMOSTRAS,51.0,89.95878348006696,Intermittent,0.9885714285714285,0.0,8W,NaiveLastValue,100.0,Unreliable,C
0215988,Amostra Pura Spec Cão Borrego 80g,AMOSTRAS,51.0,89.95878348006696,Intermittent,0.9885714285714285,0.0,13W,NaiveLastValue,100.0,Unreliable,C
0282703,MIKA CÃO JÚNIOR 4KG,06MARCAPRO,19.5,19.240234375000004,Intermittent,0.9302325581395349,0.0086,1W,LastNonZero,6.25,Excellent,C
0282703,MIKA CÃO JÚNIOR 4KG,06MARCAPRO,19.5,19.240234375000004,Intermittent,0.9302325581395349,0.0086,2W,NaiveLastValue,100.0,Unreliable,C
0282703,MIKA CÃO JÚNIOR 4KG,06MARCAPRO,19.5,19.240234375000004,Intermittent,0.9302325581395349,0.0086,4W,NaiveLastValue,100.0,Unreliable,C
0282703,MIKA CÃO JÚNIOR 4KG,06MARCAPRO,19.5,19.240234375000004,Intermittent,0.9302325581395349,0.0086,8W,NaiveLastValue,100.0,Unreliable,C
0282703,MIKA CÃO JÚNIOR 4KG,06MARCAPRO,19.5,19.240234375000004,Intermittent,0.9302325581395349,0.0086,13W,NaiveLastValue,100.0,Unreliable,C
0282710,MIKA GATO ADULTO SC 4KG,06MARCAPRO,16.5,18.148437499999993,Intermittent,0.9302325581395349,0.0086,1W,LastNonZero,12.5,Excellent,B
0282710,MIKA GATO ADULTO SC 4KG,06MARCAPRO,16.5,18.148437499999993,Intermittent,0.9302325581395349,0.0086,2W,NaiveLastValue,100.0,Unreliable,B
0282710,MIKA GATO ADULTO SC 4KG,06MARCAPRO,16.5,18.148437499999993,Intermittent,0.9302325581395349,0.0086,4W,NaiveLastValue,100.0,Unreliable,B
0282710,MIKA GATO ADULTO SC 4KG,06MARCAPRO,16.5,18.148437499999993,Intermittent,0.9302325581395349,0.0086,8W,NaiveLastValue,100.0,Unreliable,B
0282710,MIKA GATO ADULTO SC 4KG,06MARCAPRO,16.5,18.148437499999993,Intermittent,0.9302325581395349,0.0086,13W,NaiveLastValue,100.0,Unreliable,B
0270218,Pura Spec Gatinhos 10Kg,06MARCAPRO,44.0,40.015654643942405,Intermittent,0.975609756097561,0.0073,1W,LastNonZero,3.833,Excellent,C
0270218,Pura Spec Gatinhos 10Kg,06MARCAPRO,44.0,40.015654643942405,Intermittent,0.975609756097561,0.0073,2W,NaiveLastValue,100.0,Unreliable,C
0270218,Pura Spec Gatinhos 10Kg,06MARCAPRO,44.0,40.015654643942405,Intermittent,0.975609756097561,0.0073,4W,NaiveLastValue,100.0,Unreliable,C
0270218,Pura Spec Gatinhos 10Kg,06MARCAPRO,44.0,40.015654643942405,Intermittent,0.975609756097561,0.0073,8W,NaiveLastValue,100.0,Unreliable,C
0270218,Pura Spec Gatinhos 10Kg,06MARCAPRO,44.0,40.015654643942405,Intermittent,0.975609756097561,0.0073,13W,NaiveLastValue,100.0,Unreliable,C
0282714,MIKA RAÇAS PEQUENAS 4KG,06MARCAPRO,16.0,20.522372528616028,Intermittent,0.9534883720930233,0.0083,1W,LastNonZero,6.25,Excellent,C
0282714,MIKA RAÇAS PEQUENAS 4KG,06MARCAPRO,16.0,20.522372528616028,Intermittent,0.9534883720930233,0.0083,2W,TSB_01_01,100.0,Unreliable,C
0282714,MIKA RAÇAS PEQUENAS 4KG,06MARCAPRO,16.0,20.522372528616028,Intermittent,0.9534883720930233,0.0083,4W,NaiveLastValue,100.0,Unreliable,C
0282714,MIKA RAÇAS PEQUENAS 4KG,06MARCAPRO,16.0,20.522372528616028,Intermittent,0.9534883720930233,0.0083,8W,NaiveLastValue,100.0,Unreliable,C
0282714,MIKA RAÇAS PEQUENAS 4KG,06MARCAPRO,16.0,20.522372528616028,Intermittent,0.9534883720930233,0.0083,13W,NaiveLastValue,100.0,Unreliable,C
0302582,Pura Spec Gato Salmão Esterilizado 1.5Kg,06MARCAPRO,1.0,14.117647058823527,Intermittent,0.8823529411764706,0.0035,1W,RandomForestRegressor,0.0,Excellent,C
0302582,Pura Spec Gato Salmão Esterilizado 1.5Kg,06MARCAPRO,1.0,14.117647058823527,Intermittent,0.8823529411764706,0.0035,2W,RandomForestRegressor,0.0,Excellent,C
0302582,Pura Spec Gato Salmão Esterilizado 1.5Kg,06MARCAPRO,1.0,14.117647058823527,Intermittent,0.8823529411764706,0.0035,4W,RandomForestRegressor,0.0,Excellent,C
0302582,Pura Spec Gato Salmão Esterilizado 1.5Kg,06MARCAPRO,1.0,14.117647058823527,Intermittent,0.8823529411764706,0.0035,8W,RandomForestRegressor,0.0,Excellent,C
0302582,Pura Spec Gato Salmão Esterilizado 1.5Kg,06MARCAPRO,1.0,14.117647058823527,Intermittent,0.8823529411764706,0.0035,13W,,,No Model,C
0302583,Pura Spec Gato Salmão Esterilizado 10Kg,06MARCAPRO,6.0,7.534578483922352,Intermittent,0.8823529411764706,0.0074,1W,RandomForestRegressor,0.0,Excellent,C
0302583,Pura Spec Gato Salmão Esterilizado 10Kg,06MARCAPRO,6.0,7.534578483922352,Intermittent,0.8823529411764706,0.0074,2W,RandomForestRegressor,0.0,Excellent,C
0302583,Pura Spec Gato Salmão Esterilizado 10Kg,06MARCAPRO,6.0,7.534578483922352,Intermittent,0.8823529411764706,0.0074,4W,RandomForestRegressor,0.0,Excellent,C
0302583,Pura Spec Gato Salmão Esterilizado 10Kg,06MARCAPRO,6.0,7.534578483922352,Intermittent,0.8823529411764706,0.0074,8W,RandomForestRegressor,0.0,Excellent,C
0302583,Pura Spec Gato Salmão Esterilizado 10Kg,06MARCAPRO,6.0,7.534578483922352,Intermittent,0.8823529411764706,0.0074,13W,,,No Model,C
03930S10,Patudini Cachorro 10kg,06MARCAPRO,12.0,22.987078892542943,Intermittent,0.9545454545454546,0.0086,1W,LastNonZero,46.217,Fair,C
03930S10,Patudini Cachorro 10kg,06MARCAPRO,12.0,22.987078892542943,Intermittent,0.9545454545454546,0.0086,2W,SBA_alpha_02,100.0,Unreliable,C
03930S10,Patudini Cachorro 10kg,06MARCAPRO,12.0,22.987078892542943,Intermittent,0.9545454545454546,0.0086,4W,NaiveLastValue,100.0,Unreliable,C
03930S10,Patudini Cachorro 10kg,06MARCAPRO,12.0,22.987078892542943,Intermittent,0.9545454545454546,0.0086,8W,NaiveLastValue,100.0,Unreliable,C
03930S10,Patudini Cachorro 10kg,06MARCAPRO,12.0,22.987078892542943,Intermittent,0.9545454545454546,0.0086,13W,NaiveLastValue,100.0,Unreliable,C
0282711,MIKA GATO ADULTO SEM COR 10KG,06MARCAPRO,10.25,10.65889212827988,Intermittent,0.8837209302325582,0.0123,1W,LastNonZero,39.394,Fair,B
0282711,MIKA GATO ADULTO SEM COR 10KG,06MARCAPRO,10.25,10.65889212827988,Intermittent,0.8837209302325582,0.0123,2W,MovingAverage_4,100.0,Unreliable,B
0282711,MIKA GATO ADULTO SEM COR 10KG,06MARCAPRO,10.25,10.65889212827988,Intermittent,0.8837209302325582,0.0123,4W,NaiveLastValue,100.0,Unreliable,B
0282711,MIKA GATO ADULTO SEM COR 10KG,06MARCAPRO,10.25,10.65889212827988,Intermittent,0.8837209302325582,0.0123,8W,NaiveLastValue,100.0,Unreliable,B
0282711,MIKA GATO ADULTO SEM COR 10KG,06MARCAPRO,10.25,10.65889212827988,Intermittent,0.8837209302325582,0.0123,13W,NaiveLastValue,100.0,Unreliable,B
0282713,MIKA ALTA ENERGIA 18KG,06MARCAPRO,9.75,7.671418685121107,Intermittent,0.8837209302325582,0.0251,1W,LastNonZero,9.231,Excellent,B
0282713,MIKA ALTA ENERGIA 18KG,06MARCAPRO,9.75,7.671418685121107,Intermittent,0.8837209302325582,0.0251,2W,arima,99.736,Unreliable,B
0282713,MIKA ALTA ENERGIA 18KG,06MARCAPRO,9.75,7.671418685121107,Intermittent,0.8837209302325582,0.0251,4W,NaiveLastValue,100.0,Unreliable,B
0282713,MIKA ALTA ENERGIA 18KG,06MARCAPRO,9.75,7.671418685121107,Intermittent,0.8837209302325582,0.0251,8W,NaiveLastValue,100.0,Unreliable,B
0282713,MIKA ALTA ENERGIA 18KG,06MARCAPRO,9.75,7.671418685121107,Intermittent,0.8837209302325582,0.0251,13W,ZeroForecast,100.0,Unreliable,B
0294622,Pura Spec Cão Adulto Light 15Kg,06MARCAPRO,8.5,9.527801226048615,Intermittent,0.8888888888888888,0.0124,1W,LastNonZero,57.076,Poor,B
0294622,Pura Spec Cão Adulto Light 15Kg,06MARCAPRO,8.5,9.527801226048615,Intermittent,0.8888888888888888,0.0124,2W,arima,99.991,Unreliable,B
0294622,Pura Spec Cão Adulto Light 15Kg,06MARCAPRO,8.5,9.527801226048615,Intermittent,0.8888888888888888,0.0124,4W,NaiveLastValue,100.0,Unreliable,B
0294622,Pura Spec Cão Adulto Light 15Kg,06MARCAPRO,8.5,9.527801226048615,Intermittent,0.8888888888888888,0.0124,8W,NaiveLastValue,100.0,Unreliable,B
0294622,Pura Spec Cão Adulto Light 15Kg,06MARCAPRO,8.5,9.527801226048615,Intermittent,0.8888888888888888,0.0124,13W,NaiveLastValue,100.0,Unreliable,B
1000911,Activpet 15Kg,06MARCAPRO,1.0,0.37466666666666676,Smooth,0.06666666666666667,0.1191,1W,RandomForestRegressor,21.739,Good,B
1000911,Activpet 15Kg,06MARCAPRO,1.0,0.37466666666666676,Smooth,0.06666666666666667,0.1191,2W,SBA_alpha_01,32.654,Good,B
1000911,Activpet 15Kg,06MARCAPRO,1.0,0.37466666666666676,Smooth,0.06666666666666667,0.1191,4W,SBA_alpha_01,29.487,Good,B
1000911,Activpet 15Kg,06MARCAPRO,1.0,0.37466666666666676,Smooth,0.06666666666666667,0.1191,8W,,,No Model,B
1000911,Activpet 15Kg,06MARCAPRO,1.0,0.37466666666666676,Smooth,0.06666666666666667,0.1191,13W,,,No Model,B
0258255,Pura Spec Cão Adulto Mini 7Kg,06MARCAPRO,20.75,21.379633985216625,Intermittent,0.9494949494949495,0.0142,1W,LastNonZero,49.759,Fair,B
0258255,Pura Spec Cão Adulto Mini 7Kg,06MARCAPRO,20.75,21.379633985216625,Intermittent,0.9494949494949495,0.0142,2W,Ridge,99.999,Unreliable,B
0258255,Pura Spec Cão Adulto Mini 7Kg,06MARCAPRO,20.75,21.379633985216625,Intermittent,0.9494949494949495,0.0142,4W,NaiveLastValue,100.0,Unreliable,B
0258255,Pura Spec Cão Adulto Mini 7Kg,06MARCAPRO,20.75,21.379633985216625,Intermittent,0.9494949494949495,0.0142,8W,NaiveLastValue,100.0,Unreliable,B
0258255,Pura Spec Cão Adulto Mini 7Kg,06MARCAPRO,20.75,21.379633985216625,Intermittent,0.9494949494949495,0.0142,13W,NaiveLastValue,100.0,Unreliable,B
1000913,Kitty Gato Peixe 4kg,06MARCAPRO,1.0526315789473684,0.3244676365692631,Smooth,0.09090909090909091,0.1207,1W,MovingAverage_4,16.463,Excellent,B
1000913,Kitty Gato Peixe 4kg,06MARCAPRO,1.0526315789473684,0.3244676365692631,Smooth,0.09090909090909091,0.1207,2W,ADIDAStyle_4,28.586,Good,B
1000913,Kitty Gato Peixe 4kg,06MARCAPRO,1.0526315789473684,0.3244676365692631,Smooth,0.09090909090909091,0.1207,4W,TSB_02_02,24.75,Good,B
1000913,Kitty Gato Peixe 4kg,06MARCAPRO,1.0526315789473684,0.3244676365692631,Smooth,0.09090909090909091,0.1207,8W,TSB_02_02,22.41,Good,B
1000913,Kitty Gato Peixe 4kg,06MARCAPRO,1.0526315789473684,0.3244676365692631,Smooth,0.09090909090909091,0.1207,13W,SES,31.589,Good,B
1000914,Kitty Gato Carne 4kg,06MARCAPRO,1.0526315789473684,0.33203813491427664,Smooth,0.09090909090909091,0.1699,1W,MovingAverage_4,19.444,Excellent,B
1000914,Kitty Gato Carne 4kg,06MARCAPRO,1.0526315789473684,0.33203813491427664,Smooth,0.09090909090909091,0.1699,2W,RollingMedian_8,29.944,Good,B
1000914,Kitty Gato Carne 4kg,06MARCAPRO,1.0526315789473684,0.33203813491427664,Smooth,0.09090909090909091,0.1699,4W,RollingMedian_8,24.332,Good,B
1000914,Kitty Gato Carne 4kg,06MARCAPRO,1.0526315789473684,0.33203813491427664,Smooth,0.09090909090909091,0.1699,8W,SES,27.268,Good,B
1000914,Kitty Gato Carne 4kg,06MARCAPRO,1.0526315789473684,0.33203813491427664,Smooth,0.09090909090909091,0.1699,13W,NaiveLastValue,34.783,Good,B
03931S18,Patudini Cão Adulto 18kg,06MARCAPRO,6.142857142857143,5.397001844136331,Intermittent,0.8222222222222222,0.0686,1W,LastNonZero,52.691,Fair,B
03931S18,Patudini Cão Adulto 18kg,06MARCAPRO,6.142857142857143,5.397001844136331,Intermittent,0.8222222222222222,0.0686,2W,SBA_alpha_01,100.0,Unreliable,B
03931S18,Patudini Cão Adulto 18kg,06MARCAPRO,6.142857142857143,5.397001844136331,Intermittent,0.8222222222222222,0.0686,4W,NaiveLastValue,100.0,Unreliable,B
03931S18,Patudini Cão Adulto 18kg,06MARCAPRO,6.142857142857143,5.397001844136331,Intermittent,0.8222222222222222,0.0686,8W,ZeroForecast,100.0,Unreliable,B
03931S18,Patudini Cão Adulto 18kg,06MARCAPRO,6.142857142857143,5.397001844136331,Intermittent,0.8222222222222222,0.0686,13W,ZeroForecast,100.0,Unreliable,B
03932S15,Patudini Cão Alta Energia 15kg,06MARCAPRO,10.75,13.482018964037925,Intermittent,0.8888888888888888,0.0248,1W,CrostonStyle_alpha_02,59.016,Poor,B
03932S15,Patudini Cão Alta Energia 15kg,06MARCAPRO,10.75,13.482018964037925,Intermittent,0.8888888888888888,0.0248,2W,NaiveLastValue,100.0,Unreliable,B
03932S15,Patudini Cão Alta Energia 15kg,06MARCAPRO,10.75,13.482018964037925,Intermittent,0.8888888888888888,0.0248,4W,ZeroForecast,100.0,Unreliable,B
03932S15,Patudini Cão Alta Energia 15kg,06MARCAPRO,10.75,13.482018964037925,Intermittent,0.8888888888888888,0.0248,8W,NaiveLastValue,100.0,Unreliable,B
03932S15,Patudini Cão Alta Energia 15kg,06MARCAPRO,10.75,13.482018964037925,Intermittent,0.8888888888888888,0.0248,13W,ZeroForecast,100.0,Unreliable,B
0282712,MIKA CÃO ADULTO 18KG,06MARCAPRO,3.6363636363636362,2.9732,Intermittent,0.7272727272727273,0.059,1W,LastNonZero,45.714,Fair,B
0282712,MIKA CÃO ADULTO 18KG,06MARCAPRO,3.6363636363636362,2.9732,Intermittent,0.7272727272727273,0.059,2W,arima,99.136,Unreliable,B
0282712,MIKA CÃO ADULTO 18KG,06MARCAPRO,3.6363636363636362,2.9732,Intermittent,0.7272727272727273,0.059,4W,ZeroForecast,100.0,Unreliable,B
0282712,MIKA CÃO ADULTO 18KG,06MARCAPRO,3.6363636363636362,2.9732,Intermittent,0.7272727272727273,0.059,8W,ZeroForecast,100.0,Unreliable,B
0282712,MIKA CÃO ADULTO 18KG,06MARCAPRO,3.6363636363636362,2.9732,Intermittent,0.7272727272727273,0.059,13W,ZeroForecast,100.0,Unreliable,B
03933P03,Patudini Gato 3kg,06MARCAPRO,14.0,14.512356807865748,Intermittent,0.9318181818181818,0.008,1W,LastNonZero,34.486,Good,C
03933P03,Patudini Gato 3kg,06MARCAPRO,14.0,14.512356807865748,Intermittent,0.9318181818181818,0.008,2W,SBA_alpha_02,66.515,Poor,C
03933P03,Patudini Gato 3kg,06MARCAPRO,14.0,14.512356807865748,Intermittent,0.9318181818181818,0.008,4W,ZeroForecast,100.0,Unreliable,C
03933P03,Patudini Gato 3kg,06MARCAPRO,14.0,14.512356807865748,Intermittent,0.9318181818181818,0.008,8W,ZeroForecast,100.0,Unreliable,C
03933P03,Patudini Gato 3kg,06MARCAPRO,14.0,14.512356807865748,Intermittent,0.9318181818181818,0.008,13W,ZeroForecast,100.0,Unreliable,C
03933S15,Patudini Gato 15kg,06MARCAPRO,9.0,11.31992362626463,Intermittent,0.8863636363636364,0.0179,1W,CrostonStyle,72.68,Poor,B
03933S15,Patudini Gato 15kg,06MARCAPRO,9.0,11.31992362626463,Intermittent,0.8863636363636364,0.0179,2W,HuberRegressor,96.426,Unreliable,B
03933S15,Patudini Gato 15kg,06MARCAPRO,9.0,11.31992362626463,Intermittent,0.8863636363636364,0.0179,4W,HuberRegressor,97.197,Unreliable,B
03933S15,Patudini Gato 15kg,06MARCAPRO,9.0,11.31992362626463,Intermittent,0.8863636363636364,0.0179,8W,HuberRegressor,97.209,Unreliable,B
03933S15,Patudini Gato 15kg,06MARCAPRO,9.0,11.31992362626463,Intermittent,0.8863636363636364,0.0179,13W,NaiveLastValue,100.0,Unreliable,B
115PGS25,A-115 Frangos - Granulado 25 Kg - Linha Prata ,ZEZERE,43.0,101.38775510204087,Intermittent,0.9884393063583815,0.0004,1W,TSB_01_01,98.503,Unreliable,C
115PGS25,A-115 Frangos - Granulado 25 Kg - Linha Prata ,ZEZERE,43.0,101.38775510204087,Intermittent,0.9884393063583815,0.0004,2W,NaiveLastValue,100.0,Unreliable,C
115PGS25,A-115 Frangos - Granulado 25 Kg - Linha Prata ,ZEZERE,43.0,101.38775510204087,Intermittent,0.9884393063583815,0.0004,4W,NaiveLastValue,100.0,Unreliable,C
115PGS25,A-115 Frangos - Granulado 25 Kg - Linha Prata ,ZEZERE,43.0,101.38775510204087,Intermittent,0.9884393063583815,0.0004,8W,NaiveLastValue,100.0,Unreliable,C
115PGS25,A-115 Frangos - Granulado 25 Kg - Linha Prata ,ZEZERE,43.0,101.38775510204087,Intermittent,0.9884393063583815,0.0004,13W,NaiveLastValue,100.0,Unreliable,C
11975,Petuga Júnior 3kg,06MARCAPRO,34.0,95.57608298242876,Intermittent,0.9877300613496932,0.0047,1W,LastNonZero,60.149,Poor,C
11975,Petuga Júnior 3kg,06MARCAPRO,34.0,95.57608298242876,Intermittent,0.9877300613496932,0.0047,2W,NaiveLastValue,100.0,Unreliable,C
11975,Petuga Júnior 3kg,06MARCAPRO,34.0,95.57608298242876,Intermittent,0.9877300613496932,0.0047,4W,NaiveLastValue,100.0,Unreliable,C
11975,Petuga Júnior 3kg,06MARCAPRO,34.0,95.57608298242876,Intermittent,0.9877300613496932,0.0047,8W,NaiveLastValue,100.0,Unreliable,C
11975,Petuga Júnior 3kg,06MARCAPRO,34.0,95.57608298242876,Intermittent,0.9877300613496932,0.0047,13W,NaiveLastValue,100.0,Unreliable,C
11976,Petuga Junior 12Kg,06MARCAPRO,129.0,128.00000000000003,Intermittent,0.9922480620155039,0.0012,1W,HistGradientBoostingRegressor,0.0,Excellent,C
11976,Petuga Junior 12Kg,06MARCAPRO,129.0,128.00000000000003,Intermittent,0.9922480620155039,0.0012,2W,RandomForestRegressor,0.0,Excellent,C
11976,Petuga Junior 12Kg,06MARCAPRO,129.0,128.00000000000003,Intermittent,0.9922480620155039,0.0012,4W,RandomForestRegressor,0.0,Excellent,C
11976,Petuga Junior 12Kg,06MARCAPRO,129.0,128.00000000000003,Intermittent,0.9922480620155039,0.0012,8W,RandomForestRegressor,0.0,Excellent,C
11976,Petuga Junior 12Kg,06MARCAPRO,129.0,128.00000000000003,Intermittent,0.9922480620155039,0.0012,13W,RandomForestRegressor,0.0,Excellent,C
11977,Petuga Mini-Cão Adulto 3kg,06MARCAPRO,13.0,90.60892603848067,Intermittent,0.9859154929577465,0.0058,1W,LastNonZero,70.026,Poor,C
11977,Petuga Mini-Cão Adulto 3kg,06MARCAPRO,13.0,90.60892603848067,Intermittent,0.9859154929577465,0.0058,2W,NaiveLastValue,100.0,Unreliable,C
11977,Petuga Mini-Cão Adulto 3kg,06MARCAPRO,13.0,90.60892603848067,Intermittent,0.9859154929577465,0.0058,4W,NaiveLastValue,100.0,Unreliable,C
11977,Petuga Mini-Cão Adulto 3kg,06MARCAPRO,13.0,90.60892603848067,Intermittent,0.9859154929577465,0.0058,8W,NaiveLastValue,100.0,Unreliable,C
11977,Petuga Mini-Cão Adulto 3kg,06MARCAPRO,13.0,90.60892603848067,Intermittent,0.9859154929577465,0.0058,13W,NaiveLastValue,100.0,Unreliable,C
11925,Petuga Cão Adulto 3kg,06MARCAPRO,33.5,56.77022186847079,Intermittent,0.9824561403508771,0.0044,1W,LastNonZero,17.719,Excellent,C
11925,Petuga Cão Adulto 3kg,06MARCAPRO,33.5,56.77022186847079,Intermittent,0.9824561403508771,0.0044,2W,Ridge,99.997,Unreliable,C
11925,Petuga Cão Adulto 3kg,06MARCAPRO,33.5,56.77022186847079,Intermittent,0.9824561403508771,0.0044,4W,NaiveLastValue,100.0,Unreliable,C
11925,Petuga Cão Adulto 3kg,06MARCAPRO,33.5,56.77022186847079,Intermittent,0.9824561403508771,0.0044,8W,NaiveLastValue,100.0,Unreliable,C
11925,Petuga Cão Adulto 3kg,06MARCAPRO,33.5,56.77022186847079,Intermittent,0.9824561403508771,0.0044,13W,NaiveLastValue,100.0,Unreliable,C
11972,Petuga Cão Adulto 12kg,06MARCAPRO,17.666666666666668,44.44122688657204,Intermittent,0.9745222929936306,0.0093,1W,LastNonZero,27.511,Good,B
11972,Petuga Cão Adulto 12kg,06MARCAPRO,17.666666666666668,44.44122688657204,Intermittent,0.9745222929936306,0.0093,2W,arima,99.969,Unreliable,B
11972,Petuga Cão Adulto 12kg,06MARCAPRO,17.666666666666668,44.44122688657204,Intermittent,0.9745222929936306,0.0093,4W,NaiveLastValue,100.0,Unreliable,B
11972,Petuga Cão Adulto 12kg,06MARCAPRO,17.666666666666668,44.44122688657204,Intermittent,0.9745222929936306,0.0093,8W,NaiveLastValue,100.0,Unreliable,B
11972,Petuga Cão Adulto 12kg,06MARCAPRO,17.666666666666668,44.44122688657204,Intermittent,0.9745222929936306,0.0093,13W,NaiveLastValue,100.0,Unreliable,B
11978,"Petuga Gato 1,5kg",06MARCAPRO,163.0,162.00000000000014,Intermittent,0.9938650306748467,0.0013,1W,ExtraTreesRegressor,0.0,Excellent,C
11978,"Petuga Gato 1,5kg",06MARCAPRO,163.0,162.00000000000014,Intermittent,0.9938650306748467,0.0013,2W,ExtraTreesRegressor,0.0,Excellent,C
11978,"Petuga Gato 1,5kg",06MARCAPRO,163.0,162.00000000000014,Intermittent,0.9938650306748467,0.0013,4W,ExtraTreesRegressor,0.0,Excellent,C
11978,"Petuga Gato 1,5kg",06MARCAPRO,163.0,162.00000000000014,Intermittent,0.9938650306748467,0.0013,8W,RandomForestRegressor,0.0,Excellent,C
11978,"Petuga Gato 1,5kg",06MARCAPRO,163.0,162.00000000000014,Intermittent,0.9938650306748467,0.0013,13W,RandomForestRegressor,0.0,Excellent,C
11979,"Petuga Gato Esterilizado 1,5kg",06MARCAPRO,163.0,161.99999999999994,Intermittent,0.9938650306748467,0.0014,1W,ExtraTreesRegressor,0.0,Excellent,C
11979,"Petuga Gato Esterilizado 1,5kg",06MARCAPRO,163.0,161.99999999999994,Intermittent,0.9938650306748467,0.0014,2W,ExtraTreesRegressor,0.0,Excellent,C
11979,"Petuga Gato Esterilizado 1,5kg",06MARCAPRO,163.0,161.99999999999994,Intermittent,0.9938650306748467,0.0014,4W,ExtraTreesRegressor,0.0,Excellent,C
11979,"Petuga Gato Esterilizado 1,5kg",06MARCAPRO,163.0,161.99999999999994,Intermittent,0.9938650306748467,0.0014,8W,RandomForestRegressor,0.0,Excellent,C
11979,"Petuga Gato Esterilizado 1,5kg",06MARCAPRO,163.0,161.99999999999994,Intermittent,0.9938650306748467,0.0014,13W,RandomForestRegressor,0.0,Excellent,C
115PGSAQ,A-115 Frangos - Granulado 5 Kg - Linha Prata ,ZEZERE,32.0,34.8888888888889,Intermittent,0.9673202614379085,0.0004,1W,LastNonZero,33.333,Good,C
115PGSAQ,A-115 Frangos - Granulado 5 Kg - Linha Prata ,ZEZERE,32.0,34.8888888888889,Intermittent,0.9673202614379085,0.0004,2W,arima,99.976,Unreliable,C
115PGSAQ,A-115 Frangos - Granulado 5 Kg - Linha Prata ,ZEZERE,32.0,34.8888888888889,Intermittent,0.9673202614379085,0.0004,4W,NaiveLastValue,100.0,Unreliable,C
115PGSAQ,A-115 Frangos - Granulado 5 Kg - Linha Prata ,ZEZERE,32.0,34.8888888888889,Intermittent,0.9673202614379085,0.0004,8W,NaiveLastValue,100.0,Unreliable,C
115PGSAQ,A-115 Frangos - Granulado 5 Kg - Linha Prata ,ZEZERE,32.0,34.8888888888889,Intermittent,0.9673202614379085,0.0004,13W,NaiveLastValue,100.0,Unreliable,C
104PMS25,A-104 Pintos - Migalha 25 Kg - Linha Prata,ZEZERE,18.0,18.284702985534008,Intermittent,0.9431818181818182,0.0012,1W,LastNonZero,43.137,Fair,C
104PMS25,A-104 Pintos - Migalha 25 Kg - Linha Prata,ZEZERE,18.0,18.284702985534008,Intermittent,0.9431818181818182,0.0012,2W,arima,99.874,Unreliable,C
104PMS25,A-104 Pintos - Migalha 25 Kg - Linha Prata,ZEZERE,18.0,18.284702985534008,Intermittent,0.9431818181818182,0.0012,4W,NaiveLastValue,100.0,Unreliable,C
104PMS25,A-104 Pintos - Migalha 25 Kg - Linha Prata,ZEZERE,18.0,18.284702985534008,Intermittent,0.9431818181818182,0.0012,8W,NaiveLastValue,100.0,Unreliable,C
104PMS25,A-104 Pintos - Migalha 25 Kg - Linha Prata,ZEZERE,18.0,18.284702985534008,Intermittent,0.9431818181818182,0.0012,13W,NaiveLastValue,100.0,Unreliable,C
120PMS25,A-120 Galinhas poedeiras - Migalha 25 Kg,ZEZERE,37.0,35.99999999999997,Intermittent,0.972972972972973,0.0009,1W,GradientBoostingRegressor,0.0,Excellent,C
120PMS25,A-120 Galinhas poedeiras - Migalha 25 Kg,ZEZERE,37.0,35.99999999999997,Intermittent,0.972972972972973,0.0009,2W,GradientBoostingRegressor,0.0,Excellent,C
120PMS25,A-120 Galinhas poedeiras - Migalha 25 Kg,ZEZERE,37.0,35.99999999999997,Intermittent,0.972972972972973,0.0009,4W,GradientBoostingRegressor,0.0,Excellent,C
120PMS25,A-120 Galinhas poedeiras - Migalha 25 Kg,ZEZERE,37.0,35.99999999999997,Intermittent,0.972972972972973,0.0009,8W,RandomForestRegressor,0.0,Excellent,C
120PMS25,A-120 Galinhas poedeiras - Migalha 25 Kg,ZEZERE,37.0,35.99999999999997,Intermittent,0.972972972972973,0.0009,13W,RandomForestRegressor,0.0,Excellent,C
104PMSAQ,A-104 Pintos - Migalha 5 Kg - Linha Prata,ZEZERE,14.166666666666666,18.52214504141437,Intermittent,0.9261363636363636,0.0015,1W,SBA_alpha_01,75.355,Unreliable,C
104PMSAQ,A-104 Pintos - Migalha 5 Kg - Linha Prata,ZEZERE,14.166666666666666,18.52214504141437,Intermittent,0.9261363636363636,0.0015,2W,GradientBoostingRegressor,98.941,Unreliable,C
104PMSAQ,A-104 Pintos - Migalha 5 Kg - Linha Prata,ZEZERE,14.166666666666666,18.52214504141437,Intermittent,0.9261363636363636,0.0015,4W,NaiveLastValue,100.0,Unreliable,C
104PMSAQ,A-104 Pintos - Migalha 5 Kg - Linha Prata,ZEZERE,14.166666666666666,18.52214504141437,Intermittent,0.9261363636363636,0.0015,8W,NaiveLastValue,100.0,Unreliable,C
104PMSAQ,A-104 Pintos - Migalha 5 Kg - Linha Prata,ZEZERE,14.166666666666666,18.52214504141437,Intermittent,0.9261363636363636,0.0015,13W,ZeroForecast,100.0,Unreliable,C
120PFS25,A-120 Galinhas poedeiras - Farinha 25 Kg,ZEZERE,14.166666666666666,13.728982209917495,Intermittent,0.9261363636363636,0.002,1W,LastNonZero,16.129,Excellent,C
120PFS25,A-120 Galinhas poedeiras - Farinha 25 Kg,ZEZERE,14.166666666666666,13.728982209917495,Intermittent,0.9261363636363636,0.002,2W,arima,99.826,Unreliable,C
120PFS25,A-120 Galinhas poedeiras - Farinha 25 Kg,ZEZERE,14.166666666666666,13.728982209917495,Intermittent,0.9261363636363636,0.002,4W,NaiveLastValue,100.0,Unreliable,C
120PFS25,A-120 Galinhas poedeiras - Farinha 25 Kg,ZEZERE,14.166666666666666,13.728982209917495,Intermittent,0.9261363636363636,0.002,8W,NaiveLastValue,100.0,Unreliable,C
120PFS25,A-120 Galinhas poedeiras - Farinha 25 Kg,ZEZERE,14.166666666666666,13.728982209917495,Intermittent,0.9261363636363636,0.002,13W,NaiveLastValue,100.0,Unreliable,C
120PGS25,A-120 Galinhas poedeiras - Granulado 25 Kg,ZEZERE,12.0,12.313037236743053,Intermittent,0.9177215189873418,0.0025,1W,LastNonZero,18.947,Excellent,C
120PGS25,A-120 Galinhas poedeiras - Granulado 25 Kg,ZEZERE,12.0,12.313037236743053,Intermittent,0.9177215189873418,0.0025,2W,arima,99.79,Unreliable,C
120PGS25,A-120 Galinhas poedeiras - Granulado 25 Kg,ZEZERE,12.0,12.313037236743053,Intermittent,0.9177215189873418,0.0025,4W,HuberRegressor,100.0,Unreliable,C
120PGS25,A-120 Galinhas poedeiras - Granulado 25 Kg,ZEZERE,12.0,12.313037236743053,Intermittent,0.9177215189873418,0.0025,8W,HuberRegressor,100.0,Unreliable,C
120PGS25,A-120 Galinhas poedeiras - Granulado 25 Kg,ZEZERE,12.0,12.313037236743053,Intermittent,0.9177215189873418,0.0025,13W,NaiveLastValue,100.0,Unreliable,C
1470955,ALIM.S.CAO ATIVID. INTENSA 4K,06MARCAPRO,2.103448275862069,2.223718257971141,Lumpy,0.53125,0.0203,1W,LastNonZero,37.5,Fair,B
1470955,ALIM.S.CAO ATIVID. INTENSA 4K,06MARCAPRO,2.103448275862069,2.223718257971141,Lumpy,0.53125,0.0203,2W,RollingMedian_8,69.231,Poor,B
1470955,ALIM.S.CAO ATIVID. INTENSA 4K,06MARCAPRO,2.103448275862069,2.223718257971141,Lumpy,0.53125,0.0203,4W,NaiveLastValue,75.0,Poor,B
1470955,ALIM.S.CAO ATIVID. INTENSA 4K,06MARCAPRO,2.103448275862069,2.223718257971141,Lumpy,0.53125,0.0203,8W,Ridge,64.11,Poor,B
1470955,ALIM.S.CAO ATIVID. INTENSA 4K,06MARCAPRO,2.103448275862069,2.223718257971141,Lumpy,0.53125,0.0203,13W,CrostonStyle,64.51,Poor,B
144PGS25,A-144 Aves de caça - Granulado 25 Kg,ZEZERE,34.25,38.821797520661136,Intermittent,0.9705882352941176,0.0009,1W,SBA_alpha_01,67.506,Poor,C
144PGS25,A-144 Aves de caça - Granulado 25 Kg,ZEZERE,34.25,38.821797520661136,Intermittent,0.9705882352941176,0.0009,2W,ExtraTreesRegressor,83.333,Unreliable,C
144PGS25,A-144 Aves de caça - Granulado 25 Kg,ZEZERE,34.25,38.821797520661136,Intermittent,0.9705882352941176,0.0009,4W,GradientBoostingRegressor,96.342,Unreliable,C
144PGS25,A-144 Aves de caça - Granulado 25 Kg,ZEZERE,34.25,38.821797520661136,Intermittent,0.9705882352941176,0.0009,8W,GradientBoostingRegressor,96.404,Unreliable,C
144PGS25,A-144 Aves de caça - Granulado 25 Kg,ZEZERE,34.25,38.821797520661136,Intermittent,0.9705882352941176,0.0009,13W,sarima,100.0,Unreliable,C
120PGSAQ,A-120 Galinhas poedeiras - Granul. 5Kg Linha Prata,ZEZERE,14.909090909090908,14.161016096016827,Intermittent,0.9294117647058824,0.0006,1W,LastNonZero,9.524,Excellent,C
120PGSAQ,A-120 Galinhas poedeiras - Granul. 5Kg Linha Prata,ZEZERE,14.909090909090908,14.161016096016827,Intermittent,0.9294117647058824,0.0006,2W,arima,99.818,Unreliable,C
120PGSAQ,A-120 Galinhas poedeiras - Granul. 5Kg Linha Prata,ZEZERE,14.909090909090908,14.161016096016827,Intermittent,0.9294117647058824,0.0006,4W,NaiveLastValue,100.0,Unreliable,C
120PGSAQ,A-120 Galinhas poedeiras - Granul. 5Kg Linha Prata,ZEZERE,14.909090909090908,14.161016096016827,Intermittent,0.9294117647058824,0.0006,8W,NaiveLastValue,100.0,Unreliable,C
120PGSAQ,A-120 Galinhas poedeiras - Granul. 5Kg Linha Prata,ZEZERE,14.909090909090908,14.161016096016827,Intermittent,0.9294117647058824,0.0006,13W,NaiveLastValue,100.0,Unreliable,C
1471006,ALIM.S.CAO PRO JUNIOR 3K,06MARCAPRO,3.2857142857142856,3.1666666666666665,Lumpy,0.68,0.0024,1W,SBA_alpha_01,28.509,Good,C
1471006,ALIM.S.CAO PRO JUNIOR 3K,06MARCAPRO,3.2857142857142856,3.1666666666666665,Lumpy,0.68,0.0024,2W,ADIDAStyle_4,100.0,Unreliable,C
1471006,ALIM.S.CAO PRO JUNIOR 3K,06MARCAPRO,3.2857142857142856,3.1666666666666665,Lumpy,0.68,0.0024,4W,ZeroForecast,100.0,Unreliable,C
1471006,ALIM.S.CAO PRO JUNIOR 3K,06MARCAPRO,3.2857142857142856,3.1666666666666665,Lumpy,0.68,0.0024,8W,ZeroForecast,100.0,Unreliable,C
1471006,ALIM.S.CAO PRO JUNIOR 3K,06MARCAPRO,3.2857142857142856,3.1666666666666665,Lumpy,0.68,0.0024,13W,ZeroForecast,100.0,Unreliable,C
1471010,ALIM.S.CAO PRO ADULTO 4K,06MARCAPRO,5.75,4.46875,Intermittent,0.8,0.0022,1W,SBA_alpha_01,12.407,Excellent,C
1471010,ALIM.S.CAO PRO ADULTO 4K,06MARCAPRO,5.75,4.46875,Intermittent,0.8,0.0022,2W,SBA_alpha_01,75.0,Unreliable,C
1471010,ALIM.S.CAO PRO ADULTO 4K,06MARCAPRO,5.75,4.46875,Intermittent,0.8,0.0022,4W,ZeroForecast,100.0,Unreliable,C
1471010,ALIM.S.CAO PRO ADULTO 4K,06MARCAPRO,5.75,4.46875,Intermittent,0.8,0.0022,8W,ZeroForecast,100.0,Unreliable,C
1471010,ALIM.S.CAO PRO ADULTO 4K,06MARCAPRO,5.75,4.46875,Intermittent,0.8,0.0022,13W,ZeroForecast,100.0,Unreliable,C
144PGSAQ,A-144 Aves de caça - Granulado 5 Kg - Linha Prata,ZEZERE,15.75,21.01662887377173,Intermittent,0.9488636363636364,0.0005,1W,LastNonZero,54.902,Fair,C
144PGSAQ,A-144 Aves de caça - Granulado 5 Kg - Linha Prata,ZEZERE,15.75,21.01662887377173,Intermittent,0.9488636363636364,0.0005,2W,arima,99.806,Unreliable,C
144PGSAQ,A-144 Aves de caça - Granulado 5 Kg - Linha Prata,ZEZERE,15.75,21.01662887377173,Intermittent,0.9488636363636364,0.0005,4W,HuberRegressor,100.0,Unreliable,C
144PGSAQ,A-144 Aves de caça - Granulado 5 Kg - Linha Prata,ZEZERE,15.75,21.01662887377173,Intermittent,0.9488636363636364,0.0005,8W,HuberRegressor,100.0,Unreliable,C
144PGSAQ,A-144 Aves de caça - Granulado 5 Kg - Linha Prata,ZEZERE,15.75,21.01662887377173,Intermittent,0.9488636363636364,0.0005,13W,NaiveLastValue,100.0,Unreliable,C
1836910,PorSi Silica 1.5Kg,SILICA,1.0,45.32908163265307,Intermittent,0.965034965034965,0.0055,1W,RandomForestRegressor,0.0,Excellent,C
1836910,PorSi Silica 1.5Kg,SILICA,1.0,45.32908163265307,Intermittent,0.965034965034965,0.0055,2W,RandomForestRegressor,0.0,Excellent,C
1836910,PorSi Silica 1.5Kg,SILICA,1.0,45.32908163265307,Intermittent,0.965034965034965,0.0055,4W,HistGradientBoostingRegressor,0.0,Excellent,C
1836910,PorSi Silica 1.5Kg,SILICA,1.0,45.32908163265307,Intermittent,0.965034965034965,0.0055,8W,RandomForestRegressor,0.0,Excellent,C
1836910,PorSi Silica 1.5Kg,SILICA,1.0,45.32908163265307,Intermittent,0.965034965034965,0.0055,13W,HistGradientBoostingRegressor,0.0,Excellent,C
1470992,ALIM.S.CAO PRO RACA PEQ. 3K,06MARCAPRO,5.2,6.666666666666669,Intermittent,0.7962962962962963,0.0073,1W,LastNonZero,56.0,Poor,B
1470992,ALIM.S.CAO PRO RACA PEQ. 3K,06MARCAPRO,5.2,6.666666666666669,Intermittent,0.7962962962962963,0.0073,2W,TwoStage_ET_ET,74.719,Poor,B
1470992,ALIM.S.CAO PRO RACA PEQ. 3K,06MARCAPRO,5.2,6.666666666666669,Intermittent,0.7962962962962963,0.0073,4W,NaiveLastValue,100.0,Unreliable,B
1470992,ALIM.S.CAO PRO RACA PEQ. 3K,06MARCAPRO,5.2,6.666666666666669,Intermittent,0.7962962962962963,0.0073,8W,ZeroForecast,100.0,Unreliable,B
1470992,ALIM.S.CAO PRO RACA PEQ. 3K,06MARCAPRO,5.2,6.666666666666669,Intermittent,0.7962962962962963,0.0073,13W,ZeroForecast,100.0,Unreliable,B
1470966,ALIM.S.CAO ATIVID. INTENSA 10K,06MARCAPRO,1.736842105263158,1.7839088643645424,Lumpy,0.4264705882352941,0.0267,1W,ADIDA_8,28.104,Good,B
1470966,ALIM.S.CAO ATIVID. INTENSA 10K,06MARCAPRO,1.736842105263158,1.7839088643645424,Lumpy,0.4264705882352941,0.0267,2W,sarima,73.008,Poor,B
1470966,ALIM.S.CAO ATIVID. INTENSA 10K,06MARCAPRO,1.736842105263158,1.7839088643645424,Lumpy,0.4264705882352941,0.0267,4W,sarima,93.755,Unreliable,B
1470966,ALIM.S.CAO ATIVID. INTENSA 10K,06MARCAPRO,1.736842105263158,1.7839088643645424,Lumpy,0.4264705882352941,0.0267,8W,SeasonalNaive_52,87.097,Unreliable,B
1470966,ALIM.S.CAO ATIVID. INTENSA 10K,06MARCAPRO,1.736842105263158,1.7839088643645424,Lumpy,0.4264705882352941,0.0267,13W,SBA_alpha_02,96.089,Unreliable,B
1665366,PorSi Alimento Cão Adulto Mix 20Kg,06MARCAPRO,1.2720588235294117,1.0075866866396062,Erratic,0.21714285714285714,0.3042,1W,RandomForestRegressor,21.85,Good,A
1665366,PorSi Alimento Cão Adulto Mix 20Kg,06MARCAPRO,1.2720588235294117,1.0075866866396062,Erratic,0.21714285714285714,0.3042,2W,SBA_alpha_01,67.821,Poor,A
1665366,PorSi Alimento Cão Adulto Mix 20Kg,06MARCAPRO,1.2720588235294117,1.0075866866396062,Erratic,0.21714285714285714,0.3042,4W,CrostonStyle_alpha_02,61.117,Poor,A
1665366,PorSi Alimento Cão Adulto Mix 20Kg,06MARCAPRO,1.2720588235294117,1.0075866866396062,Erratic,0.21714285714285714,0.3042,8W,ADIDA_8,67.719,Poor,A
1665366,PorSi Alimento Cão Adulto Mix 20Kg,06MARCAPRO,1.2720588235294117,1.0075866866396062,Erratic,0.21714285714285714,0.3042,13W,RandomForestRegressor,69.113,Poor,A
120PFSAQ,A-120 Galinhas poedeiras - Farinha 5Kg Linha Prata,ZEZERE,16.0,15.563777028367394,Intermittent,0.9337349397590361,0.0006,1W,RandomForestRegressor,88.0,Unreliable,C
120PFSAQ,A-120 Galinhas poedeiras - Farinha 5Kg Linha Prata,ZEZERE,16.0,15.563777028367394,Intermittent,0.9337349397590361,0.0006,2W,sarima,99.778,Unreliable,C
120PFSAQ,A-120 Galinhas poedeiras - Farinha 5Kg Linha Prata,ZEZERE,16.0,15.563777028367394,Intermittent,0.9337349397590361,0.0006,4W,NaiveLastValue,100.0,Unreliable,C
120PFSAQ,A-120 Galinhas poedeiras - Farinha 5Kg Linha Prata,ZEZERE,16.0,15.563777028367394,Intermittent,0.9337349397590361,0.0006,8W,NaiveLastValue,100.0,Unreliable,C
120PFSAQ,A-120 Galinhas poedeiras - Farinha 5Kg Linha Prata,ZEZERE,16.0,15.563777028367394,Intermittent,0.9337349397590361,0.0006,13W,ZeroForecast,100.0,Unreliable,C
1665370,PorSi Alimento Cão Adulto Mix 10Kg,06MARCAPRO,1.2592592592592593,0.9747413983555873,Smooth,0.20930232558139536,0.2124,1W,ETS,22.138,Good,A
1665370,PorSi Alimento Cão Adulto Mix 10Kg,06MARCAPRO,1.2592592592592593,0.9747413983555873,Smooth,0.20930232558139536,0.2124,2W,SBA_alpha_01,67.36,Poor,A
1665370,PorSi Alimento Cão Adulto Mix 10Kg,06MARCAPRO,1.2592592592592593,0.9747413983555873,Smooth,0.20930232558139536,0.2124,4W,SBA_alpha_01,60.327,Poor,A
1665370,PorSi Alimento Cão Adulto Mix 10Kg,06MARCAPRO,1.2592592592592593,0.9747413983555873,Smooth,0.20930232558139536,0.2124,8W,SBA_alpha_01,69.736,Poor,A
1665370,PorSi Alimento Cão Adulto Mix 10Kg,06MARCAPRO,1.2592592592592593,0.9747413983555873,Smooth,0.20930232558139536,0.2124,13W,arima,74.692,Poor,A
1665381,PorSi Alimento Cão Adulto Mix 4Kg,06MARCAPRO,1.193103448275862,0.7176833248711564,Smooth,0.1657142857142857,0.3039,1W,arima,18.137,Excellent,A
1665381,PorSi Alimento Cão Adulto Mix 4Kg,06MARCAPRO,1.193103448275862,0.7176833248711564,Smooth,0.1657142857142857,0.3039,2W,MovingAverage_8,66.667,Poor,A
1665381,PorSi Alimento Cão Adulto Mix 4Kg,06MARCAPRO,1.193103448275862,0.7176833248711564,Smooth,0.1657142857142857,0.3039,4W,RollingMedian_8,56.863,Poor,A
1665381,PorSi Alimento Cão Adulto Mix 4Kg,06MARCAPRO,1.193103448275862,0.7176833248711564,Smooth,0.1657142857142857,0.3039,8W,ADIDA_8,58.134,Poor,A
1665381,PorSi Alimento Cão Adulto Mix 4Kg,06MARCAPRO,1.193103448275862,0.7176833248711564,Smooth,0.1657142857142857,0.3039,13W,ADIDA_8,54.035,Fair,A
1872344,ALIM.S.CAO PRO ADULTO 15K,06MARCAPRO,14.0,13.000000000000002,Intermittent,0.9285714285714286,0.0013,1W,RandomForestRegressor,0.0,Excellent,C
1872344,ALIM.S.CAO PRO ADULTO 15K,06MARCAPRO,14.0,13.000000000000002,Intermittent,0.9285714285714286,0.0013,2W,RandomForestRegressor,0.0,Excellent,C
1872344,ALIM.S.CAO PRO ADULTO 15K,06MARCAPRO,14.0,13.000000000000002,Intermittent,0.9285714285714286,0.0013,4W,RandomForestRegressor,0.0,Excellent,C
1872344,ALIM.S.CAO PRO ADULTO 15K,06MARCAPRO,14.0,13.000000000000002,Intermittent,0.9285714285714286,0.0013,8W,,,No Model,C
1872344,ALIM.S.CAO PRO ADULTO 15K,06MARCAPRO,14.0,13.000000000000002,Intermittent,0.9285714285714286,0.0013,13W,,,No Model,C
1857823,PorSi Alimento Cão Júnior 2kg,06MARCAPRO,1.2083333333333333,0.6202666666666665,Smooth,0.20967741935483872,0.0454,1W,sarima,20.363,Good,B
1857823,PorSi Alimento Cão Júnior 2kg,06MARCAPRO,1.2083333333333333,0.6202666666666665,Smooth,0.20967741935483872,0.0454,2W,sarima,33.745,Good,B
1857823,PorSi Alimento Cão Júnior 2kg,06MARCAPRO,1.2083333333333333,0.6202666666666665,Smooth,0.20967741935483872,0.0454,4W,CrostonStyle,69.896,Poor,B
1857823,PorSi Alimento Cão Júnior 2kg,06MARCAPRO,1.2083333333333333,0.6202666666666665,Smooth,0.20967741935483872,0.0454,8W,CrostonStyle_alpha_02,52.58,Fair,B
1857823,PorSi Alimento Cão Júnior 2kg,06MARCAPRO,1.2083333333333333,0.6202666666666665,Smooth,0.20967741935483872,0.0454,13W,RandomForestRegressor,59.791,Poor,B
1836921,PorSi Alimento Cão Atividade Normal 15Kg,06MARCAPRO,1.193103448275862,0.5851461272781346,Smooth,0.1657142857142857,0.6694,1W,arima,47.952,Fair,A
1836921,PorSi Alimento Cão Atividade Normal 15Kg,06MARCAPRO,1.193103448275862,0.5851461272781346,Smooth,0.1657142857142857,0.6694,2W,RollingMedian_8,68.142,Poor,A
1836921,PorSi Alimento Cão Atividade Normal 15Kg,06MARCAPRO,1.193103448275862,0.5851461272781346,Smooth,0.1657142857142857,0.6694,4W,SES,56.82,Poor,A
1836921,PorSi Alimento Cão Atividade Normal 15Kg,06MARCAPRO,1.193103448275862,0.5851461272781346,Smooth,0.1657142857142857,0.6694,8W,CrostonStyle_alpha_02,54.512,Fair,A
1836921,PorSi Alimento Cão Atividade Normal 15Kg,06MARCAPRO,1.193103448275862,0.5851461272781346,Smooth,0.1657142857142857,0.6694,13W,Ridge,60.44,Poor,A
1836932,PorSi Alimento Cão Atividade Normal 4Kg,06MARCAPRO,1.1689189189189189,0.6010825265437438,Smooth,0.14857142857142858,0.4115,1W,LastNonZero,56.757,Poor,A
1836932,PorSi Alimento Cão Atividade Normal 4Kg,06MARCAPRO,1.1689189189189189,0.6010825265437438,Smooth,0.14857142857142858,0.4115,2W,SBA_alpha_02,88.999,Unreliable,A
1836932,PorSi Alimento Cão Atividade Normal 4Kg,06MARCAPRO,1.1689189189189189,0.6010825265437438,Smooth,0.14857142857142858,0.4115,4W,SBA_alpha_01,79.037,Unreliable,A
1836932,PorSi Alimento Cão Atividade Normal 4Kg,06MARCAPRO,1.1689189189189189,0.6010825265437438,Smooth,0.14857142857142858,0.4115,8W,CrostonStyle_alpha_02,64.724,Poor,A
1836932,PorSi Alimento Cão Atividade Normal 4Kg,06MARCAPRO,1.1689189189189189,0.6010825265437438,Smooth,0.14857142857142858,0.4115,13W,RandomForestRegressor,46.035,Fair,A
5913013,"Silica Coshida 3,8L ",SILICA,,,,0.2,0.0106,1W,,,Insufficient History,B
5913013,"Silica Coshida 3,8L ",SILICA,,,,0.2,0.0106,2W,,,Insufficient History,B
5913013,"Silica Coshida 3,8L ",SILICA,,,,0.2,0.0106,4W,,,Insufficient History,B
5913013,"Silica Coshida 3,8L ",SILICA,,,,0.2,0.0106,8W,,,Insufficient History,B
5913013,"Silica Coshida 3,8L ",SILICA,,,,0.2,0.0106,13W,,,Insufficient History,B
1857834,PorSi Alimento Cão Júnior 10Kg,06MARCAPRO,1.2962962962962963,0.8437576409604377,Smooth,0.25675675675675674,0.0721,1W,HuberRegressor,43.047,Fair,B
1857834,PorSi Alimento Cão Júnior 10Kg,06MARCAPRO,1.2962962962962963,0.8437576409604377,Smooth,0.25675675675675674,0.0721,2W,RollingMedian_8,52.941,Fair,B
1857834,PorSi Alimento Cão Júnior 10Kg,06MARCAPRO,1.2962962962962963,0.8437576409604377,Smooth,0.25675675675675674,0.0721,4W,SBA_alpha_02,84.143,Unreliable,B
1857834,PorSi Alimento Cão Júnior 10Kg,06MARCAPRO,1.2962962962962963,0.8437576409604377,Smooth,0.25675675675675674,0.0721,8W,ADIDA_4,64.125,Poor,B
1857834,PorSi Alimento Cão Júnior 10Kg,06MARCAPRO,1.2962962962962963,0.8437576409604377,Smooth,0.25675675675675674,0.0721,13W,ADIDA_4,56.547,Poor,B
5781163,AL SECO P/CAO CONT RC PEQ FRANGO 3KG,06MARCAPRO,1.0,5.536475869809203,Intermittent,0.8295454545454546,0.0399,1W,RollingMedian_8,46.154,Fair,B
5781163,AL SECO P/CAO CONT RC PEQ FRANGO 3KG,06MARCAPRO,1.0,5.536475869809203,Intermittent,0.8295454545454546,0.0399,2W,ADIDAStyle_4,55.037,Poor,B
5781163,AL SECO P/CAO CONT RC PEQ FRANGO 3KG,06MARCAPRO,1.0,5.536475869809203,Intermittent,0.8295454545454546,0.0399,4W,SBA_alpha_01,89.66,Unreliable,B
5781163,AL SECO P/CAO CONT RC PEQ FRANGO 3KG,06MARCAPRO,1.0,5.536475869809203,Intermittent,0.8295454545454546,0.0399,8W,ZeroForecast,100.0,Unreliable,B
5781163,AL SECO P/CAO CONT RC PEQ FRANGO 3KG,06MARCAPRO,1.0,5.536475869809203,Intermittent,0.8295454545454546,0.0399,13W,ZeroForecast,100.0,Unreliable,B
5758590,Continente Cão Raças Pequenas 1.5Kg,06MARCAPRO,1.0480769230769231,1.2296065819375468,Lumpy,0.4034090909090909,0.1099,1W,ADIDAStyle_4,33.301,Good,A
5758590,Continente Cão Raças Pequenas 1.5Kg,06MARCAPRO,1.0480769230769231,1.2296065819375468,Lumpy,0.4034090909090909,0.1099,2W,ADIDAStyle_4,43.327,Fair,A
5758590,Continente Cão Raças Pequenas 1.5Kg,06MARCAPRO,1.0480769230769231,1.2296065819375468,Lumpy,0.4034090909090909,0.1099,4W,SeasonalNaive_52,69.444,Poor,A
5758590,Continente Cão Raças Pequenas 1.5Kg,06MARCAPRO,1.0480769230769231,1.2296065819375468,Lumpy,0.4034090909090909,0.1099,8W,ZeroForecast,100.0,Unreliable,A
5758590,Continente Cão Raças Pequenas 1.5Kg,06MARCAPRO,1.0480769230769231,1.2296065819375468,Lumpy,0.4034090909090909,0.1099,13W,ZeroForecast,100.0,Unreliable,A
5909591,Orlando 4Kg,06MARCAPRO,1.0,0.21721259893846084,Smooth,0.005681818181818182,1.8032,1W,ADIDA_4,24.849,Good,A
5909591,Orlando 4Kg,06MARCAPRO,1.0,0.21721259893846084,Smooth,0.005681818181818182,1.8032,2W,ADIDA_4,38.851,Fair,A
5909591,Orlando 4Kg,06MARCAPRO,1.0,0.21721259893846084,Smooth,0.005681818181818182,1.8032,4W,ADIDA_4,38.165,Fair,A
5909591,Orlando 4Kg,06MARCAPRO,1.0,0.21721259893846084,Smooth,0.005681818181818182,1.8032,8W,ADIDA_8,34.172,Good,A
5909591,Orlando 4Kg,06MARCAPRO,1.0,0.21721259893846084,Smooth,0.005681818181818182,1.8032,13W,Ridge,38.103,Fair,A
5912446,Orlando Croquete Mix Cão 10Kg,06MARCAPRO,1.007936507936508,0.2857510312131523,Smooth,0.015503875968992248,1.6033,1W,ADIDA_8,40.598,Fair,A
5912446,Orlando Croquete Mix Cão 10Kg,06MARCAPRO,1.007936507936508,0.2857510312131523,Smooth,0.015503875968992248,1.6033,2W,MovingAverage_8,55.172,Poor,A
5912446,Orlando Croquete Mix Cão 10Kg,06MARCAPRO,1.007936507936508,0.2857510312131523,Smooth,0.015503875968992248,1.6033,4W,ADIDA_8,47.535,Fair,A
5912446,Orlando Croquete Mix Cão 10Kg,06MARCAPRO,1.007936507936508,0.2857510312131523,Smooth,0.015503875968992248,1.6033,8W,ADIDA_8,36.582,Fair,A
5912446,Orlando Croquete Mix Cão 10Kg,06MARCAPRO,1.007936507936508,0.2857510312131523,Smooth,0.015503875968992248,1.6033,13W,arima,35.104,Fair,A
6040363,AL SECO P/CAO CONTINENTE CROQUETES 4KG,06MARCAPRO,1.008849557522124,0.8875043681339705,Smooth,0.3522727272727273,0.783,1W,CrostonStyle,37.593,Fair,A
6040363,AL SECO P/CAO CONTINENTE CROQUETES 4KG,06MARCAPRO,1.008849557522124,0.8875043681339705,Smooth,0.3522727272727273,0.783,2W,CrostonStyle_alpha_02,46.432,Fair,A
6040363,AL SECO P/CAO CONTINENTE CROQUETES 4KG,06MARCAPRO,1.008849557522124,0.8875043681339705,Smooth,0.3522727272727273,0.783,4W,CrostonStyle_alpha_02,65.173,Poor,A
6040363,AL SECO P/CAO CONTINENTE CROQUETES 4KG,06MARCAPRO,1.008849557522124,0.8875043681339705,Smooth,0.3522727272727273,0.783,8W,ZeroForecast,100.0,Unreliable,A
6040363,AL SECO P/CAO CONTINENTE CROQUETES 4KG,06MARCAPRO,1.008849557522124,0.8875043681339705,Smooth,0.3522727272727273,0.783,13W,ZeroForecast,100.0,Unreliable,A
6040248,AL SECO P/CAO CONTINENTE JUNIOR 10KG,06MARCAPRO,1.0092592592592593,0.952944859820233,Smooth,0.3806818181818182,0.3739,1W,ADIDAStyle_4,65.382,Poor,A
6040248,AL SECO P/CAO CONTINENTE JUNIOR 10KG,06MARCAPRO,1.0092592592592593,0.952944859820233,Smooth,0.3806818181818182,0.3739,2W,CrostonStyle,77.085,Unreliable,A
6040248,AL SECO P/CAO CONTINENTE JUNIOR 10KG,06MARCAPRO,1.0092592592592593,0.952944859820233,Smooth,0.3806818181818182,0.3739,4W,SBA_alpha_01,99.377,Unreliable,A
6040248,AL SECO P/CAO CONTINENTE JUNIOR 10KG,06MARCAPRO,1.0092592592592593,0.952944859820233,Smooth,0.3806818181818182,0.3739,8W,ZeroForecast,100.0,Unreliable,A
6040248,AL SECO P/CAO CONTINENTE JUNIOR 10KG,06MARCAPRO,1.0092592592592593,0.952944859820233,Smooth,0.3806818181818182,0.3739,13W,ZeroForecast,100.0,Unreliable,A
6040447,Continente Cão Adulto Sopa 4Kg,06MARCAPRO,1.0087719298245614,0.9340705196208077,Smooth,0.3465909090909091,0.281,1W,Ridge,23.509,Good,A
6040447,Continente Cão Adulto Sopa 4Kg,06MARCAPRO,1.0087719298245614,0.9340705196208077,Smooth,0.3465909090909091,0.281,2W,HuberRegressor,37.701,Fair,A
6040447,Continente Cão Adulto Sopa 4Kg,06MARCAPRO,1.0087719298245614,0.9340705196208077,Smooth,0.3465909090909091,0.281,4W,RollingMedian_8,62.916,Poor,A
6040447,Continente Cão Adulto Sopa 4Kg,06MARCAPRO,1.0087719298245614,0.9340705196208077,Smooth,0.3465909090909091,0.281,8W,ZeroForecast,100.0,Unreliable,A
6040447,Continente Cão Adulto Sopa 4Kg,06MARCAPRO,1.0087719298245614,0.9340705196208077,Smooth,0.3465909090909091,0.281,13W,ZeroForecast,100.0,Unreliable,A
6040544,Continente Cão Adulto Croquetes 10Kg,06MARCAPRO,1.0175438596491229,1.133575662502768,Lumpy,0.3465909090909091,0.2576,1W,ADIDAStyle_4,56.997,Poor,A
6040544,Continente Cão Adulto Croquetes 10Kg,06MARCAPRO,1.0175438596491229,1.133575662502768,Lumpy,0.3465909090909091,0.2576,2W,CrostonStyle,65.122,Poor,A
6040544,Continente Cão Adulto Croquetes 10Kg,06MARCAPRO,1.0175438596491229,1.133575662502768,Lumpy,0.3465909090909091,0.2576,4W,SBA_alpha_01,84.138,Unreliable,A
6040544,Continente Cão Adulto Croquetes 10Kg,06MARCAPRO,1.0175438596491229,1.133575662502768,Lumpy,0.3465909090909091,0.2576,8W,ZeroForecast,100.0,Unreliable,A
6040544,Continente Cão Adulto Croquetes 10Kg,06MARCAPRO,1.0175438596491229,1.133575662502768,Lumpy,0.3465909090909091,0.2576,13W,ZeroForecast,100.0,Unreliable,A
6059538,Continente Cão Adulto Sopa 10Kg,06MARCAPRO,1.018018018018018,1.0380172361166897,Lumpy,0.36363636363636365,0.293,1W,CrostonStyle,39.706,Fair,A
6059538,Continente Cão Adulto Sopa 10Kg,06MARCAPRO,1.018018018018018,1.0380172361166897,Lumpy,0.36363636363636365,0.293,2W,CrostonStyle_alpha_02,45.161,Fair,A
6059538,Continente Cão Adulto Sopa 10Kg,06MARCAPRO,1.018018018018018,1.0380172361166897,Lumpy,0.36363636363636365,0.293,4W,SBA_alpha_02,63.883,Poor,A
6059538,Continente Cão Adulto Sopa 10Kg,06MARCAPRO,1.018018018018018,1.0380172361166897,Lumpy,0.36363636363636365,0.293,8W,ZeroForecast,100.0,Unreliable,A
6059538,Continente Cão Adulto Sopa 10Kg,06MARCAPRO,1.018018018018018,1.0380172361166897,Lumpy,0.36363636363636365,0.293,13W,ZeroForecast,100.0,Unreliable,A
6059623,AL SECO P/CAO CONTINENTE JUNIOR 2KG,06MARCAPRO,1.0241935483870968,0.6775899645279339,Smooth,0.2897727272727273,0.2215,1W,TwoStage_ET_ET,15.151,Excellent,A
6059623,AL SECO P/CAO CONTINENTE JUNIOR 2KG,06MARCAPRO,1.0241935483870968,0.6775899645279339,Smooth,0.2897727272727273,0.2215,2W,MovingAverage_8,31.659,Good,A
6059623,AL SECO P/CAO CONTINENTE JUNIOR 2KG,06MARCAPRO,1.0241935483870968,0.6775899645279339,Smooth,0.2897727272727273,0.2215,4W,CrostonStyle_alpha_02,59.818,Poor,A
6059623,AL SECO P/CAO CONTINENTE JUNIOR 2KG,06MARCAPRO,1.0241935483870968,0.6775899645279339,Smooth,0.2897727272727273,0.2215,8W,ZeroForecast,100.0,Unreliable,A
6059623,AL SECO P/CAO CONTINENTE JUNIOR 2KG,06MARCAPRO,1.0241935483870968,0.6775899645279339,Smooth,0.2897727272727273,0.2215,13W,ZeroForecast,100.0,Unreliable,A
6059551,AL SECO P/CAO CONTINENTE JUNIOR 4KG,06MARCAPRO,1.040983606557377,0.9569584552892815,Smooth,0.30113636363636365,0.3849,1W,ADIDAStyle_4,37.959,Fair,A
6059551,AL SECO P/CAO CONTINENTE JUNIOR 4KG,06MARCAPRO,1.040983606557377,0.9569584552892815,Smooth,0.30113636363636365,0.3849,2W,ADIDAStyle_4,55.913,Poor,A
6059551,AL SECO P/CAO CONTINENTE JUNIOR 4KG,06MARCAPRO,1.040983606557377,0.9569584552892815,Smooth,0.30113636363636365,0.3849,4W,CrostonStyle_alpha_02,88.832,Unreliable,A
6059551,AL SECO P/CAO CONTINENTE JUNIOR 4KG,06MARCAPRO,1.040983606557377,0.9569584552892815,Smooth,0.30113636363636365,0.3849,8W,ZeroForecast,100.0,Unreliable,A
6059551,AL SECO P/CAO CONTINENTE JUNIOR 4KG,06MARCAPRO,1.040983606557377,0.9569584552892815,Smooth,0.30113636363636365,0.3849,13W,ZeroForecast,100.0,Unreliable,A
6059624,AL SECO P/CAO CONTINENTE SOPA 20KG,06MARCAPRO,1.14,2.2173831374667716,Lumpy,0.42613636363636365,0.2746,1W,RecentWeightedAverage,62.593,Poor,A
6059624,AL SECO P/CAO CONTINENTE SOPA 20KG,06MARCAPRO,1.14,2.2173831374667716,Lumpy,0.42613636363636365,0.2746,2W,CrostonStyle,90.805,Unreliable,A
6059624,AL SECO P/CAO CONTINENTE SOPA 20KG,06MARCAPRO,1.14,2.2173831374667716,Lumpy,0.42613636363636365,0.2746,4W,ZeroForecast,100.0,Unreliable,A
6059624,AL SECO P/CAO CONTINENTE SOPA 20KG,06MARCAPRO,1.14,2.2173831374667716,Lumpy,0.42613636363636365,0.2746,8W,ZeroForecast,100.0,Unreliable,A
6059624,AL SECO P/CAO CONTINENTE SOPA 20KG,06MARCAPRO,1.14,2.2173831374667716,Lumpy,0.42613636363636365,0.2746,13W,ZeroForecast,100.0,Unreliable,A
62358816,PorSi Alimento Cão Atividade Normal 4Kg,06MARCAPRO,2.0,84.99999999999993,Intermittent,0.9883720930232558,0.0022,1W,RandomForestRegressor,0.0,Excellent,C
62358816,PorSi Alimento Cão Atividade Normal 4Kg,06MARCAPRO,2.0,84.99999999999993,Intermittent,0.9883720930232558,0.0022,2W,HistGradientBoostingRegressor,0.0,Excellent,C
62358816,PorSi Alimento Cão Atividade Normal 4Kg,06MARCAPRO,2.0,84.99999999999993,Intermittent,0.9883720930232558,0.0022,4W,HistGradientBoostingRegressor,0.0,Excellent,C
62358816,PorSi Alimento Cão Atividade Normal 4Kg,06MARCAPRO,2.0,84.99999999999993,Intermittent,0.9883720930232558,0.0022,8W,RandomForestRegressor,0.0,Excellent,C
62358816,PorSi Alimento Cão Atividade Normal 4Kg,06MARCAPRO,2.0,84.99999999999993,Intermittent,0.9883720930232558,0.0022,13W,RandomForestRegressor,0.0,Excellent,C
62358817,PorSi Alimento Cão Atividade Normal 15Kg,06MARCAPRO,2.0,87.14404432132972,Intermittent,0.9883720930232558,0.005,1W,RandomForestRegressor,0.0,Excellent,C
62358817,PorSi Alimento Cão Atividade Normal 15Kg,06MARCAPRO,2.0,87.14404432132972,Intermittent,0.9883720930232558,0.005,2W,HistGradientBoostingRegressor,0.0,Excellent,C
62358817,PorSi Alimento Cão Atividade Normal 15Kg,06MARCAPRO,2.0,87.14404432132972,Intermittent,0.9883720930232558,0.005,4W,HistGradientBoostingRegressor,0.0,Excellent,C
62358817,PorSi Alimento Cão Atividade Normal 15Kg,06MARCAPRO,2.0,87.14404432132972,Intermittent,0.9883720930232558,0.005,8W,RandomForestRegressor,0.0,Excellent,C
62358817,PorSi Alimento Cão Atividade Normal 15Kg,06MARCAPRO,2.0,87.14404432132972,Intermittent,0.9883720930232558,0.005,13W,RandomForestRegressor,0.0,Excellent,C
62358818,PorSi Alimento Cão Adulto Mix 4Kg,06MARCAPRO,172.0,170.99999999999991,Intermittent,0.9941860465116279,0.0011,1W,ExtraTreesRegressor,0.0,Excellent,C
62358818,PorSi Alimento Cão Adulto Mix 4Kg,06MARCAPRO,172.0,170.99999999999991,Intermittent,0.9941860465116279,0.0011,2W,ExtraTreesRegressor,0.0,Excellent,C
62358818,PorSi Alimento Cão Adulto Mix 4Kg,06MARCAPRO,172.0,170.99999999999991,Intermittent,0.9941860465116279,0.0011,4W,RandomForestRegressor,0.0,Excellent,C
62358818,PorSi Alimento Cão Adulto Mix 4Kg,06MARCAPRO,172.0,170.99999999999991,Intermittent,0.9941860465116279,0.0011,8W,RandomForestRegressor,0.0,Excellent,C
62358818,PorSi Alimento Cão Adulto Mix 4Kg,06MARCAPRO,172.0,170.99999999999991,Intermittent,0.9941860465116279,0.0011,13W,ExtraTreesRegressor,0.0,Excellent,C
6059625,AL SECO CAO CONTINENTE ALTA NUTRIC 10KG,06MARCAPRO,1.076271186440678,1.2342564633986701,Lumpy,0.32386363636363635,0.1544,1W,ADIDA_8,54.65,Fair,A
6059625,AL SECO CAO CONTINENTE ALTA NUTRIC 10KG,06MARCAPRO,1.076271186440678,1.2342564633986701,Lumpy,0.32386363636363635,0.1544,2W,CrostonStyle_alpha_02,70.494,Poor,A
6059625,AL SECO CAO CONTINENTE ALTA NUTRIC 10KG,06MARCAPRO,1.076271186440678,1.2342564633986701,Lumpy,0.32386363636363635,0.1544,4W,ZeroForecast,100.0,Unreliable,A
6059625,AL SECO CAO CONTINENTE ALTA NUTRIC 10KG,06MARCAPRO,1.076271186440678,1.2342564633986701,Lumpy,0.32386363636363635,0.1544,8W,ZeroForecast,100.0,Unreliable,A
6059625,AL SECO CAO CONTINENTE ALTA NUTRIC 10KG,06MARCAPRO,1.076271186440678,1.2342564633986701,Lumpy,0.32386363636363635,0.1544,13W,ZeroForecast,100.0,Unreliable,A
5900855,Orlando 20Kg,06MARCAPRO,1.0116279069767442,0.19006295229023332,Smooth,0.017045454545454544,16.941,1W,MovingAverage_8,24.499,Good,A
5900855,Orlando 20Kg,06MARCAPRO,1.0116279069767442,0.19006295229023332,Smooth,0.017045454545454544,16.941,2W,MovingAverage_8,33.811,Good,A
5900855,Orlando 20Kg,06MARCAPRO,1.0116279069767442,0.19006295229023332,Smooth,0.017045454545454544,16.941,4W,ADIDA_8,33.17,Good,A
5900855,Orlando 20Kg,06MARCAPRO,1.0116279069767442,0.19006295229023332,Smooth,0.017045454545454544,16.941,8W,MovingAverage_8,24.127,Good,A
5900855,Orlando 20Kg,06MARCAPRO,1.0116279069767442,0.19006295229023332,Smooth,0.017045454545454544,16.941,13W,arima,27.609,Good,A
62358819,PorSi Alimento Cão Adulto Mix 10Kg,06MARCAPRO,2.0,87.38888888888894,Intermittent,0.9883720930232558,0.003,1W,RandomForestRegressor,0.0,Excellent,C
62358819,PorSi Alimento Cão Adulto Mix 10Kg,06MARCAPRO,2.0,87.38888888888894,Intermittent,0.9883720930232558,0.003,2W,HistGradientBoostingRegressor,0.0,Excellent,C
62358819,PorSi Alimento Cão Adulto Mix 10Kg,06MARCAPRO,2.0,87.38888888888894,Intermittent,0.9883720930232558,0.003,4W,HistGradientBoostingRegressor,0.0,Excellent,C
62358819,PorSi Alimento Cão Adulto Mix 10Kg,06MARCAPRO,2.0,87.38888888888894,Intermittent,0.9883720930232558,0.003,8W,RandomForestRegressor,0.0,Excellent,C
62358819,PorSi Alimento Cão Adulto Mix 10Kg,06MARCAPRO,2.0,87.38888888888894,Intermittent,0.9883720930232558,0.003,13W,RandomForestRegressor,0.0,Excellent,C
62358820,PorSi Alimento Cão Adulto Mix 20Kg,06MARCAPRO,2.0,97.3733650416171,Intermittent,0.9883720930232558,0.0088,1W,ExtraTreesRegressor,0.0,Excellent,C
62358820,PorSi Alimento Cão Adulto Mix 20Kg,06MARCAPRO,2.0,97.3733650416171,Intermittent,0.9883720930232558,0.0088,2W,RandomForestRegressor,0.0,Excellent,C
62358820,PorSi Alimento Cão Adulto Mix 20Kg,06MARCAPRO,2.0,97.3733650416171,Intermittent,0.9883720930232558,0.0088,4W,RandomForestRegressor,0.0,Excellent,C
62358820,PorSi Alimento Cão Adulto Mix 20Kg,06MARCAPRO,2.0,97.3733650416171,Intermittent,0.9883720930232558,0.0088,8W,RandomForestRegressor,0.0,Excellent,C
62358820,PorSi Alimento Cão Adulto Mix 20Kg,06MARCAPRO,2.0,97.3733650416171,Intermittent,0.9883720930232558,0.0088,13W,RandomForestRegressor,0.0,Excellent,C
62374173,PorSi Alimento Cão Adulto Mix 10Kg,06MARCAPRO,168.0,166.99999999999991,Intermittent,0.9940476190476191,0.0018,1W,ExtraTreesRegressor,0.0,Excellent,C
62374173,PorSi Alimento Cão Adulto Mix 10Kg,06MARCAPRO,168.0,166.99999999999991,Intermittent,0.9940476190476191,0.0018,2W,ExtraTreesRegressor,0.0,Excellent,C
62374173,PorSi Alimento Cão Adulto Mix 10Kg,06MARCAPRO,168.0,166.99999999999991,Intermittent,0.9940476190476191,0.0018,4W,RandomForestRegressor,0.0,Excellent,C
62374173,PorSi Alimento Cão Adulto Mix 10Kg,06MARCAPRO,168.0,166.99999999999991,Intermittent,0.9940476190476191,0.0018,8W,RandomForestRegressor,0.0,Excellent,C
62374173,PorSi Alimento Cão Adulto Mix 10Kg,06MARCAPRO,168.0,166.99999999999991,Intermittent,0.9940476190476191,0.0018,13W,RandomForestRegressor,0.0,Excellent,C
6059635,Continente Cão Alta Nutrição 4Kg,06MARCAPRO,1.025,0.9851578955611607,Smooth,0.3125,0.1926,1W,HuberRegressor,60.183,Poor,A
6059635,Continente Cão Alta Nutrição 4Kg,06MARCAPRO,1.025,0.9851578955611607,Smooth,0.3125,0.1926,2W,SBA_alpha_01,84.398,Unreliable,A
6059635,Continente Cão Alta Nutrição 4Kg,06MARCAPRO,1.025,0.9851578955611607,Smooth,0.3125,0.1926,4W,SBA_alpha_01,97.171,Unreliable,A
6059635,Continente Cão Alta Nutrição 4Kg,06MARCAPRO,1.025,0.9851578955611607,Smooth,0.3125,0.1926,8W,ZeroForecast,100.0,Unreliable,A
6059635,Continente Cão Alta Nutrição 4Kg,06MARCAPRO,1.025,0.9851578955611607,Smooth,0.3125,0.1926,13W,ZeroForecast,100.0,Unreliable,A
62380041,PorSi Alimento Cão Adulto Mix 20Kg,06MARCAPRO,165.0,163.99999999999986,Intermittent,0.9939393939393939,0.0021,1W,RandomForestRegressor,0.0,Excellent,C
62380041,PorSi Alimento Cão Adulto Mix 20Kg,06MARCAPRO,165.0,163.99999999999986,Intermittent,0.9939393939393939,0.0021,2W,ExtraTreesRegressor,0.0,Excellent,C
62380041,PorSi Alimento Cão Adulto Mix 20Kg,06MARCAPRO,165.0,163.99999999999986,Intermittent,0.9939393939393939,0.0021,4W,ExtraTreesRegressor,0.0,Excellent,C
62380041,PorSi Alimento Cão Adulto Mix 20Kg,06MARCAPRO,165.0,163.99999999999986,Intermittent,0.9939393939393939,0.0021,8W,RandomForestRegressor,0.0,Excellent,C
62380041,PorSi Alimento Cão Adulto Mix 20Kg,06MARCAPRO,165.0,163.99999999999986,Intermittent,0.9939393939393939,0.0021,13W,HistGradientBoostingRegressor,0.0,Excellent,C
62377319,PorSi Alimento Cão Atividade Normal 4Kg,06MARCAPRO,165.0,163.99999999999991,Intermittent,0.9939393939393939,0.0024,1W,RandomForestRegressor,0.0,Excellent,C
62377319,PorSi Alimento Cão Atividade Normal 4Kg,06MARCAPRO,165.0,163.99999999999991,Intermittent,0.9939393939393939,0.0024,2W,ExtraTreesRegressor,0.0,Excellent,C
62377319,PorSi Alimento Cão Atividade Normal 4Kg,06MARCAPRO,165.0,163.99999999999991,Intermittent,0.9939393939393939,0.0024,4W,ExtraTreesRegressor,0.0,Excellent,C
62377319,PorSi Alimento Cão Atividade Normal 4Kg,06MARCAPRO,165.0,163.99999999999991,Intermittent,0.9939393939393939,0.0024,8W,RandomForestRegressor,0.0,Excellent,C
62377319,PorSi Alimento Cão Atividade Normal 4Kg,06MARCAPRO,165.0,163.99999999999991,Intermittent,0.9939393939393939,0.0024,13W,HistGradientBoostingRegressor,0.0,Excellent,C
62386230,PorSi Alimento Cão Atividade Normal 15Kg,06MARCAPRO,163.0,161.99999999999986,Intermittent,0.9938650306748467,0.0029,1W,ExtraTreesRegressor,0.0,Excellent,C
62386230,PorSi Alimento Cão Atividade Normal 15Kg,06MARCAPRO,163.0,161.99999999999986,Intermittent,0.9938650306748467,0.0029,2W,ExtraTreesRegressor,0.0,Excellent,C
62386230,PorSi Alimento Cão Atividade Normal 15Kg,06MARCAPRO,163.0,161.99999999999986,Intermittent,0.9938650306748467,0.0029,4W,ExtraTreesRegressor,0.0,Excellent,C
62386230,PorSi Alimento Cão Atividade Normal 15Kg,06MARCAPRO,163.0,161.99999999999986,Intermittent,0.9938650306748467,0.0029,8W,RandomForestRegressor,0.0,Excellent,C
62386230,PorSi Alimento Cão Atividade Normal 15Kg,06MARCAPRO,163.0,161.99999999999986,Intermittent,0.9938650306748467,0.0029,13W,RandomForestRegressor,0.0,Excellent,C
62392849,PorSi Alimento Cão Adulto Mix 10Kg,06MARCAPRO,160.0,159.00000000000014,Intermittent,0.99375,0.0008,1W,ExtraTreesRegressor,0.0,Excellent,C
62392849,PorSi Alimento Cão Adulto Mix 10Kg,06MARCAPRO,160.0,159.00000000000014,Intermittent,0.99375,0.0008,2W,ExtraTreesRegressor,0.0,Excellent,C
62392849,PorSi Alimento Cão Adulto Mix 10Kg,06MARCAPRO,160.0,159.00000000000014,Intermittent,0.99375,0.0008,4W,RandomForestRegressor,0.0,Excellent,C
62392849,PorSi Alimento Cão Adulto Mix 10Kg,06MARCAPRO,160.0,159.00000000000014,Intermittent,0.99375,0.0008,8W,RandomForestRegressor,0.0,Excellent,C
62392849,PorSi Alimento Cão Adulto Mix 10Kg,06MARCAPRO,160.0,159.00000000000014,Intermittent,0.99375,0.0008,13W,RandomForestRegressor,0.0,Excellent,C
62395661,PorSi Alimento Cão Atividade Normal 15Kg,06MARCAPRO,159.0,158.00000000000006,Intermittent,0.9937106918238994,0.0029,1W,ExtraTreesRegressor,0.0,Excellent,C
62395661,PorSi Alimento Cão Atividade Normal 15Kg,06MARCAPRO,159.0,158.00000000000006,Intermittent,0.9937106918238994,0.0029,2W,ExtraTreesRegressor,0.0,Excellent,C
62395661,PorSi Alimento Cão Atividade Normal 15Kg,06MARCAPRO,159.0,158.00000000000006,Intermittent,0.9937106918238994,0.0029,4W,RandomForestRegressor,0.0,Excellent,C
62395661,PorSi Alimento Cão Atividade Normal 15Kg,06MARCAPRO,159.0,158.00000000000006,Intermittent,0.9937106918238994,0.0029,8W,RandomForestRegressor,0.0,Excellent,C
62395661,PorSi Alimento Cão Atividade Normal 15Kg,06MARCAPRO,159.0,158.00000000000006,Intermittent,0.9937106918238994,0.0029,13W,RandomForestRegressor,0.0,Excellent,C
62403877,PorSi Alimento Cão Adulto Mix 10Kg,06MARCAPRO,157.0,155.99999999999991,Intermittent,0.9936305732484076,0.0013,1W,RandomForestRegressor,0.0,Excellent,C
62403877,PorSi Alimento Cão Adulto Mix 10Kg,06MARCAPRO,157.0,155.99999999999991,Intermittent,0.9936305732484076,0.0013,2W,ExtraTreesRegressor,0.0,Excellent,C
62403877,PorSi Alimento Cão Adulto Mix 10Kg,06MARCAPRO,157.0,155.99999999999991,Intermittent,0.9936305732484076,0.0013,4W,ExtraTreesRegressor,0.0,Excellent,C
62403877,PorSi Alimento Cão Adulto Mix 10Kg,06MARCAPRO,157.0,155.99999999999991,Intermittent,0.9936305732484076,0.0013,8W,RandomForestRegressor,0.0,Excellent,C
62403877,PorSi Alimento Cão Adulto Mix 10Kg,06MARCAPRO,157.0,155.99999999999991,Intermittent,0.9936305732484076,0.0013,13W,HistGradientBoostingRegressor,0.0,Excellent,C
62411602,PorSi Alimento Cão Atividade Normal 15Kg,06MARCAPRO,152.0,150.99999999999997,Intermittent,0.993421052631579,0.0021,1W,ExtraTreesRegressor,0.0,Excellent,C
62411602,PorSi Alimento Cão Atividade Normal 15Kg,06MARCAPRO,152.0,150.99999999999997,Intermittent,0.993421052631579,0.0021,2W,ExtraTreesRegressor,0.0,Excellent,C
62411602,PorSi Alimento Cão Atividade Normal 15Kg,06MARCAPRO,152.0,150.99999999999997,Intermittent,0.993421052631579,0.0021,4W,RandomForestRegressor,0.0,Excellent,C
62411602,PorSi Alimento Cão Atividade Normal 15Kg,06MARCAPRO,152.0,150.99999999999997,Intermittent,0.993421052631579,0.0021,8W,HistGradientBoostingRegressor,0.0,Excellent,C
62411602,PorSi Alimento Cão Atividade Normal 15Kg,06MARCAPRO,152.0,150.99999999999997,Intermittent,0.993421052631579,0.0021,13W,RandomForestRegressor,0.0,Excellent,C
62411601,PorSi Alimento Cão Atividade Normal 4Kg,06MARCAPRO,152.0,150.99999999999997,Intermittent,0.993421052631579,0.0005,1W,ExtraTreesRegressor,0.0,Excellent,C
62411601,PorSi Alimento Cão Atividade Normal 4Kg,06MARCAPRO,152.0,150.99999999999997,Intermittent,0.993421052631579,0.0005,2W,ExtraTreesRegressor,0.0,Excellent,C
62411601,PorSi Alimento Cão Atividade Normal 4Kg,06MARCAPRO,152.0,150.99999999999997,Intermittent,0.993421052631579,0.0005,4W,RandomForestRegressor,0.0,Excellent,C
62411601,PorSi Alimento Cão Atividade Normal 4Kg,06MARCAPRO,152.0,150.99999999999997,Intermittent,0.993421052631579,0.0005,8W,HistGradientBoostingRegressor,0.0,Excellent,C
62411601,PorSi Alimento Cão Atividade Normal 4Kg,06MARCAPRO,152.0,150.99999999999997,Intermittent,0.993421052631579,0.0005,13W,RandomForestRegressor,0.0,Excellent,C
62386229,PorSi Alimento Cão Atividade Normal 4Kg,06MARCAPRO,163.0,161.99999999999994,Intermittent,0.9938650306748467,0.0011,1W,ExtraTreesRegressor,0.0,Excellent,C
62386229,PorSi Alimento Cão Atividade Normal 4Kg,06MARCAPRO,163.0,161.99999999999994,Intermittent,0.9938650306748467,0.0011,2W,ExtraTreesRegressor,0.0,Excellent,C
62386229,PorSi Alimento Cão Atividade Normal 4Kg,06MARCAPRO,163.0,161.99999999999994,Intermittent,0.9938650306748467,0.0011,4W,ExtraTreesRegressor,0.0,Excellent,C
62386229,PorSi Alimento Cão Atividade Normal 4Kg,06MARCAPRO,163.0,161.99999999999994,Intermittent,0.9938650306748467,0.0011,8W,ExtraTreesRegressor,0.0,Excellent,C
62386229,PorSi Alimento Cão Atividade Normal 4Kg,06MARCAPRO,163.0,161.99999999999994,Intermittent,0.9938650306748467,0.0011,13W,RandomForestRegressor,0.0,Excellent,C
62455363,PorSi Alimento Cão Atividade Normal 15Kg,06MARCAPRO,136.0,135.0,Intermittent,0.9926470588235294,0.0034,1W,RandomForestRegressor,0.0,Excellent,C
62455363,PorSi Alimento Cão Atividade Normal 15Kg,06MARCAPRO,136.0,135.0,Intermittent,0.9926470588235294,0.0034,2W,RandomForestRegressor,0.0,Excellent,C
62455363,PorSi Alimento Cão Atividade Normal 15Kg,06MARCAPRO,136.0,135.0,Intermittent,0.9926470588235294,0.0034,4W,RandomForestRegressor,0.0,Excellent,C
62455363,PorSi Alimento Cão Atividade Normal 15Kg,06MARCAPRO,136.0,135.0,Intermittent,0.9926470588235294,0.0034,8W,HistGradientBoostingRegressor,0.0,Excellent,C
62455363,PorSi Alimento Cão Atividade Normal 15Kg,06MARCAPRO,136.0,135.0,Intermittent,0.9926470588235294,0.0034,13W,RandomForestRegressor,0.0,Excellent,C
62462134,PorSi Alimento Cão Adulto Mix 4Kg,06MARCAPRO,134.0,133.00000000000003,Intermittent,0.9925373134328358,0.0005,1W,ExtraTreesRegressor,0.0,Excellent,C
62462134,PorSi Alimento Cão Adulto Mix 4Kg,06MARCAPRO,134.0,133.00000000000003,Intermittent,0.9925373134328358,0.0005,2W,RandomForestRegressor,0.0,Excellent,C
62462134,PorSi Alimento Cão Adulto Mix 4Kg,06MARCAPRO,134.0,133.00000000000003,Intermittent,0.9925373134328358,0.0005,4W,RandomForestRegressor,0.0,Excellent,C
62462134,PorSi Alimento Cão Adulto Mix 4Kg,06MARCAPRO,134.0,133.00000000000003,Intermittent,0.9925373134328358,0.0005,8W,RandomForestRegressor,0.0,Excellent,C
62462134,PorSi Alimento Cão Adulto Mix 4Kg,06MARCAPRO,134.0,133.00000000000003,Intermittent,0.9925373134328358,0.0005,13W,RandomForestRegressor,0.0,Excellent,C
62462135,PorSi Alimento Cão Adulto Mix 10Kg,06MARCAPRO,134.0,132.99999999999997,Intermittent,0.9925373134328358,0.0005,1W,ExtraTreesRegressor,0.0,Excellent,C
62462135,PorSi Alimento Cão Adulto Mix 10Kg,06MARCAPRO,134.0,132.99999999999997,Intermittent,0.9925373134328358,0.0005,2W,RandomForestRegressor,0.0,Excellent,C
62462135,PorSi Alimento Cão Adulto Mix 10Kg,06MARCAPRO,134.0,132.99999999999997,Intermittent,0.9925373134328358,0.0005,4W,RandomForestRegressor,0.0,Excellent,C
62462135,PorSi Alimento Cão Adulto Mix 10Kg,06MARCAPRO,134.0,132.99999999999997,Intermittent,0.9925373134328358,0.0005,8W,RandomForestRegressor,0.0,Excellent,C
62462135,PorSi Alimento Cão Adulto Mix 10Kg,06MARCAPRO,134.0,132.99999999999997,Intermittent,0.9925373134328358,0.0005,13W,RandomForestRegressor,0.0,Excellent,C
62462136,PorSi Alimento Cão Adulto Mix 20Kg,06MARCAPRO,134.0,132.99999999999997,Intermittent,0.9925373134328358,0.0024,1W,RandomForestRegressor,0.0,Excellent,C
62462136,PorSi Alimento Cão Adulto Mix 20Kg,06MARCAPRO,134.0,132.99999999999997,Intermittent,0.9925373134328358,0.0024,2W,RandomForestRegressor,0.0,Excellent,C
62462136,PorSi Alimento Cão Adulto Mix 20Kg,06MARCAPRO,134.0,132.99999999999997,Intermittent,0.9925373134328358,0.0024,4W,RandomForestRegressor,0.0,Excellent,C
62462136,PorSi Alimento Cão Adulto Mix 20Kg,06MARCAPRO,134.0,132.99999999999997,Intermittent,0.9925373134328358,0.0024,8W,RandomForestRegressor,0.0,Excellent,C
62462136,PorSi Alimento Cão Adulto Mix 20Kg,06MARCAPRO,134.0,132.99999999999997,Intermittent,0.9925373134328358,0.0024,13W,RandomForestRegressor,0.0,Excellent,C
62462141,PorSi Silica 1.5Kg,SILICA,134.0,132.99999999999994,Intermittent,0.9925373134328358,0.0004,1W,ExtraTreesRegressor,0.0,Excellent,C
62462141,PorSi Silica 1.5Kg,SILICA,134.0,132.99999999999994,Intermittent,0.9925373134328358,0.0004,2W,RandomForestRegressor,0.0,Excellent,C
62462141,PorSi Silica 1.5Kg,SILICA,134.0,132.99999999999994,Intermittent,0.9925373134328358,0.0004,4W,RandomForestRegressor,0.0,Excellent,C
62462141,PorSi Silica 1.5Kg,SILICA,134.0,132.99999999999994,Intermittent,0.9925373134328358,0.0004,8W,RandomForestRegressor,0.0,Excellent,C
62462141,PorSi Silica 1.5Kg,SILICA,134.0,132.99999999999994,Intermittent,0.9925373134328358,0.0004,13W,RandomForestRegressor,0.0,Excellent,C
62465871,PorSi Alimento Cão Atividade Normal 4Kg,06MARCAPRO,132.0,131.0,Intermittent,0.9924242424242424,0.0005,1W,ExtraTreesRegressor,0.0,Excellent,C
62465871,PorSi Alimento Cão Atividade Normal 4Kg,06MARCAPRO,132.0,131.0,Intermittent,0.9924242424242424,0.0005,2W,RandomForestRegressor,0.0,Excellent,C
62465871,PorSi Alimento Cão Atividade Normal 4Kg,06MARCAPRO,132.0,131.0,Intermittent,0.9924242424242424,0.0005,4W,HistGradientBoostingRegressor,0.0,Excellent,C
62465871,PorSi Alimento Cão Atividade Normal 4Kg,06MARCAPRO,132.0,131.0,Intermittent,0.9924242424242424,0.0005,8W,RandomForestRegressor,0.0,Excellent,C
62465871,PorSi Alimento Cão Atividade Normal 4Kg,06MARCAPRO,132.0,131.0,Intermittent,0.9924242424242424,0.0005,13W,RandomForestRegressor,0.0,Excellent,C
62472212,PorSi Alimento Cão Adulto Mix 4Kg,06MARCAPRO,130.0,128.99999999999997,Intermittent,0.9923076923076923,0.0005,1W,ExtraTreesRegressor,0.0,Excellent,C
62472212,PorSi Alimento Cão Adulto Mix 4Kg,06MARCAPRO,130.0,128.99999999999997,Intermittent,0.9923076923076923,0.0005,2W,HistGradientBoostingRegressor,0.0,Excellent,C
62472212,PorSi Alimento Cão Adulto Mix 4Kg,06MARCAPRO,130.0,128.99999999999997,Intermittent,0.9923076923076923,0.0005,4W,RandomForestRegressor,0.0,Excellent,C
62472212,PorSi Alimento Cão Adulto Mix 4Kg,06MARCAPRO,130.0,128.99999999999997,Intermittent,0.9923076923076923,0.0005,8W,RandomForestRegressor,0.0,Excellent,C
62472212,PorSi Alimento Cão Adulto Mix 4Kg,06MARCAPRO,130.0,128.99999999999997,Intermittent,0.9923076923076923,0.0005,13W,RandomForestRegressor,0.0,Excellent,C
62472213,PorSi Alimento Cão Adulto Mix 10Kg,06MARCAPRO,130.0,129.0,Intermittent,0.9923076923076923,0.0005,1W,ExtraTreesRegressor,0.0,Excellent,C
62472213,PorSi Alimento Cão Adulto Mix 10Kg,06MARCAPRO,130.0,129.0,Intermittent,0.9923076923076923,0.0005,2W,HistGradientBoostingRegressor,0.0,Excellent,C
62472213,PorSi Alimento Cão Adulto Mix 10Kg,06MARCAPRO,130.0,129.0,Intermittent,0.9923076923076923,0.0005,4W,RandomForestRegressor,0.0,Excellent,C
62472213,PorSi Alimento Cão Adulto Mix 10Kg,06MARCAPRO,130.0,129.0,Intermittent,0.9923076923076923,0.0005,8W,RandomForestRegressor,0.0,Excellent,C
62472213,PorSi Alimento Cão Adulto Mix 10Kg,06MARCAPRO,130.0,129.0,Intermittent,0.9923076923076923,0.0005,13W,RandomForestRegressor,0.0,Excellent,C
62472214,PorSi Alimento Cão Adulto Mix 20Kg,06MARCAPRO,130.0,129.0,Intermittent,0.9923076923076923,0.0009,1W,RandomForestRegressor,0.0,Excellent,C
62472214,PorSi Alimento Cão Adulto Mix 20Kg,06MARCAPRO,130.0,129.0,Intermittent,0.9923076923076923,0.0009,2W,HistGradientBoostingRegressor,0.0,Excellent,C
62472214,PorSi Alimento Cão Adulto Mix 20Kg,06MARCAPRO,130.0,129.0,Intermittent,0.9923076923076923,0.0009,4W,RandomForestRegressor,0.0,Excellent,C
62472214,PorSi Alimento Cão Adulto Mix 20Kg,06MARCAPRO,130.0,129.0,Intermittent,0.9923076923076923,0.0009,8W,RandomForestRegressor,0.0,Excellent,C
62472214,PorSi Alimento Cão Adulto Mix 20Kg,06MARCAPRO,130.0,129.0,Intermittent,0.9923076923076923,0.0009,13W,RandomForestRegressor,0.0,Excellent,C
62465872,PorSi Alimento Cão Atividade Normal 15Kg,06MARCAPRO,132.0,131.00000000000006,Intermittent,0.9924242424242424,0.0021,1W,RandomForestRegressor,0.0,Excellent,C
62465872,PorSi Alimento Cão Atividade Normal 15Kg,06MARCAPRO,132.0,131.00000000000006,Intermittent,0.9924242424242424,0.0021,2W,RandomForestRegressor,0.0,Excellent,C
62465872,PorSi Alimento Cão Atividade Normal 15Kg,06MARCAPRO,132.0,131.00000000000006,Intermittent,0.9924242424242424,0.0021,4W,HistGradientBoostingRegressor,0.0,Excellent,C
62465872,PorSi Alimento Cão Atividade Normal 15Kg,06MARCAPRO,132.0,131.00000000000006,Intermittent,0.9924242424242424,0.0021,8W,RandomForestRegressor,0.0,Excellent,C
62465872,PorSi Alimento Cão Atividade Normal 15Kg,06MARCAPRO,132.0,131.00000000000006,Intermittent,0.9924242424242424,0.0021,13W,RandomForestRegressor,0.0,Excellent,C
62485007,PorSi Alimento Cão Atividade Normal 4Kg,06MARCAPRO,123.0,121.99999999999993,Intermittent,0.991869918699187,0.0003,1W,ExtraTreesRegressor,0.0,Excellent,C
62485007,PorSi Alimento Cão Atividade Normal 4Kg,06MARCAPRO,123.0,121.99999999999993,Intermittent,0.991869918699187,0.0003,2W,RandomForestRegressor,0.0,Excellent,C
62485007,PorSi Alimento Cão Atividade Normal 4Kg,06MARCAPRO,123.0,121.99999999999993,Intermittent,0.991869918699187,0.0003,4W,RandomForestRegressor,0.0,Excellent,C
62485007,PorSi Alimento Cão Atividade Normal 4Kg,06MARCAPRO,123.0,121.99999999999993,Intermittent,0.991869918699187,0.0003,8W,RandomForestRegressor,0.0,Excellent,C
62485007,PorSi Alimento Cão Atividade Normal 4Kg,06MARCAPRO,123.0,121.99999999999993,Intermittent,0.991869918699187,0.0003,13W,RandomForestRegressor,0.0,Excellent,C
62488660,PorSi Alimento Cão Adulto Mix 4Kg,06MARCAPRO,122.0,120.99999999999991,Intermittent,0.9918032786885246,0.0016,1W,RandomForestRegressor,0.0,Excellent,C
62488660,PorSi Alimento Cão Adulto Mix 4Kg,06MARCAPRO,122.0,120.99999999999991,Intermittent,0.9918032786885246,0.0016,2W,HistGradientBoostingRegressor,0.0,Excellent,C
62488660,PorSi Alimento Cão Adulto Mix 4Kg,06MARCAPRO,122.0,120.99999999999991,Intermittent,0.9918032786885246,0.0016,4W,RandomForestRegressor,0.0,Excellent,C
62488660,PorSi Alimento Cão Adulto Mix 4Kg,06MARCAPRO,122.0,120.99999999999991,Intermittent,0.9918032786885246,0.0016,8W,RandomForestRegressor,0.0,Excellent,C
62488660,PorSi Alimento Cão Adulto Mix 4Kg,06MARCAPRO,122.0,120.99999999999991,Intermittent,0.9918032786885246,0.0016,13W,RandomForestRegressor,0.0,Excellent,C
62485008,PorSi Alimento Cão Atividade Normal 15Kg,06MARCAPRO,1.0,63.48000000000003,Intermittent,0.9838709677419355,0.0013,1W,RandomForestRegressor,0.0,Excellent,C
62485008,PorSi Alimento Cão Atividade Normal 15Kg,06MARCAPRO,1.0,63.48000000000003,Intermittent,0.9838709677419355,0.0013,2W,RandomForestRegressor,0.0,Excellent,C
62485008,PorSi Alimento Cão Atividade Normal 15Kg,06MARCAPRO,1.0,63.48000000000003,Intermittent,0.9838709677419355,0.0013,4W,HistGradientBoostingRegressor,0.0,Excellent,C
62485008,PorSi Alimento Cão Atividade Normal 15Kg,06MARCAPRO,1.0,63.48000000000003,Intermittent,0.9838709677419355,0.0013,8W,RandomForestRegressor,0.0,Excellent,C
62485008,PorSi Alimento Cão Atividade Normal 15Kg,06MARCAPRO,1.0,63.48000000000003,Intermittent,0.9838709677419355,0.0013,13W,RandomForestRegressor,0.0,Excellent,C
62488661,PorSi Alimento Cão Adulto Mix 10Kg,06MARCAPRO,122.0,121.0,Intermittent,0.9918032786885246,0.0023,1W,RandomForestRegressor,0.0,Excellent,C
62488661,PorSi Alimento Cão Adulto Mix 10Kg,06MARCAPRO,122.0,121.0,Intermittent,0.9918032786885246,0.0023,2W,HistGradientBoostingRegressor,0.0,Excellent,C
62488661,PorSi Alimento Cão Adulto Mix 10Kg,06MARCAPRO,122.0,121.0,Intermittent,0.9918032786885246,0.0023,4W,RandomForestRegressor,0.0,Excellent,C
62488661,PorSi Alimento Cão Adulto Mix 10Kg,06MARCAPRO,122.0,121.0,Intermittent,0.9918032786885246,0.0023,8W,RandomForestRegressor,0.0,Excellent,C
62488661,PorSi Alimento Cão Adulto Mix 10Kg,06MARCAPRO,122.0,121.0,Intermittent,0.9918032786885246,0.0023,13W,RandomForestRegressor,0.0,Excellent,C
62488663,PorSi Alimento Cão Adulto Mix 20Kg,06MARCAPRO,122.0,121.00000000000004,Intermittent,0.9918032786885246,0.0027,1W,RandomForestRegressor,0.0,Excellent,C
62488663,PorSi Alimento Cão Adulto Mix 20Kg,06MARCAPRO,122.0,121.00000000000004,Intermittent,0.9918032786885246,0.0027,2W,HistGradientBoostingRegressor,0.0,Excellent,C
62488663,PorSi Alimento Cão Adulto Mix 20Kg,06MARCAPRO,122.0,121.00000000000004,Intermittent,0.9918032786885246,0.0027,4W,RandomForestRegressor,0.0,Excellent,C
62488663,PorSi Alimento Cão Adulto Mix 20Kg,06MARCAPRO,122.0,121.00000000000004,Intermittent,0.9918032786885246,0.0027,8W,RandomForestRegressor,0.0,Excellent,C
62488663,PorSi Alimento Cão Adulto Mix 20Kg,06MARCAPRO,122.0,121.00000000000004,Intermittent,0.9918032786885246,0.0027,13W,ExtraTreesRegressor,0.0,Excellent,C
62488662,PorSi Alimento Cão Adulto Mix 20Kg,06MARCAPRO,122.0,121.00000000000009,Intermittent,0.9918032786885246,0.0024,1W,RandomForestRegressor,0.0,Excellent,C
62488662,PorSi Alimento Cão Adulto Mix 20Kg,06MARCAPRO,122.0,121.00000000000009,Intermittent,0.9918032786885246,0.0024,2W,HistGradientBoostingRegressor,0.0,Excellent,C
62488662,PorSi Alimento Cão Adulto Mix 20Kg,06MARCAPRO,122.0,121.00000000000009,Intermittent,0.9918032786885246,0.0024,4W,RandomForestRegressor,0.0,Excellent,C
62488662,PorSi Alimento Cão Adulto Mix 20Kg,06MARCAPRO,122.0,121.00000000000009,Intermittent,0.9918032786885246,0.0024,8W,RandomForestRegressor,0.0,Excellent,C
62488662,PorSi Alimento Cão Adulto Mix 20Kg,06MARCAPRO,122.0,121.00000000000009,Intermittent,0.9918032786885246,0.0024,13W,RandomForestRegressor,0.0,Excellent,C
62491908,PorSi Alimento Cão Atividade Normal 4Kg,06MARCAPRO,1.0,61.91999999999995,Intermittent,0.9834710743801653,0.0013,1W,HistGradientBoostingRegressor,0.0,Excellent,C
62491908,PorSi Alimento Cão Atividade Normal 4Kg,06MARCAPRO,1.0,61.91999999999995,Intermittent,0.9834710743801653,0.0013,2W,RandomForestRegressor,0.0,Excellent,C
62491908,PorSi Alimento Cão Atividade Normal 4Kg,06MARCAPRO,1.0,61.91999999999995,Intermittent,0.9834710743801653,0.0013,4W,RandomForestRegressor,0.0,Excellent,C
62491908,PorSi Alimento Cão Atividade Normal 4Kg,06MARCAPRO,1.0,61.91999999999995,Intermittent,0.9834710743801653,0.0013,8W,HistGradientBoostingRegressor,0.0,Excellent,C
62491908,PorSi Alimento Cão Atividade Normal 4Kg,06MARCAPRO,1.0,61.91999999999995,Intermittent,0.9834710743801653,0.0013,13W,RandomForestRegressor,0.0,Excellent,C
62491874,PorSi Alimento Cão Adulto Mix 10Kg,06MARCAPRO,1.0,59.50000000000001,Intermittent,0.9834710743801653,0.002,1W,HistGradientBoostingRegressor,0.0,Excellent,C
62491874,PorSi Alimento Cão Adulto Mix 10Kg,06MARCAPRO,1.0,59.50000000000001,Intermittent,0.9834710743801653,0.002,2W,RandomForestRegressor,0.0,Excellent,C
62491874,PorSi Alimento Cão Adulto Mix 10Kg,06MARCAPRO,1.0,59.50000000000001,Intermittent,0.9834710743801653,0.002,4W,RandomForestRegressor,0.0,Excellent,C
62491874,PorSi Alimento Cão Adulto Mix 10Kg,06MARCAPRO,1.0,59.50000000000001,Intermittent,0.9834710743801653,0.002,8W,HistGradientBoostingRegressor,0.0,Excellent,C
62491874,PorSi Alimento Cão Adulto Mix 10Kg,06MARCAPRO,1.0,59.50000000000001,Intermittent,0.9834710743801653,0.002,13W,RandomForestRegressor,0.0,Excellent,C
62491879,PorSi Alimento Cão Adulto Mix 20Kg,06MARCAPRO,1.0,60.24691358024688,Intermittent,0.9834710743801653,0.0054,1W,HistGradientBoostingRegressor,0.0,Excellent,C
62491879,PorSi Alimento Cão Adulto Mix 20Kg,06MARCAPRO,1.0,60.24691358024688,Intermittent,0.9834710743801653,0.0054,2W,RandomForestRegressor,0.0,Excellent,C
62491879,PorSi Alimento Cão Adulto Mix 20Kg,06MARCAPRO,1.0,60.24691358024688,Intermittent,0.9834710743801653,0.0054,4W,RandomForestRegressor,0.0,Excellent,C
62491879,PorSi Alimento Cão Adulto Mix 20Kg,06MARCAPRO,1.0,60.24691358024688,Intermittent,0.9834710743801653,0.0054,8W,HistGradientBoostingRegressor,0.0,Excellent,C
62491879,PorSi Alimento Cão Adulto Mix 20Kg,06MARCAPRO,1.0,60.24691358024688,Intermittent,0.9834710743801653,0.0054,13W,ExtraTreesRegressor,0.0,Excellent,C
62766887,PorSi Alimento Cão Adulto Mix 10Kg,06MARCAPRO,22.0,21.000000000000007,Intermittent,0.9545454545454546,0.0005,1W,RandomForestRegressor,0.0,Excellent,C
62766887,PorSi Alimento Cão Adulto Mix 10Kg,06MARCAPRO,22.0,21.000000000000007,Intermittent,0.9545454545454546,0.0005,2W,RandomForestRegressor,0.0,Excellent,C
62766887,PorSi Alimento Cão Adulto Mix 10Kg,06MARCAPRO,22.0,21.000000000000007,Intermittent,0.9545454545454546,0.0005,4W,RandomForestRegressor,0.0,Excellent,C
62766887,PorSi Alimento Cão Adulto Mix 10Kg,06MARCAPRO,22.0,21.000000000000007,Intermittent,0.9545454545454546,0.0005,8W,RandomForestRegressor,0.0,Excellent,C
62766887,PorSi Alimento Cão Adulto Mix 10Kg,06MARCAPRO,22.0,21.000000000000007,Intermittent,0.9545454545454546,0.0005,13W,RandomForestRegressor,0.0,Excellent,C
62491911,PorSi Alimento Cão Atividade Normal 15Kg,06MARCAPRO,120.0,119.0000000000001,Intermittent,0.9916666666666667,0.0011,1W,RandomForestRegressor,0.0,Excellent,C
62491911,PorSi Alimento Cão Atividade Normal 15Kg,06MARCAPRO,120.0,119.0000000000001,Intermittent,0.9916666666666667,0.0011,2W,RandomForestRegressor,0.0,Excellent,C
62491911,PorSi Alimento Cão Atividade Normal 15Kg,06MARCAPRO,120.0,119.0000000000001,Intermittent,0.9916666666666667,0.0011,4W,RandomForestRegressor,0.0,Excellent,C
62491911,PorSi Alimento Cão Atividade Normal 15Kg,06MARCAPRO,120.0,119.0000000000001,Intermittent,0.9916666666666667,0.0011,8W,HistGradientBoostingRegressor,0.0,Excellent,C
62491911,PorSi Alimento Cão Atividade Normal 15Kg,06MARCAPRO,120.0,119.0000000000001,Intermittent,0.9916666666666667,0.0011,13W,RandomForestRegressor,0.0,Excellent,C
62766888,PorSi Alimento Cão Adulto Mix 4Kg,06MARCAPRO,22.0,21.000000000000014,Intermittent,0.9545454545454546,0.0005,1W,RandomForestRegressor,0.0,Excellent,C
62766888,PorSi Alimento Cão Adulto Mix 4Kg,06MARCAPRO,22.0,21.000000000000014,Intermittent,0.9545454545454546,0.0005,2W,RandomForestRegressor,0.0,Excellent,C
62766888,PorSi Alimento Cão Adulto Mix 4Kg,06MARCAPRO,22.0,21.000000000000014,Intermittent,0.9545454545454546,0.0005,4W,RandomForestRegressor,0.0,Excellent,C
62766888,PorSi Alimento Cão Adulto Mix 4Kg,06MARCAPRO,22.0,21.000000000000014,Intermittent,0.9545454545454546,0.0005,8W,RandomForestRegressor,0.0,Excellent,C
62766888,PorSi Alimento Cão Adulto Mix 4Kg,06MARCAPRO,22.0,21.000000000000014,Intermittent,0.9545454545454546,0.0005,13W,RandomForestRegressor,0.0,Excellent,C
62826087,PorSi Alimento Cão Atividade Normal 15Kg,06MARCAPRO,,,,0.5,0.0063,1W,,,Insufficient History,C
62826087,PorSi Alimento Cão Atividade Normal 15Kg,06MARCAPRO,,,,0.5,0.0063,2W,,,Insufficient History,C
62826087,PorSi Alimento Cão Atividade Normal 15Kg,06MARCAPRO,,,,0.5,0.0063,4W,,,Insufficient History,C
62826087,PorSi Alimento Cão Atividade Normal 15Kg,06MARCAPRO,,,,0.5,0.0063,8W,,,Insufficient History,C
62826087,PorSi Alimento Cão Atividade Normal 15Kg,06MARCAPRO,,,,0.5,0.0063,13W,,,Insufficient History,C
62826088,PorSi Alimento Cão Atividade Normal 4Kg,06MARCAPRO,,,,0.6666666666666666,0.0022,1W,,,Insufficient History,C
62826088,PorSi Alimento Cão Atividade Normal 4Kg,06MARCAPRO,,,,0.6666666666666666,0.0022,2W,,,Insufficient History,C
62826088,PorSi Alimento Cão Atividade Normal 4Kg,06MARCAPRO,,,,0.6666666666666666,0.0022,4W,,,Insufficient History,C
62826088,PorSi Alimento Cão Atividade Normal 4Kg,06MARCAPRO,,,,0.6666666666666666,0.0022,8W,,,Insufficient History,C
62826088,PorSi Alimento Cão Atividade Normal 4Kg,06MARCAPRO,,,,0.6666666666666666,0.0022,13W,,,Insufficient History,C
62766889,PorSi Alimento Cão Adulto Mix 20Kg,06MARCAPRO,22.0,21.000000000000007,Intermittent,0.9545454545454546,0.0009,1W,RandomForestRegressor,0.0,Excellent,C
62766889,PorSi Alimento Cão Adulto Mix 20Kg,06MARCAPRO,22.0,21.000000000000007,Intermittent,0.9545454545454546,0.0009,2W,RandomForestRegressor,0.0,Excellent,C
62766889,PorSi Alimento Cão Adulto Mix 20Kg,06MARCAPRO,22.0,21.000000000000007,Intermittent,0.9545454545454546,0.0009,4W,RandomForestRegressor,0.0,Excellent,C
62766889,PorSi Alimento Cão Adulto Mix 20Kg,06MARCAPRO,22.0,21.000000000000007,Intermittent,0.9545454545454546,0.0009,8W,RandomForestRegressor,0.0,Excellent,C
62766889,PorSi Alimento Cão Adulto Mix 20Kg,06MARCAPRO,22.0,21.000000000000007,Intermittent,0.9545454545454546,0.0009,13W,RandomForestRegressor,0.0,Excellent,C
62492031,PorSi Silica 1.5Kg,SILICA,1.0,59.49999999999996,Intermittent,0.9834710743801653,0.0008,1W,HistGradientBoostingRegressor,0.0,Excellent,C
62492031,PorSi Silica 1.5Kg,SILICA,1.0,59.49999999999996,Intermittent,0.9834710743801653,0.0008,2W,RandomForestRegressor,0.0,Excellent,C
62492031,PorSi Silica 1.5Kg,SILICA,1.0,59.49999999999996,Intermittent,0.9834710743801653,0.0008,4W,RandomForestRegressor,0.0,Excellent,C
62492031,PorSi Silica 1.5Kg,SILICA,1.0,59.49999999999996,Intermittent,0.9834710743801653,0.0008,8W,HistGradientBoostingRegressor,0.0,Excellent,C
62492031,PorSi Silica 1.5Kg,SILICA,1.0,59.49999999999996,Intermittent,0.9834710743801653,0.0008,13W,RandomForestRegressor,0.0,Excellent,C
62491910,PorSi Alimento Cão Atividade Normal 15Kg,06MARCAPRO,1.0,59.63718820861677,Intermittent,0.9834710743801653,0.0056,1W,HistGradientBoostingRegressor,0.0,Excellent,C
62491910,PorSi Alimento Cão Atividade Normal 15Kg,06MARCAPRO,1.0,59.63718820861677,Intermittent,0.9834710743801653,0.0056,2W,RandomForestRegressor,0.0,Excellent,C
62491910,PorSi Alimento Cão Atividade Normal 15Kg,06MARCAPRO,1.0,59.63718820861677,Intermittent,0.9834710743801653,0.0056,4W,RandomForestRegressor,0.0,Excellent,C
62491910,PorSi Alimento Cão Atividade Normal 15Kg,06MARCAPRO,1.0,59.63718820861677,Intermittent,0.9834710743801653,0.0056,8W,HistGradientBoostingRegressor,0.0,Excellent,C
62491910,PorSi Alimento Cão Atividade Normal 15Kg,06MARCAPRO,1.0,59.63718820861677,Intermittent,0.9834710743801653,0.0056,13W,ExtraTreesRegressor,0.0,Excellent,C
62491872,PorSi Alimento Cão Adulto Mix 4Kg,06MARCAPRO,1.0,59.50000000000005,Intermittent,0.9834710743801653,0.0016,1W,HistGradientBoostingRegressor,0.0,Excellent,C
62491872,PorSi Alimento Cão Adulto Mix 4Kg,06MARCAPRO,1.0,59.50000000000005,Intermittent,0.9834710743801653,0.0016,2W,RandomForestRegressor,0.0,Excellent,C
62491872,PorSi Alimento Cão Adulto Mix 4Kg,06MARCAPRO,1.0,59.50000000000005,Intermittent,0.9834710743801653,0.0016,4W,RandomForestRegressor,0.0,Excellent,C
62491872,PorSi Alimento Cão Adulto Mix 4Kg,06MARCAPRO,1.0,59.50000000000005,Intermittent,0.9834710743801653,0.0016,8W,HistGradientBoostingRegressor,0.0,Excellent,C
62491872,PorSi Alimento Cão Adulto Mix 4Kg,06MARCAPRO,1.0,59.50000000000005,Intermittent,0.9834710743801653,0.0016,13W,RandomForestRegressor,0.0,Excellent,C
62500219,PorSi Silica 1.5Kg,SILICA,117.0,115.99999999999987,Intermittent,0.9914529914529915,0.0016,1W,RandomForestRegressor,0.0,Excellent,C
62500219,PorSi Silica 1.5Kg,SILICA,117.0,115.99999999999987,Intermittent,0.9914529914529915,0.0016,2W,RandomForestRegressor,0.0,Excellent,C
62500219,PorSi Silica 1.5Kg,SILICA,117.0,115.99999999999987,Intermittent,0.9914529914529915,0.0016,4W,RandomForestRegressor,0.0,Excellent,C
62500219,PorSi Silica 1.5Kg,SILICA,117.0,115.99999999999987,Intermittent,0.9914529914529915,0.0016,8W,RandomForestRegressor,0.0,Excellent,C
62500219,PorSi Silica 1.5Kg,SILICA,117.0,115.99999999999987,Intermittent,0.9914529914529915,0.0016,13W,ExtraTreesRegressor,0.0,Excellent,C
62526863,PorSi Silica 1.5Kg,SILICA,105.0,104.00000000000006,Intermittent,0.9904761904761905,0.0022,1W,HistGradientBoostingRegressor,0.0,Excellent,C
62526863,PorSi Silica 1.5Kg,SILICA,105.0,104.00000000000006,Intermittent,0.9904761904761905,0.0022,2W,RandomForestRegressor,0.0,Excellent,C
62526863,PorSi Silica 1.5Kg,SILICA,105.0,104.00000000000006,Intermittent,0.9904761904761905,0.0022,4W,RandomForestRegressor,0.0,Excellent,C
62526863,PorSi Silica 1.5Kg,SILICA,105.0,104.00000000000006,Intermittent,0.9904761904761905,0.0022,8W,ExtraTreesRegressor,0.0,Excellent,C
62526863,PorSi Silica 1.5Kg,SILICA,105.0,104.00000000000006,Intermittent,0.9904761904761905,0.0022,13W,ExtraTreesRegressor,0.0,Excellent,C
8290076,AL SECO CAO VITALIDADE RP 1.5KG CNT PET,06MARCAPRO,1.0327868852459017,0.4953206985668415,Smooth,0.046153846153846156,0.0923,1W,HistGradientBoostingRegressor,47.35,Fair,B
8290076,AL SECO CAO VITALIDADE RP 1.5KG CNT PET,06MARCAPRO,1.0327868852459017,0.4953206985668415,Smooth,0.046153846153846156,0.0923,2W,ADIDA_8,68.978,Poor,B
8290076,AL SECO CAO VITALIDADE RP 1.5KG CNT PET,06MARCAPRO,1.0327868852459017,0.4953206985668415,Smooth,0.046153846153846156,0.0923,4W,ADIDA_8,60.557,Poor,B
8290076,AL SECO CAO VITALIDADE RP 1.5KG CNT PET,06MARCAPRO,1.0327868852459017,0.4953206985668415,Smooth,0.046153846153846156,0.0923,8W,MovingAverage_8,45.697,Fair,B
8290076,AL SECO CAO VITALIDADE RP 1.5KG CNT PET,06MARCAPRO,1.0327868852459017,0.4953206985668415,Smooth,0.046153846153846156,0.0923,13W,GradientBoostingRegressor,43.86,Fair,B
700PGS25,R-700 Coelhos - Granulado 25 Kg - Linha Prata ,ZEZERE,36.5,34.57355371900825,Intermittent,0.9705882352941176,0.0006,1W,LastNonZero,22.5,Good,C
700PGS25,R-700 Coelhos - Granulado 25 Kg - Linha Prata ,ZEZERE,36.5,34.57355371900825,Intermittent,0.9705882352941176,0.0006,2W,arima,99.986,Unreliable,C
700PGS25,R-700 Coelhos - Granulado 25 Kg - Linha Prata ,ZEZERE,36.5,34.57355371900825,Intermittent,0.9705882352941176,0.0006,4W,NaiveLastValue,100.0,Unreliable,C
700PGS25,R-700 Coelhos - Granulado 25 Kg - Linha Prata ,ZEZERE,36.5,34.57355371900825,Intermittent,0.9705882352941176,0.0006,8W,NaiveLastValue,100.0,Unreliable,C
700PGS25,R-700 Coelhos - Granulado 25 Kg - Linha Prata ,ZEZERE,36.5,34.57355371900825,Intermittent,0.9705882352941176,0.0006,13W,NaiveLastValue,100.0,Unreliable,C
730626,Alim Sc Cão Activpet Croquetes 15Kg,06MARCAPRO,1.0545454545454545,3.423759045313034,Lumpy,0.6818181818181818,1.0117,1W,HistGradientBoostingRegressor,67.821,Poor,A
730626,Alim Sc Cão Activpet Croquetes 15Kg,06MARCAPRO,1.0545454545454545,3.423759045313034,Lumpy,0.6818181818181818,1.0117,2W,SBA_alpha_01,81.352,Unreliable,A
730626,Alim Sc Cão Activpet Croquetes 15Kg,06MARCAPRO,1.0545454545454545,3.423759045313034,Lumpy,0.6818181818181818,1.0117,4W,RollingMedian_8,97.585,Unreliable,A
730626,Alim Sc Cão Activpet Croquetes 15Kg,06MARCAPRO,1.0545454545454545,3.423759045313034,Lumpy,0.6818181818181818,1.0117,8W,ZeroForecast,100.0,Unreliable,A
730626,Alim Sc Cão Activpet Croquetes 15Kg,06MARCAPRO,1.0545454545454545,3.423759045313034,Lumpy,0.6818181818181818,1.0117,13W,ZeroForecast,100.0,Unreliable,A
7458070,AL SECO CAO CONT.POUPANCA CROQUETES 15KG,06MARCAPRO,1.0341880341880343,1.1463690954739676,Lumpy,0.3218390804597701,2.0894,1W,SBA_alpha_02,60.205,Poor,A
7458070,AL SECO CAO CONT.POUPANCA CROQUETES 15KG,06MARCAPRO,1.0341880341880343,1.1463690954739676,Lumpy,0.3218390804597701,2.0894,2W,SBA_alpha_02,93.503,Unreliable,A
7458070,AL SECO CAO CONT.POUPANCA CROQUETES 15KG,06MARCAPRO,1.0341880341880343,1.1463690954739676,Lumpy,0.3218390804597701,2.0894,4W,ZeroForecast,100.0,Unreliable,A
7458070,AL SECO CAO CONT.POUPANCA CROQUETES 15KG,06MARCAPRO,1.0341880341880343,1.1463690954739676,Lumpy,0.3218390804597701,2.0894,8W,ZeroForecast,100.0,Unreliable,A
7458070,AL SECO CAO CONT.POUPANCA CROQUETES 15KG,06MARCAPRO,1.0341880341880343,1.1463690954739676,Lumpy,0.3218390804597701,2.0894,13W,ZeroForecast,100.0,Unreliable,A
700PGSAQ,R-700 Coelhos - Granulado 5 Kg - Linha Prata ,ZEZERE,20.857142857142858,21.517239055726513,Intermittent,0.9529411764705882,0.0004,1W,LastNonZero,16.279,Excellent,C
700PGSAQ,R-700 Coelhos - Granulado 5 Kg - Linha Prata ,ZEZERE,20.857142857142858,21.517239055726513,Intermittent,0.9529411764705882,0.0004,2W,arima,99.864,Unreliable,C
700PGSAQ,R-700 Coelhos - Granulado 5 Kg - Linha Prata ,ZEZERE,20.857142857142858,21.517239055726513,Intermittent,0.9529411764705882,0.0004,4W,Ridge,99.985,Unreliable,C
700PGSAQ,R-700 Coelhos - Granulado 5 Kg - Linha Prata ,ZEZERE,20.857142857142858,21.517239055726513,Intermittent,0.9529411764705882,0.0004,8W,NaiveLastValue,100.0,Unreliable,C
700PGSAQ,R-700 Coelhos - Granulado 5 Kg - Linha Prata ,ZEZERE,20.857142857142858,21.517239055726513,Intermittent,0.9529411764705882,0.0004,13W,NaiveLastValue,100.0,Unreliable,C
7510922,Continente Poupança Raças Pequenas 4Kg,06MARCAPRO,1.0086206896551724,0.9339846253612096,Smooth,0.3352272727272727,0.3997,1W,RandomForestRegressor,61.816,Poor,A
7510922,Continente Poupança Raças Pequenas 4Kg,06MARCAPRO,1.0086206896551724,0.9339846253612096,Smooth,0.3352272727272727,0.3997,2W,SeasonalNaive_52,61.246,Poor,A
7510922,Continente Poupança Raças Pequenas 4Kg,06MARCAPRO,1.0086206896551724,0.9339846253612096,Smooth,0.3352272727272727,0.3997,4W,SeasonalNaive_52,89.996,Unreliable,A
7510922,Continente Poupança Raças Pequenas 4Kg,06MARCAPRO,1.0086206896551724,0.9339846253612096,Smooth,0.3352272727272727,0.3997,8W,ZeroForecast,100.0,Unreliable,A
7510922,Continente Poupança Raças Pequenas 4Kg,06MARCAPRO,1.0086206896551724,0.9339846253612096,Smooth,0.3352272727272727,0.3997,13W,ZeroForecast,100.0,Unreliable,A
8290131,AL SECO CAO JUN VITALIDADE 2KG CNT PET,06MARCAPRO,1.1428571428571428,0.7635288306885679,Smooth,0.14,0.0566,1W,HistGradientBoostingRegressor,57.503,Poor,B
8290131,AL SECO CAO JUN VITALIDADE 2KG CNT PET,06MARCAPRO,1.1428571428571428,0.7635288306885679,Smooth,0.14,0.0566,2W,MovingAverage_8,63.636,Poor,B
8290131,AL SECO CAO JUN VITALIDADE 2KG CNT PET,06MARCAPRO,1.1428571428571428,0.7635288306885679,Smooth,0.14,0.0566,4W,HistGradientBoostingRegressor,62.735,Poor,B
8290131,AL SECO CAO JUN VITALIDADE 2KG CNT PET,06MARCAPRO,1.1428571428571428,0.7635288306885679,Smooth,0.14,0.0566,8W,SBA_alpha_01,94.506,Unreliable,B
8290131,AL SECO CAO JUN VITALIDADE 2KG CNT PET,06MARCAPRO,1.1428571428571428,0.7635288306885679,Smooth,0.14,0.0566,13W,ADIDA_4,77.149,Unreliable,B
7510921,CONTINENTE POUPANCA SOPA 6KG,06MARCAPRO,1.0686274509803921,1.4447332393997037,Lumpy,0.4147727272727273,0.2186,1W,arima,9.91,Excellent,A
7510921,CONTINENTE POUPANCA SOPA 6KG,06MARCAPRO,1.0686274509803921,1.4447332393997037,Lumpy,0.4147727272727273,0.2186,2W,ADIDAStyle_4,24.993,Good,A
7510921,CONTINENTE POUPANCA SOPA 6KG,06MARCAPRO,1.0686274509803921,1.4447332393997037,Lumpy,0.4147727272727273,0.2186,4W,ADIDAStyle_4,51.598,Fair,A
7510921,CONTINENTE POUPANCA SOPA 6KG,06MARCAPRO,1.0686274509803921,1.4447332393997037,Lumpy,0.4147727272727273,0.2186,8W,ZeroForecast,100.0,Unreliable,A
7510921,CONTINENTE POUPANCA SOPA 6KG,06MARCAPRO,1.0686274509803921,1.4447332393997037,Lumpy,0.4147727272727273,0.2186,13W,ZeroForecast,100.0,Unreliable,A
8290133,AL SECO CAO JUN VITALIDADE 4KG CNT PET,06MARCAPRO,1.170731707317073,0.7701876721763086,Smooth,0.16,0.1419,1W,SBA_alpha_01,70.932,Poor,B
8290133,AL SECO CAO JUN VITALIDADE 4KG CNT PET,06MARCAPRO,1.170731707317073,0.7701876721763086,Smooth,0.16,0.1419,2W,ZeroForecast,100.0,Unreliable,B
8290133,AL SECO CAO JUN VITALIDADE 4KG CNT PET,06MARCAPRO,1.170731707317073,0.7701876721763086,Smooth,0.16,0.1419,4W,SBA_alpha_01,93.341,Unreliable,B
8290133,AL SECO CAO JUN VITALIDADE 4KG CNT PET,06MARCAPRO,1.170731707317073,0.7701876721763086,Smooth,0.16,0.1419,8W,SBA_alpha_01,81.318,Unreliable,B
8290133,AL SECO CAO JUN VITALIDADE 4KG CNT PET,06MARCAPRO,1.170731707317073,0.7701876721763086,Smooth,0.16,0.1419,13W,SES,68.585,Poor,B
8290140,AL SECO CAO VITALIDADE 4KG CNT PET,06MARCAPRO,1.2083333333333333,0.9979785969084423,Smooth,0.18333333333333332,0.1559,1W,MovingAverage_8,33.673,Good,A
8290140,AL SECO CAO VITALIDADE 4KG CNT PET,06MARCAPRO,1.2083333333333333,0.9979785969084423,Smooth,0.18333333333333332,0.1559,2W,MovingAverage_8,48.034,Fair,A
8290140,AL SECO CAO VITALIDADE 4KG CNT PET,06MARCAPRO,1.2083333333333333,0.9979785969084423,Smooth,0.18333333333333332,0.1559,4W,arima,53.475,Fair,A
8290140,AL SECO CAO VITALIDADE 4KG CNT PET,06MARCAPRO,1.2083333333333333,0.9979785969084423,Smooth,0.18333333333333332,0.1559,8W,ADIDA_8,81.428,Unreliable,A
8290140,AL SECO CAO VITALIDADE 4KG CNT PET,06MARCAPRO,1.2083333333333333,0.9979785969084423,Smooth,0.18333333333333332,0.1559,13W,ADIDA_4,68.138,Poor,A
8290077,AL SECO CAO VITALIDADE 9KG CNT PET,06MARCAPRO,1.5135135135135136,2.108634438043543,Lumpy,0.3870967741935484,0.1032,1W,TwoStage_ET_ET,38.642,Fair,B
8290077,AL SECO CAO VITALIDADE 9KG CNT PET,06MARCAPRO,1.5135135135135136,2.108634438043543,Lumpy,0.3870967741935484,0.1032,2W,TwoStage_RF_Ridge,57.412,Poor,B
8290077,AL SECO CAO VITALIDADE 9KG CNT PET,06MARCAPRO,1.5135135135135136,2.108634438043543,Lumpy,0.3870967741935484,0.1032,4W,TwoStage_RF_Ridge,81.041,Unreliable,B
8290077,AL SECO CAO VITALIDADE 9KG CNT PET,06MARCAPRO,1.5135135135135136,2.108634438043543,Lumpy,0.3870967741935484,0.1032,8W,ZeroForecast,100.0,Unreliable,B
8290077,AL SECO CAO VITALIDADE 9KG CNT PET,06MARCAPRO,1.5135135135135136,2.108634438043543,Lumpy,0.3870967741935484,0.1032,13W,ZeroForecast,100.0,Unreliable,B
8290144,AL SECO CAO VITALIDADE 14KG CNT PET PP,06MARCAPRO,1.3409090909090908,1.6701244231227812,Erratic,0.26229508196721313,0.1319,1W,TwoStage_RF_RF,24.097,Good,B
8290144,AL SECO CAO VITALIDADE 14KG CNT PET PP,06MARCAPRO,1.3409090909090908,1.6701244231227812,Erratic,0.26229508196721313,0.1319,2W,SBA_alpha_02,42.857,Fair,B
8290144,AL SECO CAO VITALIDADE 14KG CNT PET PP,06MARCAPRO,1.3409090909090908,1.6701244231227812,Erratic,0.26229508196721313,0.1319,4W,SBA_alpha_02,49.929,Fair,B
8290144,AL SECO CAO VITALIDADE 14KG CNT PET PP,06MARCAPRO,1.3409090909090908,1.6701244231227812,Erratic,0.26229508196721313,0.1319,8W,ExtraTreesRegressor,99.776,Unreliable,B
8290144,AL SECO CAO VITALIDADE 14KG CNT PET PP,06MARCAPRO,1.3409090909090908,1.6701244231227812,Erratic,0.26229508196721313,0.1319,13W,SBA_alpha_02,90.914,Unreliable,B
8290150,AL SECO CAO COMPLETO 4KG CNT PET,06MARCAPRO,1.0727272727272728,0.47224584271347086,Smooth,0.08196721311475409,0.3166,1W,MovingAverage_8,43.132,Fair,A
8290150,AL SECO CAO COMPLETO 4KG CNT PET,06MARCAPRO,1.0727272727272728,0.47224584271347086,Smooth,0.08196721311475409,0.3166,2W,MovingAverage_8,56.588,Poor,A
8290150,AL SECO CAO COMPLETO 4KG CNT PET,06MARCAPRO,1.0727272727272728,0.47224584271347086,Smooth,0.08196721311475409,0.3166,4W,ADIDAStyle_4,51.667,Fair,A
8290150,AL SECO CAO COMPLETO 4KG CNT PET,06MARCAPRO,1.0727272727272728,0.47224584271347086,Smooth,0.08196721311475409,0.3166,8W,ETS,51.498,Fair,A
8290150,AL SECO CAO COMPLETO 4KG CNT PET,06MARCAPRO,1.0727272727272728,0.47224584271347086,Smooth,0.08196721311475409,0.3166,13W,ADIDA_8,60.562,Poor,A
8290159,AL SECO CAO ALTA NUTRIC 9KG CNT PET PREM,06MARCAPRO,1.4814814814814814,2.203092461474387,Lumpy,0.44,0.0222,1W,NaiveLastValue,44.34,Fair,B
8290159,AL SECO CAO ALTA NUTRIC 9KG CNT PET PREM,06MARCAPRO,1.4814814814814814,2.203092461474387,Lumpy,0.44,0.0222,2W,GradientBoostingRegressor,66.407,Poor,B
8290159,AL SECO CAO ALTA NUTRIC 9KG CNT PET PREM,06MARCAPRO,1.4814814814814814,2.203092461474387,Lumpy,0.44,0.0222,4W,GradientBoostingRegressor,78.376,Unreliable,B
8290159,AL SECO CAO ALTA NUTRIC 9KG CNT PET PREM,06MARCAPRO,1.4814814814814814,2.203092461474387,Lumpy,0.44,0.0222,8W,GradientBoostingRegressor,96.394,Unreliable,B
8290159,AL SECO CAO ALTA NUTRIC 9KG CNT PET PREM,06MARCAPRO,1.4814814814814814,2.203092461474387,Lumpy,0.44,0.0222,13W,ZeroForecast,100.0,Unreliable,B
8290221,AL SECO CAO ALTA NUTRIC 4KG CNT PET PREM,06MARCAPRO,1.3243243243243243,1.4071951795841215,Erratic,0.2549019607843137,0.0495,1W,ETS,40.296,Fair,B
8290221,AL SECO CAO ALTA NUTRIC 4KG CNT PET PREM,06MARCAPRO,1.3243243243243243,1.4071951795841215,Erratic,0.2549019607843137,0.0495,2W,SBA_alpha_01,48.033,Fair,B
8290221,AL SECO CAO ALTA NUTRIC 4KG CNT PET PREM,06MARCAPRO,1.3243243243243243,1.4071951795841215,Erratic,0.2549019607843137,0.0495,4W,ETS,51.287,Fair,B
8290221,AL SECO CAO ALTA NUTRIC 4KG CNT PET PREM,06MARCAPRO,1.3243243243243243,1.4071951795841215,Erratic,0.2549019607843137,0.0495,8W,ZeroForecast,100.0,Unreliable,B
8290221,AL SECO CAO ALTA NUTRIC 4KG CNT PET PREM,06MARCAPRO,1.3243243243243243,1.4071951795841215,Erratic,0.2549019607843137,0.0495,13W,SBA_alpha_02,96.923,Unreliable,B
8290240,AL SECO CAO JUN VITALIDADE 10KG CNT PET PP,06MARCAPRO,1.0491803278688525,0.6877168403592363,Smooth,0.06060606060606061,0.196,1W,MovingAverage_8,22.768,Good,A
8290240,AL SECO CAO JUN VITALIDADE 10KG CNT PET PP,06MARCAPRO,1.0491803278688525,0.6877168403592363,Smooth,0.06060606060606061,0.196,2W,MovingAverage_4,31.633,Good,A
8290240,AL SECO CAO JUN VITALIDADE 10KG CNT PET PP,06MARCAPRO,1.0491803278688525,0.6877168403592363,Smooth,0.06060606060606061,0.196,4W,arima,37.208,Fair,A
8290240,AL SECO CAO JUN VITALIDADE 10KG CNT PET PP,06MARCAPRO,1.0491803278688525,0.6877168403592363,Smooth,0.06060606060606061,0.196,8W,arima,61.781,Poor,A
8290240,AL SECO CAO JUN VITALIDADE 10KG CNT PET PP,06MARCAPRO,1.0491803278688525,0.6877168403592363,Smooth,0.06060606060606061,0.196,13W,ADIDAStyle_4,51.219,Fair,A
997842,Kitty Gato Carne 10kg,06MARCAPRO,1.0833333333333333,0.7850907298466413,Smooth,0.13333333333333333,0.0242,1W,SBA_alpha_01,36.603,Fair,B
997842,Kitty Gato Carne 10kg,06MARCAPRO,1.0833333333333333,0.7850907298466413,Smooth,0.13333333333333333,0.0242,2W,SBA_alpha_01,47.595,Fair,B
997842,Kitty Gato Carne 10kg,06MARCAPRO,1.0833333333333333,0.7850907298466413,Smooth,0.13333333333333333,0.0242,4W,SBA_alpha_01,38.43,Fair,B
997842,Kitty Gato Carne 10kg,06MARCAPRO,1.0833333333333333,0.7850907298466413,Smooth,0.13333333333333333,0.0242,8W,,,No Model,B
997842,Kitty Gato Carne 10kg,06MARCAPRO,1.0833333333333333,0.7850907298466413,Smooth,0.13333333333333333,0.0242,13W,,,No Model,B
8290237,AL SECO CAO COMPLETO 15KG CNT PET PP,06MARCAPRO,1.22,1.1552881125306356,Erratic,0.203125,0.6327,1W,sarima,42.895,Fair,A
8290237,AL SECO CAO COMPLETO 15KG CNT PET PP,06MARCAPRO,1.22,1.1552881125306356,Erratic,0.203125,0.6327,2W,HistGradientBoostingRegressor,51.719,Fair,A
8290237,AL SECO CAO COMPLETO 15KG CNT PET PP,06MARCAPRO,1.22,1.1552881125306356,Erratic,0.203125,0.6327,4W,ADIDA_8,59.337,Poor,A
8290237,AL SECO CAO COMPLETO 15KG CNT PET PP,06MARCAPRO,1.22,1.1552881125306356,Erratic,0.203125,0.6327,8W,RandomForestRegressor,57.614,Poor,A
8290237,AL SECO CAO COMPLETO 15KG CNT PET PP,06MARCAPRO,1.22,1.1552881125306356,Erratic,0.203125,0.6327,13W,TwoStage_Logistic_Ridge,72.803,Poor,A
998196,Activpet Raças Pequenas 3Kg,06MARCAPRO,1.1111111111111112,0.5366140574453486,Smooth,0.13636363636363635,0.0407,1W,TSBStyle_01_01,24.555,Good,B
998196,Activpet Raças Pequenas 3Kg,06MARCAPRO,1.1111111111111112,0.5366140574453486,Smooth,0.13636363636363635,0.0407,2W,TSB_01_01,36.842,Fair,B
998196,Activpet Raças Pequenas 3Kg,06MARCAPRO,1.1111111111111112,0.5366140574453486,Smooth,0.13636363636363635,0.0407,4W,TSBStyle_01_01,37.698,Fair,B
998196,Activpet Raças Pequenas 3Kg,06MARCAPRO,1.1111111111111112,0.5366140574453486,Smooth,0.13636363636363635,0.0407,8W,ADIDAStyle_4,38.522,Fair,B
998196,Activpet Raças Pequenas 3Kg,06MARCAPRO,1.1111111111111112,0.5366140574453486,Smooth,0.13636363636363635,0.0407,13W,MovingAverage_8,43.487,Fair,B
999982,Activpet Light & Sénior 4kg,06MARCAPRO,1.1875,0.6000693721817549,Smooth,0.19047619047619047,0.025,1W,ADIDA_8,46.625,Fair,B
999982,Activpet Light & Sénior 4kg,06MARCAPRO,1.1875,0.6000693721817549,Smooth,0.19047619047619047,0.025,2W,SBA_alpha_01,64.1,Poor,B
999982,Activpet Light & Sénior 4kg,06MARCAPRO,1.1875,0.6000693721817549,Smooth,0.19047619047619047,0.025,4W,SBA_alpha_01,61.103,Poor,B
999982,Activpet Light & Sénior 4kg,06MARCAPRO,1.1875,0.6000693721817549,Smooth,0.19047619047619047,0.025,8W,SBA_alpha_01,58.195,Poor,B
999982,Activpet Light & Sénior 4kg,06MARCAPRO,1.1875,0.6000693721817549,Smooth,0.19047619047619047,0.025,13W,TSB_02_02,56.569,Poor,B
8290243,AL SECO CAO ALTA NUTRIC 14KG CNT PET PREM PP,06MARCAPRO,1.826086956521739,2.8836344995514556,Lumpy,0.5,0.0756,1W,TSB_01_01,69.339,Poor,B
8290243,AL SECO CAO ALTA NUTRIC 14KG CNT PET PREM PP,06MARCAPRO,1.826086956521739,2.8836344995514556,Lumpy,0.5,0.0756,2W,TwoStage_Logistic_Huber,66.17,Poor,B
8290243,AL SECO CAO ALTA NUTRIC 14KG CNT PET PREM PP,06MARCAPRO,1.826086956521739,2.8836344995514556,Lumpy,0.5,0.0756,4W,TwoStage_Logistic_Huber,78.198,Unreliable,B
8290243,AL SECO CAO ALTA NUTRIC 14KG CNT PET PREM PP,06MARCAPRO,1.826086956521739,2.8836344995514556,Lumpy,0.5,0.0756,8W,ZeroForecast,100.0,Unreliable,B
8290243,AL SECO CAO ALTA NUTRIC 14KG CNT PET PREM PP,06MARCAPRO,1.826086956521739,2.8836344995514556,Lumpy,0.5,0.0756,13W,TwoStage_ET_ET,91.779,Unreliable,B
ABFNATUREADULT80,Sample BioFarm Nature Line Dog Maintenance 80g,AMOSTRAS,141.0,140.00000000000006,Intermittent,0.9929078014184397,0.0,1W,RandomForestRegressor,0.0,Excellent,C
ABFNATUREADULT80,Sample BioFarm Nature Line Dog Maintenance 80g,AMOSTRAS,141.0,140.00000000000006,Intermittent,0.9929078014184397,0.0,2W,ExtraTreesRegressor,0.0,Excellent,C
ABFNATUREADULT80,Sample BioFarm Nature Line Dog Maintenance 80g,AMOSTRAS,141.0,140.00000000000006,Intermittent,0.9929078014184397,0.0,4W,ExtraTreesRegressor,0.0,Excellent,C
ABFNATUREADULT80,Sample BioFarm Nature Line Dog Maintenance 80g,AMOSTRAS,141.0,140.00000000000006,Intermittent,0.9929078014184397,0.0,8W,ExtraTreesRegressor,0.0,Excellent,C
ABFNATUREADULT80,Sample BioFarm Nature Line Dog Maintenance 80g,AMOSTRAS,141.0,140.00000000000006,Intermittent,0.9929078014184397,0.0,13W,RandomForestRegressor,0.0,Excellent,C
ABFNATURECAT80,Sample BioFarm Nature Line Adult Cat 80g,AMOSTRAS,141.0,140.00000000000006,Intermittent,0.9929078014184397,0.0,1W,RandomForestRegressor,0.0,Excellent,C
ABFNATURECAT80,Sample BioFarm Nature Line Adult Cat 80g,AMOSTRAS,141.0,140.00000000000006,Intermittent,0.9929078014184397,0.0,2W,ExtraTreesRegressor,0.0,Excellent,C
ABFNATURECAT80,Sample BioFarm Nature Line Adult Cat 80g,AMOSTRAS,141.0,140.00000000000006,Intermittent,0.9929078014184397,0.0,4W,ExtraTreesRegressor,0.0,Excellent,C
ABFNATURECAT80,Sample BioFarm Nature Line Adult Cat 80g,AMOSTRAS,141.0,140.00000000000006,Intermittent,0.9929078014184397,0.0,8W,ExtraTreesRegressor,0.0,Excellent,C
ABFNATURECAT80,Sample BioFarm Nature Line Adult Cat 80g,AMOSTRAS,141.0,140.00000000000006,Intermittent,0.9929078014184397,0.0,13W,RandomForestRegressor,0.0,Excellent,C
ABFNATUREAE80,Sample BioFarm Nature Line Dog High Energy 80g,AMOSTRAS,141.0,140.00000000000006,Intermittent,0.9929078014184397,0.0,1W,RandomForestRegressor,0.0,Excellent,C
ABFNATUREAE80,Sample BioFarm Nature Line Dog High Energy 80g,AMOSTRAS,141.0,140.00000000000006,Intermittent,0.9929078014184397,0.0,2W,ExtraTreesRegressor,0.0,Excellent,C
ABFNATUREAE80,Sample BioFarm Nature Line Dog High Energy 80g,AMOSTRAS,141.0,140.00000000000006,Intermittent,0.9929078014184397,0.0,4W,ExtraTreesRegressor,0.0,Excellent,C
ABFNATUREAE80,Sample BioFarm Nature Line Dog High Energy 80g,AMOSTRAS,141.0,140.00000000000006,Intermittent,0.9929078014184397,0.0,8W,ExtraTreesRegressor,0.0,Excellent,C
ABFNATUREAE80,Sample BioFarm Nature Line Dog High Energy 80g,AMOSTRAS,141.0,140.00000000000006,Intermittent,0.9929078014184397,0.0,13W,RandomForestRegressor,0.0,Excellent,C
8290268,AL SECO CAO VITALIDADE RP 4KG CNT PET PP,06MARCAPRO,1.0555555555555556,0.6951103912935712,Smooth,0.06779661016949153,0.1954,1W,TwoStage_RF_RF,35.514,Fair,A
8290268,AL SECO CAO VITALIDADE RP 4KG CNT PET PP,06MARCAPRO,1.0555555555555556,0.6951103912935712,Smooth,0.06779661016949153,0.1954,2W,ETS,56.656,Poor,A
8290268,AL SECO CAO VITALIDADE RP 4KG CNT PET PP,06MARCAPRO,1.0555555555555556,0.6951103912935712,Smooth,0.06779661016949153,0.1954,4W,SBA_alpha_01,64.467,Poor,A
8290268,AL SECO CAO VITALIDADE RP 4KG CNT PET PP,06MARCAPRO,1.0555555555555556,0.6951103912935712,Smooth,0.06779661016949153,0.1954,8W,RollingMedian_8,60.841,Poor,A
8290268,AL SECO CAO VITALIDADE RP 4KG CNT PET PP,06MARCAPRO,1.0555555555555556,0.6951103912935712,Smooth,0.06779661016949153,0.1954,13W,arima,59.471,Poor,A
8290219,AL SECO CAO COMPLETO 10KG CNT PET,06MARCAPRO,1.2391304347826086,1.4529066537857747,Erratic,0.2033898305084746,0.1147,1W,SeasonalNaive_52,63.636,Poor,B
8290219,AL SECO CAO COMPLETO 10KG CNT PET,06MARCAPRO,1.2391304347826086,1.4529066537857747,Erratic,0.2033898305084746,0.1147,2W,RollingMedian_8,90.278,Unreliable,B
8290219,AL SECO CAO COMPLETO 10KG CNT PET,06MARCAPRO,1.2391304347826086,1.4529066537857747,Erratic,0.2033898305084746,0.1147,4W,SeasonalNaive_52,84.406,Unreliable,B
8290219,AL SECO CAO COMPLETO 10KG CNT PET,06MARCAPRO,1.2391304347826086,1.4529066537857747,Erratic,0.2033898305084746,0.1147,8W,ExtraTreesRegressor,93.214,Unreliable,B
8290219,AL SECO CAO COMPLETO 10KG CNT PET,06MARCAPRO,1.2391304347826086,1.4529066537857747,Erratic,0.2033898305084746,0.1147,13W,ADIDA_4,90.752,Unreliable,B
900483,Silica Gel Activpet 3.8L,SILICA,1.3928571428571428,9.622592934256081,Intermittent,0.8352272727272727,0.1,1W,TwoStage_RF_RF,33.119,Good,B
900483,Silica Gel Activpet 3.8L,SILICA,1.3928571428571428,9.622592934256081,Intermittent,0.8352272727272727,0.1,2W,SBA_alpha_02,48.533,Fair,B
900483,Silica Gel Activpet 3.8L,SILICA,1.3928571428571428,9.622592934256081,Intermittent,0.8352272727272727,0.1,4W,SBA_alpha_02,66.691,Poor,B
900483,Silica Gel Activpet 3.8L,SILICA,1.3928571428571428,9.622592934256081,Intermittent,0.8352272727272727,0.1,8W,ZeroForecast,100.0,Unreliable,B
900483,Silica Gel Activpet 3.8L,SILICA,1.3928571428571428,9.622592934256081,Intermittent,0.8352272727272727,0.1,13W,ZeroForecast,100.0,Unreliable,B
ABFPREMIUMCF80,Sample BioFarm Premium Dog Fresh Meat 80g,AMOSTRAS,141.0,140.00000000000006,Intermittent,0.9929078014184397,0.0,1W,RandomForestRegressor,0.0,Excellent,C
ABFPREMIUMCF80,Sample BioFarm Premium Dog Fresh Meat 80g,AMOSTRAS,141.0,140.00000000000006,Intermittent,0.9929078014184397,0.0,2W,ExtraTreesRegressor,0.0,Excellent,C
ABFPREMIUMCF80,Sample BioFarm Premium Dog Fresh Meat 80g,AMOSTRAS,141.0,140.00000000000006,Intermittent,0.9929078014184397,0.0,4W,ExtraTreesRegressor,0.0,Excellent,C
ABFPREMIUMCF80,Sample BioFarm Premium Dog Fresh Meat 80g,AMOSTRAS,141.0,140.00000000000006,Intermittent,0.9929078014184397,0.0,8W,ExtraTreesRegressor,0.0,Excellent,C
ABFPREMIUMCF80,Sample BioFarm Premium Dog Fresh Meat 80g,AMOSTRAS,141.0,140.00000000000006,Intermittent,0.9929078014184397,0.0,13W,RandomForestRegressor,0.0,Excellent,C
ABFNATUREJR80,Sample BioFarm Nature Line Puppy 80g,AMOSTRAS,141.0,140.00000000000006,Intermittent,0.9929078014184397,0.0,1W,RandomForestRegressor,0.0,Excellent,C
ABFNATUREJR80,Sample BioFarm Nature Line Puppy 80g,AMOSTRAS,141.0,140.00000000000006,Intermittent,0.9929078014184397,0.0,2W,ExtraTreesRegressor,0.0,Excellent,C
ABFNATUREJR80,Sample BioFarm Nature Line Puppy 80g,AMOSTRAS,141.0,140.00000000000006,Intermittent,0.9929078014184397,0.0,4W,ExtraTreesRegressor,0.0,Excellent,C
ABFNATUREJR80,Sample BioFarm Nature Line Puppy 80g,AMOSTRAS,141.0,140.00000000000006,Intermittent,0.9929078014184397,0.0,8W,ExtraTreesRegressor,0.0,Excellent,C
ABFNATUREJR80,Sample BioFarm Nature Line Puppy 80g,AMOSTRAS,141.0,140.00000000000006,Intermittent,0.9929078014184397,0.0,13W,RandomForestRegressor,0.0,Excellent,C
ABFPREMIUMGF80,Sample BioFarm Premium Adult Dog Grain Free 80g,AMOSTRAS,141.0,140.00000000000006,Intermittent,0.9929078014184397,0.0,1W,RandomForestRegressor,0.0,Excellent,C
ABFPREMIUMGF80,Sample BioFarm Premium Adult Dog Grain Free 80g,AMOSTRAS,141.0,140.00000000000006,Intermittent,0.9929078014184397,0.0,2W,ExtraTreesRegressor,0.0,Excellent,C
ABFPREMIUMGF80,Sample BioFarm Premium Adult Dog Grain Free 80g,AMOSTRAS,141.0,140.00000000000006,Intermittent,0.9929078014184397,0.0,4W,ExtraTreesRegressor,0.0,Excellent,C
ABFPREMIUMGF80,Sample BioFarm Premium Adult Dog Grain Free 80g,AMOSTRAS,141.0,140.00000000000006,Intermittent,0.9929078014184397,0.0,8W,ExtraTreesRegressor,0.0,Excellent,C
ABFPREMIUMGF80,Sample BioFarm Premium Adult Dog Grain Free 80g,AMOSTRAS,141.0,140.00000000000006,Intermittent,0.9929078014184397,0.0,13W,RandomForestRegressor,0.0,Excellent,C
ABFPREMIUMHIPO80,Sample BioFarm Premium Dog Hypoallergenic 80g,AMOSTRAS,141.0,140.00000000000006,Intermittent,0.9929078014184397,0.0,1W,RandomForestRegressor,0.0,Excellent,C
ABFPREMIUMHIPO80,Sample BioFarm Premium Dog Hypoallergenic 80g,AMOSTRAS,141.0,140.00000000000006,Intermittent,0.9929078014184397,0.0,2W,ExtraTreesRegressor,0.0,Excellent,C
ABFPREMIUMHIPO80,Sample BioFarm Premium Dog Hypoallergenic 80g,AMOSTRAS,141.0,140.00000000000006,Intermittent,0.9929078014184397,0.0,4W,ExtraTreesRegressor,0.0,Excellent,C
ABFPREMIUMHIPO80,Sample BioFarm Premium Dog Hypoallergenic 80g,AMOSTRAS,141.0,140.00000000000006,Intermittent,0.9929078014184397,0.0,8W,ExtraTreesRegressor,0.0,Excellent,C
ABFPREMIUMHIPO80,Sample BioFarm Premium Dog Hypoallergenic 80g,AMOSTRAS,141.0,140.00000000000006,Intermittent,0.9929078014184397,0.0,13W,RandomForestRegressor,0.0,Excellent,C
ABFPREMIUMSA80,Sample BioFarm Premium Dog Salmon and Rice 80g,AMOSTRAS,141.0,140.00000000000006,Intermittent,0.9929078014184397,0.0,1W,RandomForestRegressor,0.0,Excellent,C
ABFPREMIUMSA80,Sample BioFarm Premium Dog Salmon and Rice 80g,AMOSTRAS,141.0,140.00000000000006,Intermittent,0.9929078014184397,0.0,2W,ExtraTreesRegressor,0.0,Excellent,C
ABFPREMIUMSA80,Sample BioFarm Premium Dog Salmon and Rice 80g,AMOSTRAS,141.0,140.00000000000006,Intermittent,0.9929078014184397,0.0,4W,ExtraTreesRegressor,0.0,Excellent,C
ABFPREMIUMSA80,Sample BioFarm Premium Dog Salmon and Rice 80g,AMOSTRAS,141.0,140.00000000000006,Intermittent,0.9929078014184397,0.0,8W,ExtraTreesRegressor,0.0,Excellent,C
ABFPREMIUMSA80,Sample BioFarm Premium Dog Salmon and Rice 80g,AMOSTRAS,141.0,140.00000000000006,Intermittent,0.9929078014184397,0.0,13W,RandomForestRegressor,0.0,Excellent,C
873824,Alim Sc Cão Activpet Croquetes 20Kg,06MARCAPRO,1.6634615384615385,1.108471017239417,Lumpy,0.4,2.0628,1W,TwoStage_RF_Ridge,17.261,Excellent,A
873824,Alim Sc Cão Activpet Croquetes 20Kg,06MARCAPRO,1.6634615384615385,1.108471017239417,Lumpy,0.4,2.0628,2W,GradientBoostingRegressor,67.127,Poor,A
873824,Alim Sc Cão Activpet Croquetes 20Kg,06MARCAPRO,1.6634615384615385,1.108471017239417,Lumpy,0.4,2.0628,4W,ZeroForecast,100.0,Unreliable,A
873824,Alim Sc Cão Activpet Croquetes 20Kg,06MARCAPRO,1.6634615384615385,1.108471017239417,Lumpy,0.4,2.0628,8W,ZeroForecast,100.0,Unreliable,A
873824,Alim Sc Cão Activpet Croquetes 20Kg,06MARCAPRO,1.6634615384615385,1.108471017239417,Lumpy,0.4,2.0628,13W,sarima,98.666,Unreliable,A
ABFPREMIUMRGCF80,Sample BioFarm Premium Large Breeds Fresh Meat 80g,AMOSTRAS,141.0,140.00000000000006,Intermittent,0.9929078014184397,0.0,1W,RandomForestRegressor,0.0,Excellent,C
ABFPREMIUMRGCF80,Sample BioFarm Premium Large Breeds Fresh Meat 80g,AMOSTRAS,141.0,140.00000000000006,Intermittent,0.9929078014184397,0.0,2W,ExtraTreesRegressor,0.0,Excellent,C
ABFPREMIUMRGCF80,Sample BioFarm Premium Large Breeds Fresh Meat 80g,AMOSTRAS,141.0,140.00000000000006,Intermittent,0.9929078014184397,0.0,4W,ExtraTreesRegressor,0.0,Excellent,C
ABFPREMIUMRGCF80,Sample BioFarm Premium Large Breeds Fresh Meat 80g,AMOSTRAS,141.0,140.00000000000006,Intermittent,0.9929078014184397,0.0,8W,ExtraTreesRegressor,0.0,Excellent,C
ABFPREMIUMRGCF80,Sample BioFarm Premium Large Breeds Fresh Meat 80g,AMOSTRAS,141.0,140.00000000000006,Intermittent,0.9929078014184397,0.0,13W,RandomForestRegressor,0.0,Excellent,C
AGRIBARAE20,Agribar Alta Energia 20Kg,06MARCAPRO,21.5,22.89920298677056,Intermittent,0.9488636363636364,0.028,1W,LastNonZero,55.043,Poor,B
AGRIBARAE20,Agribar Alta Energia 20Kg,06MARCAPRO,21.5,22.89920298677056,Intermittent,0.9488636363636364,0.028,2W,arima,99.947,Unreliable,B
AGRIBARAE20,Agribar Alta Energia 20Kg,06MARCAPRO,21.5,22.89920298677056,Intermittent,0.9488636363636364,0.028,4W,NaiveLastValue,100.0,Unreliable,B
AGRIBARAE20,Agribar Alta Energia 20Kg,06MARCAPRO,21.5,22.89920298677056,Intermittent,0.9488636363636364,0.028,8W,NaiveLastValue,100.0,Unreliable,B
AGRIBARAE20,Agribar Alta Energia 20Kg,06MARCAPRO,21.5,22.89920298677056,Intermittent,0.9488636363636364,0.028,13W,NaiveLastValue,100.0,Unreliable,B
AENERGYPETPLUS80,Amostra Energy Pet Plus 80g,11ENERGYP,8.384615384615385,22.862980769230766,Intermittent,0.9102564102564102,0.0,1W,LastNonZero,63.309,Poor,C
AENERGYPETPLUS80,Amostra Energy Pet Plus 80g,11ENERGYP,8.384615384615385,22.862980769230766,Intermittent,0.9102564102564102,0.0,2W,sarima,61.411,Poor,C
AENERGYPETPLUS80,Amostra Energy Pet Plus 80g,11ENERGYP,8.384615384615385,22.862980769230766,Intermittent,0.9102564102564102,0.0,4W,NaiveLastValue,100.0,Unreliable,C
AENERGYPETPLUS80,Amostra Energy Pet Plus 80g,11ENERGYP,8.384615384615385,22.862980769230766,Intermittent,0.9102564102564102,0.0,8W,NaiveLastValue,100.0,Unreliable,C
AENERGYPETPLUS80,Amostra Energy Pet Plus 80g,11ENERGYP,8.384615384615385,22.862980769230766,Intermittent,0.9102564102564102,0.0,13W,NaiveLastValue,100.0,Unreliable,C
AGRIBARAEPREMIUM20,Agribar Cão Alta Energia  30/17 20Kg,06MARCAPRO,19.11111111111111,20.290861395589044,Intermittent,0.9431818181818182,0.0211,1W,LastNonZero,47.61,Fair,B
AGRIBARAEPREMIUM20,Agribar Cão Alta Energia  30/17 20Kg,06MARCAPRO,19.11111111111111,20.290861395589044,Intermittent,0.9431818181818182,0.0211,2W,SeasonalNaive_52,95.481,Unreliable,B
AGRIBARAEPREMIUM20,Agribar Cão Alta Energia  30/17 20Kg,06MARCAPRO,19.11111111111111,20.290861395589044,Intermittent,0.9431818181818182,0.0211,4W,NaiveLastValue,100.0,Unreliable,B
AGRIBARAEPREMIUM20,Agribar Cão Alta Energia  30/17 20Kg,06MARCAPRO,19.11111111111111,20.290861395589044,Intermittent,0.9431818181818182,0.0211,8W,NaiveLastValue,100.0,Unreliable,B
AGRIBARAEPREMIUM20,Agribar Cão Alta Energia  30/17 20Kg,06MARCAPRO,19.11111111111111,20.290861395589044,Intermittent,0.9431818181818182,0.0211,13W,NaiveLastValue,100.0,Unreliable,B
AGRIBARADULTO20,Agribar Cão Adulto Premium 20Kg,06MARCAPRO,7.7727272727272725,7.637745492253301,Intermittent,0.867816091954023,0.1007,1W,LastNonZero,60.759,Poor,B
AGRIBARADULTO20,Agribar Cão Adulto Premium 20Kg,06MARCAPRO,7.7727272727272725,7.637745492253301,Intermittent,0.867816091954023,0.1007,2W,HistGradientBoostingRegressor,81.579,Unreliable,B
AGRIBARADULTO20,Agribar Cão Adulto Premium 20Kg,06MARCAPRO,7.7727272727272725,7.637745492253301,Intermittent,0.867816091954023,0.1007,4W,HistGradientBoostingRegressor,80.913,Unreliable,B
AGRIBARADULTO20,Agribar Cão Adulto Premium 20Kg,06MARCAPRO,7.7727272727272725,7.637745492253301,Intermittent,0.867816091954023,0.1007,8W,NaiveLastValue,100.0,Unreliable,B
AGRIBARADULTO20,Agribar Cão Adulto Premium 20Kg,06MARCAPRO,7.7727272727272725,7.637745492253301,Intermittent,0.867816091954023,0.1007,13W,ZeroForecast,100.0,Unreliable,B
AGRIBARADULTO4,Agribar Cão Adulto 4Kg,06MARCAPRO,17.333333333333332,16.055363321799316,Intermittent,0.9371069182389937,0.0091,1W,LastNonZero,50.0,Fair,B
AGRIBARADULTO4,Agribar Cão Adulto 4Kg,06MARCAPRO,17.333333333333332,16.055363321799316,Intermittent,0.9371069182389937,0.0091,2W,ExtraTreesRegressor,61.6,Poor,B
AGRIBARADULTO4,Agribar Cão Adulto 4Kg,06MARCAPRO,17.333333333333332,16.055363321799316,Intermittent,0.9371069182389937,0.0091,4W,ExtraTreesRegressor,2.667,Excellent,B
AGRIBARADULTO4,Agribar Cão Adulto 4Kg,06MARCAPRO,17.333333333333332,16.055363321799316,Intermittent,0.9371069182389937,0.0091,8W,GradientBoostingRegressor,82.301,Unreliable,B
AGRIBARADULTO4,Agribar Cão Adulto 4Kg,06MARCAPRO,17.333333333333332,16.055363321799316,Intermittent,0.9371069182389937,0.0091,13W,ExtraTreesRegressor,84.0,Unreliable,B
AGRIBARGATO4,Agribar Gato Adulto 4Kg,06MARCAPRO,9.222222222222221,9.97322893109077,Intermittent,0.8908045977011494,0.0649,1W,LastNonZero,40.679,Fair,B
AGRIBARGATO4,Agribar Gato Adulto 4Kg,06MARCAPRO,9.222222222222221,9.97322893109077,Intermittent,0.8908045977011494,0.0649,2W,SeasonalNaive_52,86.275,Unreliable,B
AGRIBARGATO4,Agribar Gato Adulto 4Kg,06MARCAPRO,9.222222222222221,9.97322893109077,Intermittent,0.8908045977011494,0.0649,4W,NaiveLastValue,100.0,Unreliable,B
AGRIBARGATO4,Agribar Gato Adulto 4Kg,06MARCAPRO,9.222222222222221,9.97322893109077,Intermittent,0.8908045977011494,0.0649,8W,NaiveLastValue,100.0,Unreliable,B
AGRIBARGATO4,Agribar Gato Adulto 4Kg,06MARCAPRO,9.222222222222221,9.97322893109077,Intermittent,0.8908045977011494,0.0649,13W,NaiveLastValue,100.0,Unreliable,B
AGRIBARJR20,Agribar Cão Junior 20Kg,06MARCAPRO,14.777777777777779,16.573283539212873,Intermittent,0.9310344827586207,0.0149,1W,LastNonZero,34.266,Good,B
AGRIBARJR20,Agribar Cão Junior 20Kg,06MARCAPRO,14.777777777777779,16.573283539212873,Intermittent,0.9310344827586207,0.0149,2W,arima,99.928,Unreliable,B
AGRIBARJR20,Agribar Cão Junior 20Kg,06MARCAPRO,14.777777777777779,16.573283539212873,Intermittent,0.9310344827586207,0.0149,4W,NaiveLastValue,100.0,Unreliable,B
AGRIBARJR20,Agribar Cão Junior 20Kg,06MARCAPRO,14.777777777777779,16.573283539212873,Intermittent,0.9310344827586207,0.0149,8W,NaiveLastValue,100.0,Unreliable,B
AGRIBARJR20,Agribar Cão Junior 20Kg,06MARCAPRO,14.777777777777779,16.573283539212873,Intermittent,0.9310344827586207,0.0149,13W,NaiveLastValue,100.0,Unreliable,B
AGRIBARJR4,Agribar Cão Junior 4Kg,06MARCAPRO,20.285714285714285,18.234693877551017,Intermittent,0.9448275862068966,0.0075,1W,LastNonZero,22.222,Good,B
AGRIBARJR4,Agribar Cão Junior 4Kg,06MARCAPRO,20.285714285714285,18.234693877551017,Intermittent,0.9448275862068966,0.0075,2W,arima,99.934,Unreliable,B
AGRIBARJR4,Agribar Cão Junior 4Kg,06MARCAPRO,20.285714285714285,18.234693877551017,Intermittent,0.9448275862068966,0.0075,4W,NaiveLastValue,100.0,Unreliable,B
AGRIBARJR4,Agribar Cão Junior 4Kg,06MARCAPRO,20.285714285714285,18.234693877551017,Intermittent,0.9448275862068966,0.0075,8W,NaiveLastValue,100.0,Unreliable,B
AGRIBARJR4,Agribar Cão Junior 4Kg,06MARCAPRO,20.285714285714285,18.234693877551017,Intermittent,0.9448275862068966,0.0075,13W,NaiveLastValue,100.0,Unreliable,B
AHAPPYMEDADULTOSARDINHA70,Amostra HO Mediterraneum Cão Adulto Sardinha 70g,AMOSTRAS,4.166666666666667,31.401820661094415,Intermittent,0.9221556886227545,0.0,1W,HistGradientBoostingRegressor,86.076,Unreliable,C
AHAPPYMEDADULTOSARDINHA70,Amostra HO Mediterraneum Cão Adulto Sardinha 70g,AMOSTRAS,4.166666666666667,31.401820661094415,Intermittent,0.9221556886227545,0.0,2W,SBA_alpha_02,98.098,Unreliable,C
AHAPPYMEDADULTOSARDINHA70,Amostra HO Mediterraneum Cão Adulto Sardinha 70g,AMOSTRAS,4.166666666666667,31.401820661094415,Intermittent,0.9221556886227545,0.0,4W,ZeroForecast,100.0,Unreliable,C
AHAPPYMEDADULTOSARDINHA70,Amostra HO Mediterraneum Cão Adulto Sardinha 70g,AMOSTRAS,4.166666666666667,31.401820661094415,Intermittent,0.9221556886227545,0.0,8W,ZeroForecast,100.0,Unreliable,C
AHAPPYMEDADULTOSARDINHA70,Amostra HO Mediterraneum Cão Adulto Sardinha 70g,AMOSTRAS,4.166666666666667,31.401820661094415,Intermittent,0.9221556886227545,0.0,13W,ZeroForecast,100.0,Unreliable,C
AGRIVILMIX20,Agrivil Mix 20Kg,06MARCAPRO,12.142857142857142,10.533333333333333,Intermittent,0.9132947976878613,0.0786,1W,TwoStage_Logistic_Huber,81.059,Unreliable,B
AGRIVILMIX20,Agrivil Mix 20Kg,06MARCAPRO,12.142857142857142,10.533333333333333,Intermittent,0.9132947976878613,0.0786,2W,SeasonalNaive_52,40.0,Fair,B
AGRIVILMIX20,Agrivil Mix 20Kg,06MARCAPRO,12.142857142857142,10.533333333333333,Intermittent,0.9132947976878613,0.0786,4W,ExtraTreesRegressor,67.878,Poor,B
AGRIVILMIX20,Agrivil Mix 20Kg,06MARCAPRO,12.142857142857142,10.533333333333333,Intermittent,0.9132947976878613,0.0786,8W,ExtraTreesRegressor,67.878,Poor,B
AGRIVILMIX20,Agrivil Mix 20Kg,06MARCAPRO,12.142857142857142,10.533333333333333,Intermittent,0.9132947976878613,0.0786,13W,SeasonalNaive_52,50.0,Fair,B
AGRIBARREGULAR20,Agribar Cão Regular 20Kg,06MARCAPRO,5.766666666666667,5.512891524615139,Intermittent,0.8238636363636364,0.1599,1W,LastNonZero,50.485,Fair,B
AGRIBARREGULAR20,Agribar Cão Regular 20Kg,06MARCAPRO,5.766666666666667,5.512891524615139,Intermittent,0.8238636363636364,0.1599,2W,TwoStage_Logistic_Huber,70.822,Poor,B
AGRIBARREGULAR20,Agribar Cão Regular 20Kg,06MARCAPRO,5.766666666666667,5.512891524615139,Intermittent,0.8238636363636364,0.1599,4W,ETS,100.0,Unreliable,B
AGRIBARREGULAR20,Agribar Cão Regular 20Kg,06MARCAPRO,5.766666666666667,5.512891524615139,Intermittent,0.8238636363636364,0.1599,8W,ZeroForecast,100.0,Unreliable,B
AGRIBARREGULAR20,Agribar Cão Regular 20Kg,06MARCAPRO,5.766666666666667,5.512891524615139,Intermittent,0.8238636363636364,0.1599,13W,NaiveLastValue,100.0,Unreliable,B
AGUILARAE20,Aguilar Cão Alta Energia 20Kg,06MARCAPRO,9.538461538461538,10.32804277775175,Intermittent,0.8970588235294118,0.0567,1W,LastNonZero,45.725,Fair,B
AGUILARAE20,Aguilar Cão Alta Energia 20Kg,06MARCAPRO,9.538461538461538,10.32804277775175,Intermittent,0.8970588235294118,0.0567,2W,TwoStage_Logistic_Huber,95.636,Unreliable,B
AGUILARAE20,Aguilar Cão Alta Energia 20Kg,06MARCAPRO,9.538461538461538,10.32804277775175,Intermittent,0.8970588235294118,0.0567,4W,NaiveLastValue,100.0,Unreliable,B
AGUILARAE20,Aguilar Cão Alta Energia 20Kg,06MARCAPRO,9.538461538461538,10.32804277775175,Intermittent,0.8970588235294118,0.0567,8W,ZeroForecast,100.0,Unreliable,B
AGUILARAE20,Aguilar Cão Alta Energia 20Kg,06MARCAPRO,9.538461538461538,10.32804277775175,Intermittent,0.8970588235294118,0.0567,13W,ZeroForecast,100.0,Unreliable,B
AHAPPYAE80,Amostra HappyOne Cão Alta Energia 80g,04HAPPYONE,6.684210526315789,18.765312499999997,Intermittent,0.8850574712643678,0.0,1W,SBA_alpha_01,89.136,Unreliable,C
AHAPPYAE80,Amostra HappyOne Cão Alta Energia 80g,04HAPPYONE,6.684210526315789,18.765312499999997,Intermittent,0.8850574712643678,0.0,2W,MovingAverage_4,100.0,Unreliable,C
AHAPPYAE80,Amostra HappyOne Cão Alta Energia 80g,04HAPPYONE,6.684210526315789,18.765312499999997,Intermittent,0.8850574712643678,0.0,4W,ZeroForecast,100.0,Unreliable,C
AHAPPYAE80,Amostra HappyOne Cão Alta Energia 80g,04HAPPYONE,6.684210526315789,18.765312499999997,Intermittent,0.8850574712643678,0.0,8W,ZeroForecast,100.0,Unreliable,C
AHAPPYAE80,Amostra HappyOne Cão Alta Energia 80g,04HAPPYONE,6.684210526315789,18.765312499999997,Intermittent,0.8850574712643678,0.0,13W,ZeroForecast,100.0,Unreliable,C
ALIPETADULTOCH20,Alipet Cão Adulto 20Kg,01ALIPET,1.0,48.486714634325146,Intermittent,0.9724770642201835,0.0856,1W,ExtraTreesRegressor,0.0,Excellent,B
ALIPETADULTOCH20,Alipet Cão Adulto 20Kg,01ALIPET,1.0,48.486714634325146,Intermittent,0.9724770642201835,0.0856,2W,ExtraTreesRegressor,0.0,Excellent,B
ALIPETADULTOCH20,Alipet Cão Adulto 20Kg,01ALIPET,1.0,48.486714634325146,Intermittent,0.9724770642201835,0.0856,4W,ExtraTreesRegressor,0.0,Excellent,B
ALIPETADULTOCH20,Alipet Cão Adulto 20Kg,01ALIPET,1.0,48.486714634325146,Intermittent,0.9724770642201835,0.0856,8W,ExtraTreesRegressor,0.0,Excellent,B
ALIPETADULTOCH20,Alipet Cão Adulto 20Kg,01ALIPET,1.0,48.486714634325146,Intermittent,0.9724770642201835,0.0856,13W,ExtraTreesRegressor,0.0,Excellent,B
ALIPETADULTOMBVG10,Alipet Cão Adulto MB VG 10Kg,01ALIPET,25.0,28.502675736961447,Intermittent,0.9661016949152542,0.022,1W,LastNonZero,1.887,Excellent,B
ALIPETADULTOMBVG10,Alipet Cão Adulto MB VG 10Kg,01ALIPET,25.0,28.502675736961447,Intermittent,0.9661016949152542,0.022,2W,NaiveLastValue,100.0,Unreliable,B
ALIPETADULTOMBVG10,Alipet Cão Adulto MB VG 10Kg,01ALIPET,25.0,28.502675736961447,Intermittent,0.9661016949152542,0.022,4W,NaiveLastValue,100.0,Unreliable,B
ALIPETADULTOMBVG10,Alipet Cão Adulto MB VG 10Kg,01ALIPET,25.0,28.502675736961447,Intermittent,0.9661016949152542,0.022,8W,NaiveLastValue,100.0,Unreliable,B
ALIPETADULTOMBVG10,Alipet Cão Adulto MB VG 10Kg,01ALIPET,25.0,28.502675736961447,Intermittent,0.9661016949152542,0.022,13W,NaiveLastValue,100.0,Unreliable,B
ALIMERKAADULTO4,Alimerka Cão Adulto 4kg,06MARCAPRO,2.4444444444444446,1.7996618765849541,Lumpy,0.6041666666666666,0.0214,1W,arima,36.14,Fair,B
ALIMERKAADULTO4,Alimerka Cão Adulto 4kg,06MARCAPRO,2.4444444444444446,1.7996618765849541,Lumpy,0.6041666666666666,0.0214,2W,arima,68.33,Poor,B
ALIMERKAADULTO4,Alimerka Cão Adulto 4kg,06MARCAPRO,2.4444444444444446,1.7996618765849541,Lumpy,0.6041666666666666,0.0214,4W,ZeroForecast,100.0,Unreliable,B
ALIMERKAADULTO4,Alimerka Cão Adulto 4kg,06MARCAPRO,2.4444444444444446,1.7996618765849541,Lumpy,0.6041666666666666,0.0214,8W,ZeroForecast,100.0,Unreliable,B
ALIMERKAADULTO4,Alimerka Cão Adulto 4kg,06MARCAPRO,2.4444444444444446,1.7996618765849541,Lumpy,0.6041666666666666,0.0214,13W,ZeroForecast,100.0,Unreliable,B
ALIPETGATOP20,Alipet Gato Adulto 20Kg,01ALIPET,1.5,17.47158474452601,Intermittent,0.921875,0.0133,1W,ExtraTreesRegressor,0.0,Excellent,B
ALIPETGATOP20,Alipet Gato Adulto 20Kg,01ALIPET,1.5,17.47158474452601,Intermittent,0.921875,0.0133,2W,ExtraTreesRegressor,0.0,Excellent,B
ALIPETGATOP20,Alipet Gato Adulto 20Kg,01ALIPET,1.5,17.47158474452601,Intermittent,0.921875,0.0133,4W,ExtraTreesRegressor,0.0,Excellent,B
ALIPETGATOP20,Alipet Gato Adulto 20Kg,01ALIPET,1.5,17.47158474452601,Intermittent,0.921875,0.0133,8W,TwoStage_ET_ET,0.0,Excellent,B
ALIPETGATOP20,Alipet Gato Adulto 20Kg,01ALIPET,1.5,17.47158474452601,Intermittent,0.921875,0.0133,13W,GradientBoostingRegressor,0.0,Excellent,B
ALIMERKAADULTO10,Alimerka Cão Adulto 10kg,06MARCAPRO,2.6315789473684212,2.2265080309339664,Lumpy,0.6296296296296297,0.0413,1W,arima,44.332,Fair,B
ALIMERKAADULTO10,Alimerka Cão Adulto 10kg,06MARCAPRO,2.6315789473684212,2.2265080309339664,Lumpy,0.6296296296296297,0.0413,2W,arima,81.507,Unreliable,B
ALIMERKAADULTO10,Alimerka Cão Adulto 10kg,06MARCAPRO,2.6315789473684212,2.2265080309339664,Lumpy,0.6296296296296297,0.0413,4W,ZeroForecast,100.0,Unreliable,B
ALIMERKAADULTO10,Alimerka Cão Adulto 10kg,06MARCAPRO,2.6315789473684212,2.2265080309339664,Lumpy,0.6296296296296297,0.0413,8W,ZeroForecast,100.0,Unreliable,B
ALIMERKAADULTO10,Alimerka Cão Adulto 10kg,06MARCAPRO,2.6315789473684212,2.2265080309339664,Lumpy,0.6296296296296297,0.0413,13W,ZeroForecast,100.0,Unreliable,B
ALIPETMIX20,Alipet Cão Adulto Mix 20Kg,01ALIPET,21.0,37.51013125518327,Intermittent,0.9571428571428572,0.0124,1W,CrostonStyle_alpha_02,64.982,Poor,B
ALIPETMIX20,Alipet Cão Adulto Mix 20Kg,01ALIPET,21.0,37.51013125518327,Intermittent,0.9571428571428572,0.0124,2W,arima,99.611,Unreliable,B
ALIPETMIX20,Alipet Cão Adulto Mix 20Kg,01ALIPET,21.0,37.51013125518327,Intermittent,0.9571428571428572,0.0124,4W,NaiveLastValue,100.0,Unreliable,B
ALIPETMIX20,Alipet Cão Adulto Mix 20Kg,01ALIPET,21.0,37.51013125518327,Intermittent,0.9571428571428572,0.0124,8W,NaiveLastValue,100.0,Unreliable,B
ALIPETMIX20,Alipet Cão Adulto Mix 20Kg,01ALIPET,21.0,37.51013125518327,Intermittent,0.9571428571428572,0.0124,13W,NaiveLastValue,100.0,Unreliable,B
ALIPETADULTO20,Alipet Cão Adulto 20Kg,01ALIPET,1.0,0.40855303557202305,Smooth,0.005681818181818182,1.8301,1W,HistGradientBoostingRegressor,17.261,Excellent,A
ALIPETADULTO20,Alipet Cão Adulto 20Kg,01ALIPET,1.0,0.40855303557202305,Smooth,0.005681818181818182,1.8301,2W,SBA_alpha_02,33.796,Good,A
ALIPETADULTO20,Alipet Cão Adulto 20Kg,01ALIPET,1.0,0.40855303557202305,Smooth,0.005681818181818182,1.8301,4W,SBA_alpha_02,39.125,Fair,A
ALIPETADULTO20,Alipet Cão Adulto 20Kg,01ALIPET,1.0,0.40855303557202305,Smooth,0.005681818181818182,1.8301,8W,RollingMedian_8,48.317,Fair,A
ALIPETADULTO20,Alipet Cão Adulto 20Kg,01ALIPET,1.0,0.40855303557202305,Smooth,0.005681818181818182,1.8301,13W,MovingAverage_4,44.729,Fair,A
ALIPETGATOMB18,Alipet Gato Adulto MB 18Kg,06MARCAPRO,6.75,13.358961116958767,Intermittent,0.9239766081871345,0.0859,1W,LastNonZero,13.0,Excellent,B
ALIPETGATOMB18,Alipet Gato Adulto MB 18Kg,06MARCAPRO,6.75,13.358961116958767,Intermittent,0.9239766081871345,0.0859,2W,GradientBoostingRegressor,69.219,Poor,B
ALIPETGATOMB18,Alipet Gato Adulto MB 18Kg,06MARCAPRO,6.75,13.358961116958767,Intermittent,0.9239766081871345,0.0859,4W,NaiveLastValue,100.0,Unreliable,B
ALIPETGATOMB18,Alipet Gato Adulto MB 18Kg,06MARCAPRO,6.75,13.358961116958767,Intermittent,0.9239766081871345,0.0859,8W,NaiveLastValue,100.0,Unreliable,B
ALIPETGATOMB18,Alipet Gato Adulto MB 18Kg,06MARCAPRO,6.75,13.358961116958767,Intermittent,0.9239766081871345,0.0859,13W,NaiveLastValue,100.0,Unreliable,B
AMISTADCATMEAT20,AMISTAD Cat 20Kg,06MARCAPRO,31.0,82.00000000000007,Intermittent,0.9879518072289156,0.0197,1W,TwoStage_Logistic_Huber,99.998,Unreliable,B
AMISTADCATMEAT20,AMISTAD Cat 20Kg,06MARCAPRO,31.0,82.00000000000007,Intermittent,0.9879518072289156,0.0197,2W,NaiveLastValue,100.0,Unreliable,B
AMISTADCATMEAT20,AMISTAD Cat 20Kg,06MARCAPRO,31.0,82.00000000000007,Intermittent,0.9879518072289156,0.0197,4W,NaiveLastValue,100.0,Unreliable,B
AMISTADCATMEAT20,AMISTAD Cat 20Kg,06MARCAPRO,31.0,82.00000000000007,Intermittent,0.9879518072289156,0.0197,8W,NaiveLastValue,100.0,Unreliable,B
AMISTADCATMEAT20,AMISTAD Cat 20Kg,06MARCAPRO,31.0,82.00000000000007,Intermittent,0.9879518072289156,0.0197,13W,NaiveLastValue,100.0,Unreliable,B
AMIGO10,Amigo Perro Adulto 10kg,06MARCAPRO,1.0394736842105263,0.4363215870431629,Smooth,0.04938271604938271,0.3717,1W,SeasonalNaive_52,36.585,Fair,A
AMIGO10,Amigo Perro Adulto 10kg,06MARCAPRO,1.0394736842105263,0.4363215870431629,Smooth,0.04938271604938271,0.3717,2W,SeasonalNaive_52,50.472,Fair,A
AMIGO10,Amigo Perro Adulto 10kg,06MARCAPRO,1.0394736842105263,0.4363215870431629,Smooth,0.04938271604938271,0.3717,4W,SeasonalNaive_52,42.731,Fair,A
AMIGO10,Amigo Perro Adulto 10kg,06MARCAPRO,1.0394736842105263,0.4363215870431629,Smooth,0.04938271604938271,0.3717,8W,SeasonalNaive_52,47.5,Fair,A
AMIGO10,Amigo Perro Adulto 10kg,06MARCAPRO,1.0394736842105263,0.4363215870431629,Smooth,0.04938271604938271,0.3717,13W,ADIDA_8,52.869,Fair,A
ALIPETGATOMIX20,Alipet Gato Adulto Mix 20Kg,01ALIPET,1.5333333333333334,1.397525124322709,Lumpy,0.35,0.7577,1W,Ridge,19.162,Excellent,A
ALIPETGATOMIX20,Alipet Gato Adulto Mix 20Kg,01ALIPET,1.5333333333333334,1.397525124322709,Lumpy,0.35,0.7577,2W,Ridge,46.554,Fair,A
ALIPETGATOMIX20,Alipet Gato Adulto Mix 20Kg,01ALIPET,1.5333333333333334,1.397525124322709,Lumpy,0.35,0.7577,4W,HistGradientBoostingRegressor,65.662,Poor,A
ALIPETGATOMIX20,Alipet Gato Adulto Mix 20Kg,01ALIPET,1.5333333333333334,1.397525124322709,Lumpy,0.35,0.7577,8W,TwoStage_RF_Ridge,84.823,Unreliable,A
ALIPETGATOMIX20,Alipet Gato Adulto Mix 20Kg,01ALIPET,1.5333333333333334,1.397525124322709,Lumpy,0.35,0.7577,13W,SBA_alpha_02,94.604,Unreliable,A
ALIPETGATO20,Alipet Gato Adulto 20Kg,01ALIPET,1.0,0.4616346084250015,Smooth,0.005681818181818182,2.4316,1W,HistGradientBoostingRegressor,11.685,Excellent,A
ALIPETGATO20,Alipet Gato Adulto 20Kg,01ALIPET,1.0,0.4616346084250015,Smooth,0.005681818181818182,2.4316,2W,HistGradientBoostingRegressor,30.468,Good,A
ALIPETGATO20,Alipet Gato Adulto 20Kg,01ALIPET,1.0,0.4616346084250015,Smooth,0.005681818181818182,2.4316,4W,HistGradientBoostingRegressor,29.073,Good,A
ALIPETGATO20,Alipet Gato Adulto 20Kg,01ALIPET,1.0,0.4616346084250015,Smooth,0.005681818181818182,2.4316,8W,arima,28.903,Good,A
ALIPETGATO20,Alipet Gato Adulto 20Kg,01ALIPET,1.0,0.4616346084250015,Smooth,0.005681818181818182,2.4316,13W,RandomForestRegressor,25.642,Good,A
ANANDABASICHM18,Ananda Basic - HM 18Kg,06MARCAPRO,50.0,48.999999999999964,Intermittent,0.98,0.0027,1W,GradientBoostingRegressor,0.0,Excellent,C
ANANDABASICHM18,Ananda Basic - HM 18Kg,06MARCAPRO,50.0,48.999999999999964,Intermittent,0.98,0.0027,2W,GradientBoostingRegressor,0.0,Excellent,C
ANANDABASICHM18,Ananda Basic - HM 18Kg,06MARCAPRO,50.0,48.999999999999964,Intermittent,0.98,0.0027,4W,GradientBoostingRegressor,0.0,Excellent,C
ANANDABASICHM18,Ananda Basic - HM 18Kg,06MARCAPRO,50.0,48.999999999999964,Intermittent,0.98,0.0027,8W,GradientBoostingRegressor,0.0,Excellent,C
ANANDABASICHM18,Ananda Basic - HM 18Kg,06MARCAPRO,50.0,48.999999999999964,Intermittent,0.98,0.0027,13W,GradientBoostingRegressor,0.0,Excellent,C
AMIGO18,Amigo Perro Adulto 18kg,06MARCAPRO,1.0394736842105263,0.35339115081511135,Smooth,0.04938271604938271,1.4192,1W,ADIDA_8,31.21,Good,A
AMIGO18,Amigo Perro Adulto 18kg,06MARCAPRO,1.0394736842105263,0.35339115081511135,Smooth,0.04938271604938271,1.4192,2W,ADIDA_4,44.34,Fair,A
AMIGO18,Amigo Perro Adulto 18kg,06MARCAPRO,1.0394736842105263,0.35339115081511135,Smooth,0.04938271604938271,1.4192,4W,arima,35.378,Fair,A
AMIGO18,Amigo Perro Adulto 18kg,06MARCAPRO,1.0394736842105263,0.35339115081511135,Smooth,0.04938271604938271,1.4192,8W,ADIDA_8,44.958,Fair,A
AMIGO18,Amigo Perro Adulto 18kg,06MARCAPRO,1.0394736842105263,0.35339115081511135,Smooth,0.04938271604938271,1.4192,13W,ADIDA_4,49.015,Fair,A
AMIGO4,Amigo Perro Adulto 4kg,06MARCAPRO,1.0,0.23790550502060795,Smooth,0.01282051282051282,0.3776,1W,HuberRegressor,3.013,Excellent,A
AMIGO4,Amigo Perro Adulto 4kg,06MARCAPRO,1.0,0.23790550502060795,Smooth,0.01282051282051282,0.3776,2W,HuberRegressor,23.936,Good,A
AMIGO4,Amigo Perro Adulto 4kg,06MARCAPRO,1.0,0.23790550502060795,Smooth,0.01282051282051282,0.3776,4W,Ridge,17.518,Excellent,A
AMIGO4,Amigo Perro Adulto 4kg,06MARCAPRO,1.0,0.23790550502060795,Smooth,0.01282051282051282,0.3776,8W,Ridge,31.33,Good,A
AMIGO4,Amigo Perro Adulto 4kg,06MARCAPRO,1.0,0.23790550502060795,Smooth,0.01282051282051282,0.3776,13W,RandomForestRegressor,43.035,Fair,A
ANANDABASICMB18,Ananda Basic Saco Blanco 18Kg,06MARCAPRO,140.0,138.99999999999994,Intermittent,0.9928571428571429,0.0021,1W,RandomForestRegressor,0.0,Excellent,C
ANANDABASICMB18,Ananda Basic Saco Blanco 18Kg,06MARCAPRO,140.0,138.99999999999994,Intermittent,0.9928571428571429,0.0021,2W,RandomForestRegressor,0.0,Excellent,C
ANANDABASICMB18,Ananda Basic Saco Blanco 18Kg,06MARCAPRO,140.0,138.99999999999994,Intermittent,0.9928571428571429,0.0021,4W,HistGradientBoostingRegressor,0.0,Excellent,C
ANANDABASICMB18,Ananda Basic Saco Blanco 18Kg,06MARCAPRO,140.0,138.99999999999994,Intermittent,0.9928571428571429,0.0021,8W,RandomForestRegressor,0.0,Excellent,C
ANANDABASICMB18,Ananda Basic Saco Blanco 18Kg,06MARCAPRO,140.0,138.99999999999994,Intermittent,0.9928571428571429,0.0021,13W,RandomForestRegressor,0.0,Excellent,C
ANANDABASICMB18LCG,Ananda Basic Saco Blanco LCG 18Kg,06MARCAPRO,29.0,21.167481664117844,Intermittent,0.9354838709677419,0.0068,1W,TSB_01_01,87.409,Unreliable,C
ANANDABASICMB18LCG,Ananda Basic Saco Blanco LCG 18Kg,06MARCAPRO,29.0,21.167481664117844,Intermittent,0.9354838709677419,0.0068,2W,NaiveLastValue,100.0,Unreliable,C
ANANDABASICMB18LCG,Ananda Basic Saco Blanco LCG 18Kg,06MARCAPRO,29.0,21.167481664117844,Intermittent,0.9354838709677419,0.0068,4W,NaiveLastValue,100.0,Unreliable,C
ANANDABASICMB18LCG,Ananda Basic Saco Blanco LCG 18Kg,06MARCAPRO,29.0,21.167481664117844,Intermittent,0.9354838709677419,0.0068,8W,NaiveLastValue,100.0,Unreliable,C
ANANDABASICMB18LCG,Ananda Basic Saco Blanco LCG 18Kg,06MARCAPRO,29.0,21.167481664117844,Intermittent,0.9354838709677419,0.0068,13W,NaiveLastValue,100.0,Unreliable,C
ANANDABASICMV18LCG,Ananda Basic Saco Verde LCG 18Kg,06MARCAPRO,20.0,10.342560553633218,Intermittent,0.9090909090909091,0.005,1W,LastNonZero,30.0,Good,C
ANANDABASICMV18LCG,Ananda Basic Saco Verde LCG 18Kg,06MARCAPRO,20.0,10.342560553633218,Intermittent,0.9090909090909091,0.005,2W,NaiveLastValue,100.0,Unreliable,C
ANANDABASICMV18LCG,Ananda Basic Saco Verde LCG 18Kg,06MARCAPRO,20.0,10.342560553633218,Intermittent,0.9090909090909091,0.005,4W,NaiveLastValue,100.0,Unreliable,C
ANANDABASICMV18LCG,Ananda Basic Saco Verde LCG 18Kg,06MARCAPRO,20.0,10.342560553633218,Intermittent,0.9090909090909091,0.005,8W,NaiveLastValue,100.0,Unreliable,C
ANANDABASICMV18LCG,Ananda Basic Saco Verde LCG 18Kg,06MARCAPRO,20.0,10.342560553633218,Intermittent,0.9090909090909091,0.005,13W,NaiveLastValue,100.0,Unreliable,C
ANANDABASICMV20JCR,Ananda Basic Manga Verde 20Kg - Juan Camelo Ramirez,06MARCAPRO,9.0,8.000000000000004,Intermittent,0.8888888888888888,0.0079,1W,RandomForestRegressor,100.0,Unreliable,C
ANANDABASICMV20JCR,Ananda Basic Manga Verde 20Kg - Juan Camelo Ramirez,06MARCAPRO,9.0,8.000000000000004,Intermittent,0.8888888888888888,0.0079,2W,NaiveLastValue,100.0,Unreliable,C
ANANDABASICMV20JCR,Ananda Basic Manga Verde 20Kg - Juan Camelo Ramirez,06MARCAPRO,9.0,8.000000000000004,Intermittent,0.8888888888888888,0.0079,4W,NaiveLastValue,100.0,Unreliable,C
ANANDABASICMV20JCR,Ananda Basic Manga Verde 20Kg - Juan Camelo Ramirez,06MARCAPRO,9.0,8.000000000000004,Intermittent,0.8888888888888888,0.0079,8W,NaiveLastValue,100.0,Unreliable,C
ANANDABASICMV20JCR,Ananda Basic Manga Verde 20Kg - Juan Camelo Ramirez,06MARCAPRO,9.0,8.000000000000004,Intermittent,0.8888888888888888,0.0079,13W,,,No Model,C
ANANDAAEMV20HON,Ananda Energy Manga Verde 20Kg - Herd Nuñez Honrad,06MARCAPRO,8.0,9.609195484834556,Intermittent,0.9019607843137255,0.0366,1W,LastNonZero,23.606,Good,B
ANANDAAEMV20HON,Ananda Energy Manga Verde 20Kg - Herd Nuñez Honrad,06MARCAPRO,8.0,9.609195484834556,Intermittent,0.9019607843137255,0.0366,2W,SeasonalNaive_52,61.538,Poor,B
ANANDAAEMV20HON,Ananda Energy Manga Verde 20Kg - Herd Nuñez Honrad,06MARCAPRO,8.0,9.609195484834556,Intermittent,0.9019607843137255,0.0366,4W,ExtraTreesRegressor,68.1,Poor,B
ANANDAAEMV20HON,Ananda Energy Manga Verde 20Kg - Herd Nuñez Honrad,06MARCAPRO,8.0,9.609195484834556,Intermittent,0.9019607843137255,0.0366,8W,ZeroForecast,100.0,Unreliable,B
ANANDAAEMV20HON,Ananda Energy Manga Verde 20Kg - Herd Nuñez Honrad,06MARCAPRO,8.0,9.609195484834556,Intermittent,0.9019607843137255,0.0366,13W,ZeroForecast,100.0,Unreliable,B
ANANDAAEMB20PLM,Ananda Energy Manga Blanca 20Kg - Piensos los Montes,06MARCAPRO,4.315789473684211,3.2163798959912935,Intermittent,0.7619047619047619,0.0382,1W,LastNonZero,14.815,Excellent,B
ANANDAAEMB20PLM,Ananda Energy Manga Blanca 20Kg - Piensos los Montes,06MARCAPRO,4.315789473684211,3.2163798959912935,Intermittent,0.7619047619047619,0.0382,2W,TwoStage_Logistic_Huber,95.53,Unreliable,B
ANANDAAEMB20PLM,Ananda Energy Manga Blanca 20Kg - Piensos los Montes,06MARCAPRO,4.315789473684211,3.2163798959912935,Intermittent,0.7619047619047619,0.0382,4W,ZeroForecast,100.0,Unreliable,B
ANANDAAEMB20PLM,Ananda Energy Manga Blanca 20Kg - Piensos los Montes,06MARCAPRO,4.315789473684211,3.2163798959912935,Intermittent,0.7619047619047619,0.0382,8W,HuberRegressor,91.209,Unreliable,B
ANANDAAEMB20PLM,Ananda Energy Manga Blanca 20Kg - Piensos los Montes,06MARCAPRO,4.315789473684211,3.2163798959912935,Intermittent,0.7619047619047619,0.0382,13W,ZeroForecast,100.0,Unreliable,B
ANANDAAE18,Ananda Energy 18Kg,06MARCAPRO,1.2857142857142858,1.062859520864007,Erratic,0.22580645161290322,0.209,1W,HuberRegressor,55.532,Poor,A
ANANDAAE18,Ananda Energy 18Kg,06MARCAPRO,1.2857142857142858,1.062859520864007,Erratic,0.22580645161290322,0.209,2W,SBA_alpha_02,63.52,Poor,A
ANANDAAE18,Ananda Energy 18Kg,06MARCAPRO,1.2857142857142858,1.062859520864007,Erratic,0.22580645161290322,0.209,4W,SBA_alpha_02,59.756,Poor,A
ANANDAAE18,Ananda Energy 18Kg,06MARCAPRO,1.2857142857142858,1.062859520864007,Erratic,0.22580645161290322,0.209,8W,HuberRegressor,59.73,Poor,A
ANANDAAE18,Ananda Energy 18Kg,06MARCAPRO,1.2857142857142858,1.062859520864007,Erratic,0.22580645161290322,0.209,13W,TwoStage_RF_Ridge,59.055,Poor,A
ANANDABASIC18,Ananda Basic 18Kg,06MARCAPRO,1.0833333333333333,0.8206703633875231,Smooth,0.08227848101265822,0.6583,1W,MovingAverage_4,45.116,Fair,A
ANANDABASIC18,Ananda Basic 18Kg,06MARCAPRO,1.0833333333333333,0.8206703633875231,Smooth,0.08227848101265822,0.6583,2W,arima,84.743,Unreliable,A
ANANDABASIC18,Ananda Basic 18Kg,06MARCAPRO,1.0833333333333333,0.8206703633875231,Smooth,0.08227848101265822,0.6583,4W,HuberRegressor,72.318,Poor,A
ANANDABASIC18,Ananda Basic 18Kg,06MARCAPRO,1.0833333333333333,0.8206703633875231,Smooth,0.08227848101265822,0.6583,8W,ADIDA_8,75.429,Unreliable,A
ANANDABASIC18,Ananda Basic 18Kg,06MARCAPRO,1.0833333333333333,0.8206703633875231,Smooth,0.08227848101265822,0.6583,13W,GradientBoostingRegressor,66.611,Poor,A
ANANDABASICMV20PLM,Ananda Basic Manga Verde 20Kg - Piensos Los Montes,06MARCAPRO,4.555555555555555,3.4470207600416516,Intermittent,0.7738095238095238,0.0355,1W,LastNonZero,11.538,Excellent,B
ANANDABASICMV20PLM,Ananda Basic Manga Verde 20Kg - Piensos Los Montes,06MARCAPRO,4.555555555555555,3.4470207600416516,Intermittent,0.7738095238095238,0.0355,2W,TwoStage_Logistic_Huber,89.975,Unreliable,B
ANANDABASICMV20PLM,Ananda Basic Manga Verde 20Kg - Piensos Los Montes,06MARCAPRO,4.555555555555555,3.4470207600416516,Intermittent,0.7738095238095238,0.0355,4W,ZeroForecast,100.0,Unreliable,B
ANANDABASICMV20PLM,Ananda Basic Manga Verde 20Kg - Piensos Los Montes,06MARCAPRO,4.555555555555555,3.4470207600416516,Intermittent,0.7738095238095238,0.0355,8W,ZeroForecast,100.0,Unreliable,B
ANANDABASICMV20PLM,Ananda Basic Manga Verde 20Kg - Piensos Los Montes,06MARCAPRO,4.555555555555555,3.4470207600416516,Intermittent,0.7738095238095238,0.0355,13W,ZeroForecast,100.0,Unreliable,B
ARTIFACTCATKITTENMB20,Artifact Cat Kitten MB 20Kg,06MARCAPRO,60.0,58.99999999999998,Intermittent,0.9833333333333333,0.0033,1W,ExtraTreesRegressor,0.0,Excellent,C
ARTIFACTCATKITTENMB20,Artifact Cat Kitten MB 20Kg,06MARCAPRO,60.0,58.99999999999998,Intermittent,0.9833333333333333,0.0033,2W,ExtraTreesRegressor,0.0,Excellent,C
ARTIFACTCATKITTENMB20,Artifact Cat Kitten MB 20Kg,06MARCAPRO,60.0,58.99999999999998,Intermittent,0.9833333333333333,0.0033,4W,ExtraTreesRegressor,0.0,Excellent,C
ARTIFACTCATKITTENMB20,Artifact Cat Kitten MB 20Kg,06MARCAPRO,60.0,58.99999999999998,Intermittent,0.9833333333333333,0.0033,8W,RandomForestRegressor,0.0,Excellent,C
ARTIFACTCATKITTENMB20,Artifact Cat Kitten MB 20Kg,06MARCAPRO,60.0,58.99999999999998,Intermittent,0.9833333333333333,0.0033,13W,GradientBoostingRegressor,0.0,Excellent,C
ANANDAGATOMB20HON,Ananda Gato Manga Blanca 20Kg - Herd Nuñez Honrado,06MARCAPRO,8.0,10.406095769637687,Intermittent,0.9019607843137255,0.0356,1W,LastNonZero,9.677,Excellent,B
ANANDAGATOMB20HON,Ananda Gato Manga Blanca 20Kg - Herd Nuñez Honrado,06MARCAPRO,8.0,10.406095769637687,Intermittent,0.9019607843137255,0.0356,2W,arima,99.461,Unreliable,B
ANANDAGATOMB20HON,Ananda Gato Manga Blanca 20Kg - Herd Nuñez Honrado,06MARCAPRO,8.0,10.406095769637687,Intermittent,0.9019607843137255,0.0356,4W,NaiveLastValue,100.0,Unreliable,B
ANANDAGATOMB20HON,Ananda Gato Manga Blanca 20Kg - Herd Nuñez Honrado,06MARCAPRO,8.0,10.406095769637687,Intermittent,0.9019607843137255,0.0356,8W,ZeroForecast,100.0,Unreliable,B
ANANDAGATOMB20HON,Ananda Gato Manga Blanca 20Kg - Herd Nuñez Honrado,06MARCAPRO,8.0,10.406095769637687,Intermittent,0.9019607843137255,0.0356,13W,ZeroForecast,100.0,Unreliable,B
ANANDABASICMB20HON,Ananda Basic Manga Blanca 20Kg - Herd Nuñez Honrad,06MARCAPRO,4.8,4.9902887238088685,Intermittent,0.7941176470588235,0.1376,1W,LastNonZero,12.903,Excellent,B
ANANDABASICMB20HON,Ananda Basic Manga Blanca 20Kg - Herd Nuñez Honrad,06MARCAPRO,4.8,4.9902887238088685,Intermittent,0.7941176470588235,0.1376,2W,SeasonalNaive_52,38.065,Fair,B
ANANDABASICMB20HON,Ananda Basic Manga Blanca 20Kg - Herd Nuñez Honrad,06MARCAPRO,4.8,4.9902887238088685,Intermittent,0.7941176470588235,0.1376,4W,SeasonalNaive_52,16.129,Excellent,B
ANANDABASICMB20HON,Ananda Basic Manga Blanca 20Kg - Herd Nuñez Honrad,06MARCAPRO,4.8,4.9902887238088685,Intermittent,0.7941176470588235,0.1376,8W,SeasonalNaive_52,38.172,Fair,B
ANANDABASICMB20HON,Ananda Basic Manga Blanca 20Kg - Herd Nuñez Honrad,06MARCAPRO,4.8,4.9902887238088685,Intermittent,0.7941176470588235,0.1376,13W,SeasonalNaive_52,52.786,Fair,B
ARTIFACTGATOCARNE10,Artifact Adult Cat Meat 10Kg,06MARCAPRO,27.0,84.56494946391057,Intermittent,0.9879518072289156,0.0044,1W,SBA_alpha_02,28.392,Good,C
ARTIFACTGATOCARNE10,Artifact Adult Cat Meat 10Kg,06MARCAPRO,27.0,84.56494946391057,Intermittent,0.9879518072289156,0.0044,2W,NaiveLastValue,100.0,Unreliable,C
ARTIFACTGATOCARNE10,Artifact Adult Cat Meat 10Kg,06MARCAPRO,27.0,84.56494946391057,Intermittent,0.9879518072289156,0.0044,4W,NaiveLastValue,100.0,Unreliable,C
ARTIFACTGATOCARNE10,Artifact Adult Cat Meat 10Kg,06MARCAPRO,27.0,84.56494946391057,Intermittent,0.9879518072289156,0.0044,8W,NaiveLastValue,100.0,Unreliable,C
ARTIFACTGATOCARNE10,Artifact Adult Cat Meat 10Kg,06MARCAPRO,27.0,84.56494946391057,Intermittent,0.9879518072289156,0.0044,13W,NaiveLastValue,100.0,Unreliable,C
ANANDAJRMV20HON,Ananda Junior Manga Verde 20Kg - Herd Nuñez Honrad,06MARCAPRO,11.166666666666666,14.088757396449703,Intermittent,0.9313725490196079,0.0213,1W,RandomForestRegressor,90.667,Unreliable,B
ANANDAJRMV20HON,Ananda Junior Manga Verde 20Kg - Herd Nuñez Honrad,06MARCAPRO,11.166666666666666,14.088757396449703,Intermittent,0.9313725490196079,0.0213,2W,Ridge,97.284,Unreliable,B
ANANDAJRMV20HON,Ananda Junior Manga Verde 20Kg - Herd Nuñez Honrad,06MARCAPRO,11.166666666666666,14.088757396449703,Intermittent,0.9313725490196079,0.0213,4W,ZeroForecast,100.0,Unreliable,B
ANANDAJRMV20HON,Ananda Junior Manga Verde 20Kg - Herd Nuñez Honrad,06MARCAPRO,11.166666666666666,14.088757396449703,Intermittent,0.9313725490196079,0.0213,8W,ZeroForecast,100.0,Unreliable,B
ANANDAJRMV20HON,Ananda Junior Manga Verde 20Kg - Herd Nuñez Honrad,06MARCAPRO,11.166666666666666,14.088757396449703,Intermittent,0.9313725490196079,0.0213,13W,ZeroForecast,100.0,Unreliable,B
ANANDAJR18,Ananda Junior 18Kg,06MARCAPRO,1.5714285714285714,2.450414740293693,Lumpy,0.36633663366336633,0.0731,1W,arima,37.779,Fair,B
ANANDAJR18,Ananda Junior 18Kg,06MARCAPRO,1.5714285714285714,2.450414740293693,Lumpy,0.36633663366336633,0.0731,2W,TwoStage_RF_Ridge,58.685,Poor,B
ANANDAJR18,Ananda Junior 18Kg,06MARCAPRO,1.5714285714285714,2.450414740293693,Lumpy,0.36633663366336633,0.0731,4W,TwoStage_RF_Ridge,53.2,Fair,B
ANANDAJR18,Ananda Junior 18Kg,06MARCAPRO,1.5714285714285714,2.450414740293693,Lumpy,0.36633663366336633,0.0731,8W,TwoStage_Logistic_Huber,74.533,Poor,B
ANANDAJR18,Ananda Junior 18Kg,06MARCAPRO,1.5714285714285714,2.450414740293693,Lumpy,0.36633663366336633,0.0731,13W,CrostonStyle,79.388,Unreliable,B
ARTIFACTGATOMIX10,Artifact Adult Cat Mix 10Kg,06MARCAPRO,23.5,67.16281197685132,Intermittent,0.9819277108433735,0.0049,1W,SBA_alpha_01,33.16,Good,C
ARTIFACTGATOMIX10,Artifact Adult Cat Mix 10Kg,06MARCAPRO,23.5,67.16281197685132,Intermittent,0.9819277108433735,0.0049,2W,Ridge,99.99,Unreliable,C
ARTIFACTGATOMIX10,Artifact Adult Cat Mix 10Kg,06MARCAPRO,23.5,67.16281197685132,Intermittent,0.9819277108433735,0.0049,4W,HuberRegressor,100.0,Unreliable,C
ARTIFACTGATOMIX10,Artifact Adult Cat Mix 10Kg,06MARCAPRO,23.5,67.16281197685132,Intermittent,0.9819277108433735,0.0049,8W,HuberRegressor,100.0,Unreliable,C
ARTIFACTGATOMIX10,Artifact Adult Cat Mix 10Kg,06MARCAPRO,23.5,67.16281197685132,Intermittent,0.9819277108433735,0.0049,13W,NaiveLastValue,100.0,Unreliable,C
ANANDAGATO18,Ananda Gato 18Kg,06MARCAPRO,1.3157894736842106,1.5669881560190018,Erratic,0.24509803921568626,0.1375,1W,ETS,28.168,Good,A
ANANDAGATO18,Ananda Gato 18Kg,06MARCAPRO,1.3157894736842106,1.5669881560190018,Erratic,0.24509803921568626,0.1375,2W,ETS,50.0,Fair,A
ANANDAGATO18,Ananda Gato 18Kg,06MARCAPRO,1.3157894736842106,1.5669881560190018,Erratic,0.24509803921568626,0.1375,4W,SeasonalNaive_52,48.354,Fair,A
ANANDAGATO18,Ananda Gato 18Kg,06MARCAPRO,1.3157894736842106,1.5669881560190018,Erratic,0.24509803921568626,0.1375,8W,arima,62.791,Poor,A
ANANDAGATO18,Ananda Gato 18Kg,06MARCAPRO,1.3157894736842106,1.5669881560190018,Erratic,0.24509803921568626,0.1375,13W,TwoStage_RF_Ridge,71.532,Poor,A
ARTIFACTGATOCARNE20,Artifact Adult Cat Meat 20Kg,06MARCAPRO,2.408450704225352,2.548992147244902,Lumpy,0.5838150289017341,0.6239,1W,ADIDA_8,63.049,Poor,A
ARTIFACTGATOCARNE20,Artifact Adult Cat Meat 20Kg,06MARCAPRO,2.408450704225352,2.548992147244902,Lumpy,0.5838150289017341,0.6239,2W,HistGradientBoostingRegressor,92.512,Unreliable,A
ARTIFACTGATOCARNE20,Artifact Adult Cat Meat 20Kg,06MARCAPRO,2.408450704225352,2.548992147244902,Lumpy,0.5838150289017341,0.6239,4W,ZeroForecast,100.0,Unreliable,A
ARTIFACTGATOCARNE20,Artifact Adult Cat Meat 20Kg,06MARCAPRO,2.408450704225352,2.548992147244902,Lumpy,0.5838150289017341,0.6239,8W,ZeroForecast,100.0,Unreliable,A
ARTIFACTGATOCARNE20,Artifact Adult Cat Meat 20Kg,06MARCAPRO,2.408450704225352,2.548992147244902,Lumpy,0.5838150289017341,0.6239,13W,ZeroForecast,100.0,Unreliable,A
ARTIFACTGATOMIX20,Artifact Adult Cat Mix 20Kg,06MARCAPRO,1.7755102040816326,2.4827735886921687,Lumpy,0.4375,0.8051,1W,arima,47.552,Fair,A
ARTIFACTGATOMIX20,Artifact Adult Cat Mix 20Kg,06MARCAPRO,1.7755102040816326,2.4827735886921687,Lumpy,0.4375,0.8051,2W,CrostonStyle_alpha_02,77.243,Unreliable,A
ARTIFACTGATOMIX20,Artifact Adult Cat Mix 20Kg,06MARCAPRO,1.7755102040816326,2.4827735886921687,Lumpy,0.4375,0.8051,4W,SBA_alpha_02,91.647,Unreliable,A
ARTIFACTGATOMIX20,Artifact Adult Cat Mix 20Kg,06MARCAPRO,1.7755102040816326,2.4827735886921687,Lumpy,0.4375,0.8051,8W,SBA_alpha_01,84.211,Unreliable,A
ARTIFACTGATOMIX20,Artifact Adult Cat Mix 20Kg,06MARCAPRO,1.7755102040816326,2.4827735886921687,Lumpy,0.4375,0.8051,13W,TSBStyle_01_01,78.326,Unreliable,A
ARTIFACTGATOPEIXE20,Artifact Adult Cat Fish 20Kg,06MARCAPRO,8.45,13.280110582525644,Intermittent,0.88,0.0722,1W,LastNonZero,59.091,Poor,B
ARTIFACTGATOPEIXE20,Artifact Adult Cat Fish 20Kg,06MARCAPRO,8.45,13.280110582525644,Intermittent,0.88,0.0722,2W,HistGradientBoostingRegressor,57.999,Poor,B
ARTIFACTGATOPEIXE20,Artifact Adult Cat Fish 20Kg,06MARCAPRO,8.45,13.280110582525644,Intermittent,0.88,0.0722,4W,HistGradientBoostingRegressor,67.882,Poor,B
ARTIFACTGATOPEIXE20,Artifact Adult Cat Fish 20Kg,06MARCAPRO,8.45,13.280110582525644,Intermittent,0.88,0.0722,8W,NaiveLastValue,100.0,Unreliable,B
ARTIFACTGATOPEIXE20,Artifact Adult Cat Fish 20Kg,06MARCAPRO,8.45,13.280110582525644,Intermittent,0.88,0.0722,13W,ZeroForecast,100.0,Unreliable,B
