sku,horizon_days,best_model,wape,forecast_total,forecast_values,forecast_dates,grade,zero_wape_override,untrusted_zero_model,data_gap_periods,run_at
02135041,2,MovingAverage_8,90.625,0.0,"[0.0, 0.0]","[""2026-07-17"", ""2026-07-18""]",Unreliable,0,,67.0,2026-07-16 16:14
02135041,3,ZeroForecast,100.0,0.0,"[0.0, 0.0, 0.0]","[""2026-07-17"", ""2026-07-18"", ""2026-07-19""]",Unreliable,0,,67.0,2026-07-16 16:14
0213876,2,arima,99.998,0.03771535052860607,"[0.018857675264303035, 0.018857675264303035]","[""2026-07-17"", ""2026-07-18""]",Unreliable,0,,67.0,2026-07-16 16:14
0213876,3,HuberRegressor,100.0,0.0,"[0.0, 0.0, 0.0]","[""2026-07-17"", ""2026-07-18"", ""2026-07-19""]",Unreliable,0,,67.0,2026-07-16 16:14
0061171,2,Ridge,99.999,2.2363867071576276,"[1.1182055879951938, 1.1181811191624338]","[""2026-07-17"", ""2026-07-18""]",Unreliable,0,,67.0,2026-07-16 16:14
0061171,3,NaiveLastValue,100.0,0.0,"[0.0, 0.0, 0.0]","[""2026-07-17"", ""2026-07-18"", ""2026-07-19""]",Unreliable,0,,67.0,2026-07-16 16:14
0213874,2,TwoStage_Logistic_Huber,100.0,5.001687470538865e-08,"[1.8568853732135185e-30, 5.001687470538865e-08]","[""2026-07-17"", ""2026-07-18""]",Unreliable,0,,67.0,2026-07-16 16:14
0213874,3,HuberRegressor,99.997,0.03099356215916533,"[0.010331185659787594, 0.010331187386388444, 0.010331189112989293]","[""2026-07-17"", ""2026-07-18"", ""2026-07-19""]",Unreliable,0,,67.0,2026-07-16 16:14
000966587,2,HistGradientBoostingRegressor,96.06,0.0,"[0.0, 0.0]","[""2026-07-17"", ""2026-07-18""]",Unreliable,0,,67.0,2026-07-16 16:14
000966587,3,ZeroForecast,100.0,0.0,"[0.0, 0.0, 0.0]","[""2026-07-17"", ""2026-07-18"", ""2026-07-19""]",Unreliable,0,,67.0,2026-07-16 16:14
0213875,2,sarima,99.775,0.0,"[0.0, 0.0]","[""2026-07-17"", ""2026-07-18""]",Unreliable,0,,67.0,2026-07-16 16:14
0213875,3,HuberRegressor,99.992,0.0,"[0.0, 0.0, 0.0]","[""2026-07-17"", ""2026-07-18"", ""2026-07-19""]",Unreliable,0,,67.0,2026-07-16 16:14
02033464,2,HistGradientBoostingRegressor,93.896,0.37706130565123497,"[0.21022811354900886, 0.1668331921022261]","[""2026-07-17"", ""2026-07-18""]",Unreliable,0,,67.0,2026-07-16 16:14
02033464,3,ZeroForecast,100.0,0.0,"[0.0, 0.0, 0.0]","[""2026-07-17"", ""2026-07-18"", ""2026-07-19""]",Unreliable,0,,67.0,2026-07-16 16:14
0213878,2,ExtraTreesRegressor,86.824,0.0,"[0.0, 0.0]","[""2026-07-17"", ""2026-07-18""]",Unreliable,0,,67.0,2026-07-16 16:14
0213878,3,ExtraTreesRegressor,95.333,0.0,"[0.0, 0.0, 0.0]","[""2026-07-17"", ""2026-07-18"", ""2026-07-19""]",Unreliable,0,,67.0,2026-07-16 16:14
0213880,2,GradientBoostingRegressor,100.0,0.0010629647194872246,"[0.0010629647194872246, 0.0]","[""2026-07-17"", ""2026-07-18""]",Unreliable,0,,67.0,2026-07-16 16:14
0213880,3,NaiveLastValue,100.0,0.0,"[0.0, 0.0, 0.0]","[""2026-07-17"", ""2026-07-18"", ""2026-07-19""]",Unreliable,0,,67.0,2026-07-16 16:14
0213877,2,NaiveLastValue,100.0,0.0,"[0.0, 0.0]","[""2026-07-17"", ""2026-07-18""]",Unreliable,0,,67.0,2026-07-16 16:14
0213877,3,ExtraTreesRegressor,100.0,0.0,"[0.0, 0.0, 0.0]","[""2026-07-17"", ""2026-07-18"", ""2026-07-19""]",Unreliable,0,,67.0,2026-07-16 16:14
0213879,2,CrostonStyle_alpha_02,97.985,1.0324779871420204,"[0.5162389935710102, 0.5162389935710102]","[""2026-07-17"", ""2026-07-18""]",Unreliable,0,,67.0,2026-07-16 16:14
0213879,3,HuberRegressor,100.0,0.0,"[0.0, 0.0, 0.0]","[""2026-07-17"", ""2026-07-18"", ""2026-07-19""]",Unreliable,0,,67.0,2026-07-16 16:14
0213882,2,Ridge,100.0,6.688512192972439,"[3.343893004000054, 3.3446191889723855]","[""2026-07-17"", ""2026-07-18""]",Unreliable,0,,67.0,2026-07-16 16:14
0213882,3,NaiveLastValue,100.0,0.0,"[0.0, 0.0, 0.0]","[""2026-07-17"", ""2026-07-18"", ""2026-07-19""]",Unreliable,0,,67.0,2026-07-16 16:14
0213888,2,arima,99.994,0.020982011031907784,"[0.010491005515953892, 0.010491005515953892]","[""2026-07-17"", ""2026-07-18""]",Unreliable,0,,67.0,2026-07-16 16:14
0213888,3,NaiveLastValue,100.0,0.0,"[0.0, 0.0, 0.0]","[""2026-07-17"", ""2026-07-18"", ""2026-07-19""]",Unreliable,0,,67.0,2026-07-16 16:14
0213883,2,arima,99.996,0.4286093774935557,"[0.21430468874677785, 0.21430468874677785]","[""2026-07-17"", ""2026-07-18""]",Unreliable,0,,67.0,2026-07-16 16:14
0213883,3,NaiveLastValue,100.0,0.0,"[0.0, 0.0, 0.0]","[""2026-07-17"", ""2026-07-18"", ""2026-07-19""]",Unreliable,0,,67.0,2026-07-16 16:14
02153311,2,,,,,,No Model,0,,,2026-07-16 16:14
02153311,3,,,,,,No Model,0,,,2026-07-16 16:14
02153322,2,,,,,,No Model,0,,,2026-07-16 16:14
02153322,3,,,,,,No Model,0,,,2026-07-16 16:14
0213881,2,SBA_alpha_01,97.808,0.5612595035753779,"[0.28062975178768895, 0.28062975178768895]","[""2026-07-17"", ""2026-07-18""]",Unreliable,0,,67.0,2026-07-16 16:14
0213881,3,HuberRegressor,99.979,0.0,"[0.0, 0.0, 0.0]","[""2026-07-17"", ""2026-07-18"", ""2026-07-19""]",Unreliable,0,,67.0,2026-07-16 16:14
0214171,2,SBA_alpha_01,100.0,0.1736948341352241,"[0.08684741706761205, 0.08684741706761205]","[""2026-07-17"", ""2026-07-18""]",Unreliable,0,,67.0,2026-07-16 16:14
0214171,3,NaiveLastValue,100.0,0.0,"[0.0, 0.0, 0.0]","[""2026-07-17"", ""2026-07-18"", ""2026-07-19""]",Unreliable,0,,67.0,2026-07-16 16:14
0215988,2,NaiveLastValue,100.0,0.0,"[0.0, 0.0]","[""2026-07-17"", ""2026-07-18""]",Unreliable,0,,67.0,2026-07-16 16:14
0215988,3,NaiveLastValue,100.0,0.0,"[0.0, 0.0, 0.0]","[""2026-07-17"", ""2026-07-18"", ""2026-07-19""]",Unreliable,0,,67.0,2026-07-16 16:14
0282700,2,RandomForestRegressor,97.716,0.0,"[0.0, 0.0]","[""2026-07-17"", ""2026-07-18""]",Unreliable,0,,67.0,2026-07-16 16:14
0282700,3,HuberRegressor,99.963,0.047790615187855226,"[0.01593020487015604, 0.015930205275601565, 0.015930205042097623]","[""2026-07-17"", ""2026-07-18"", ""2026-07-19""]",Unreliable,0,,67.0,2026-07-16 16:14
0214170,2,arima,99.996,0.2060170304993598,"[0.1030085152496799, 0.1030085152496799]","[""2026-07-17"", ""2026-07-18""]",Unreliable,0,,67.0,2026-07-16 16:14
0214170,3,HuberRegressor,100.0,4.53709990259107e-08,"[4.53709990259107e-08, 0.0, 0.0]","[""2026-07-17"", ""2026-07-18"", ""2026-07-19""]",Unreliable,0,,67.0,2026-07-16 16:14
0213889,2,MovingAverage_8,100.0,0.0,"[0.0, 0.0]","[""2026-07-17"", ""2026-07-18""]",Unreliable,0,,67.0,2026-07-16 16:14
0213889,3,NaiveLastValue,100.0,0.0,"[0.0, 0.0, 0.0]","[""2026-07-17"", ""2026-07-18"", ""2026-07-19""]",Unreliable,0,,67.0,2026-07-16 16:14
0270218,2,arima,66.358,0.0,"[0.0, 0.0]","[""2026-07-17"", ""2026-07-18""]",Poor,0,,67.0,2026-07-16 16:14
0270218,3,ZeroForecast,100.0,0.0,"[0.0, 0.0, 0.0]","[""2026-07-17"", ""2026-07-18"", ""2026-07-19""]",Unreliable,0,,67.0,2026-07-16 16:14
0282709,2,NaiveLastValue,100.0,0.0,"[0.0, 0.0]","[""2026-07-17"", ""2026-07-18""]",Unreliable,0,,67.0,2026-07-16 16:14
0282709,3,NaiveLastValue,100.0,0.0,"[0.0, 0.0, 0.0]","[""2026-07-17"", ""2026-07-18"", ""2026-07-19""]",Unreliable,0,,67.0,2026-07-16 16:14
0213890,2,arima,100.0,0.034922439218981194,"[0.017461219609490597, 0.017461219609490597]","[""2026-07-17"", ""2026-07-18""]",Unreliable,0,,67.0,2026-07-16 16:14
0213890,3,HuberRegressor,100.0,5.660648645328337e-10,"[5.660648645328337e-10, 0.0, 0.0]","[""2026-07-17"", ""2026-07-18"", ""2026-07-19""]",Unreliable,0,,67.0,2026-07-16 16:14
0282703,2,SBA_alpha_01,100.0,0.16247903340440653,"[0.08123951670220327, 0.08123951670220327]","[""2026-07-17"", ""2026-07-18""]",Unreliable,0,,67.0,2026-07-16 16:14
0282703,3,NaiveLastValue,100.0,0.0,"[0.0, 0.0, 0.0]","[""2026-07-17"", ""2026-07-18"", ""2026-07-19""]",Unreliable,0,,67.0,2026-07-16 16:14
0213891,2,RandomForestRegressor,98.642,0.0,"[0.0, 0.0]","[""2026-07-17"", ""2026-07-18""]",Unreliable,0,,67.0,2026-07-16 16:14
0213891,3,NaiveLastValue,100.0,0.0,"[0.0, 0.0, 0.0]","[""2026-07-17"", ""2026-07-18"", ""2026-07-19""]",Unreliable,0,,67.0,2026-07-16 16:14
0282704,2,NaiveLastValue,100.0,0.0,"[0.0, 0.0]","[""2026-07-17"", ""2026-07-18""]",Unreliable,0,,67.0,2026-07-16 16:14
0282704,3,NaiveLastValue,100.0,0.0,"[0.0, 0.0, 0.0]","[""2026-07-17"", ""2026-07-18"", ""2026-07-19""]",Unreliable,0,,67.0,2026-07-16 16:14
0258255,2,arima,100.0,0.07263334239386353,"[0.036316671196931764, 0.036316671196931764]","[""2026-07-17"", ""2026-07-18""]",Unreliable,0,,67.0,2026-07-16 16:14
0258255,3,NaiveLastValue,100.0,0.0,"[0.0, 0.0, 0.0]","[""2026-07-17"", ""2026-07-18"", ""2026-07-19""]",Unreliable,0,,67.0,2026-07-16 16:14
0282714,2,NaiveLastValue,100.0,0.0,"[0.0, 0.0]","[""2026-07-17"", ""2026-07-18""]",Unreliable,0,,67.0,2026-07-16 16:14
0282714,3,NaiveLastValue,100.0,0.0,"[0.0, 0.0, 0.0]","[""2026-07-17"", ""2026-07-18"", ""2026-07-19""]",Unreliable,0,,67.0,2026-07-16 16:14
0302582,2,RandomForestRegressor,0.0,0.0,"[0.0, 0.0]","[""2026-07-17"", ""2026-07-18""]",Excellent,1,NaiveLastValue,67.0,2026-07-16 16:14
0302582,3,RandomForestRegressor,0.0,0.0,"[0.0, 0.0, 0.0]","[""2026-07-17"", ""2026-07-18"", ""2026-07-19""]",Excellent,1,NaiveLastValue,67.0,2026-07-16 16:14
0302583,2,RandomForestRegressor,0.0,0.0,"[0.0, 0.0]","[""2026-07-17"", ""2026-07-18""]",Excellent,1,NaiveLastValue,67.0,2026-07-16 16:14
0302583,3,RandomForestRegressor,0.0,0.0,"[0.0, 0.0, 0.0]","[""2026-07-17"", ""2026-07-18"", ""2026-07-19""]",Excellent,1,NaiveLastValue,67.0,2026-07-16 16:14
03930S10,2,SBA_alpha_02,100.0,0.8508539325842696,"[0.4254269662921348, 0.4254269662921348]","[""2026-07-17"", ""2026-07-18""]",Unreliable,0,,67.0,2026-07-16 16:14
03930S10,3,NaiveLastValue,100.0,0.0,"[0.0, 0.0, 0.0]","[""2026-07-17"", ""2026-07-18"", ""2026-07-19""]",Unreliable,0,,67.0,2026-07-16 16:14
0282710,2,NaiveLastValue,100.0,0.0,"[0.0, 0.0]","[""2026-07-17"", ""2026-07-18""]",Unreliable,0,,67.0,2026-07-16 16:14
0282710,3,NaiveLastValue,100.0,0.0,"[0.0, 0.0, 0.0]","[""2026-07-17"", ""2026-07-18"", ""2026-07-19""]",Unreliable,0,,67.0,2026-07-16 16:14
0282711,2,arima,99.999,0.2302798701555246,"[0.1151399350777623, 0.1151399350777623]","[""2026-07-17"", ""2026-07-18""]",Unreliable,0,,67.0,2026-07-16 16:14
0282711,3,HuberRegressor,100.0,0.0,"[0.0, 0.0, 0.0]","[""2026-07-17"", ""2026-07-18"", ""2026-07-19""]",Unreliable,0,,67.0,2026-07-16 16:14
0294622,2,arima,99.966,0.17397048325412137,"[0.08698524162706069, 0.08698524162706069]","[""2026-07-17"", ""2026-07-18""]",Unreliable,0,,67.0,2026-07-16 16:14
0294622,3,NaiveLastValue,100.0,0.0,"[0.0, 0.0, 0.0]","[""2026-07-17"", ""2026-07-18"", ""2026-07-19""]",Unreliable,0,,67.0,2026-07-16 16:14
1000911,2,SBA_alpha_01,92.298,3.8614810291304846,"[1.9307405145652423, 1.9307405145652423]","[""2026-07-17"", ""2026-07-18""]",Unreliable,0,,67.0,2026-07-16 16:14
1000911,3,ZeroForecast,100.0,0.0,"[0.0, 0.0, 0.0]","[""2026-07-17"", ""2026-07-18"", ""2026-07-19""]",Unreliable,0,,67.0,2026-07-16 16:14
0282713,2,arima,99.996,0.3169405986841626,"[0.1584702993420813, 0.1584702993420813]","[""2026-07-17"", ""2026-07-18""]",Unreliable,0,,67.0,2026-07-16 16:14
0282713,3,NaiveLastValue,100.0,0.0,"[0.0, 0.0, 0.0]","[""2026-07-17"", ""2026-07-18"", ""2026-07-19""]",Unreliable,0,,67.0,2026-07-16 16:14
1000913,2,SeasonalNaive_52,53.261,0.0,"[0.0, 0.0]","[""2026-07-17"", ""2026-07-18""]",Fair,0,,67.0,2026-07-16 16:14
1000913,3,SeasonalNaive_52,48.515,0.0,"[0.0, 0.0, 0.0]","[""2026-07-17"", ""2026-07-18"", ""2026-07-19""]",Fair,0,,67.0,2026-07-16 16:14
1000914,2,TwoStage_Logistic_Huber,80.171,8.190661372309352,"[4.092609414947771, 4.098051957361581]","[""2026-07-17"", ""2026-07-18""]",Unreliable,0,,67.0,2026-07-16 16:14
1000914,3,Ridge,81.161,3.8653243445971777,"[1.2696929475523855, 1.2885942811435178, 1.3070371159012746]","[""2026-07-17"", ""2026-07-18"", ""2026-07-19""]",Unreliable,0,,67.0,2026-07-16 16:14
03933P03,2,ExtraTreesRegressor,88.877,0.0,"[0.0, 0.0]","[""2026-07-17"", ""2026-07-18""]",Unreliable,0,,67.0,2026-07-16 16:14
03933P03,3,GradientBoostingRegressor,90.446,2.691996367289415,"[2.691993943125204, 1.2120821056427566e-06, 1.2120821056427566e-06]","[""2026-07-17"", ""2026-07-18"", ""2026-07-19""]",Unreliable,0,,67.0,2026-07-16 16:14
0282712,2,TwoStage_ET_ET,98.454,0.1559951793838395,"[0.07791320398841506, 0.07808197539542443]","[""2026-07-17"", ""2026-07-18""]",Unreliable,0,,67.0,2026-07-16 16:14
0282712,3,NaiveLastValue,100.0,0.0,"[0.0, 0.0, 0.0]","[""2026-07-17"", ""2026-07-18"", ""2026-07-19""]",Unreliable,0,,67.0,2026-07-16 16:14
03931S18,2,arima,99.989,0.9194633423533002,"[0.4597316711766501, 0.4597316711766501]","[""2026-07-17"", ""2026-07-18""]",Unreliable,0,,67.0,2026-07-16 16:14
03931S18,3,NaiveLastValue,100.0,0.0,"[0.0, 0.0, 0.0]","[""2026-07-17"", ""2026-07-18"", ""2026-07-19""]",Unreliable,0,,67.0,2026-07-16 16:14
03932S15,2,arima,99.999,0.35204138066115936,"[0.17602069033057968, 0.17602069033057968]","[""2026-07-17"", ""2026-07-18""]",Unreliable,0,,67.0,2026-07-16 16:14
03932S15,3,HuberRegressor,100.0,1.7464991309363488e-05,"[5.821626012977163e-06, 5.8216637697878294e-06, 5.821701526598496e-06]","[""2026-07-17"", ""2026-07-18"", ""2026-07-19""]",Unreliable,0,,67.0,2026-07-16 16:14
115PGS25,2,NaiveLastValue,100.0,0.0,"[0.0, 0.0]","[""2026-07-17"", ""2026-07-18""]",Unreliable,0,,67.0,2026-07-16 16:14
115PGS25,3,NaiveLastValue,100.0,0.0,"[0.0, 0.0, 0.0]","[""2026-07-17"", ""2026-07-18"", ""2026-07-19""]",Unreliable,0,,67.0,2026-07-16 16:14
03933S15,2,arima,99.999,0.23669987728209793,"[0.11834993864104897, 0.11834993864104897]","[""2026-07-17"", ""2026-07-18""]",Unreliable,0,,67.0,2026-07-16 16:14
03933S15,3,NaiveLastValue,100.0,0.0,"[0.0, 0.0, 0.0]","[""2026-07-17"", ""2026-07-18"", ""2026-07-19""]",Unreliable,0,,67.0,2026-07-16 16:14
11925,2,Ridge,100.0,0.0,"[0.0, 0.0]","[""2026-07-17"", ""2026-07-18""]",Unreliable,0,,67.0,2026-07-16 16:14
11925,3,NaiveLastValue,100.0,0.0,"[0.0, 0.0, 0.0]","[""2026-07-17"", ""2026-07-18"", ""2026-07-19""]",Unreliable,0,,67.0,2026-07-16 16:14
115PGSAQ,2,arima,100.0,0.0011215537633442246,"[0.0005607768816721123, 0.0005607768816721123]","[""2026-07-17"", ""2026-07-18""]",Unreliable,0,,67.0,2026-07-16 16:14
115PGSAQ,3,HuberRegressor,100.0,6.015534374135222e-08,"[6.015534374135222e-08, 0.0, 0.0]","[""2026-07-17"", ""2026-07-18"", ""2026-07-19""]",Unreliable,0,,67.0,2026-07-16 16:14
104PMS25,2,arima,99.998,0.004051736864493138,"[0.002025868432246569, 0.002025868432246569]","[""2026-07-17"", ""2026-07-18""]",Unreliable,0,,67.0,2026-07-16 16:14
104PMS25,3,NaiveLastValue,100.0,0.0,"[0.0, 0.0, 0.0]","[""2026-07-17"", ""2026-07-18"", ""2026-07-19""]",Unreliable,0,,67.0,2026-07-16 16:14
104PMSAQ,2,arima,99.996,0.003950398970576107,"[0.0019751994852880536, 0.0019751994852880536]","[""2026-07-17"", ""2026-07-18""]",Unreliable,0,,67.0,2026-07-16 16:14
104PMSAQ,3,NaiveLastValue,100.0,0.0,"[0.0, 0.0, 0.0]","[""2026-07-17"", ""2026-07-18"", ""2026-07-19""]",Unreliable,0,,67.0,2026-07-16 16:14
11977,2,LastNonZero,70.026,11.898,"[5.949, 5.949]","[""2026-07-18"", ""2026-07-19""]",Poor,0,,68.0,2026-07-17 13:17
11977,3,CrostonStyle_alpha_02,90.589,0.7687538860103628,"[0.2562512953367876, 0.2562512953367876, 0.2562512953367876]","[""2026-07-18"", ""2026-07-19"", ""2026-07-20""]",Unreliable,0,,68.0,2026-07-17 13:17
11976,2,ExtraTreesRegressor,0.0,0.0,"[0.0, 0.0]","[""2026-07-18"", ""2026-07-19""]",Excellent,1,NaiveLastValue,68.0,2026-07-17 13:17
11976,3,ExtraTreesRegressor,0.0,0.0,"[0.0, 0.0, 0.0]","[""2026-07-18"", ""2026-07-19"", ""2026-07-20""]",Excellent,1,NaiveLastValue,68.0,2026-07-17 13:17
11975,2,CrostonStyle_alpha_02,60.149,0.17687169042769857,"[0.08843584521384928, 0.08843584521384928]","[""2026-07-18"", ""2026-07-19""]",Poor,0,,68.0,2026-07-17 13:17
11975,3,CrostonStyle_alpha_02,87.014,0.26530753564154785,"[0.08843584521384928, 0.08843584521384928, 0.08843584521384928]","[""2026-07-18"", ""2026-07-19"", ""2026-07-20""]",Unreliable,0,,68.0,2026-07-17 13:17
11978,2,ExtraTreesRegressor,0.0,0.0,"[0.0, 0.0]","[""2026-07-18"", ""2026-07-19""]",Excellent,1,NaiveLastValue,68.0,2026-07-17 13:17
11978,3,ExtraTreesRegressor,0.0,0.0,"[0.0, 0.0, 0.0]","[""2026-07-18"", ""2026-07-19"", ""2026-07-20""]",Excellent,1,NaiveLastValue,68.0,2026-07-17 13:17
11979,2,ExtraTreesRegressor,0.0,0.0,"[0.0, 0.0]","[""2026-07-18"", ""2026-07-19""]",Excellent,1,NaiveLastValue,68.0,2026-07-17 13:17
11979,3,ExtraTreesRegressor,0.0,0.0,"[0.0, 0.0, 0.0]","[""2026-07-18"", ""2026-07-19"", ""2026-07-20""]",Excellent,1,NaiveLastValue,68.0,2026-07-17 13:17
120PMS25,2,ExtraTreesRegressor,0.0,0.0,"[0.0, 0.0]","[""2026-07-18"", ""2026-07-19""]",Excellent,1,NaiveLastValue,68.0,2026-07-17 13:17
120PMS25,3,GradientBoostingRegressor,0.0,0.0,"[0.0, 0.0, 0.0]","[""2026-07-18"", ""2026-07-19"", ""2026-07-20""]",Excellent,1,NaiveLastValue,68.0,2026-07-17 13:17
11972,2,ExtraTreesRegressor,98.109,0.0,"[0.0, 0.0]","[""2026-07-18"", ""2026-07-19""]",Unreliable,0,,68.0,2026-07-17 13:17
11972,3,ZeroForecast,100.0,0.0,"[0.0, 0.0, 0.0]","[""2026-07-18"", ""2026-07-19"", ""2026-07-20""]",Unreliable,0,,68.0,2026-07-17 13:17
120PGS25,2,arima,99.996,0.010216781097996324,"[0.005108390548998162, 0.005108390548998162]","[""2026-07-18"", ""2026-07-19""]",Unreliable,0,,68.0,2026-07-17 13:17
120PGS25,3,NaiveLastValue,100.0,0.0,"[0.0, 0.0, 0.0]","[""2026-07-18"", ""2026-07-19"", ""2026-07-20""]",Unreliable,0,,68.0,2026-07-17 13:17
120PFS25,2,arima,99.997,0.007083626983177993,"[0.0035418134915889965, 0.0035418134915889965]","[""2026-07-18"", ""2026-07-19""]",Unreliable,0,,68.0,2026-07-17 13:17
120PFS25,3,HuberRegressor,100.0,0.0,"[0.0, 0.0, 0.0]","[""2026-07-18"", ""2026-07-19"", ""2026-07-20""]",Unreliable,0,,68.0,2026-07-17 13:17
120PFSAQ,2,arima,99.998,0.0021648859802269457,"[0.0010824429901134728, 0.0010824429901134728]","[""2026-07-18"", ""2026-07-19""]",Unreliable,0,,68.0,2026-07-17 13:17
120PFSAQ,3,NaiveLastValue,100.0,0.0,"[0.0, 0.0, 0.0]","[""2026-07-18"", ""2026-07-19"", ""2026-07-20""]",Unreliable,0,,68.0,2026-07-17 13:17
1470955,2,SeasonalNaive_52,70.0,0.0,"[0.0, 0.0]","[""2026-07-18"", ""2026-07-19""]",Poor,0,,68.0,2026-07-17 13:17
1470955,3,SeasonalNaive_52,60.0,0.0,"[0.0, 0.0, 0.0]","[""2026-07-18"", ""2026-07-19"", ""2026-07-20""]",Poor,0,,68.0,2026-07-17 13:17
1471006,2,Ridge,99.99,0.0,"[0.0, 0.0]","[""2026-07-18"", ""2026-07-19""]",Unreliable,0,,68.0,2026-07-17 13:17
1471006,3,NaiveLastValue,100.0,0.0,"[0.0, 0.0, 0.0]","[""2026-07-18"", ""2026-07-19"", ""2026-07-20""]",Unreliable,0,,68.0,2026-07-17 13:17
1471010,2,HuberRegressor,85.054,0.0,"[0.0, 0.0]","[""2026-07-18"", ""2026-07-19""]",Unreliable,0,,68.0,2026-07-17 13:17
1471010,3,NaiveLastValue,100.0,0.0,"[0.0, 0.0, 0.0]","[""2026-07-18"", ""2026-07-19"", ""2026-07-20""]",Unreliable,0,,68.0,2026-07-17 13:17
144PGS25,2,arima,100.0,0.0030926317965347286,"[0.0015463158982673643, 0.0015463158982673643]","[""2026-07-18"", ""2026-07-19""]",Unreliable,0,,68.0,2026-07-17 13:17
144PGS25,3,NaiveLastValue,100.0,0.0,"[0.0, 0.0, 0.0]","[""2026-07-18"", ""2026-07-19"", ""2026-07-20""]",Unreliable,0,,68.0,2026-07-17 13:17
144PGSAQ,2,arima,99.997,0.001157243242104314,"[0.000578621621052157, 0.000578621621052157]","[""2026-07-18"", ""2026-07-19""]",Unreliable,0,,68.0,2026-07-17 13:17
144PGSAQ,3,NaiveLastValue,100.0,0.0,"[0.0, 0.0, 0.0]","[""2026-07-18"", ""2026-07-19"", ""2026-07-20""]",Unreliable,0,,68.0,2026-07-17 13:17
120PGSAQ,2,arima,99.997,0.0022464206605779372,"[0.0011232103302889686, 0.0011232103302889686]","[""2026-07-18"", ""2026-07-19""]",Unreliable,0,,68.0,2026-07-17 13:17
120PGSAQ,3,NaiveLastValue,100.0,0.0,"[0.0, 0.0, 0.0]","[""2026-07-18"", ""2026-07-19"", ""2026-07-20""]",Unreliable,0,,68.0,2026-07-17 13:17
1470992,2,GradientBoostingRegressor,87.402,0.28903868540098776,"[0.2271375850878745, 0.06190110031311328]","[""2026-07-18"", ""2026-07-19""]",Unreliable,0,,68.0,2026-07-17 13:17
1470992,3,ZeroForecast,100.0,0.0,"[0.0, 0.0, 0.0]","[""2026-07-18"", ""2026-07-19"", ""2026-07-20""]",Unreliable,0,,68.0,2026-07-17 13:17
1836910,2,ExtraTreesRegressor,0.0,0.0,"[0.0, 0.0]","[""2026-07-18"", ""2026-07-19""]",Excellent,1,NaiveLastValue,68.0,2026-07-17 13:17
1836910,3,ExtraTreesRegressor,0.0,0.0,"[0.0, 0.0, 0.0]","[""2026-07-18"", ""2026-07-19"", ""2026-07-20""]",Excellent,1,NaiveLastValue,68.0,2026-07-17 13:17
1470966,2,GradientBoostingRegressor,93.927,0.07651692170720042,"[0.03825846085360021, 0.03825846085360021]","[""2026-07-18"", ""2026-07-19""]",Unreliable,0,,68.0,2026-07-17 13:17
1470966,3,ZeroForecast,100.0,0.0,"[0.0, 0.0, 0.0]","[""2026-07-18"", ""2026-07-19"", ""2026-07-20""]",Unreliable,0,,68.0,2026-07-17 13:17
1665366,2,SeasonalNaive_52,57.143,0.0,"[0.0, 0.0]","[""2026-07-18"", ""2026-07-19""]",Poor,0,,68.0,2026-07-17 13:17
1665366,3,ZeroForecast,100.0,0.0,"[0.0, 0.0, 0.0]","[""2026-07-18"", ""2026-07-19"", ""2026-07-20""]",Unreliable,0,,68.0,2026-07-17 13:17
1857823,2,HuberRegressor,100.0,1.4830135433580368e-09,"[7.487425872174668e-10, 7.3427095614057e-10]","[""2026-07-18"", ""2026-07-19""]",Unreliable,0,,68.0,2026-07-17 13:17
1857823,3,NaiveLastValue,100.0,0.0,"[0.0, 0.0, 0.0]","[""2026-07-18"", ""2026-07-19"", ""2026-07-20""]",Unreliable,0,,68.0,2026-07-17 13:17
1665370,2,SeasonalNaive_52,66.667,0.0,"[0.0, 0.0]","[""2026-07-18"", ""2026-07-19""]",Poor,0,,68.0,2026-07-17 13:17
1665370,3,ZeroForecast,100.0,0.0,"[0.0, 0.0, 0.0]","[""2026-07-18"", ""2026-07-19"", ""2026-07-20""]",Unreliable,0,,68.0,2026-07-17 13:17
1857834,2,sarima,99.991,1.482795300911097e-187,"[7.413976504457427e-188, 7.413976504653543e-188]","[""2026-07-18"", ""2026-07-19""]",Unreliable,0,,68.0,2026-07-17 13:17
1857834,3,NaiveLastValue,100.0,0.0,"[0.0, 0.0, 0.0]","[""2026-07-18"", ""2026-07-19"", ""2026-07-20""]",Unreliable,0,,68.0,2026-07-17 13:17
1665381,2,SeasonalNaive_52,89.474,0.0,"[0.0, 0.0]","[""2026-07-18"", ""2026-07-19""]",Unreliable,0,,68.0,2026-07-17 13:17
1665381,3,ZeroForecast,100.0,0.0,"[0.0, 0.0, 0.0]","[""2026-07-18"", ""2026-07-19"", ""2026-07-20""]",Unreliable,0,,68.0,2026-07-17 13:17
1872344,2,RandomForestRegressor,0.0,0.0,"[0.0, 0.0]","[""2026-07-18"", ""2026-07-19""]",Excellent,1,NaiveLastValue,68.0,2026-07-17 13:17
1872344,3,RandomForestRegressor,0.0,0.0,"[0.0, 0.0, 0.0]","[""2026-07-18"", ""2026-07-19"", ""2026-07-20""]",Excellent,1,NaiveLastValue,68.0,2026-07-17 13:17
1836921,2,TwoStage_ET_ET,86.198,1.4548288116936865,"[0.7272694110727953, 0.7275594006208912]","[""2026-07-18"", ""2026-07-19""]",Unreliable,0,,68.0,2026-07-17 13:17
1836921,3,ZeroForecast,100.0,0.0,"[0.0, 0.0, 0.0]","[""2026-07-18"", ""2026-07-19"", ""2026-07-20""]",Unreliable,0,,68.0,2026-07-17 13:17
5913013,2,,,,,,No Model,0,,,2026-07-17 13:17
5913013,3,,,,,,No Model,0,,,2026-07-17 13:17
5781163,2,HistGradientBoostingRegressor,53.791,1.9444783794292405e-06,"[1.9444783794292405e-06, 0.0]","[""2026-07-18"", ""2026-07-19""]",Fair,0,,68.0,2026-07-17 13:17
5781163,3,HistGradientBoostingRegressor,86.971,1.9444783794292405e-06,"[1.9444783794292405e-06, 0.0, 0.0]","[""2026-07-18"", ""2026-07-19"", ""2026-07-20""]",Unreliable,0,,68.0,2026-07-17 13:17
1836932,2,SeasonalNaive_52,90.0,0.0,"[0.0, 0.0]","[""2026-07-18"", ""2026-07-19""]",Unreliable,0,,68.0,2026-07-17 13:17
1836932,3,ExtraTreesRegressor,94.444,0.9856,"[0.2688, 0.4096000000000001, 0.3072]","[""2026-07-18"", ""2026-07-19"", ""2026-07-20""]",Unreliable,0,,68.0,2026-07-17 13:17
5758590,2,arima,69.554,0.00012355445670433505,"[6.177722835216753e-05, 6.177722835216753e-05]","[""2026-07-18"", ""2026-07-19""]",Poor,0,,68.0,2026-07-17 13:17
5758590,3,arima,87.839,0.00018533168505650258,"[6.177722835216753e-05, 6.177722835216753e-05, 6.177722835216753e-05]","[""2026-07-18"", ""2026-07-19"", ""2026-07-20""]",Unreliable,0,,68.0,2026-07-17 13:17
5909591,2,RollingMedian_8,81.395,1.28,"[0.64, 0.64]","[""2026-07-18"", ""2026-07-19""]",Unreliable,0,,68.0,2026-07-17 13:17
5909591,3,SeasonalNaive_52,85.0,2.56,"[0.0, 0.0, 2.56]","[""2026-07-18"", ""2026-07-19"", ""2026-07-20""]",Unreliable,0,,68.0,2026-07-17 13:17
5912446,2,ZeroForecast,100.0,0.0,"[0.0, 0.0]","[""2026-07-18"", ""2026-07-19""]",Unreliable,0,,68.0,2026-07-17 13:17
5912446,3,ZeroForecast,100.0,0.0,"[0.0, 0.0, 0.0]","[""2026-07-18"", ""2026-07-19"", ""2026-07-20""]",Unreliable,0,,68.0,2026-07-17 13:17
5900855,2,ADIDA_8,60.209,75.98826489821495,"[37.994132449107475, 37.994132449107475]","[""2026-07-18"", ""2026-07-19""]",Poor,0,,68.0,2026-07-17 13:17
5900855,3,HuberRegressor,70.926,91.85576694528275,"[31.297256738304778, 30.51519274560012, 30.043317461377853]","[""2026-07-18"", ""2026-07-19"", ""2026-07-20""]",Poor,0,,68.0,2026-07-17 13:17
6040248,2,SeasonalNaive_52,33.683,0.0,"[0.0, 0.0]","[""2026-07-18"", ""2026-07-19""]",Good,0,,68.0,2026-07-17 13:17
6040248,3,SeasonalNaive_52,81.818,0.0,"[0.0, 0.0, 0.0]","[""2026-07-18"", ""2026-07-19"", ""2026-07-20""]",Unreliable,0,,68.0,2026-07-17 13:17
6040447,2,sarima,89.754,0.0,"[0.0, 0.0]","[""2026-07-18"", ""2026-07-19""]",Unreliable,0,,68.0,2026-07-17 13:17
6040447,3,NaiveLastValue,100.0,0.0,"[0.0, 0.0, 0.0]","[""2026-07-18"", ""2026-07-19"", ""2026-07-20""]",Unreliable,0,,68.0,2026-07-17 13:17
6040363,2,NaiveLastValue,100.0,0.0,"[0.0, 0.0]","[""2026-07-18"", ""2026-07-19""]",Unreliable,0,,68.0,2026-07-17 13:17
6040363,3,ZeroForecast,100.0,0.0,"[0.0, 0.0, 0.0]","[""2026-07-18"", ""2026-07-19"", ""2026-07-20""]",Unreliable,0,,68.0,2026-07-17 13:17
6059538,2,Ridge,93.752,0.0,"[0.0, 0.0]","[""2026-07-18"", ""2026-07-19""]",Unreliable,0,,68.0,2026-07-17 13:17
6059538,3,ZeroForecast,100.0,0.0,"[0.0, 0.0, 0.0]","[""2026-07-18"", ""2026-07-19"", ""2026-07-20""]",Unreliable,0,,68.0,2026-07-17 13:17
6040544,2,SeasonalNaive_52,86.957,0.0,"[0.0, 0.0]","[""2026-07-18"", ""2026-07-19""]",Unreliable,0,,68.0,2026-07-17 13:17
6040544,3,ZeroForecast,100.0,0.0,"[0.0, 0.0, 0.0]","[""2026-07-18"", ""2026-07-19"", ""2026-07-20""]",Unreliable,0,,68.0,2026-07-17 13:17
62358816,2,RandomForestRegressor,0.0,0.0,"[0.0, 0.0]","[""2026-07-18"", ""2026-07-19""]",Excellent,1,NaiveLastValue,68.0,2026-07-17 13:17
62358816,3,TwoStage_ET_ET,0.0,3.871494422178273e-183,"[1.290498140726091e-183, 1.290498140726091e-183, 1.290498140726091e-183]","[""2026-07-18"", ""2026-07-19"", ""2026-07-20""]",Excellent,1,NaiveLastValue,68.0,2026-07-17 13:17
6059551,2,SES,94.575,1.6189844704371477e-52,"[8.094922352185739e-53, 8.094922352185739e-53]","[""2026-07-18"", ""2026-07-19""]",Unreliable,0,,68.0,2026-07-17 13:17
6059551,3,ZeroForecast,100.0,0.0,"[0.0, 0.0, 0.0]","[""2026-07-18"", ""2026-07-19"", ""2026-07-20""]",Unreliable,0,,68.0,2026-07-17 13:17
62358817,2,RandomForestRegressor,0.0,0.0,"[0.0, 0.0]","[""2026-07-18"", ""2026-07-19""]",Excellent,1,NaiveLastValue,68.0,2026-07-17 13:17
62358817,3,RandomForestRegressor,0.0,0.0,"[0.0, 0.0, 0.0]","[""2026-07-18"", ""2026-07-19"", ""2026-07-20""]",Excellent,1,NaiveLastValue,68.0,2026-07-17 13:17
6059623,2,TwoStage_RF_RF,85.652,1.2124393374677536,"[0.6062832079896889, 0.6061561294780645]","[""2026-07-18"", ""2026-07-19""]",Unreliable,0,,68.0,2026-07-17 13:17
6059623,3,TwoStage_ET_ET,91.71,1.7256185901754666,"[0.5752745995038322, 0.5751143621237962, 0.5752296285478382]","[""2026-07-18"", ""2026-07-19"", ""2026-07-20""]",Unreliable,0,,68.0,2026-07-17 13:17
62358818,2,ExtraTreesRegressor,0.0,0.0,"[0.0, 0.0]","[""2026-07-18"", ""2026-07-19""]",Excellent,1,NaiveLastValue,68.0,2026-07-17 13:17
62358818,3,ExtraTreesRegressor,0.0,0.0,"[0.0, 0.0, 0.0]","[""2026-07-18"", ""2026-07-19"", ""2026-07-20""]",Excellent,1,NaiveLastValue,68.0,2026-07-17 13:17
6059624,2,arima,79.768,0.01455910192708967,"[0.007279550963544835, 0.007279550963544835]","[""2026-07-18"", ""2026-07-19""]",Unreliable,0,,68.0,2026-07-17 13:17
6059624,3,arima,92.271,0.021838652890634504,"[0.007279550963544835, 0.007279550963544835, 0.007279550963544835]","[""2026-07-18"", ""2026-07-19"", ""2026-07-20""]",Unreliable,0,,68.0,2026-07-17 13:17
62358819,2,RandomForestRegressor,0.0,0.0,"[0.0, 0.0]","[""2026-07-18"", ""2026-07-19""]",Excellent,1,NaiveLastValue,68.0,2026-07-17 13:17
62358819,3,RandomForestRegressor,0.0,0.0,"[0.0, 0.0, 0.0]","[""2026-07-18"", ""2026-07-19"", ""2026-07-20""]",Excellent,1,NaiveLastValue,68.0,2026-07-17 13:17
62358820,2,RandomForestRegressor,0.0,0.0,"[0.0, 0.0]","[""2026-07-18"", ""2026-07-19""]",Excellent,1,NaiveLastValue,68.0,2026-07-17 13:17
62358820,3,TwoStage_ET_ET,0.0,2.1512363299549838e-182,"[7.170787766516613e-183, 7.170787766516613e-183, 7.170787766516613e-183]","[""2026-07-18"", ""2026-07-19"", ""2026-07-20""]",Excellent,1,NaiveLastValue,68.0,2026-07-17 13:17
62374173,2,ExtraTreesRegressor,0.0,0.0,"[0.0, 0.0]","[""2026-07-18"", ""2026-07-19""]",Excellent,1,NaiveLastValue,68.0,2026-07-17 13:17
62374173,3,ExtraTreesRegressor,0.0,0.0,"[0.0, 0.0, 0.0]","[""2026-07-18"", ""2026-07-19"", ""2026-07-20""]",Excellent,1,NaiveLastValue,68.0,2026-07-17 13:17
6059625,2,TwoStage_RF_Ridge,90.524,0.3511707630668116,"[0.17583659897171244, 0.17533416409509914]","[""2026-07-18"", ""2026-07-19""]",Unreliable,0,,68.0,2026-07-17 13:17
6059625,3,NaiveLastValue,100.0,0.0,"[0.0, 0.0, 0.0]","[""2026-07-18"", ""2026-07-19"", ""2026-07-20""]",Unreliable,0,,68.0,2026-07-17 13:17
62377319,2,ExtraTreesRegressor,0.0,0.0,"[0.0, 0.0]","[""2026-07-18"", ""2026-07-19""]",Excellent,1,NaiveLastValue,68.0,2026-07-17 13:17
62377319,3,ExtraTreesRegressor,0.0,0.0,"[0.0, 0.0, 0.0]","[""2026-07-18"", ""2026-07-19"", ""2026-07-20""]",Excellent,1,NaiveLastValue,68.0,2026-07-17 13:17
6059635,2,sarima,48.487,0.0,"[0.0, 0.0]","[""2026-07-18"", ""2026-07-19""]",Fair,0,,68.0,2026-07-17 13:17
6059635,3,sarima,52.363,0.0,"[0.0, 0.0, 0.0]","[""2026-07-18"", ""2026-07-19"", ""2026-07-20""]",Fair,0,,68.0,2026-07-17 13:17
62380041,2,ExtraTreesRegressor,0.0,0.0,"[0.0, 0.0]","[""2026-07-18"", ""2026-07-19""]",Excellent,1,NaiveLastValue,68.0,2026-07-17 13:17
62380041,3,ExtraTreesRegressor,0.0,0.0,"[0.0, 0.0, 0.0]","[""2026-07-18"", ""2026-07-19"", ""2026-07-20""]",Excellent,1,NaiveLastValue,68.0,2026-07-17 13:17
62386229,2,ExtraTreesRegressor,0.0,0.0,"[0.0, 0.0]","[""2026-07-18"", ""2026-07-19""]",Excellent,1,NaiveLastValue,68.0,2026-07-17 13:17
62386229,3,ExtraTreesRegressor,0.0,0.0,"[0.0, 0.0, 0.0]","[""2026-07-18"", ""2026-07-19"", ""2026-07-20""]",Excellent,1,NaiveLastValue,68.0,2026-07-17 13:17
62392849,2,ExtraTreesRegressor,0.0,0.0,"[0.0, 0.0]","[""2026-07-18"", ""2026-07-19""]",Excellent,1,NaiveLastValue,68.0,2026-07-17 13:17
62392849,3,ExtraTreesRegressor,0.0,0.0,"[0.0, 0.0, 0.0]","[""2026-07-18"", ""2026-07-19"", ""2026-07-20""]",Excellent,1,NaiveLastValue,68.0,2026-07-17 13:17
62386230,2,ExtraTreesRegressor,0.0,0.0,"[0.0, 0.0]","[""2026-07-18"", ""2026-07-19""]",Excellent,1,NaiveLastValue,68.0,2026-07-17 13:17
62386230,3,ExtraTreesRegressor,0.0,0.0,"[0.0, 0.0, 0.0]","[""2026-07-18"", ""2026-07-19"", ""2026-07-20""]",Excellent,1,NaiveLastValue,68.0,2026-07-17 13:17
62403877,2,ExtraTreesRegressor,0.0,0.0,"[0.0, 0.0]","[""2026-07-18"", ""2026-07-19""]",Excellent,1,NaiveLastValue,68.0,2026-07-17 13:17
62403877,3,ExtraTreesRegressor,0.0,0.0,"[0.0, 0.0, 0.0]","[""2026-07-18"", ""2026-07-19"", ""2026-07-20""]",Excellent,1,NaiveLastValue,68.0,2026-07-17 13:17
62395661,2,ExtraTreesRegressor,0.0,0.0,"[0.0, 0.0]","[""2026-07-18"", ""2026-07-19""]",Excellent,1,NaiveLastValue,68.0,2026-07-17 13:17
62395661,3,ExtraTreesRegressor,0.0,0.0,"[0.0, 0.0, 0.0]","[""2026-07-18"", ""2026-07-19"", ""2026-07-20""]",Excellent,1,NaiveLastValue,68.0,2026-07-17 13:17
62411601,2,ExtraTreesRegressor,0.0,0.0,"[0.0, 0.0]","[""2026-07-18"", ""2026-07-19""]",Excellent,1,NaiveLastValue,68.0,2026-07-17 13:17
62411601,3,ExtraTreesRegressor,0.0,0.0,"[0.0, 0.0, 0.0]","[""2026-07-18"", ""2026-07-19"", ""2026-07-20""]",Excellent,1,NaiveLastValue,68.0,2026-07-17 13:17
62455363,2,ExtraTreesRegressor,0.0,0.0,"[0.0, 0.0]","[""2026-07-18"", ""2026-07-19""]",Excellent,1,NaiveLastValue,68.0,2026-07-17 13:17
62455363,3,ExtraTreesRegressor,0.0,0.0,"[0.0, 0.0, 0.0]","[""2026-07-18"", ""2026-07-19"", ""2026-07-20""]",Excellent,1,NaiveLastValue,68.0,2026-07-17 13:17
62411602,2,ExtraTreesRegressor,0.0,0.0,"[0.0, 0.0]","[""2026-07-18"", ""2026-07-19""]",Excellent,1,NaiveLastValue,68.0,2026-07-17 13:17
62411602,3,ExtraTreesRegressor,0.0,0.0,"[0.0, 0.0, 0.0]","[""2026-07-18"", ""2026-07-19"", ""2026-07-20""]",Excellent,1,NaiveLastValue,68.0,2026-07-17 13:17
62462134,2,ExtraTreesRegressor,0.0,0.0,"[0.0, 0.0]","[""2026-07-18"", ""2026-07-19""]",Excellent,1,NaiveLastValue,68.0,2026-07-17 13:17
62462134,3,ExtraTreesRegressor,0.0,0.0,"[0.0, 0.0, 0.0]","[""2026-07-18"", ""2026-07-19"", ""2026-07-20""]",Excellent,1,NaiveLastValue,68.0,2026-07-17 13:17
62462135,2,ExtraTreesRegressor,0.0,0.0,"[0.0, 0.0]","[""2026-07-18"", ""2026-07-19""]",Excellent,1,NaiveLastValue,68.0,2026-07-17 13:17
62462135,3,ExtraTreesRegressor,0.0,0.0,"[0.0, 0.0, 0.0]","[""2026-07-18"", ""2026-07-19"", ""2026-07-20""]",Excellent,1,NaiveLastValue,68.0,2026-07-17 13:17
62462136,2,ExtraTreesRegressor,0.0,0.0,"[0.0, 0.0]","[""2026-07-18"", ""2026-07-19""]",Excellent,1,NaiveLastValue,68.0,2026-07-17 13:17
62462136,3,ExtraTreesRegressor,0.0,0.0,"[0.0, 0.0, 0.0]","[""2026-07-18"", ""2026-07-19"", ""2026-07-20""]",Excellent,1,NaiveLastValue,68.0,2026-07-17 13:17
62462141,2,ExtraTreesRegressor,0.0,0.0,"[0.0, 0.0]","[""2026-07-18"", ""2026-07-19""]",Excellent,1,NaiveLastValue,68.0,2026-07-17 13:17
62462141,3,ExtraTreesRegressor,0.0,0.0,"[0.0, 0.0, 0.0]","[""2026-07-18"", ""2026-07-19"", ""2026-07-20""]",Excellent,1,NaiveLastValue,68.0,2026-07-17 13:17
62472212,2,ExtraTreesRegressor,0.0,0.0,"[0.0, 0.0]","[""2026-07-18"", ""2026-07-19""]",Excellent,1,NaiveLastValue,68.0,2026-07-17 13:17
62472212,3,ExtraTreesRegressor,0.0,0.0,"[0.0, 0.0, 0.0]","[""2026-07-18"", ""2026-07-19"", ""2026-07-20""]",Excellent,1,NaiveLastValue,68.0,2026-07-17 13:17
62465872,2,ExtraTreesRegressor,0.0,0.0,"[0.0, 0.0]","[""2026-07-18"", ""2026-07-19""]",Excellent,1,NaiveLastValue,68.0,2026-07-17 13:17
62465872,3,ExtraTreesRegressor,0.0,0.0,"[0.0, 0.0, 0.0]","[""2026-07-18"", ""2026-07-19"", ""2026-07-20""]",Excellent,1,NaiveLastValue,68.0,2026-07-17 13:17
62465871,2,ExtraTreesRegressor,0.0,0.0,"[0.0, 0.0]","[""2026-07-18"", ""2026-07-19""]",Excellent,1,NaiveLastValue,68.0,2026-07-17 13:17
62465871,3,ExtraTreesRegressor,0.0,0.0,"[0.0, 0.0, 0.0]","[""2026-07-18"", ""2026-07-19"", ""2026-07-20""]",Excellent,1,NaiveLastValue,68.0,2026-07-17 13:17
62472213,2,ExtraTreesRegressor,0.0,0.0,"[0.0, 0.0]","[""2026-07-18"", ""2026-07-19""]",Excellent,1,NaiveLastValue,68.0,2026-07-17 13:17
62472213,3,ExtraTreesRegressor,0.0,0.0,"[0.0, 0.0, 0.0]","[""2026-07-18"", ""2026-07-19"", ""2026-07-20""]",Excellent,1,NaiveLastValue,68.0,2026-07-17 13:17
62472214,2,ExtraTreesRegressor,0.0,0.0,"[0.0, 0.0]","[""2026-07-18"", ""2026-07-19""]",Excellent,1,NaiveLastValue,68.0,2026-07-17 13:17
62472214,3,ExtraTreesRegressor,0.0,0.0,"[0.0, 0.0, 0.0]","[""2026-07-18"", ""2026-07-19"", ""2026-07-20""]",Excellent,1,NaiveLastValue,68.0,2026-07-17 13:17
62485007,2,ExtraTreesRegressor,0.0,0.0,"[0.0, 0.0]","[""2026-07-18"", ""2026-07-19""]",Excellent,1,NaiveLastValue,68.0,2026-07-17 13:17
62485007,3,ExtraTreesRegressor,0.0,0.0,"[0.0, 0.0, 0.0]","[""2026-07-18"", ""2026-07-19"", ""2026-07-20""]",Excellent,1,NaiveLastValue,68.0,2026-07-17 13:17
62485008,2,RandomForestRegressor,0.0,0.0,"[0.0, 0.0]","[""2026-07-18"", ""2026-07-19""]",Excellent,1,NaiveLastValue,68.0,2026-07-17 13:17
62485008,3,RandomForestRegressor,0.0,0.0,"[0.0, 0.0, 0.0]","[""2026-07-18"", ""2026-07-19"", ""2026-07-20""]",Excellent,1,NaiveLastValue,68.0,2026-07-17 13:17
62488660,2,ExtraTreesRegressor,0.0,0.0,"[0.0, 0.0]","[""2026-07-18"", ""2026-07-19""]",Excellent,1,NaiveLastValue,68.0,2026-07-17 13:17
62488660,3,ExtraTreesRegressor,0.0,0.0,"[0.0, 0.0, 0.0]","[""2026-07-18"", ""2026-07-19"", ""2026-07-20""]",Excellent,1,NaiveLastValue,68.0,2026-07-17 13:17
62488661,2,ExtraTreesRegressor,0.0,0.0,"[0.0, 0.0]","[""2026-07-18"", ""2026-07-19""]",Excellent,1,NaiveLastValue,68.0,2026-07-17 13:17
62488661,3,ExtraTreesRegressor,0.0,0.0,"[0.0, 0.0, 0.0]","[""2026-07-18"", ""2026-07-19"", ""2026-07-20""]",Excellent,1,NaiveLastValue,68.0,2026-07-17 13:17
62488663,2,ExtraTreesRegressor,0.0,0.0,"[0.0, 0.0]","[""2026-07-18"", ""2026-07-19""]",Excellent,1,NaiveLastValue,68.0,2026-07-17 13:17
62488663,3,ExtraTreesRegressor,0.0,0.0,"[0.0, 0.0, 0.0]","[""2026-07-18"", ""2026-07-19"", ""2026-07-20""]",Excellent,1,NaiveLastValue,68.0,2026-07-17 13:17
62488662,2,ExtraTreesRegressor,0.0,0.0,"[0.0, 0.0]","[""2026-07-18"", ""2026-07-19""]",Excellent,1,NaiveLastValue,68.0,2026-07-17 13:17
62488662,3,ExtraTreesRegressor,0.0,0.0,"[0.0, 0.0, 0.0]","[""2026-07-18"", ""2026-07-19"", ""2026-07-20""]",Excellent,1,NaiveLastValue,68.0,2026-07-17 13:17
62491874,2,RandomForestRegressor,0.0,0.0,"[0.0, 0.0]","[""2026-07-18"", ""2026-07-19""]",Excellent,1,NaiveLastValue,68.0,2026-07-17 13:17
62491874,3,RandomForestRegressor,0.0,0.0,"[0.0, 0.0, 0.0]","[""2026-07-18"", ""2026-07-19"", ""2026-07-20""]",Excellent,1,NaiveLastValue,68.0,2026-07-17 13:17
62491872,2,RandomForestRegressor,0.0,0.0,"[0.0, 0.0]","[""2026-07-18"", ""2026-07-19""]",Excellent,1,NaiveLastValue,68.0,2026-07-17 13:17
62491872,3,RandomForestRegressor,0.0,0.0,"[0.0, 0.0, 0.0]","[""2026-07-18"", ""2026-07-19"", ""2026-07-20""]",Excellent,1,NaiveLastValue,68.0,2026-07-17 13:17
62491911,2,ExtraTreesRegressor,0.0,0.0,"[0.0, 0.0]","[""2026-07-18"", ""2026-07-19""]",Excellent,1,NaiveLastValue,68.0,2026-07-17 13:17
62491911,3,ExtraTreesRegressor,0.0,0.0,"[0.0, 0.0, 0.0]","[""2026-07-18"", ""2026-07-19"", ""2026-07-20""]",Excellent,1,NaiveLastValue,68.0,2026-07-17 13:17
62766887,2,TwoStage_Logistic_Huber,0.0,1.6952391121263018e-22,"[8.476195560631509e-23, 8.476195560631509e-23]","[""2026-07-18"", ""2026-07-19""]",Excellent,1,NaiveLastValue,68.0,2026-07-17 13:17
62766887,3,TwoStage_Logistic_Huber,0.0,2.5428586681894524e-22,"[8.476195560631509e-23, 8.476195560631509e-23, 8.476195560631509e-23]","[""2026-07-18"", ""2026-07-19"", ""2026-07-20""]",Excellent,1,NaiveLastValue,68.0,2026-07-17 13:17
62491910,2,RandomForestRegressor,0.0,0.0,"[0.0, 0.0]","[""2026-07-18"", ""2026-07-19""]",Excellent,1,NaiveLastValue,68.0,2026-07-17 13:17
62491910,3,RandomForestRegressor,0.0,0.0,"[0.0, 0.0, 0.0]","[""2026-07-18"", ""2026-07-19"", ""2026-07-20""]",Excellent,1,NaiveLastValue,68.0,2026-07-17 13:17
62491908,2,ExtraTreesRegressor,0.0,0.0,"[0.0, 0.0]","[""2026-07-18"", ""2026-07-19""]",Excellent,1,NaiveLastValue,68.0,2026-07-17 13:17
62491908,3,ExtraTreesRegressor,0.0,0.0,"[0.0, 0.0, 0.0]","[""2026-07-18"", ""2026-07-19"", ""2026-07-20""]",Excellent,1,NaiveLastValue,68.0,2026-07-17 13:17
62826087,2,,,,,,No Model,0,,,2026-07-17 13:17
62826087,3,,,,,,No Model,0,,,2026-07-17 13:17
62826088,2,,,,,,No Model,0,,,2026-07-17 13:17
62826088,3,,,,,,No Model,0,,,2026-07-17 13:17
62766888,2,TwoStage_Logistic_Huber,0.0,1.8082550529347204e-22,"[9.041275264673602e-23, 9.041275264673602e-23]","[""2026-07-18"", ""2026-07-19""]",Excellent,1,NaiveLastValue,68.0,2026-07-17 13:17
62766888,3,TwoStage_Logistic_Huber,0.0,2.7123825794020807e-22,"[9.041275264673602e-23, 9.041275264673602e-23, 9.041275264673602e-23]","[""2026-07-18"", ""2026-07-19"", ""2026-07-20""]",Excellent,1,NaiveLastValue,68.0,2026-07-17 13:17
62491879,2,RandomForestRegressor,0.0,0.0,"[0.0, 0.0]","[""2026-07-18"", ""2026-07-19""]",Excellent,1,NaiveLastValue,68.0,2026-07-17 13:17
62491879,3,RandomForestRegressor,0.0,0.0,"[0.0, 0.0, 0.0]","[""2026-07-18"", ""2026-07-19"", ""2026-07-20""]",Excellent,1,NaiveLastValue,68.0,2026-07-17 13:17
62766889,2,TwoStage_Logistic_Huber,0.0,3.0514304018273423e-22,"[1.5257152009136712e-22, 1.5257152009136712e-22]","[""2026-07-18"", ""2026-07-19""]",Excellent,1,NaiveLastValue,68.0,2026-07-17 13:17
62766889,3,TwoStage_Logistic_Ridge,0.0,4.577145602741013e-22,"[1.5257152009136712e-22, 1.5257152009136712e-22, 1.5257152009136712e-22]","[""2026-07-18"", ""2026-07-19"", ""2026-07-20""]",Excellent,1,NaiveLastValue,68.0,2026-07-17 13:17
62492031,2,ExtraTreesRegressor,0.0,0.0,"[0.0, 0.0]","[""2026-07-18"", ""2026-07-19""]",Excellent,1,NaiveLastValue,68.0,2026-07-17 13:17
62492031,3,ExtraTreesRegressor,0.0,0.0,"[0.0, 0.0, 0.0]","[""2026-07-18"", ""2026-07-19"", ""2026-07-20""]",Excellent,1,NaiveLastValue,68.0,2026-07-17 13:17
62500219,2,ExtraTreesRegressor,0.0,0.0,"[0.0, 0.0]","[""2026-07-18"", ""2026-07-19""]",Excellent,1,NaiveLastValue,68.0,2026-07-17 13:17
62500219,3,ExtraTreesRegressor,0.0,0.0,"[0.0, 0.0, 0.0]","[""2026-07-18"", ""2026-07-19"", ""2026-07-20""]",Excellent,1,NaiveLastValue,68.0,2026-07-17 13:17
62526863,2,ExtraTreesRegressor,0.0,0.0,"[0.0, 0.0]","[""2026-07-18"", ""2026-07-19""]",Excellent,1,NaiveLastValue,68.0,2026-07-17 13:17
62526863,3,ExtraTreesRegressor,0.0,0.0,"[0.0, 0.0, 0.0]","[""2026-07-18"", ""2026-07-19"", ""2026-07-20""]",Excellent,1,NaiveLastValue,68.0,2026-07-17 13:17
730626,2,RecentWeightedAverage,89.292,0.0,"[0.0, 0.0]","[""2026-07-18"", ""2026-07-19""]",Unreliable,0,,68.0,2026-07-17 13:17
730626,3,ZeroForecast,100.0,0.0,"[0.0, 0.0, 0.0]","[""2026-07-18"", ""2026-07-19"", ""2026-07-20""]",Unreliable,0,,68.0,2026-07-17 13:17
7510921,2,LastNonZero,84.635,6.492,"[3.246, 3.246]","[""2026-07-18"", ""2026-07-19""]",Unreliable,0,,68.0,2026-07-17 13:17
7510921,3,MovingAverage_8,93.252,0.0,"[0.0, 0.0, 0.0]","[""2026-07-18"", ""2026-07-19"", ""2026-07-20""]",Unreliable,0,,68.0,2026-07-17 13:17
8290076,2,SeasonalNaive_52,85.714,0.0,"[0.0, 0.0]","[""2026-07-18"", ""2026-07-19""]",Unreliable,0,,68.0,2026-07-17 13:17
8290076,3,SeasonalNaive_52,83.333,1.458,"[0.0, 0.0, 1.458]","[""2026-07-18"", ""2026-07-19"", ""2026-07-20""]",Unreliable,0,,68.0,2026-07-17 13:17
700PGS25,2,arima,100.0,0.0016820528743455368,"[0.0008410264371727684, 0.0008410264371727684]","[""2026-07-18"", ""2026-07-19""]",Unreliable,0,,68.0,2026-07-17 13:17
700PGS25,3,NaiveLastValue,100.0,0.0,"[0.0, 0.0, 0.0]","[""2026-07-18"", ""2026-07-19"", ""2026-07-20""]",Unreliable,0,,68.0,2026-07-17 13:17
700PGSAQ,2,arima,99.997,0.0009756428855603734,"[0.0004878214427801867, 0.0004878214427801867]","[""2026-07-18"", ""2026-07-19""]",Unreliable,0,,68.0,2026-07-17 13:17
700PGSAQ,3,NaiveLastValue,100.0,0.0,"[0.0, 0.0, 0.0]","[""2026-07-18"", ""2026-07-19"", ""2026-07-20""]",Unreliable,0,,68.0,2026-07-17 13:17
7458070,2,ADIDA_8,88.356,0.00018169918559091114,"[9.084959279545557e-05, 9.084959279545557e-05]","[""2026-07-18"", ""2026-07-19""]",Unreliable,0,,68.0,2026-07-17 13:17
7458070,3,ZeroForecast,100.0,0.0,"[0.0, 0.0, 0.0]","[""2026-07-18"", ""2026-07-19"", ""2026-07-20""]",Unreliable,0,,68.0,2026-07-17 13:17
7510922,2,NaiveLastValue,70.315,0.0,"[0.0, 0.0]","[""2026-07-18"", ""2026-07-19""]",Poor,0,,68.0,2026-07-17 13:17
7510922,3,ZeroForecast,100.0,0.0,"[0.0, 0.0, 0.0]","[""2026-07-18"", ""2026-07-19"", ""2026-07-20""]",Unreliable,0,,68.0,2026-07-17 13:17
8290131,2,LastNonZero,86.667,9.6,"[4.8, 4.8]","[""2026-07-18"", ""2026-07-19""]",Unreliable,0,,68.0,2026-07-17 13:17
8290131,3,SeasonalNaive_52,86.047,1.44,"[0.0, 0.0, 1.44]","[""2026-07-18"", ""2026-07-19"", ""2026-07-20""]",Unreliable,0,,68.0,2026-07-17 13:17
8290133,2,HuberRegressor,100.0,7.182526143425666e-07,"[3.595263116876266e-07, 3.587263026549401e-07]","[""2026-07-18"", ""2026-07-19""]",Unreliable,0,,68.0,2026-07-17 13:17
8290133,3,HuberRegressor,100.0,1.0761789079648203e-06,"[3.595263116876266e-07, 3.587263026549401e-07, 3.5792629362225357e-07]","[""2026-07-18"", ""2026-07-19"", ""2026-07-20""]",Unreliable,0,,68.0,2026-07-17 13:17
8290140,2,SBA_alpha_01,87.697,1.1936945245853592,"[0.5968472622926796, 0.5968472622926796]","[""2026-07-18"", ""2026-07-19""]",Unreliable,0,,68.0,2026-07-17 13:17
8290140,3,SBA_alpha_01,95.174,1.7905417868780389,"[0.5968472622926796, 0.5968472622926796, 0.5968472622926796]","[""2026-07-18"", ""2026-07-19"", ""2026-07-20""]",Unreliable,0,,68.0,2026-07-17 13:17
8290077,2,HistGradientBoostingRegressor,77.504,0.01063314598187838,"[0.0, 0.01063314598187838]","[""2026-07-18"", ""2026-07-19""]",Unreliable,0,,68.0,2026-07-17 13:17
8290077,3,HistGradientBoostingRegressor,85.567,0.35687367379742096,"[0.0, 0.01063314598187838, 0.3462405278155426]","[""2026-07-18"", ""2026-07-19"", ""2026-07-20""]",Unreliable,0,,68.0,2026-07-17 13:17
8290144,2,LastNonZero,80.0,3.5279999999999996,"[1.7639999999999998, 1.7639999999999998]","[""2026-07-18"", ""2026-07-19""]",Unreliable,0,,68.0,2026-07-17 13:17
8290144,3,arima,91.412,2.1081858878316093,"[0.7027286292772031, 0.7027286292772031, 0.7027286292772031]","[""2026-07-18"", ""2026-07-19"", ""2026-07-20""]",Unreliable,0,,68.0,2026-07-17 13:17
8290150,2,SeasonalNaive_52,76.471,0.0,"[0.0, 0.0]","[""2026-07-18"", ""2026-07-19""]",Unreliable,0,,68.0,2026-07-17 13:17
8290150,3,SeasonalNaive_52,73.333,3.84,"[0.0, 0.0, 3.84]","[""2026-07-18"", ""2026-07-19"", ""2026-07-20""]",Poor,0,,68.0,2026-07-17 13:17
8290159,2,ExtraTreesRegressor,84.706,0.0,"[0.0, 0.0]","[""2026-07-18"", ""2026-07-19""]",Unreliable,0,,68.0,2026-07-17 13:17
8290159,3,MovingAverage_4,94.718,0.0,"[0.0, 0.0, 0.0]","[""2026-07-18"", ""2026-07-19"", ""2026-07-20""]",Unreliable,0,,68.0,2026-07-17 13:17
8290219,2,RandomForestRegressor,93.208,4.5360000000000005,"[2.2680000000000002, 2.2680000000000002]","[""2026-07-18"", ""2026-07-19""]",Unreliable,0,,68.0,2026-07-17 13:17
8290219,3,TwoStage_ET_ET,99.702,5.1541636407532945,"[1.7176526174359306, 1.7216783115517644, 1.7148327117655993]","[""2026-07-18"", ""2026-07-19"", ""2026-07-20""]",Unreliable,0,,68.0,2026-07-17 13:17
8290221,2,arima,79.596,0.6735656357196065,"[0.33678281785980324, 0.33678281785980324]","[""2026-07-18"", ""2026-07-19""]",Unreliable,0,,68.0,2026-07-17 13:17
8290221,3,arima,90.208,1.0103484535794096,"[0.33678281785980324, 0.33678281785980324, 0.33678281785980324]","[""2026-07-18"", ""2026-07-19"", ""2026-07-20""]",Unreliable,0,,68.0,2026-07-17 13:17
997842,2,CrostonStyle,100.0,0.8022219617197692,"[0.4011109808598846, 0.4011109808598846]","[""2026-07-18"", ""2026-07-19""]",Unreliable,0,,68.0,2026-07-17 13:17
997842,3,NaiveLastValue,100.0,0.0,"[0.0, 0.0, 0.0]","[""2026-07-18"", ""2026-07-19"", ""2026-07-20""]",Unreliable,0,,68.0,2026-07-17 13:17
998196,2,TwoStage_Logistic_Huber,75.833,0.09380563189812764,"[0.09380563189812764, 0.0]","[""2026-07-18"", ""2026-07-19""]",Unreliable,0,,68.0,2026-07-17 13:17
998196,3,TwoStage_Logistic_Huber,81.001,0.09380563189812764,"[0.09380563189812764, 0.0, 0.0]","[""2026-07-18"", ""2026-07-19"", ""2026-07-20""]",Unreliable,0,,68.0,2026-07-17 13:17
8290243,2,SeasonalNaive_52,76.042,0.0,"[0.0, 0.0]","[""2026-07-18"", ""2026-07-19""]",Unreliable,0,,68.0,2026-07-17 13:17
8290243,3,SeasonalNaive_52,71.681,0.0,"[0.0, 0.0, 0.0]","[""2026-07-18"", ""2026-07-19"", ""2026-07-20""]",Poor,0,,68.0,2026-07-17 13:17
999982,2,RandomForestRegressor,53.25,1.5232000000000008,"[0.7616000000000004, 0.7616000000000004]","[""2026-07-18"", ""2026-07-19""]",Fair,0,,68.0,2026-07-17 13:17
999982,3,RandomForestRegressor,72.6,2.284800000000001,"[0.7616000000000004, 0.7616000000000004, 0.7616000000000004]","[""2026-07-18"", ""2026-07-19"", ""2026-07-20""]",Poor,0,,68.0,2026-07-17 13:17
8290268,2,MovingAverage_4,78.846,0.0,"[0.0, 0.0]","[""2026-07-18"", ""2026-07-19""]",Unreliable,0,,68.0,2026-07-17 13:17
8290268,3,MovingAverage_4,93.939,0.0,"[0.0, 0.0, 0.0]","[""2026-07-18"", ""2026-07-19"", ""2026-07-20""]",Unreliable,0,,68.0,2026-07-17 13:17
8290237,2,ADIDA_8,95.295,7.277563199559566,"[3.638781599779783, 3.638781599779783]","[""2026-07-18"", ""2026-07-19""]",Unreliable,0,,68.0,2026-07-17 13:17
8290237,3,ZeroForecast,100.0,0.0,"[0.0, 0.0, 0.0]","[""2026-07-18"", ""2026-07-19"", ""2026-07-20""]",Unreliable,0,,68.0,2026-07-17 13:17
ABFNATUREADULT80,2,ExtraTreesRegressor,0.0,0.0,"[0.0, 0.0]","[""2026-07-18"", ""2026-07-19""]",Excellent,1,NaiveLastValue,68.0,2026-07-17 13:17
ABFNATUREADULT80,3,ExtraTreesRegressor,0.0,0.0,"[0.0, 0.0, 0.0]","[""2026-07-18"", ""2026-07-19"", ""2026-07-20""]",Excellent,1,NaiveLastValue,68.0,2026-07-17 13:17
8290240,2,SeasonalNaive_52,70.0,0.0,"[0.0, 0.0]","[""2026-07-18"", ""2026-07-19""]",Poor,0,,68.0,2026-07-17 13:17
8290240,3,RandomForestRegressor,89.158,5.483999999999999,"[1.7579999999999996, 1.89, 1.8359999999999999]","[""2026-07-18"", ""2026-07-19"", ""2026-07-20""]",Unreliable,0,,68.0,2026-07-17 13:17
ABFNATUREAE80,2,ExtraTreesRegressor,0.0,0.0,"[0.0, 0.0]","[""2026-07-18"", ""2026-07-19""]",Excellent,1,NaiveLastValue,68.0,2026-07-17 13:17
ABFNATUREAE80,3,ExtraTreesRegressor,0.0,0.0,"[0.0, 0.0, 0.0]","[""2026-07-18"", ""2026-07-19"", ""2026-07-20""]",Excellent,1,NaiveLastValue,68.0,2026-07-17 13:17
ABFNATURECAT80,2,ExtraTreesRegressor,0.0,0.0,"[0.0, 0.0]","[""2026-07-18"", ""2026-07-19""]",Excellent,1,NaiveLastValue,68.0,2026-07-17 13:17
ABFNATURECAT80,3,ExtraTreesRegressor,0.0,0.0,"[0.0, 0.0, 0.0]","[""2026-07-18"", ""2026-07-19"", ""2026-07-20""]",Excellent,1,NaiveLastValue,68.0,2026-07-17 13:17
ABFNATUREJR80,2,ExtraTreesRegressor,0.0,0.0,"[0.0, 0.0]","[""2026-07-18"", ""2026-07-19""]",Excellent,1,NaiveLastValue,68.0,2026-07-17 13:17
ABFNATUREJR80,3,ExtraTreesRegressor,0.0,0.0,"[0.0, 0.0, 0.0]","[""2026-07-18"", ""2026-07-19"", ""2026-07-20""]",Excellent,1,NaiveLastValue,68.0,2026-07-17 13:17
900483,2,TwoStage_ET_ET,54.636,1.0702511514219757,"[0.5358992589490887, 0.5343518924728871]","[""2026-07-18"", ""2026-07-19""]",Fair,0,,68.0,2026-07-17 13:17
900483,3,NaiveLastValue,100.0,0.0,"[0.0, 0.0, 0.0]","[""2026-07-18"", ""2026-07-19"", ""2026-07-20""]",Unreliable,0,,68.0,2026-07-17 13:17
ABFPREMIUMCF80,2,ExtraTreesRegressor,0.0,0.0,"[0.0, 0.0]","[""2026-07-18"", ""2026-07-19""]",Excellent,1,NaiveLastValue,68.0,2026-07-17 13:17
ABFPREMIUMCF80,3,ExtraTreesRegressor,0.0,0.0,"[0.0, 0.0, 0.0]","[""2026-07-18"", ""2026-07-19"", ""2026-07-20""]",Excellent,1,NaiveLastValue,68.0,2026-07-17 13:17
ABFPREMIUMGF80,2,ExtraTreesRegressor,0.0,0.0,"[0.0, 0.0]","[""2026-07-18"", ""2026-07-19""]",Excellent,1,NaiveLastValue,68.0,2026-07-17 13:17
ABFPREMIUMGF80,3,ExtraTreesRegressor,0.0,0.0,"[0.0, 0.0, 0.0]","[""2026-07-18"", ""2026-07-19"", ""2026-07-20""]",Excellent,1,NaiveLastValue,68.0,2026-07-17 13:17
ABFPREMIUMHIPO80,2,ExtraTreesRegressor,0.0,0.0,"[0.0, 0.0]","[""2026-07-18"", ""2026-07-19""]",Excellent,1,NaiveLastValue,68.0,2026-07-17 13:17
ABFPREMIUMHIPO80,3,ExtraTreesRegressor,0.0,0.0,"[0.0, 0.0, 0.0]","[""2026-07-18"", ""2026-07-19"", ""2026-07-20""]",Excellent,1,NaiveLastValue,68.0,2026-07-17 13:17
ABFPREMIUMRGCF80,2,ExtraTreesRegressor,0.0,0.0,"[0.0, 0.0]","[""2026-07-18"", ""2026-07-19""]",Excellent,1,NaiveLastValue,68.0,2026-07-17 13:17
ABFPREMIUMRGCF80,3,ExtraTreesRegressor,0.0,0.0,"[0.0, 0.0, 0.0]","[""2026-07-18"", ""2026-07-19"", ""2026-07-20""]",Excellent,1,NaiveLastValue,68.0,2026-07-17 13:17
ABFPREMIUMSA80,2,ExtraTreesRegressor,0.0,0.0,"[0.0, 0.0]","[""2026-07-18"", ""2026-07-19""]",Excellent,1,NaiveLastValue,68.0,2026-07-17 13:17
ABFPREMIUMSA80,3,ExtraTreesRegressor,0.0,0.0,"[0.0, 0.0, 0.0]","[""2026-07-18"", ""2026-07-19"", ""2026-07-20""]",Excellent,1,NaiveLastValue,68.0,2026-07-17 13:17
873824,2,TwoStage_ET_ET,66.263,17.841444157529622,"[8.92028924436348, 8.921154913166141]","[""2026-07-18"", ""2026-07-19""]",Poor,0,,68.0,2026-07-17 13:17
873824,3,TwoStage_ET_ET,57.824,26.763477328827047,"[8.92028924436348, 8.921154913166141, 8.922033171297427]","[""2026-07-18"", ""2026-07-19"", ""2026-07-20""]",Poor,0,,68.0,2026-07-17 13:17
AENERGYPETPLUS80,2,TwoStage_ET_ET,97.966,0.00020888955904216382,"[0.00010453322512785647, 0.00010435633391430737]","[""2026-07-18"", ""2026-07-19""]",Unreliable,0,,68.0,2026-07-17 13:17
AENERGYPETPLUS80,3,NaiveLastValue,100.0,0.0,"[0.0, 0.0, 0.0]","[""2026-07-18"", ""2026-07-19"", ""2026-07-20""]",Unreliable,0,,68.0,2026-07-17 13:17
AGRIBARADULTO4,2,arima,99.998,0.0348512297536251,"[0.01742561487681255, 0.01742561487681255]","[""2026-07-18"", ""2026-07-19""]",Unreliable,0,,68.0,2026-07-17 13:17
AGRIBARADULTO4,3,NaiveLastValue,100.0,0.0,"[0.0, 0.0, 0.0]","[""2026-07-18"", ""2026-07-19"", ""2026-07-20""]",Unreliable,0,,68.0,2026-07-17 13:17
AGRIBARAE20,2,arima,99.999,0.096386054745937,"[0.0481930273729685, 0.0481930273729685]","[""2026-07-18"", ""2026-07-19""]",Unreliable,0,,68.0,2026-07-17 13:17
AGRIBARAE20,3,NaiveLastValue,100.0,0.0,"[0.0, 0.0, 0.0]","[""2026-07-18"", ""2026-07-19"", ""2026-07-20""]",Unreliable,0,,68.0,2026-07-17 13:17
AGRIBARAEPREMIUM20,2,arima,99.999,0.06976201367611552,"[0.03488100683805776, 0.03488100683805776]","[""2026-07-18"", ""2026-07-19""]",Unreliable,0,,68.0,2026-07-17 13:17
AGRIBARAEPREMIUM20,3,NaiveLastValue,100.0,0.0,"[0.0, 0.0, 0.0]","[""2026-07-18"", ""2026-07-19"", ""2026-07-20""]",Unreliable,0,,68.0,2026-07-17 13:17
AGRIBARADULTO20,2,arima,99.989,0.3902791123159888,"[0.1951395561579944, 0.1951395561579944]","[""2026-07-18"", ""2026-07-19""]",Unreliable,0,,68.0,2026-07-17 13:17
AGRIBARADULTO20,3,NaiveLastValue,100.0,0.0,"[0.0, 0.0, 0.0]","[""2026-07-18"", ""2026-07-19"", ""2026-07-20""]",Unreliable,0,,68.0,2026-07-17 13:17
AGRIBARGATO4,2,arima,99.996,0.2390374733084612,"[0.1195187366542306, 0.1195187366542306]","[""2026-07-18"", ""2026-07-19""]",Unreliable,0,,68.0,2026-07-17 13:17
AGRIBARGATO4,3,NaiveLastValue,100.0,0.0,"[0.0, 0.0, 0.0]","[""2026-07-18"", ""2026-07-19"", ""2026-07-20""]",Unreliable,0,,68.0,2026-07-17 13:17
AGRIBARJR20,2,arima,99.999,0.061206034212640745,"[0.030603017106320372, 0.030603017106320372]","[""2026-07-18"", ""2026-07-19""]",Unreliable,0,,68.0,2026-07-17 13:17
AGRIBARJR20,3,NaiveLastValue,100.0,0.0,"[0.0, 0.0, 0.0]","[""2026-07-18"", ""2026-07-19"", ""2026-07-20""]",Unreliable,0,,68.0,2026-07-17 13:17
AGRIBARJR4,2,arima,99.999,0.0331325457804039,"[0.01656627289020195, 0.01656627289020195]","[""2026-07-18"", ""2026-07-19""]",Unreliable,0,,68.0,2026-07-17 13:17
AGRIBARJR4,3,NaiveLastValue,100.0,0.0,"[0.0, 0.0, 0.0]","[""2026-07-18"", ""2026-07-19"", ""2026-07-20""]",Unreliable,0,,68.0,2026-07-17 13:17
AGUILARAE20,2,arima,99.994,0.2727897207313942,"[0.1363948603656971, 0.1363948603656971]","[""2026-07-18"", ""2026-07-19""]",Unreliable,0,,68.0,2026-07-17 13:17
AGUILARAE20,3,NaiveLastValue,100.0,0.0,"[0.0, 0.0, 0.0]","[""2026-07-18"", ""2026-07-19"", ""2026-07-20""]",Unreliable,0,,68.0,2026-07-17 13:17
AHAPPYMEDADULTOSARDINHA70,2,RandomForestRegressor,77.333,0.0,"[0.0, 0.0]","[""2026-07-18"", ""2026-07-19""]",Unreliable,0,,68.0,2026-07-17 13:17
AHAPPYMEDADULTOSARDINHA70,3,ExtraTreesRegressor,87.5,0.0,"[0.0, 0.0, 0.0]","[""2026-07-18"", ""2026-07-19"", ""2026-07-20""]",Unreliable,0,,68.0,2026-07-17 13:17
AGRIVILMIX20,2,arima,99.996,0.29615664430383964,"[0.14807832215191982, 0.14807832215191982]","[""2026-07-18"", ""2026-07-19""]",Unreliable,0,,68.0,2026-07-17 13:17
AGRIVILMIX20,3,HuberRegressor,100.0,0.0,"[0.0, 0.0, 0.0]","[""2026-07-18"", ""2026-07-19"", ""2026-07-20""]",Unreliable,0,,68.0,2026-07-17 13:17
AGRIBARREGULAR20,2,SeasonalNaive_52,75.385,0.0,"[0.0, 0.0]","[""2026-07-18"", ""2026-07-19""]",Unreliable,0,,68.0,2026-07-17 13:17
AGRIBARREGULAR20,3,SeasonalNaive_52,64.706,0.0,"[0.0, 0.0, 0.0]","[""2026-07-18"", ""2026-07-19"", ""2026-07-20""]",Poor,0,,68.0,2026-07-17 13:17
ALIMERKAADULTO10,2,HistGradientBoostingRegressor,98.321,0.0,"[0.0, 0.0]","[""2026-07-18"", ""2026-07-19""]",Unreliable,0,,68.0,2026-07-17 13:17
ALIMERKAADULTO10,3,NaiveLastValue,100.0,0.0,"[0.0, 0.0, 0.0]","[""2026-07-18"", ""2026-07-19"", ""2026-07-20""]",Unreliable,0,,68.0,2026-07-17 13:17
ALIPETADULTOMBVG10,2,NaiveLastValue,100.0,0.0,"[0.0, 0.0]","[""2026-07-18"", ""2026-07-19""]",Unreliable,0,,68.0,2026-07-17 13:17
ALIPETADULTOMBVG10,3,NaiveLastValue,100.0,0.0,"[0.0, 0.0, 0.0]","[""2026-07-18"", ""2026-07-19"", ""2026-07-20""]",Unreliable,0,,68.0,2026-07-17 13:17
ALIPETADULTOCH20,2,ExtraTreesRegressor,0.0,0.0,"[0.0, 0.0]","[""2026-07-18"", ""2026-07-19""]",Excellent,1,NaiveLastValue,68.0,2026-07-17 13:17
ALIPETADULTOCH20,3,ExtraTreesRegressor,0.0,0.0,"[0.0, 0.0, 0.0]","[""2026-07-18"", ""2026-07-19"", ""2026-07-20""]",Excellent,1,NaiveLastValue,68.0,2026-07-17 13:17
ALIMERKAADULTO4,2,TwoStage_Logistic_Ridge,98.405,1.627669574860184e-08,"[8.13948818286381e-09, 8.137207565738029e-09]","[""2026-07-18"", ""2026-07-19""]",Unreliable,0,,68.0,2026-07-17 13:17
ALIMERKAADULTO4,3,NaiveLastValue,100.0,0.0,"[0.0, 0.0, 0.0]","[""2026-07-18"", ""2026-07-19"", ""2026-07-20""]",Unreliable,0,,68.0,2026-07-17 13:17
AHAPPYAE80,2,TwoStage_RF_Ridge,98.643,0.0003086097856826826,"[0.00015429545534401137, 0.00015431433033867123]","[""2026-07-18"", ""2026-07-19""]",Unreliable,0,,68.0,2026-07-17 13:17
AHAPPYAE80,3,sarima,100.0,0.0,"[0.0, 0.0, 0.0]","[""2026-07-18"", ""2026-07-19"", ""2026-07-20""]",Unreliable,0,,68.0,2026-07-17 13:17
ALIPETGATOP20,2,TwoStage_Logistic_Huber,0.0,0.0,"[0.0, 0.0]","[""2026-07-18"", ""2026-07-19""]",Excellent,1,NaiveLastValue,68.0,2026-07-17 13:17
ALIPETGATOP20,3,TwoStage_Logistic_Huber,0.0,0.0,"[0.0, 0.0, 0.0]","[""2026-07-18"", ""2026-07-19"", ""2026-07-20""]",Excellent,1,NaiveLastValue,68.0,2026-07-17 13:17
ALIPETGATOMB18,2,arima,99.991,0.047526823236754244,"[0.023763411618377122, 0.023763411618377122]","[""2026-07-18"", ""2026-07-19""]",Unreliable,0,,68.0,2026-07-17 13:17
ALIPETGATOMB18,3,HuberRegressor,100.0,0.0,"[0.0, 0.0, 0.0]","[""2026-07-18"", ""2026-07-19"", ""2026-07-20""]",Unreliable,0,,68.0,2026-07-17 13:17
ALIPETMIX20,2,arima,99.993,0.0369210894106036,"[0.0184605447053018, 0.0184605447053018]","[""2026-07-18"", ""2026-07-19""]",Unreliable,0,,68.0,2026-07-17 13:17
ALIPETMIX20,3,HuberRegressor,99.987,0.0,"[0.0, 0.0, 0.0]","[""2026-07-18"", ""2026-07-19"", ""2026-07-20""]",Unreliable,0,,68.0,2026-07-17 13:17
AMIGO10,2,HistGradientBoostingRegressor,77.373,6.652917753482463,"[4.324925817995621, 2.327991935486842]","[""2026-07-18"", ""2026-07-19""]",Unreliable,0,,68.0,2026-07-17 13:17
AMIGO10,3,ZeroForecast,100.0,0.0,"[0.0, 0.0, 0.0]","[""2026-07-18"", ""2026-07-19"", ""2026-07-20""]",Unreliable,0,,68.0,2026-07-17 13:17
ALIPETADULTO20,2,TwoStage_ET_ET,32.164,8.332170708063089,"[4.4919153951059805, 3.840255312957108]","[""2026-07-18"", ""2026-07-19""]",Good,0,,68.0,2026-07-17 13:17
ALIPETADULTO20,3,TwoStage_ET_ET,48.953,11.448481145298294,"[4.4919153951059805, 3.840255312957108, 3.1163104372352044]","[""2026-07-18"", ""2026-07-19"", ""2026-07-20""]",Fair,0,,68.0,2026-07-17 13:17
AMISTADCATMEAT20,2,NaiveLastValue,100.0,0.0,"[0.0, 0.0]","[""2026-07-18"", ""2026-07-19""]",Unreliable,0,,68.0,2026-07-17 13:17
AMISTADCATMEAT20,3,NaiveLastValue,100.0,0.0,"[0.0, 0.0, 0.0]","[""2026-07-18"", ""2026-07-19"", ""2026-07-20""]",Unreliable,0,,68.0,2026-07-17 13:17
AMIGO18,2,MovingAverage_8,67.282,2.6729999999999996,"[1.3364999999999998, 1.3364999999999998]","[""2026-07-18"", ""2026-07-19""]",Poor,0,,68.0,2026-07-17 13:17
AMIGO18,3,ZeroForecast,100.0,0.0,"[0.0, 0.0, 0.0]","[""2026-07-18"", ""2026-07-19"", ""2026-07-20""]",Unreliable,0,,68.0,2026-07-17 13:17
ALIPETGATO20,2,ADIDAStyle_4,62.656,13.221509999999999,"[6.610754999999999, 6.610754999999999]","[""2026-07-18"", ""2026-07-19""]",Poor,0,,68.0,2026-07-17 13:17
ALIPETGATO20,3,TwoStage_RF_Ridge,70.229,22.786305872918582,"[8.189534973643582, 7.545329235033981, 7.051441664241017]","[""2026-07-18"", ""2026-07-19"", ""2026-07-20""]",Poor,0,,68.0,2026-07-17 13:17
ANANDABASICHM18,2,GradientBoostingRegressor,0.0,0.0,"[0.0, 0.0]","[""2026-07-18"", ""2026-07-19""]",Excellent,1,NaiveLastValue,68.0,2026-07-17 13:17
ANANDABASICHM18,3,GradientBoostingRegressor,0.0,0.0,"[0.0, 0.0, 0.0]","[""2026-07-18"", ""2026-07-19"", ""2026-07-20""]",Excellent,1,NaiveLastValue,68.0,2026-07-17 13:17
ALIPETGATOMIX20,2,TwoStage_RF_RF,92.689,13.200979729697805,"[6.631638847588903, 6.569340882108902]","[""2026-07-18"", ""2026-07-19""]",Unreliable,0,,68.0,2026-07-17 13:17
ALIPETGATOMIX20,3,arima,97.075,7.304843202562573,"[2.4349477341875243, 2.4349477341875243, 2.4349477341875243]","[""2026-07-18"", ""2026-07-19"", ""2026-07-20""]",Unreliable,0,,68.0,2026-07-17 13:17
ANANDABASICMB18LCG,2,NaiveLastValue,100.0,0.0,"[0.0, 0.0]","[""2026-07-18"", ""2026-07-19""]",Unreliable,0,,68.0,2026-07-17 13:17
ANANDABASICMB18LCG,3,NaiveLastValue,100.0,0.0,"[0.0, 0.0, 0.0]","[""2026-07-18"", ""2026-07-19"", ""2026-07-20""]",Unreliable,0,,68.0,2026-07-17 13:17
AMIGO4,2,GradientBoostingRegressor,70.682,7.091476321620665,"[5.891282955986285, 1.2001933656343804]","[""2026-07-18"", ""2026-07-19""]",Poor,0,,68.0,2026-07-17 13:17
AMIGO4,3,HistGradientBoostingRegressor,87.798,7.7169695235445,"[1.4366468730241977, 3.07517089767736, 3.2051517528429425]","[""2026-07-18"", ""2026-07-19"", ""2026-07-20""]",Unreliable,0,,68.0,2026-07-17 13:17
ANANDABASICMV18LCG,2,NaiveLastValue,100.0,0.0,"[0.0, 0.0]","[""2026-07-18"", ""2026-07-19""]",Unreliable,0,,68.0,2026-07-17 13:17
ANANDABASICMV18LCG,3,NaiveLastValue,100.0,0.0,"[0.0, 0.0, 0.0]","[""2026-07-18"", ""2026-07-19"", ""2026-07-20""]",Unreliable,0,,68.0,2026-07-17 13:17
ANANDABASICMV20JCR,2,NaiveLastValue,100.0,0.0,"[0.0, 0.0]","[""2026-07-18"", ""2026-07-19""]",Unreliable,0,,68.0,2026-07-17 13:17
ANANDABASICMV20JCR,3,NaiveLastValue,100.0,0.0,"[0.0, 0.0, 0.0]","[""2026-07-18"", ""2026-07-19"", ""2026-07-20""]",Unreliable,0,,68.0,2026-07-17 13:17
ANANDABASICMB18,2,ExtraTreesRegressor,0.0,0.0,"[0.0, 0.0]","[""2026-07-18"", ""2026-07-19""]",Excellent,1,NaiveLastValue,68.0,2026-07-17 13:17
ANANDABASICMB18,3,ExtraTreesRegressor,0.0,0.0,"[0.0, 0.0, 0.0]","[""2026-07-18"", ""2026-07-19"", ""2026-07-20""]",Excellent,1,NaiveLastValue,68.0,2026-07-17 13:17
ANANDAAEMV20HON,2,TwoStage_RF_RF,100.0,0.0011358281397254007,"[0.0005684337127399358, 0.0005673944269854649]","[""2026-07-18"", ""2026-07-19""]",Unreliable,0,,68.0,2026-07-17 13:17
ANANDAAEMV20HON,3,NaiveLastValue,100.0,0.0,"[0.0, 0.0, 0.0]","[""2026-07-18"", ""2026-07-19"", ""2026-07-20""]",Unreliable,0,,68.0,2026-07-17 13:17
ANANDAAEMB20PLM,2,arima,99.963,0.30256843233708325,"[0.15128421616854162, 0.15128421616854162]","[""2026-07-18"", ""2026-07-19""]",Unreliable,0,,68.0,2026-07-17 13:17
ANANDAAEMB20PLM,3,NaiveLastValue,100.0,0.0,"[0.0, 0.0, 0.0]","[""2026-07-18"", ""2026-07-19"", ""2026-07-20""]",Unreliable,0,,68.0,2026-07-17 13:17
ANANDAAE18,2,TwoStage_ET_ET,90.273,1.914746318712658,"[0.957359401116582, 0.9573869175960761]","[""2026-07-18"", ""2026-07-19""]",Unreliable,0,,68.0,2026-07-17 13:17
ANANDAAE18,3,HuberRegressor,100.0,4.838669042913318e-08,"[1.6129530672411628e-08, 1.612889680971106e-08, 1.612826294701049e-08]","[""2026-07-18"", ""2026-07-19"", ""2026-07-20""]",Unreliable,0,,68.0,2026-07-17 13:17
ANANDABASICMB20HON,2,arima,99.983,0.9924158536544245,"[0.49620792682721226, 0.49620792682721226]","[""2026-07-18"", ""2026-07-19""]",Unreliable,0,,68.0,2026-07-17 13:17
ANANDABASICMB20HON,3,HuberRegressor,100.0,0.0,"[0.0, 0.0, 0.0]","[""2026-07-18"", ""2026-07-19"", ""2026-07-20""]",Unreliable,0,,68.0,2026-07-17 13:17
ANANDABASICMV20PLM,2,arima,99.964,0.2756912792330708,"[0.1378456396165354, 0.1378456396165354]","[""2026-07-18"", ""2026-07-19""]",Unreliable,0,,68.0,2026-07-17 13:17
ANANDABASICMV20PLM,3,NaiveLastValue,100.0,0.0,"[0.0, 0.0, 0.0]","[""2026-07-18"", ""2026-07-19"", ""2026-07-20""]",Unreliable,0,,68.0,2026-07-17 13:17
ARTIFACTCATKITTENMB20,2,ExtraTreesRegressor,0.0,0.0,"[0.0, 0.0]","[""2026-07-18"", ""2026-07-19""]",Excellent,1,NaiveLastValue,68.0,2026-07-17 13:17
ARTIFACTCATKITTENMB20,3,ExtraTreesRegressor,0.0,0.0,"[0.0, 0.0, 0.0]","[""2026-07-18"", ""2026-07-19"", ""2026-07-20""]",Excellent,1,NaiveLastValue,68.0,2026-07-17 13:17
ANANDAGATOMB20HON,2,arima,99.991,0.2119468811221451,"[0.10597344056107255, 0.10597344056107255]","[""2026-07-18"", ""2026-07-19""]",Unreliable,0,,68.0,2026-07-17 13:17
ANANDAGATOMB20HON,3,NaiveLastValue,100.0,0.0,"[0.0, 0.0, 0.0]","[""2026-07-18"", ""2026-07-19"", ""2026-07-20""]",Unreliable,0,,68.0,2026-07-17 13:17
ANANDAGATO18,2,arima,87.72,1.0753159020422154,"[0.5376579510211077, 0.5376579510211077]","[""2026-07-18"", ""2026-07-19""]",Unreliable,0,,68.0,2026-07-17 13:17
ANANDAGATO18,3,arima,94.595,1.612973853063323,"[0.5376579510211077, 0.5376579510211077, 0.5376579510211077]","[""2026-07-18"", ""2026-07-19"", ""2026-07-20""]",Unreliable,0,,68.0,2026-07-17 13:17
ARTIFACTGATOCARNE10,2,NaiveLastValue,100.0,0.0,"[0.0, 0.0]","[""2026-07-18"", ""2026-07-19""]",Unreliable,0,,68.0,2026-07-17 13:17
ARTIFACTGATOCARNE10,3,NaiveLastValue,100.0,0.0,"[0.0, 0.0, 0.0]","[""2026-07-18"", ""2026-07-19"", ""2026-07-20""]",Unreliable,0,,68.0,2026-07-17 13:17
ANANDABASIC18,2,HistGradientBoostingRegressor,73.275,1.7700446385679454,"[0.8921838470032639, 0.8778607915646814]","[""2026-07-18"", ""2026-07-19""]",Poor,0,,68.0,2026-07-17 13:17
ANANDABASIC18,3,ZeroForecast,100.0,0.0,"[0.0, 0.0, 0.0]","[""2026-07-18"", ""2026-07-19"", ""2026-07-20""]",Unreliable,0,,68.0,2026-07-17 13:17
ARTIFACTMANUTENCAO18,2,NaiveLastValue,100.0,0.0,"[0.0, 0.0]","[""2026-07-18"", ""2026-07-19""]",Unreliable,0,,68.0,2026-07-17 13:17
ARTIFACTMANUTENCAO18,3,NaiveLastValue,100.0,0.0,"[0.0, 0.0, 0.0]","[""2026-07-18"", ""2026-07-19"", ""2026-07-20""]",Unreliable,0,,68.0,2026-07-17 13:17
ANANDAJRMV20HON,2,arima,99.997,0.13502177489922543,"[0.06751088744961271, 0.06751088744961271]","[""2026-07-18"", ""2026-07-19""]",Unreliable,0,,68.0,2026-07-17 13:17
ANANDAJRMV20HON,3,NaiveLastValue,100.0,0.0,"[0.0, 0.0, 0.0]","[""2026-07-18"", ""2026-07-19"", ""2026-07-20""]",Unreliable,0,,68.0,2026-07-17 13:17
ARTIFACTGATOMIX10,2,Ridge,100.0,0.0,"[0.0, 0.0]","[""2026-07-18"", ""2026-07-19""]",Unreliable,0,,68.0,2026-07-17 13:17
ARTIFACTGATOMIX10,3,NaiveLastValue,100.0,0.0,"[0.0, 0.0, 0.0]","[""2026-07-18"", ""2026-07-19"", ""2026-07-20""]",Unreliable,0,,68.0,2026-07-17 13:17
ANANDAJR18,2,HistGradientBoostingRegressor,72.774,0.7756070325258496,"[0.3200148243805702, 0.4555922081452794]","[""2026-07-18"", ""2026-07-19""]",Poor,0,,68.0,2026-07-17 13:17
ANANDAJR18,3,HistGradientBoostingRegressor,70.817,1.4205203309471277,"[0.3200148243805702, 0.4555922081452794, 0.644913298421278]","[""2026-07-18"", ""2026-07-19"", ""2026-07-20""]",Poor,0,,68.0,2026-07-17 13:17
ARTIFACTMIX20,2,arima,100.0,0.09082019766243472,"[0.04541009883121736, 0.04541009883121736]","[""2026-07-18"", ""2026-07-19""]",Unreliable,0,,68.0,2026-07-17 13:17
ARTIFACTMIX20,3,NaiveLastValue,100.0,0.0,"[0.0, 0.0, 0.0]","[""2026-07-18"", ""2026-07-19"", ""2026-07-20""]",Unreliable,0,,68.0,2026-07-17 13:17
ARTIFACTGATOCARNE20,2,HistGradientBoostingRegressor,94.587,0.0,"[0.0, 0.0]","[""2026-07-18"", ""2026-07-19""]",Unreliable,0,,68.0,2026-07-17 13:17
ARTIFACTGATOCARNE20,3,NaiveLastValue,100.0,0.0,"[0.0, 0.0, 0.0]","[""2026-07-18"", ""2026-07-19"", ""2026-07-20""]",Unreliable,0,,68.0,2026-07-17 13:17
AVICANADULTOMIX20,2,arima,99.995,0.0034810554367054256,"[0.0017405277183527128, 0.0017405277183527128]","[""2026-07-18"", ""2026-07-19""]",Unreliable,0,,68.0,2026-07-17 13:17
AVICANADULTOMIX20,3,NaiveLastValue,100.0,0.0,"[0.0, 0.0, 0.0]","[""2026-07-18"", ""2026-07-19"", ""2026-07-20""]",Unreliable,0,,68.0,2026-07-17 13:17
ARTIFACTGATOPEIXE20,2,SeasonalNaive_52,70.588,0.0,"[0.0, 0.0]","[""2026-07-18"", ""2026-07-19""]",Poor,0,,68.0,2026-07-17 13:17
ARTIFACTGATOPEIXE20,3,SeasonalNaive_52,55.882,0.0,"[0.0, 0.0, 0.0]","[""2026-07-18"", ""2026-07-19"", ""2026-07-20""]",Poor,0,,68.0,2026-07-17 13:17
ARTIFACTGATOMIX20,2,sarima,84.682,0.0,"[0.0, 0.0]","[""2026-07-18"", ""2026-07-19""]",Unreliable,0,,68.0,2026-07-17 13:17
ARTIFACTGATOMIX20,3,ZeroForecast,100.0,0.0,"[0.0, 0.0, 0.0]","[""2026-07-18"", ""2026-07-19"", ""2026-07-20""]",Unreliable,0,,68.0,2026-07-17 13:17
AVICANAE20,2,Ridge,100.0,0.0,"[0.0, 0.0]","[""2026-07-18"", ""2026-07-19""]",Unreliable,0,,68.0,2026-07-17 13:17
AVICANAE20,3,NaiveLastValue,100.0,0.0,"[0.0, 0.0, 0.0]","[""2026-07-18"", ""2026-07-19"", ""2026-07-20""]",Unreliable,0,,68.0,2026-07-17 13:17
BALAAE20,2,,,,,,No Model,0,,,2026-07-17 13:17
BALAAE20,3,,,,,,No Model,0,,,2026-07-17 13:17
ARTIFACTMANUTENCAO20,2,TwoStage_RF_Ridge,99.998,0.42659207970381774,"[0.3185083136599827, 0.10808376604383503]","[""2026-07-18"", ""2026-07-19""]",Unreliable,0,,68.0,2026-07-17 13:17
ARTIFACTMANUTENCAO20,3,NaiveLastValue,100.0,0.0,"[0.0, 0.0, 0.0]","[""2026-07-18"", ""2026-07-19"", ""2026-07-20""]",Unreliable,0,,68.0,2026-07-17 13:17
BALAAEMB20,2,TwoStage_ET_ET,0.0,7.450870214193302e-27,"[3.725435107096651e-27, 3.725435107096651e-27]","[""2026-07-18"", ""2026-07-19""]",Excellent,1,NaiveLastValue,68.0,2026-07-17 13:17
BALAAEMB20,3,TwoStage_ET_ET,0.0,1.1176305321289954e-26,"[3.725435107096651e-27, 3.725435107096651e-27, 3.725435107096651e-27]","[""2026-07-18"", ""2026-07-19"", ""2026-07-20""]",Excellent,1,NaiveLastValue,68.0,2026-07-17 13:17
AVICANJR20,2,RandomForestRegressor,0.0,0.0,"[0.0, 0.0]","[""2026-07-18"", ""2026-07-19""]",Excellent,1,NaiveLastValue,68.0,2026-07-17 13:17
AVICANJR20,3,RandomForestRegressor,0.0,0.0,"[0.0, 0.0, 0.0]","[""2026-07-18"", ""2026-07-19"", ""2026-07-20""]",Excellent,1,NaiveLastValue,68.0,2026-07-17 13:17
AVICANGATO20,2,arima,99.986,0.0007545344733917847,"[0.00037726723669589236, 0.00037726723669589236]","[""2026-07-18"", ""2026-07-19""]",Unreliable,0,,68.0,2026-07-17 13:17
AVICANGATO20,3,NaiveLastValue,100.0,0.0,"[0.0, 0.0, 0.0]","[""2026-07-18"", ""2026-07-19"", ""2026-07-20""]",Unreliable,0,,68.0,2026-07-17 13:17
AVICANADULTO20,2,arima,99.999,0.1425475987723295,"[0.07127379938616475, 0.07127379938616475]","[""2026-07-18"", ""2026-07-19""]",Unreliable,0,,68.0,2026-07-17 13:17
AVICANADULTO20,3,NaiveLastValue,100.0,0.0,"[0.0, 0.0, 0.0]","[""2026-07-18"", ""2026-07-19"", ""2026-07-20""]",Unreliable,0,,68.0,2026-07-17 13:17
BALICATPAL18,2,ExtraTreesRegressor,0.0,0.0,"[0.0, 0.0]","[""2026-07-18"", ""2026-07-19""]",Excellent,1,NaiveLastValue,68.0,2026-07-17 13:17
BALICATPAL18,3,ExtraTreesRegressor,0.0,0.0,"[0.0, 0.0, 0.0]","[""2026-07-18"", ""2026-07-19"", ""2026-07-20""]",Excellent,1,NaiveLastValue,68.0,2026-07-17 13:17
AYALAADULTO18,2,sarima,81.574,0.0,"[0.0, 0.0]","[""2026-07-18"", ""2026-07-19""]",Unreliable,0,,68.0,2026-07-17 13:17
AYALAADULTO18,3,HuberRegressor,100.0,0.0,"[0.0, 0.0, 0.0]","[""2026-07-18"", ""2026-07-19"", ""2026-07-20""]",Unreliable,0,,68.0,2026-07-17 13:17
AYALAADULTO4,2,TwoStage_Logistic_Huber,99.807,0.30775274542094344,"[0.15367456157742762, 0.1540781838435158]","[""2026-07-18"", ""2026-07-19""]",Unreliable,0,,68.0,2026-07-17 13:17
AYALAADULTO4,3,TwoStage_Logistic_Huber,99.354,0.46223555760999624,"[0.15367456157742762, 0.1540781838435158, 0.1544828121890528]","[""2026-07-18"", ""2026-07-19"", ""2026-07-20""]",Unreliable,0,,68.0,2026-07-17 13:17
BENDOGCOMP2.5,2,Ridge,100.0,0.0,"[0.0, 0.0]","[""2026-07-18"", ""2026-07-19""]",Unreliable,0,,68.0,2026-07-17 13:17
BENDOGCOMP2.5,3,NaiveLastValue,100.0,0.0,"[0.0, 0.0, 0.0]","[""2026-07-18"", ""2026-07-19"", ""2026-07-20""]",Unreliable,0,,68.0,2026-07-17 13:17
CAMPEAOADULTO20A,2,,,,,,No Model,0,,,2026-07-17 13:17
CAMPEAOADULTO20A,3,,,,,,No Model,0,,,2026-07-17 13:17
BENCATFISH2,2,arima,100.0,0.040264210878519356,"[0.020132105439259678, 0.020132105439259678]","[""2026-07-18"", ""2026-07-19""]",Unreliable,0,,68.0,2026-07-17 13:17
BENCATFISH2,3,NaiveLastValue,100.0,0.0,"[0.0, 0.0, 0.0]","[""2026-07-18"", ""2026-07-19"", ""2026-07-20""]",Unreliable,0,,68.0,2026-07-17 13:17
CAMPEAOADULTO4A,2,,,,,,No Model,0,,,2026-07-17 13:17
CAMPEAOADULTO4A,3,,,,,,No Model,0,,,2026-07-17 13:17
BALICAT18,2,arima,99.982,0.6698357970069776,"[0.3349178985034888, 0.3349178985034888]","[""2026-07-18"", ""2026-07-19""]",Unreliable,0,,68.0,2026-07-17 13:17
BALICAT18,3,NaiveLastValue,100.0,0.0,"[0.0, 0.0, 0.0]","[""2026-07-18"", ""2026-07-19"", ""2026-07-20""]",Unreliable,0,,68.0,2026-07-17 13:17
CAMPEAOADULTOMV20PG,2,sarima,92.788,0.0,"[0.0, 0.0]","[""2026-07-18"", ""2026-07-19""]",Unreliable,0,,68.0,2026-07-17 13:17
CAMPEAOADULTOMV20PG,3,HuberRegressor,100.0,0.10114459891894703,"[0.03371486558178589, 0.03371486630631568, 0.03371486703084546]","[""2026-07-18"", ""2026-07-19"", ""2026-07-20""]",Unreliable,0,,68.0,2026-07-17 13:17
BENCATMEAT2,2,arima,100.0,0.04500606516294743,"[0.022503032581473716, 0.022503032581473716]","[""2026-07-18"", ""2026-07-19""]",Unreliable,0,,68.0,2026-07-17 13:17
BENCATMEAT2,3,NaiveLastValue,100.0,0.0,"[0.0, 0.0, 0.0]","[""2026-07-18"", ""2026-07-19"", ""2026-07-20""]",Unreliable,0,,68.0,2026-07-17 13:17
CAMPEAOADULTOOVO20A,2,,,,,,No Model,0,,,2026-07-17 13:17
CAMPEAOADULTOOVO20A,3,,,,,,No Model,0,,,2026-07-17 13:17
BENCATMIX2,2,arima,100.0,0.05310569025700989,"[0.026552845128504945, 0.026552845128504945]","[""2026-07-18"", ""2026-07-19""]",Unreliable,0,,68.0,2026-07-17 13:17
BENCATMIX2,3,NaiveLastValue,100.0,0.0,"[0.0, 0.0, 0.0]","[""2026-07-18"", ""2026-07-19"", ""2026-07-20""]",Unreliable,0,,68.0,2026-07-17 13:17
BENMAINTMIX2.5,2,arima,100.0,0.01534018368046918,"[0.00767009184023459, 0.00767009184023459]","[""2026-07-18"", ""2026-07-19""]",Unreliable,0,,68.0,2026-07-17 13:17
BENMAINTMIX2.5,3,NaiveLastValue,100.0,0.0,"[0.0, 0.0, 0.0]","[""2026-07-18"", ""2026-07-19"", ""2026-07-20""]",Unreliable,0,,68.0,2026-07-17 13:17
CAMPEAOADULTOR20,2,NaiveLastValue,100.0,0.0,"[0.0, 0.0]","[""2026-07-18"", ""2026-07-19""]",Unreliable,0,,68.0,2026-07-17 13:17
CAMPEAOADULTOR20,3,NaiveLastValue,100.0,0.0,"[0.0, 0.0, 0.0]","[""2026-07-18"", ""2026-07-19"", ""2026-07-20""]",Unreliable,0,,68.0,2026-07-17 13:17
CAMPEAOADULTOP20,2,Ridge,93.727,0.0,"[0.0, 0.0]","[""2026-07-18"", ""2026-07-19""]",Unreliable,0,,68.0,2026-07-17 13:17
CAMPEAOADULTOP20,3,ZeroForecast,100.0,0.0,"[0.0, 0.0, 0.0]","[""2026-07-18"", ""2026-07-19"", ""2026-07-20""]",Unreliable,0,,68.0,2026-07-17 13:17
CAMPEAOADULTOP4,2,TwoStage_Logistic_Huber,0.0,0.0,"[0.0, 0.0]","[""2026-07-18"", ""2026-07-19""]",Excellent,1,NaiveLastValue,68.0,2026-07-17 13:17
CAMPEAOADULTOP4,3,TwoStage_Logistic_Huber,0.0,0.0,"[0.0, 0.0, 0.0]","[""2026-07-18"", ""2026-07-19"", ""2026-07-20""]",Excellent,1,NaiveLastValue,68.0,2026-07-17 13:17
CAMPEAOADULTO20,2,SeasonalNaive_52,47.254,0.0,"[0.0, 0.0]","[""2026-07-18"", ""2026-07-19""]",Fair,0,,68.0,2026-07-17 13:17
CAMPEAOADULTO20,3,SeasonalNaive_52,48.953,15.6,"[0.0, 0.0, 15.6]","[""2026-07-18"", ""2026-07-19"", ""2026-07-20""]",Fair,0,,68.0,2026-07-17 13:17
CAMPEAOADULTOMV20,2,SeasonalNaive_52,70.0,0.0,"[0.0, 0.0]","[""2026-07-18"", ""2026-07-19""]",Poor,0,,68.0,2026-07-17 13:17
CAMPEAOADULTOMV20,3,SeasonalNaive_52,62.5,0.0,"[0.0, 0.0, 0.0]","[""2026-07-18"", ""2026-07-19"", ""2026-07-20""]",Poor,0,,68.0,2026-07-17 13:17
CAMPEAOADULTO4,2,SBA_alpha_02,95.651,0.4434680939540955,"[0.22173404697704774, 0.22173404697704774]","[""2026-07-18"", ""2026-07-19""]",Unreliable,0,,68.0,2026-07-17 13:17
CAMPEAOADULTO4,3,ZeroForecast,100.0,0.0,"[0.0, 0.0, 0.0]","[""2026-07-18"", ""2026-07-19"", ""2026-07-20""]",Unreliable,0,,68.0,2026-07-17 13:17
CAMPEAOADULTOOVO20,2,TwoStage_Logistic_Huber,95.85,1.4321984520923383,"[0.716030831501244, 0.7161676205910942]","[""2026-07-18"", ""2026-07-19""]",Unreliable,0,,68.0,2026-07-17 13:17
CAMPEAOADULTOOVO20,3,ZeroForecast,100.0,0.0,"[0.0, 0.0, 0.0]","[""2026-07-18"", ""2026-07-19"", ""2026-07-20""]",Unreliable,0,,68.0,2026-07-17 13:17
CAMPEAOAE20A,2,,,,,,No Model,0,,,2026-07-17 14:02
CAMPEAOAE20A,3,,,,,,No Model,0,,,2026-07-17 14:02
CAMPEAOBASIC15A,2,,,,,,No Model,0,,,2026-07-17 14:02
CAMPEAOBASIC15A,3,,,,,,No Model,0,,,2026-07-17 14:02
CAMPEAOAEMB20PLM,2,arima,99.987,0.0012318027358951607,"[0.0006159013679475804, 0.0006159013679475804]","[""2026-07-18"", ""2026-07-19""]",Unreliable,0,,68.0,2026-07-17 14:02
CAMPEAOAEMB20PLM,3,NaiveLastValue,100.0,0.0,"[0.0, 0.0, 0.0]","[""2026-07-18"", ""2026-07-19"", ""2026-07-20""]",Unreliable,0,,68.0,2026-07-17 14:02
CAMPEAOAEMB20PG,2,SeasonalNaive_52,74.468,0.0,"[0.0, 0.0]","[""2026-07-18"", ""2026-07-19""]",Poor,0,,68.0,2026-07-17 14:02
CAMPEAOAEMB20PG,3,SeasonalNaive_52,60.0,0.0,"[0.0, 0.0, 0.0]","[""2026-07-18"", ""2026-07-19"", ""2026-07-20""]",Poor,0,,68.0,2026-07-17 14:02
CAMPEAOAEMB20,2,ExtraTreesRegressor,73.382,0.0,"[0.0, 0.0]","[""2026-07-18"", ""2026-07-19""]",Poor,0,,68.0,2026-07-17 14:02
CAMPEAOAEMB20,3,ExtraTreesRegressor,78.747,0.0,"[0.0, 0.0, 0.0]","[""2026-07-18"", ""2026-07-19"", ""2026-07-20""]",Unreliable,0,,68.0,2026-07-17 14:02
CAMPEAOESTERIL10,2,ExtraTreesRegressor,72.727,0.012,"[0.0, 0.012]","[""2026-07-18"", ""2026-07-19""]",Poor,0,,68.0,2026-07-17 14:02
CAMPEAOESTERIL10,3,ExtraTreesRegressor,75.0,0.03309999999999999,"[0.0, 0.012, 0.021099999999999994]","[""2026-07-18"", ""2026-07-19"", ""2026-07-20""]",Poor,0,,68.0,2026-07-17 14:02
CAMPEAOAEMB20DA,2,arima,99.937,1.0931953738759004,"[0.5465976869379502, 0.5465976869379502]","[""2026-07-18"", ""2026-07-19""]",Unreliable,0,,68.0,2026-07-17 14:02
CAMPEAOAEMB20DA,3,NaiveLastValue,100.0,0.0,"[0.0, 0.0, 0.0]","[""2026-07-18"", ""2026-07-19"", ""2026-07-20""]",Unreliable,0,,68.0,2026-07-17 14:02
CAMPEAOESTERIL20,2,TwoStage_Logistic_Huber,99.162,0.03570122821189925,"[0.017836110057483208, 0.01786511815441604]","[""2026-07-18"", ""2026-07-19""]",Unreliable,0,,68.0,2026-07-17 14:02
CAMPEAOESTERIL20,3,NaiveLastValue,100.0,0.0,"[0.0, 0.0, 0.0]","[""2026-07-18"", ""2026-07-19"", ""2026-07-20""]",Unreliable,0,,68.0,2026-07-17 14:02
CAMPEAOGATO18A,2,,,,,,No Model,0,,,2026-07-17 14:02
CAMPEAOGATO18A,3,,,,,,No Model,0,,,2026-07-17 14:02
CAMPEAOBASIC15,2,GradientBoostingRegressor,85.624,0.22946461629724269,"[0.11473230814862134, 0.11473230814862134]","[""2026-07-18"", ""2026-07-19""]",Unreliable,0,,68.0,2026-07-17 14:02
CAMPEAOBASIC15,3,HistGradientBoostingRegressor,72.472,0.06748128267029141,"[0.06748128267029141, 0.0, 0.0]","[""2026-07-18"", ""2026-07-19"", ""2026-07-20""]",Poor,0,,68.0,2026-07-17 14:02
CAMPEAOAE20,2,HuberRegressor,38.867,8.161684406821983,"[4.080929853629016, 4.080754553192967]","[""2026-07-18"", ""2026-07-19""]",Fair,0,,68.0,2026-07-17 14:02
CAMPEAOAE20,3,SeasonalNaive_52,49.524,14.040000000000001,"[0.0, 0.0, 14.040000000000001]","[""2026-07-18"", ""2026-07-19"", ""2026-07-20""]",Fair,0,,68.0,2026-07-17 14:02
CAMPEAOESTERIL4,2,SeasonalNaive_52,56.522,0.0,"[0.0, 0.0]","[""2026-07-18"", ""2026-07-19""]",Poor,0,,68.0,2026-07-17 14:02
CAMPEAOESTERIL4,3,NaiveLastValue,100.0,0.0,"[0.0, 0.0, 0.0]","[""2026-07-18"", ""2026-07-19"", ""2026-07-20""]",Unreliable,0,,68.0,2026-07-17 14:02
CAMPEAOGATO1.5,2,arima,72.817,0.6248071263807187,"[0.31240356319035933, 0.31240356319035933]","[""2026-07-18"", ""2026-07-19""]",Poor,0,,68.0,2026-07-17 14:02
CAMPEAOGATO1.5,3,sarima,86.699,0.0,"[0.0, 0.0, 0.0]","[""2026-07-18"", ""2026-07-19"", ""2026-07-20""]",Unreliable,0,,68.0,2026-07-17 14:02
CAMPEAOJR20A,2,,,,,,No Model,0,,,2026-07-17 14:02
CAMPEAOJR20A,3,,,,,,No Model,0,,,2026-07-17 14:02
CAMPEAOGATO10,2,SeasonalNaive_52,62.5,0.0,"[0.0, 0.0]","[""2026-07-18"", ""2026-07-19""]",Poor,0,,68.0,2026-07-17 14:02
CAMPEAOGATO10,3,SeasonalNaive_52,56.944,1.2,"[0.0, 0.0, 1.2]","[""2026-07-18"", ""2026-07-19"", ""2026-07-20""]",Poor,0,,68.0,2026-07-17 14:02
CAMPEAOJR4A,2,,,,,,No Model,0,,,2026-07-17 14:02
CAMPEAOJR4A,3,,,,,,No Model,0,,,2026-07-17 14:02
CAMPEAOGATO18,2,TwoStage_ET_ET,69.78,0.687196668529363,"[0.3436709476198811, 0.3435257209094819]","[""2026-07-18"", ""2026-07-19""]",Poor,0,,68.0,2026-07-17 14:02
CAMPEAOGATO18,3,TwoStage_ET_ET,74.962,1.0417099103459664,"[0.3436709476198811, 0.3435257209094819, 0.3545132418166033]","[""2026-07-18"", ""2026-07-19"", ""2026-07-20""]",Poor,0,,68.0,2026-07-17 14:02
CAMPEAOJRP4,2,TwoStage_Logistic_Huber,0.0,0.0,"[0.0, 0.0]","[""2026-07-18"", ""2026-07-19""]",Excellent,1,NaiveLastValue,68.0,2026-07-17 14:02
CAMPEAOJRP4,3,TwoStage_Logistic_Huber,0.0,0.0,"[0.0, 0.0, 0.0]","[""2026-07-18"", ""2026-07-19"", ""2026-07-20""]",Excellent,1,NaiveLastValue,68.0,2026-07-17 14:02
CAMPEAOMIX20A,2,,,,,,No Model,0,,,2026-07-17 14:02
CAMPEAOMIX20A,3,,,,,,No Model,0,,,2026-07-17 14:02
CAMPEAOGATOSC18,2,sarima,97.85,0.0,"[0.0, 0.0]","[""2026-07-18"", ""2026-07-19""]",Unreliable,0,,68.0,2026-07-17 14:02
CAMPEAOGATOSC18,3,ZeroForecast,100.0,0.0,"[0.0, 0.0, 0.0]","[""2026-07-18"", ""2026-07-19"", ""2026-07-20""]",Unreliable,0,,68.0,2026-07-17 14:02
CAMPEAOMIX4A,2,,,,,,No Model,0,,,2026-07-17 14:02
CAMPEAOMIX4A,3,,,,,,No Model,0,,,2026-07-17 14:02
CAMPEAOGATOSC1.5,2,NaiveLastValue,100.0,0.0,"[0.0, 0.0]","[""2026-07-18"", ""2026-07-19""]",Unreliable,0,,68.0,2026-07-17 14:02
CAMPEAOGATOSC1.5,3,SeasonalNaive_52,92.661,0.0,"[0.0, 0.0, 0.0]","[""2026-07-18"", ""2026-07-19"", ""2026-07-20""]",Unreliable,0,,68.0,2026-07-17 14:02
CAMPEAOGATOSC10,2,HistGradientBoostingRegressor,76.972,0.14469708789229896,"[0.08091102692349109, 0.06378606096880787]","[""2026-07-18"", ""2026-07-19""]",Unreliable,0,,68.0,2026-07-17 14:02
CAMPEAOGATOSC10,3,ZeroForecast,100.0,0.0,"[0.0, 0.0, 0.0]","[""2026-07-18"", ""2026-07-19"", ""2026-07-20""]",Unreliable,0,,68.0,2026-07-17 14:02
CAMPEAOJR20,2,HuberRegressor,56.427,8.627891691032758,"[4.31372547631905, 4.314166214713708]","[""2026-07-18"", ""2026-07-19""]",Poor,0,,68.0,2026-07-17 14:02
CAMPEAOJR20,3,SeasonalNaive_52,50.925,13.26,"[0.0, 0.0, 13.26]","[""2026-07-18"", ""2026-07-19"", ""2026-07-20""]",Fair,0,,68.0,2026-07-17 14:02
CARPICAN20,2,Ridge,100.0,0.5747606291742642,"[0.2888387037710362, 0.285921925403228]","[""2026-07-18"", ""2026-07-19""]",Unreliable,0,,68.0,2026-07-17 14:02
CARPICAN20,3,NaiveLastValue,100.0,0.0,"[0.0, 0.0, 0.0]","[""2026-07-18"", ""2026-07-19"", ""2026-07-20""]",Unreliable,0,,68.0,2026-07-17 14:02
CANARIOS20,2,arima,99.995,3.619423770378938e-05,"[1.809711885189469e-05, 1.809711885189469e-05]","[""2026-07-18"", ""2026-07-19""]",Unreliable,0,,68.0,2026-07-17 14:02
CANARIOS20,3,NaiveLastValue,100.0,0.0,"[0.0, 0.0, 0.0]","[""2026-07-18"", ""2026-07-19"", ""2026-07-20""]",Unreliable,0,,68.0,2026-07-17 14:02
CAMPEAOMIX20,2,ADIDA_8,77.935,7.903061523911703,"[3.9515307619558513, 3.9515307619558513]","[""2026-07-18"", ""2026-07-19""]",Unreliable,0,,68.0,2026-07-17 14:02
CAMPEAOMIX20,3,SeasonalNaive_52,80.95,4.68,"[0.0, 0.0, 4.68]","[""2026-07-18"", ""2026-07-19"", ""2026-07-20""]",Unreliable,0,,68.0,2026-07-17 14:02
CAMPEAOJR4,2,MovingAverage_8,62.538,0.376,"[0.188, 0.188]","[""2026-07-18"", ""2026-07-19""]",Poor,0,,68.0,2026-07-17 14:02
CAMPEAOJR4,3,RollingMedian_8,85.417,0.21600000000000003,"[0.07200000000000001, 0.07200000000000001, 0.07200000000000001]","[""2026-07-18"", ""2026-07-19"", ""2026-07-20""]",Unreliable,0,,68.0,2026-07-17 14:02
CANARIOS5,2,arima,99.999,0.00036520632468216573,"[0.00018260316234108286, 0.00018260316234108286]","[""2026-07-18"", ""2026-07-19""]",Unreliable,0,,68.0,2026-07-17 14:02
CANARIOS5,3,NaiveLastValue,100.0,0.0,"[0.0, 0.0, 0.0]","[""2026-07-18"", ""2026-07-19"", ""2026-07-20""]",Unreliable,0,,68.0,2026-07-17 14:02
CATURRAS20,2,arima,99.997,5.988296012182965e-05,"[2.9941480060914825e-05, 2.9941480060914825e-05]","[""2026-07-18"", ""2026-07-19""]",Unreliable,0,,68.0,2026-07-17 14:02
CATURRAS20,3,HuberRegressor,99.999,0.0,"[0.0, 0.0, 0.0]","[""2026-07-18"", ""2026-07-19"", ""2026-07-20""]",Unreliable,0,,68.0,2026-07-17 14:02
CAMPEAORP4,2,ExtraTreesRegressor,72.992,0.21968,"[0.10984, 0.10984]","[""2026-07-18"", ""2026-07-19""]",Poor,0,,68.0,2026-07-17 14:02
CAMPEAORP4,3,HistGradientBoostingRegressor,87.622,0.33541013739424597,"[0.23613854222950525, 0.07322609834190154, 0.02604549682283916]","[""2026-07-18"", ""2026-07-19"", ""2026-07-20""]",Unreliable,0,,68.0,2026-07-17 14:02
COOPERSAEMB20,2,ExtraTreesRegressor,0.0,0.0,"[0.0, 0.0]","[""2026-07-18"", ""2026-07-19""]",Excellent,1,NaiveLastValue,68.0,2026-07-17 14:02
COOPERSAEMB20,3,ExtraTreesRegressor,0.0,0.0,"[0.0, 0.0, 0.0]","[""2026-07-18"", ""2026-07-19"", ""2026-07-20""]",Excellent,1,NaiveLastValue,68.0,2026-07-17 14:02
COOPERSDOGSALMONRICE20MB,2,RandomForestRegressor,0.0,0.0,"[0.0, 0.0]","[""2026-07-18"", ""2026-07-19""]",Excellent,1,NaiveLastValue,68.0,2026-07-17 14:02
COOPERSDOGSALMONRICE20MB,3,RandomForestRegressor,0.0,0.0,"[0.0, 0.0, 0.0]","[""2026-07-18"", ""2026-07-19"", ""2026-07-20""]",Excellent,1,NaiveLastValue,68.0,2026-07-17 14:02
CAMPEAOMIX4,2,SeasonalNaive_52,71.429,0.0,"[0.0, 0.0]","[""2026-07-18"", ""2026-07-19""]",Poor,0,,68.0,2026-07-17 14:02
CAMPEAOMIX4,3,SeasonalNaive_52,77.465,0.0,"[0.0, 0.0, 0.0]","[""2026-07-18"", ""2026-07-19"", ""2026-07-20""]",Unreliable,0,,68.0,2026-07-17 14:02
CATURRAS5,2,arima,99.999,0.0003886498283533897,"[0.00019432491417669485, 0.00019432491417669485]","[""2026-07-18"", ""2026-07-19""]",Unreliable,0,,68.0,2026-07-17 14:02
CATURRAS5,3,NaiveLastValue,100.0,0.0,"[0.0, 0.0, 0.0]","[""2026-07-18"", ""2026-07-19"", ""2026-07-20""]",Unreliable,0,,68.0,2026-07-17 14:02
COOPERSBASICMIX20,2,arima,99.988,0.35794253594298014,"[0.17897126797149007, 0.17897126797149007]","[""2026-07-18"", ""2026-07-19""]",Unreliable,0,,68.0,2026-07-17 14:02
COOPERSBASICMIX20,3,NaiveLastValue,100.0,0.0,"[0.0, 0.0, 0.0]","[""2026-07-18"", ""2026-07-19"", ""2026-07-20""]",Unreliable,0,,68.0,2026-07-17 14:02
COOPERSGATOAMISTAD20,2,arima,99.996,0.3321006463427718,"[0.1660503231713859, 0.1660503231713859]","[""2026-07-18"", ""2026-07-19""]",Unreliable,0,,68.0,2026-07-17 14:02
COOPERSGATOAMISTAD20,3,NaiveLastValue,100.0,0.0,"[0.0, 0.0, 0.0]","[""2026-07-18"", ""2026-07-19"", ""2026-07-20""]",Unreliable,0,,68.0,2026-07-17 14:02
COOPERSAE20,2,NaiveLastValue,100.0,0.0,"[0.0, 0.0]","[""2026-07-18"", ""2026-07-19""]",Unreliable,0,,68.0,2026-07-17 14:02
COOPERSAE20,3,NaiveLastValue,100.0,0.0,"[0.0, 0.0, 0.0]","[""2026-07-18"", ""2026-07-19"", ""2026-07-20""]",Unreliable,0,,68.0,2026-07-17 14:02
CIPRIDOGAE20D,2,TwoStage_RF_RF,99.968,18.64541720662177,"[8.039180745818545, 10.606236460803224]","[""2026-07-18"", ""2026-07-19""]",Unreliable,0,,68.0,2026-07-17 14:02
CIPRIDOGAE20D,3,NaiveLastValue,100.0,0.0,"[0.0, 0.0, 0.0]","[""2026-07-18"", ""2026-07-19"", ""2026-07-20""]",Unreliable,0,,68.0,2026-07-17 14:02
COOPERSGATOMIX20V,2,TwoStage_ET_ET,0.0,3.6484844857416134e-53,"[1.8242422428708067e-53, 1.8242422428708067e-53]","[""2026-07-18"", ""2026-07-19""]",Excellent,1,NaiveLastValue,68.0,2026-07-17 14:02
COOPERSGATOMIX20V,3,TwoStage_Logistic_Huber,0.0,5.4727267286124205e-53,"[1.8242422428708067e-53, 1.8242422428708067e-53, 1.8242422428708067e-53]","[""2026-07-18"", ""2026-07-19"", ""2026-07-20""]",Excellent,1,NaiveLastValue,68.0,2026-07-17 14:02
COOPERSBASIC20,2,TwoStage_ET_ET,93.782,0.8475740937388723,"[0.4237489493420338, 0.42382514439683855]","[""2026-07-18"", ""2026-07-19""]",Unreliable,0,,68.0,2026-07-17 14:02
COOPERSBASIC20,3,TwoStage_ET_ET,96.851,1.2714754458032784,"[0.4237489493420338, 0.42382514439683855, 0.4239013520644061]","[""2026-07-18"", ""2026-07-19"", ""2026-07-20""]",Unreliable,0,,68.0,2026-07-17 14:02
COOPERSGATOCARNE20,2,HuberRegressor,100.0,2.2890562014919649e-07,"[1.1445199058293404e-07, 1.1445362956626244e-07]","[""2026-07-18"", ""2026-07-19""]",Unreliable,0,,68.0,2026-07-17 14:02
COOPERSGATOCARNE20,3,NaiveLastValue,100.0,0.0,"[0.0, 0.0, 0.0]","[""2026-07-18"", ""2026-07-19"", ""2026-07-20""]",Unreliable,0,,68.0,2026-07-17 14:02
COOPERSJRMV20,2,ExtraTreesRegressor,0.0,0.0,"[0.0, 0.0]","[""2026-07-18"", ""2026-07-19""]",Excellent,1,NaiveLastValue,68.0,2026-07-17 14:02
COOPERSJRMV20,3,ExtraTreesRegressor,0.0,0.0,"[0.0, 0.0, 0.0]","[""2026-07-18"", ""2026-07-19"", ""2026-07-20""]",Excellent,1,NaiveLastValue,68.0,2026-07-17 14:02
COOPERSGATOMIX20,2,arima,90.374,2.327052800775083,"[1.1635264003875414, 1.1635264003875414]","[""2026-07-18"", ""2026-07-19""]",Unreliable,0,,68.0,2026-07-17 14:02
COOPERSGATOMIX20,3,arima,96.551,3.490579201162624,"[1.1635264003875414, 1.1635264003875414, 1.1635264003875414]","[""2026-07-18"", ""2026-07-19"", ""2026-07-20""]",Unreliable,0,,68.0,2026-07-17 14:02
DEKRAAE10,2,arima,99.996,0.1641640845925723,"[0.08208204229628616, 0.08208204229628616]","[""2026-07-18"", ""2026-07-19""]",Unreliable,0,,68.0,2026-07-17 14:02
DEKRAAE10,3,NaiveLastValue,100.0,0.0,"[0.0, 0.0, 0.0]","[""2026-07-18"", ""2026-07-19"", ""2026-07-20""]",Unreliable,0,,68.0,2026-07-17 14:02
DEKRAPUPPY4,2,arima,99.996,0.0656894548743727,"[0.03284472743718635, 0.03284472743718635]","[""2026-07-18"", ""2026-07-19""]",Unreliable,0,,68.0,2026-07-17 14:02
DEKRAPUPPY4,3,NaiveLastValue,100.0,0.0,"[0.0, 0.0, 0.0]","[""2026-07-18"", ""2026-07-19"", ""2026-07-20""]",Unreliable,0,,68.0,2026-07-17 14:02
COOPERSGATOMIX4,2,arima,99.973,0.10413662188563046,"[0.05206831094281523, 0.05206831094281523]","[""2026-07-18"", ""2026-07-19""]",Unreliable,0,,68.0,2026-07-17 14:02
COOPERSGATOMIX4,3,HuberRegressor,100.0,1.7307144847719365e-09,"[0.0, 8.649804584073308e-10, 8.657340263646058e-10]","[""2026-07-18"", ""2026-07-19"", ""2026-07-20""]",Unreliable,0,,68.0,2026-07-17 14:02
DIVINUSADULT20V,2,,,,,,No Model,0,,,2026-07-17 14:02
DIVINUSADULT20V,3,,,,,,No Model,0,,,2026-07-17 14:02
COOPERSJR4,2,arima,99.993,0.045782141805368326,"[0.022891070902684163, 0.022891070902684163]","[""2026-07-18"", ""2026-07-19""]",Unreliable,0,,68.0,2026-07-17 14:02
COOPERSJR4,3,NaiveLastValue,100.0,0.0,"[0.0, 0.0, 0.0]","[""2026-07-18"", ""2026-07-19"", ""2026-07-20""]",Unreliable,0,,68.0,2026-07-17 14:02
DIVINUSADULTMIX20D,2,,,,,,No Model,0,,,2026-07-17 14:02
DIVINUSADULTMIX20D,3,,,,,,No Model,0,,,2026-07-17 14:02
COOPERSGATOPEIXE20,2,HuberRegressor,100.0,0.0,"[0.0, 0.0]","[""2026-07-18"", ""2026-07-19""]",Unreliable,0,,68.0,2026-07-17 14:02
COOPERSGATOPEIXE20,3,NaiveLastValue,100.0,0.0,"[0.0, 0.0, 0.0]","[""2026-07-18"", ""2026-07-19"", ""2026-07-20""]",Unreliable,0,,68.0,2026-07-17 14:02
COOPERSJR20,2,HistGradientBoostingRegressor,72.798,0.22805974797824483,"[0.11402987398912241, 0.11402987398912241]","[""2026-07-18"", ""2026-07-19""]",Poor,0,,68.0,2026-07-17 14:02
COOPERSJR20,3,TwoStage_ET_ET,80.582,2.3950337357766567,"[0.8042467138696667, 0.7944793219360999, 0.79630769997089]","[""2026-07-18"", ""2026-07-19"", ""2026-07-20""]",Unreliable,0,,68.0,2026-07-17 14:02
DIVINUSCOMPLETE20V,2,,,,,,No Model,0,,,2026-07-17 14:02
DIVINUSCOMPLETE20V,3,,,,,,No Model,0,,,2026-07-17 14:02
COOPERSMANUTENCAO20,2,NaiveLastValue,100.0,0.0,"[0.0, 0.0]","[""2026-07-18"", ""2026-07-19""]",Unreliable,0,,68.0,2026-07-17 14:02
COOPERSMANUTENCAO20,3,NaiveLastValue,100.0,0.0,"[0.0, 0.0, 0.0]","[""2026-07-18"", ""2026-07-19"", ""2026-07-20""]",Unreliable,0,,68.0,2026-07-17 14:02
DIVINUSCATCHICKEN10,2,GradientBoostingRegressor,0.0,0.0,"[0.0, 0.0]","[""2026-07-18"", ""2026-07-19""]",Excellent,1,NaiveLastValue,68.0,2026-07-17 14:02
DIVINUSCATCHICKEN10,3,HistGradientBoostingRegressor,0.0,0.0,"[0.0, 0.0, 0.0]","[""2026-07-18"", ""2026-07-19"", ""2026-07-20""]",Excellent,1,NaiveLastValue,68.0,2026-07-17 14:02
DIVINUSESTERIL2V,2,,,,,,No Model,0,,,2026-07-17 14:02
DIVINUSESTERIL2V,3,,,,,,No Model,0,,,2026-07-17 14:02
DIACOBASIC18,2,arima,99.998,0.3804379071881492,"[0.1902189535940746, 0.1902189535940746]","[""2026-07-18"", ""2026-07-19""]",Unreliable,0,,68.0,2026-07-17 14:02
DIACOBASIC18,3,NaiveLastValue,100.0,0.0,"[0.0, 0.0, 0.0]","[""2026-07-18"", ""2026-07-19"", ""2026-07-20""]",Unreliable,0,,68.0,2026-07-17 14:02
DIVINUSFLAVOURCATCR18V,2,,,,,,No Model,0,,,2026-07-17 14:02
DIVINUSFLAVOURCATCR18V,3,,,,,,No Model,0,,,2026-07-17 14:02
DIVINUSADULT20,2,HistGradientBoostingRegressor,67.973,0.26752009682366107,"[0.0, 0.26752009682366107]","[""2026-07-18"", ""2026-07-19""]",Poor,0,,68.0,2026-07-17 14:02
DIVINUSADULT20,3,ExtraTreesRegressor,70.194,6.063600000000002,"[1.9338000000000009, 1.9494000000000005, 2.1804000000000006]","[""2026-07-18"", ""2026-07-19"", ""2026-07-20""]",Poor,0,,68.0,2026-07-17 14:02
DIVINUSFLAVOURCATSR18V,2,,,,,,No Model,0,,,2026-07-17 14:02
DIVINUSFLAVOURCATSR18V,3,,,,,,No Model,0,,,2026-07-17 14:02
DIVINUSADULTMIX20,2,arima,99.998,0.10512067473860068,"[0.05256033736930034, 0.05256033736930034]","[""2026-07-18"", ""2026-07-19""]",Unreliable,0,,68.0,2026-07-17 14:02
DIVINUSADULTMIX20,3,NaiveLastValue,100.0,0.0,"[0.0, 0.0, 0.0]","[""2026-07-18"", ""2026-07-19"", ""2026-07-20""]",Unreliable,0,,68.0,2026-07-17 14:02
DIVINUSFLAVOURCATCR18,2,Ridge,99.996,0.004392042791940318,"[0.004392042791940318, 0.0]","[""2026-07-18"", ""2026-07-19""]",Unreliable,0,,68.0,2026-07-17 14:02
DIVINUSFLAVOURCATCR18,3,NaiveLastValue,100.0,0.0,"[0.0, 0.0, 0.0]","[""2026-07-18"", ""2026-07-19"", ""2026-07-20""]",Unreliable,0,,68.0,2026-07-17 14:02
DIVINUSESTERIL10,2,SeasonalNaive_52,94.346,0.0,"[0.0, 0.0]","[""2026-07-18"", ""2026-07-19""]",Unreliable,0,,68.0,2026-07-17 14:02
DIVINUSESTERIL10,3,NaiveLastValue,100.0,0.0,"[0.0, 0.0, 0.0]","[""2026-07-18"", ""2026-07-19"", ""2026-07-20""]",Unreliable,0,,68.0,2026-07-17 14:02
DIVINUSGATINHOS2V,2,,,,,,No Model,0,,,2026-07-17 14:02
DIVINUSGATINHOS2V,3,,,,,,No Model,0,,,2026-07-17 14:02
DIVINUSESTERIL2,2,TwoStage_Logistic_Huber,100.0,0.0,"[0.0, 0.0]","[""2026-07-18"", ""2026-07-19""]",Unreliable,0,,68.0,2026-07-17 14:02
DIVINUSESTERIL2,3,NaiveLastValue,100.0,0.0,"[0.0, 0.0, 0.0]","[""2026-07-18"", ""2026-07-19"", ""2026-07-20""]",Unreliable,0,,68.0,2026-07-17 14:02
DIVINUSCOMPLETE20,2,RandomForestRegressor,58.083,2.1312000000000006,"[1.0758000000000003, 1.0554000000000001]","[""2026-07-18"", ""2026-07-19""]",Poor,0,,68.0,2026-07-17 14:02
DIVINUSCOMPLETE20,3,RandomForestRegressor,62.077,3.882600000000002,"[1.0758000000000003, 1.0554000000000001, 1.7514000000000012]","[""2026-07-18"", ""2026-07-19"", ""2026-07-20""]",Poor,0,,68.0,2026-07-17 14:02
DIVINUSGATOCARNE20V,2,NaiveLastValue,100.0,0.0,"[0.0, 0.0]","[""2026-07-18"", ""2026-07-19""]",Unreliable,0,,68.0,2026-07-17 14:02
DIVINUSGATOCARNE20V,3,NaiveLastValue,100.0,0.0,"[0.0, 0.0, 0.0]","[""2026-07-18"", ""2026-07-19"", ""2026-07-20""]",Unreliable,0,,68.0,2026-07-17 14:02
DIVINUSGATOCARNE2V,2,,,,,,No Model,0,,,2026-07-17 14:02
DIVINUSGATOCARNE2V,3,,,,,,No Model,0,,,2026-07-17 14:02
DIVINUSFLAVOURCATSR18,2,HuberRegressor,100.0,1.670998966076353e-08,"[8.353153535407403e-09, 8.356836125356126e-09]","[""2026-07-18"", ""2026-07-19""]",Unreliable,0,,68.0,2026-07-17 14:02
DIVINUSFLAVOURCATSR18,3,GradientBoostingRegressor,99.706,1.8032714033256416,"[0.7642697705878395, 0.6008002674778643, 0.43820136525993775]","[""2026-07-18"", ""2026-07-19"", ""2026-07-20""]",Unreliable,0,,68.0,2026-07-17 14:02
DIVINUSFLAVOURDOGSR18,2,SeasonalNaive_52,84.685,0.0,"[0.0, 0.0]","[""2026-07-18"", ""2026-07-19""]",Unreliable,0,,68.0,2026-07-17 14:02
DIVINUSFLAVOURDOGSR18,3,NaiveLastValue,100.0,0.0,"[0.0, 0.0, 0.0]","[""2026-07-18"", ""2026-07-19"", ""2026-07-20""]",Unreliable,0,,68.0,2026-07-17 14:02
DIVINUSFLAVOURDOGLR18,2,HistGradientBoostingRegressor,91.28,0.16445635947567727,"[0.08222817973783864, 0.08222817973783864]","[""2026-07-18"", ""2026-07-19""]",Unreliable,0,,68.0,2026-07-17 14:02
DIVINUSFLAVOURDOGLR18,3,HistGradientBoostingRegressor,92.394,0.2466845392135159,"[0.08222817973783864, 0.08222817973783864, 0.08222817973783864]","[""2026-07-18"", ""2026-07-19"", ""2026-07-20""]",Unreliable,0,,68.0,2026-07-17 14:02
DIVINUSGATOCOMPLETE20V,2,,,,,,No Model,0,,,2026-07-17 14:02
DIVINUSGATOCOMPLETE20V,3,,,,,,No Model,0,,,2026-07-17 14:02
DIVINUSGATOCOMPLETE2V,2,,,,,,No Model,0,,,2026-07-17 14:02
DIVINUSGATOCOMPLETE2V,3,,,,,,No Model,0,,,2026-07-17 14:02
DIVINUSGATINHOS2,2,TwoStage_ET_ET,100.0,0.12450391832030033,"[0.08908534219725348, 0.03541857612304685]","[""2026-07-18"", ""2026-07-19""]",Unreliable,0,,68.0,2026-07-17 14:02
DIVINUSGATINHOS2,3,NaiveLastValue,100.0,0.0,"[0.0, 0.0, 0.0]","[""2026-07-18"", ""2026-07-19"", ""2026-07-20""]",Unreliable,0,,68.0,2026-07-17 14:02
DIVINUSGATOCOMPLETEMB20,2,RandomForestRegressor,0.0,0.0,"[0.0, 0.0]","[""2026-07-18"", ""2026-07-19""]",Excellent,1,NaiveLastValue,68.0,2026-07-17 14:02
DIVINUSGATOCOMPLETEMB20,3,RandomForestRegressor,0.0,0.0,"[0.0, 0.0, 0.0]","[""2026-07-18"", ""2026-07-19"", ""2026-07-20""]",Excellent,1,NaiveLastValue,68.0,2026-07-17 14:02
DIVINUSGATOCARNE2,2,arima,100.0,0.03094804009511926,"[0.01547402004755963, 0.01547402004755963]","[""2026-07-18"", ""2026-07-19""]",Unreliable,0,,68.0,2026-07-17 14:02
DIVINUSGATOCARNE2,3,NaiveLastValue,100.0,0.0,"[0.0, 0.0, 0.0]","[""2026-07-18"", ""2026-07-19"", ""2026-07-20""]",Unreliable,0,,68.0,2026-07-17 14:02
DIVINUSGATOCARNE20,2,GradientBoostingRegressor,98.321,0.16414337785001168,"[0.08207168892500584, 0.08207168892500584]","[""2026-07-18"", ""2026-07-19""]",Unreliable,0,,68.0,2026-07-17 14:02
DIVINUSGATOCARNE20,3,ZeroForecast,100.0,0.0,"[0.0, 0.0, 0.0]","[""2026-07-18"", ""2026-07-19"", ""2026-07-20""]",Unreliable,0,,68.0,2026-07-17 14:02
DIVINUSGATOPEIXE20V,2,,,,,,No Model,0,,,2026-07-17 14:02
DIVINUSGATOPEIXE20V,3,,,,,,No Model,0,,,2026-07-17 14:02
DIVINUSGATOPEIXE2V,2,,,,,,No Model,0,,,2026-07-17 14:02
DIVINUSGATOPEIXE2V,3,,,,,,No Model,0,,,2026-07-17 14:02
DIVINUSGATOCOMPLETE7,2,arima,100.0,0.043254355578141786,"[0.021627177789070893, 0.021627177789070893]","[""2026-07-18"", ""2026-07-19""]",Unreliable,0,,68.0,2026-07-17 14:02
DIVINUSGATOCOMPLETE7,3,NaiveLastValue,100.0,0.0,"[0.0, 0.0, 0.0]","[""2026-07-18"", ""2026-07-19"", ""2026-07-20""]",Unreliable,0,,68.0,2026-07-17 14:02
DIVINUSJR4V,2,,,,,,No Model,0,,,2026-07-17 14:02
DIVINUSJR4V,3,,,,,,No Model,0,,,2026-07-17 14:02
DIVINUSGATOCOMPDOMUS20,2,arima,99.984,0.39058995838763194,"[0.19529497919381597, 0.19529497919381597]","[""2026-07-18"", ""2026-07-19""]",Unreliable,0,,68.0,2026-07-17 14:02
DIVINUSGATOCOMPDOMUS20,3,NaiveLastValue,100.0,0.0,"[0.0, 0.0, 0.0]","[""2026-07-18"", ""2026-07-19"", ""2026-07-20""]",Unreliable,0,,68.0,2026-07-17 14:02
DIVINUSGATOCOMPLETE2,2,SeasonalNaive_52,67.959,0.0,"[0.0, 0.0]","[""2026-07-18"", ""2026-07-19""]",Poor,0,,68.0,2026-07-17 14:02
DIVINUSGATOCOMPLETE2,3,SeasonalNaive_52,45.011,0.0,"[0.0, 0.0, 0.0]","[""2026-07-18"", ""2026-07-19"", ""2026-07-20""]",Fair,0,,68.0,2026-07-17 14:02
DIVINUSGATOCOMPLETE20,2,Ridge,89.39,1.7474541508343235,"[0.8737350880720699, 0.8737190627622538]","[""2026-07-18"", ""2026-07-19""]",Unreliable,0,,68.0,2026-07-17 14:02
DIVINUSGATOCOMPLETE20,3,sarima,86.152,0.0,"[0.0, 0.0, 0.0]","[""2026-07-18"", ""2026-07-19"", ""2026-07-20""]",Unreliable,0,,68.0,2026-07-17 14:02
DIVINUSGATOPEIXE20,2,arima,99.998,0.09806763129336259,"[0.04903381564668129, 0.04903381564668129]","[""2026-07-18"", ""2026-07-19""]",Unreliable,0,,68.0,2026-07-17 14:02
DIVINUSGATOPEIXE20,3,NaiveLastValue,100.0,0.0,"[0.0, 0.0, 0.0]","[""2026-07-18"", ""2026-07-19"", ""2026-07-20""]",Unreliable,0,,68.0,2026-07-17 14:02
DIVINUSGATOPEIXE2,2,HuberRegressor,100.0,0.0,"[0.0, 0.0]","[""2026-07-18"", ""2026-07-19""]",Unreliable,0,,68.0,2026-07-17 14:02
DIVINUSGATOPEIXE2,3,NaiveLastValue,100.0,0.0,"[0.0, 0.0, 0.0]","[""2026-07-18"", ""2026-07-19"", ""2026-07-20""]",Unreliable,0,,68.0,2026-07-17 14:02
DIVINUSMINI4,2,GradientBoostingRegressor,100.0,0.0,"[0.0, 0.0]","[""2026-07-18"", ""2026-07-19""]",Unreliable,0,,68.0,2026-07-17 14:02
DIVINUSMINI4,3,NaiveLastValue,100.0,0.0,"[0.0, 0.0, 0.0]","[""2026-07-18"", ""2026-07-19"", ""2026-07-20""]",Unreliable,0,,68.0,2026-07-17 14:02
DIVINUSPUPPY20V,2,,,,,,No Model,0,,,2026-07-17 14:02
DIVINUSPUPPY20V,3,,,,,,No Model,0,,,2026-07-17 14:02
DIVINUSPERFORMANCEMB20,2,RandomForestRegressor,0.0,0.0,"[0.0, 0.0]","[""2026-07-18"", ""2026-07-19""]",Excellent,1,NaiveLastValue,68.0,2026-07-17 14:02
DIVINUSPERFORMANCEMB20,3,RandomForestRegressor,0.0,0.0,"[0.0, 0.0, 0.0]","[""2026-07-18"", ""2026-07-19"", ""2026-07-20""]",Excellent,1,NaiveLastValue,68.0,2026-07-17 14:02
DOMUSADULTO20A,2,,,,,,No Model,0,,,2026-07-17 14:02
DOMUSADULTO20A,3,,,,,,No Model,0,,,2026-07-17 14:02
DIVINUSJR4,2,HuberRegressor,100.0,0.0,"[0.0, 0.0]","[""2026-07-18"", ""2026-07-19""]",Unreliable,0,,68.0,2026-07-17 14:02
DIVINUSJR4,3,HuberRegressor,100.0,0.0,"[0.0, 0.0, 0.0]","[""2026-07-18"", ""2026-07-19"", ""2026-07-20""]",Unreliable,0,,68.0,2026-07-17 14:02
DOMUSADULTO4A,2,,,,,,No Model,0,,,2026-07-17 14:02
DOMUSADULTO4A,3,,,,,,No Model,0,,,2026-07-17 14:02
DIVINUSMINI10,2,ExtraTreesRegressor,62.979,0.7919999999999997,"[0.39599999999999985, 0.39599999999999985]","[""2026-07-18"", ""2026-07-19""]",Poor,0,,68.0,2026-07-17 14:02
DIVINUSMINI10,3,ExtraTreesRegressor,72.097,1.1879999999999995,"[0.39599999999999985, 0.39599999999999985, 0.39599999999999985]","[""2026-07-18"", ""2026-07-19"", ""2026-07-20""]",Poor,0,,68.0,2026-07-17 14:02
DOMUSAE20A,2,,,,,,No Model,0,,,2026-07-17 14:02
DOMUSAE20A,3,,,,,,No Model,0,,,2026-07-17 14:02
DIVINUSPERFORMANCE10,2,arima,99.999,0.05062621549134488,"[0.02531310774567244, 0.02531310774567244]","[""2026-07-18"", ""2026-07-19""]",Unreliable,0,,68.0,2026-07-17 14:02
DIVINUSPERFORMANCE10,3,NaiveLastValue,100.0,0.0,"[0.0, 0.0, 0.0]","[""2026-07-18"", ""2026-07-19"", ""2026-07-20""]",Unreliable,0,,68.0,2026-07-17 14:02
DIVINUSPERFORMANCE20,2,RecentWeightedAverage,89.519,0.0,"[0.0, 0.0]","[""2026-07-18"", ""2026-07-19""]",Unreliable,0,,68.0,2026-07-17 14:02
DIVINUSPERFORMANCE20,3,ZeroForecast,100.0,0.0,"[0.0, 0.0, 0.0]","[""2026-07-18"", ""2026-07-19"", ""2026-07-20""]",Unreliable,0,,68.0,2026-07-17 14:02
DOMUSADULTO4,2,TwoStage_ET_ET,90.354,0.11210730543225045,"[0.058164735809258676, 0.05394256962299177]","[""2026-07-18"", ""2026-07-19""]",Unreliable,0,,68.0,2026-07-17 14:02
DOMUSADULTO4,3,TwoStage_ET_ET,93.532,0.16562670902942558,"[0.058164735809258676, 0.05394256962299177, 0.053519403597175136]","[""2026-07-18"", ""2026-07-19"", ""2026-07-20""]",Unreliable,0,,68.0,2026-07-17 14:02
DIVINUSPUPPY20,2,GradientBoostingRegressor,79.736,1.6138572731849732,"[0.8250451834186159, 0.7888120897663573]","[""2026-07-18"", ""2026-07-19""]",Unreliable,0,,68.0,2026-07-17 14:02
DIVINUSPUPPY20,3,ExtraTreesRegressor,81.994,5.3382000000000005,"[1.8072000000000004, 1.7112, 1.8198]","[""2026-07-18"", ""2026-07-19"", ""2026-07-20""]",Unreliable,0,,68.0,2026-07-17 14:02
DOMUSJR20A,2,,,,,,No Model,0,,,2026-07-17 14:02
DOMUSJR20A,3,,,,,,No Model,0,,,2026-07-17 14:02
DOMUSAE20,2,arima,87.053,1.960994471927736,"[0.980497235963868, 0.980497235963868]","[""2026-07-18"", ""2026-07-19""]",Unreliable,0,,68.0,2026-07-17 14:02
DOMUSAE20,3,arima,93.043,2.941491707891604,"[0.980497235963868, 0.980497235963868, 0.980497235963868]","[""2026-07-18"", ""2026-07-19"", ""2026-07-20""]",Unreliable,0,,68.0,2026-07-17 14:02
DOMUSJR4A,2,,,,,,No Model,0,,,2026-07-17 14:02
DOMUSJR4A,3,,,,,,No Model,0,,,2026-07-17 14:02
DOMUSADULTO20,2,MovingAverage_8,88.03,7.2,"[3.6, 3.6]","[""2026-07-18"", ""2026-07-19""]",Unreliable,0,,68.0,2026-07-17 14:02
DOMUSADULTO20,3,MovingAverage_8,94.621,10.8,"[3.6, 3.6, 3.6]","[""2026-07-18"", ""2026-07-19"", ""2026-07-20""]",Unreliable,0,,68.0,2026-07-17 14:02
DOMUSAE4,2,HistGradientBoostingRegressor,60.817,0.0,"[0.0, 0.0]","[""2026-07-18"", ""2026-07-19""]",Poor,0,,68.0,2026-07-17 14:02
DOMUSAE4,3,HistGradientBoostingRegressor,32.699,0.0,"[0.0, 0.0, 0.0]","[""2026-07-18"", ""2026-07-19"", ""2026-07-20""]",Good,0,,68.0,2026-07-17 14:02
DOMUSGATO1.5,2,HuberRegressor,100.0,2.485905276621721e-10,"[2.485905276621721e-10, 0.0]","[""2026-07-18"", ""2026-07-19""]",Unreliable,0,,68.0,2026-07-17 14:02
DOMUSGATO1.5,3,ZeroForecast,100.0,0.0,"[0.0, 0.0, 0.0]","[""2026-07-18"", ""2026-07-19"", ""2026-07-20""]",Unreliable,0,,68.0,2026-07-17 14:02
DOMUSGATO20,2,HistGradientBoostingRegressor,81.126,2.125192343390445,"[1.4222402251452526, 0.7029521182451927]","[""2026-07-18"", ""2026-07-19""]",Unreliable,0,,68.0,2026-07-17 14:02
DOMUSGATO20,3,HistGradientBoostingRegressor,84.077,3.453523336724151,"[1.4222402251452526, 0.7029521182451927, 1.3283309933337055]","[""2026-07-18"", ""2026-07-19"", ""2026-07-20""]",Unreliable,0,,68.0,2026-07-17 14:02
DOMUSJR4,2,Ridge,89.522,0.3731126659934668,"[0.18658955097001476, 0.18652311502345206]","[""2026-07-18"", ""2026-07-19""]",Unreliable,0,,68.0,2026-07-17 14:02
DOMUSJR4,3,Ridge,95.116,0.5595694071376756,"[0.18658955097001476, 0.18652311502345206, 0.18645674114420868]","[""2026-07-18"", ""2026-07-19"", ""2026-07-20""]",Unreliable,0,,68.0,2026-07-17 14:02
DOMUSMIX20,2,SeasonalNaive_52,92.021,0.0,"[0.0, 0.0]","[""2026-07-18"", ""2026-07-19""]",Unreliable,0,,68.0,2026-07-17 14:02
DOMUSMIX20,3,SeasonalNaive_52,92.857,0.1,"[0.0, 0.0, 0.1]","[""2026-07-18"", ""2026-07-19"", ""2026-07-20""]",Unreliable,0,,68.0,2026-07-17 14:02
DOMUSJR20,2,MovingAverage_8,59.265,2.995,"[1.4975, 1.4975]","[""2026-07-18"", ""2026-07-19""]",Poor,0,,68.0,2026-07-17 14:02
DOMUSJR20,3,MovingAverage_8,68.028,4.4925,"[1.4975, 1.4975, 1.4975]","[""2026-07-18"", ""2026-07-19"", ""2026-07-20""]",Poor,0,,68.0,2026-07-17 14:02
ENERGYPETAE20,2,arima,86.604,3.485254139829281,"[1.7426270699146404, 1.7426270699146404]","[""2026-07-18"", ""2026-07-19""]",Unreliable,0,,68.0,2026-07-17 14:02
ENERGYPETAE20,3,arima,93.87,5.227881209743922,"[1.7426270699146404, 1.7426270699146404, 1.7426270699146404]","[""2026-07-18"", ""2026-07-19"", ""2026-07-20""]",Unreliable,0,,68.0,2026-07-17 14:02
ENERGYPETJR10,2,,,,,,No Model,0,,,2026-07-17 14:02
ENERGYPETJR10,3,,,,,,No Model,0,,,2026-07-17 14:02
DOMUSMIX4,2,HistGradientBoostingRegressor,71.245,0.0,"[0.0, 0.0]","[""2026-07-18"", ""2026-07-19""]",Poor,0,,68.0,2026-07-17 14:02
DOMUSMIX4,3,HuberRegressor,100.0,0.0,"[0.0, 0.0, 0.0]","[""2026-07-18"", ""2026-07-19"", ""2026-07-20""]",Unreliable,0,,68.0,2026-07-17 14:02
ENERGYPETJR20A,2,,,,,,No Model,0,,,2026-07-17 14:02
ENERGYPETJR20A,3,,,,,,No Model,0,,,2026-07-17 14:02
ENERGYPETGATO20,2,TwoStage_Logistic_Ridge,97.37,0.26383445950379464,"[0.15642964074169693, 0.1074048187620977]","[""2026-07-18"", ""2026-07-19""]",Unreliable,0,,68.0,2026-07-17 14:02
ENERGYPETGATO20,3,NaiveLastValue,100.0,0.0,"[0.0, 0.0, 0.0]","[""2026-07-18"", ""2026-07-19"", ""2026-07-20""]",Unreliable,0,,68.0,2026-07-17 14:02
ENERGYPETJR4A,2,,,,,,No Model,0,,,2026-07-17 14:02
ENERGYPETJR4A,3,,,,,,No Model,0,,,2026-07-17 14:02
ENERGYPETPLUS10,2,,,,,,No Model,0,,,2026-07-17 14:02
ENERGYPETPLUS10,3,,,,,,No Model,0,,,2026-07-17 14:02
ENERGYPETBASIC20,2,SeasonalNaive_52,88.669,0.0,"[0.0, 0.0]","[""2026-07-18"", ""2026-07-19""]",Unreliable,0,,68.0,2026-07-17 14:02
ENERGYPETBASIC20,3,NaiveLastValue,100.0,0.0,"[0.0, 0.0, 0.0]","[""2026-07-18"", ""2026-07-19"", ""2026-07-20""]",Unreliable,0,,68.0,2026-07-17 14:02
ENERGYPETPLUS20A,2,,,,,,No Model,0,,,2026-07-17 14:02
ENERGYPETPLUS20A,3,,,,,,No Model,0,,,2026-07-17 14:02
ENERGYPETBASIC4,2,Ridge,98.902,0.10406925613233314,"[0.052036370212485916, 0.05203288591984723]","[""2026-07-18"", ""2026-07-19""]",Unreliable,0,,68.0,2026-07-17 14:02
ENERGYPETBASIC4,3,Ridge,99.308,0.15609865782672303,"[0.052036370212485916, 0.05203288591984723, 0.05202940169438988]","[""2026-07-18"", ""2026-07-19"", ""2026-07-20""]",Unreliable,0,,68.0,2026-07-17 14:02
ENERGYPETPLUSP20,2,NaiveLastValue,100.0,0.0,"[0.0, 0.0]","[""2026-07-18"", ""2026-07-19""]",Unreliable,0,,68.0,2026-07-17 14:02
ENERGYPETPLUSP20,3,NaiveLastValue,100.0,0.0,"[0.0, 0.0, 0.0]","[""2026-07-18"", ""2026-07-19"", ""2026-07-20""]",Unreliable,0,,68.0,2026-07-17 14:02
EXOTICOS5,2,GradientBoostingRegressor,0.0,0.0,"[0.0, 0.0]","[""2026-07-18"", ""2026-07-19""]",Excellent,1,NaiveLastValue,68.0,2026-07-17 14:02
EXOTICOS5,3,HistGradientBoostingRegressor,0.0,0.0,"[0.0, 0.0, 0.0]","[""2026-07-18"", ""2026-07-19"", ""2026-07-20""]",Excellent,1,NaiveLastValue,68.0,2026-07-17 14:02
ENERGYPETGATO10,2,ExtraTreesRegressor,76.923,0.33599999999999997,"[0.1644, 0.1716]","[""2026-07-18"", ""2026-07-19""]",Unreliable,0,,68.0,2026-07-17 14:02
ENERGYPETGATO10,3,ExtraTreesRegressor,80.0,0.5004,"[0.1644, 0.1716, 0.1644]","[""2026-07-18"", ""2026-07-19"", ""2026-07-20""]",Unreliable,0,,68.0,2026-07-17 14:02
ENERGYPETGATO2,2,TwoStage_RF_RF,97.536,0.1926687716270569,"[0.09816673930657267, 0.09450203232048422]","[""2026-07-18"", ""2026-07-19""]",Unreliable,0,,68.0,2026-07-17 14:02
ENERGYPETGATO2,3,HuberRegressor,100.0,4.2318844959743135e-08,"[1.410721089359361e-08, 1.4106281653252794e-08, 1.4105352412896731e-08]","[""2026-07-18"", ""2026-07-19"", ""2026-07-20""]",Unreliable,0,,68.0,2026-07-17 14:02
ENERGYPETJR20,2,RandomForestRegressor,86.466,11.144400000000003,"[5.572200000000001, 5.572200000000001]","[""2026-07-18"", ""2026-07-19""]",Unreliable,0,,68.0,2026-07-17 14:02
ENERGYPETJR20,3,TwoStage_RF_Ridge,92.754,1.1834111912741927,"[0.394439639839427, 0.3944704043115253, 0.39450114712324036]","[""2026-07-18"", ""2026-07-19"", ""2026-07-20""]",Unreliable,0,,68.0,2026-07-17 14:02
ENERGYPETPLUS20,2,TwoStage_RF_Ridge,84.573,9.187550800692573,"[4.593054224950025, 4.594496575742549]","[""2026-07-18"", ""2026-07-19""]",Unreliable,0,,68.0,2026-07-17 14:02
ENERGYPETPLUS20,3,arima,94.906,8.46084608164798,"[2.820282027215993, 2.820282027215993, 2.820282027215993]","[""2026-07-18"", ""2026-07-19"", ""2026-07-20""]",Unreliable,0,,68.0,2026-07-17 14:02
FRANGOSGRS25,2,HistGradientBoostingRegressor,0.0,0.0,"[0.0, 0.0]","[""2026-07-18"", ""2026-07-19""]",Excellent,1,NaiveLastValue,68.0,2026-07-17 14:02
FRANGOSGRS25,3,GradientBoostingRegressor,0.0,0.0,"[0.0, 0.0, 0.0]","[""2026-07-18"", ""2026-07-19"", ""2026-07-20""]",Excellent,1,NaiveLastValue,68.0,2026-07-17 14:02
ENERGYPETPLUS4,2,ExtraTreesRegressor,76.75,0.0,"[0.0, 0.0]","[""2026-07-18"", ""2026-07-19""]",Unreliable,0,,68.0,2026-07-17 14:02
ENERGYPETPLUS4,3,ExtraTreesRegressor,82.8,0.0,"[0.0, 0.0, 0.0]","[""2026-07-18"", ""2026-07-19"", ""2026-07-20""]",Unreliable,0,,68.0,2026-07-17 14:02
FRANGOSMGS25,2,ExtraTreesRegressor,0.0,0.0,"[0.0, 0.0]","[""2026-07-18"", ""2026-07-19""]",Excellent,1,NaiveLastValue,68.0,2026-07-17 14:02
FRANGOSMGS25,3,ExtraTreesRegressor,0.0,0.0,"[0.0, 0.0, 0.0]","[""2026-07-18"", ""2026-07-19"", ""2026-07-20""]",Excellent,1,NaiveLastValue,68.0,2026-07-17 14:02
GALINHASFRSAQ,2,RandomForestRegressor,0.0,0.0,"[0.0, 0.0]","[""2026-07-18"", ""2026-07-19""]",Excellent,1,NaiveLastValue,68.0,2026-07-17 14:02
GALINHASFRSAQ,3,RandomForestRegressor,0.0,0.0,"[0.0, 0.0, 0.0]","[""2026-07-18"", ""2026-07-19"", ""2026-07-20""]",Excellent,1,NaiveLastValue,68.0,2026-07-17 14:02
ENERGYPETJR4,2,HistGradientBoostingRegressor,96.409,0.06710382352780704,"[0.01403607375871264, 0.0530677497690944]","[""2026-07-18"", ""2026-07-19""]",Unreliable,0,,68.0,2026-07-17 14:02
ENERGYPETJR4,3,NaiveLastValue,100.0,0.0,"[0.0, 0.0, 0.0]","[""2026-07-18"", ""2026-07-19"", ""2026-07-20""]",Unreliable,0,,68.0,2026-07-17 14:02
GALINHASGRSAQ,2,RandomForestRegressor,0.0,0.0,"[0.0, 0.0]","[""2026-07-18"", ""2026-07-19""]",Excellent,1,NaiveLastValue,68.0,2026-07-17 14:02
GALINHASGRSAQ,3,RandomForestRegressor,0.0,0.0,"[0.0, 0.0, 0.0]","[""2026-07-18"", ""2026-07-19"", ""2026-07-20""]",Excellent,1,NaiveLastValue,68.0,2026-07-17 14:02
GALINHASMGSAQ,2,RandomForestRegressor,0.0,0.0,"[0.0, 0.0]","[""2026-07-18"", ""2026-07-19""]",Excellent,1,NaiveLastValue,68.0,2026-07-17 14:02
GALINHASMGSAQ,3,RandomForestRegressor,0.0,0.0,"[0.0, 0.0, 0.0]","[""2026-07-18"", ""2026-07-19"", ""2026-07-20""]",Excellent,1,NaiveLastValue,68.0,2026-07-17 14:02
FELLOWADULTO12,2,arima,99.999,0.10122454736788518,"[0.05061227368394259, 0.05061227368394259]","[""2026-07-18"", ""2026-07-19""]",Unreliable,0,,68.0,2026-07-17 14:02
FELLOWADULTO12,3,HuberRegressor,99.999,0.0,"[0.0, 0.0, 0.0]","[""2026-07-18"", ""2026-07-19"", ""2026-07-20""]",Unreliable,0,,68.0,2026-07-17 14:02
FIPALCAOADULTO20,2,arima,99.993,0.6787855858916542,"[0.3393927929458271, 0.3393927929458271]","[""2026-07-18"", ""2026-07-19""]",Unreliable,0,,68.0,2026-07-17 14:02
FIPALCAOADULTO20,3,HuberRegressor,100.0,0.0011752640059244511,"[0.00039175466412470696, 0.00039175466864148367, 0.00039175467315826043]","[""2026-07-18"", ""2026-07-19"", ""2026-07-20""]",Unreliable,0,,68.0,2026-07-17 14:02
GARPIADULTO20,2,ExtraTreesRegressor,0.0,0.0,"[0.0, 0.0]","[""2026-07-18"", ""2026-07-19""]",Excellent,1,NaiveLastValue,68.0,2026-07-17 14:02
GARPIADULTO20,3,ExtraTreesRegressor,0.0,0.0,"[0.0, 0.0, 0.0]","[""2026-07-18"", ""2026-07-19"", ""2026-07-20""]",Excellent,1,NaiveLastValue,68.0,2026-07-17 14:02
FELLOWJR12,2,arima,99.999,0.10367415203840127,"[0.05183707601920064, 0.05183707601920064]","[""2026-07-18"", ""2026-07-19""]",Unreliable,0,,68.0,2026-07-17 14:02
FELLOWJR12,3,NaiveLastValue,100.0,0.0,"[0.0, 0.0, 0.0]","[""2026-07-18"", ""2026-07-19"", ""2026-07-20""]",Unreliable,0,,68.0,2026-07-17 14:02
GARPIADULTO3,2,ExtraTreesRegressor,0.0,0.0,"[0.0, 0.0]","[""2026-07-18"", ""2026-07-19""]",Excellent,1,NaiveLastValue,68.0,2026-07-17 14:02
GARPIADULTO3,3,ExtraTreesRegressor,0.0,0.0,"[0.0, 0.0, 0.0]","[""2026-07-18"", ""2026-07-19"", ""2026-07-20""]",Excellent,1,NaiveLastValue,68.0,2026-07-17 14:02
GARPICATFISH20,2,ExtraTreesRegressor,0.0,0.0,"[0.0, 0.0]","[""2026-07-18"", ""2026-07-19""]",Excellent,1,NaiveLastValue,68.0,2026-07-17 14:02
GARPICATFISH20,3,ExtraTreesRegressor,0.0,0.0,"[0.0, 0.0, 0.0]","[""2026-07-18"", ""2026-07-19"", ""2026-07-20""]",Excellent,1,NaiveLastValue,68.0,2026-07-17 14:02
GALACERMANTENIMIENTO20,2,SeasonalNaive_52,57.895,0.0,"[0.0, 0.0]","[""2026-07-18"", ""2026-07-19""]",Poor,0,,68.0,2026-07-17 14:02
GALACERMANTENIMIENTO20,3,SeasonalNaive_52,55.556,0.0,"[0.0, 0.0, 0.0]","[""2026-07-18"", ""2026-07-19"", ""2026-07-20""]",Poor,0,,68.0,2026-07-17 14:02
GALINHASMGS25,2,arima,99.998,0.003949802513590366,"[0.001974901256795183, 0.001974901256795183]","[""2026-07-18"", ""2026-07-19""]",Unreliable,0,,68.0,2026-07-17 14:02
GALINHASMGS25,3,HuberRegressor,100.0,0.0,"[0.0, 0.0, 0.0]","[""2026-07-18"", ""2026-07-19"", ""2026-07-20""]",Unreliable,0,,68.0,2026-07-17 14:02
GALACERAE20,2,GradientBoostingRegressor,76.654,1.483448992390044,"[0.741724496195022, 0.741724496195022]","[""2026-07-18"", ""2026-07-19""]",Unreliable,0,,68.0,2026-07-17 14:02
GALACERAE20,3,GradientBoostingRegressor,63.901,2.1417949317132674,"[0.741724496195022, 0.741724496195022, 0.6583459393232235]","[""2026-07-18"", ""2026-07-19"", ""2026-07-20""]",Poor,0,,68.0,2026-07-17 14:02
GARPIGATO18,2,ExtraTreesRegressor,0.0,0.0,"[0.0, 0.0]","[""2026-07-18"", ""2026-07-19""]",Excellent,1,NaiveLastValue,68.0,2026-07-17 14:02
GARPIGATO18,3,ExtraTreesRegressor,0.0,0.0,"[0.0, 0.0, 0.0]","[""2026-07-18"", ""2026-07-19"", ""2026-07-20""]",Excellent,1,NaiveLastValue,68.0,2026-07-17 14:02
GOLIGATOADULTO18,2,NaiveLastValue,100.0,0.0,"[0.0, 0.0]","[""2026-07-18"", ""2026-07-19""]",Unreliable,0,,68.0,2026-07-17 14:02
GOLIGATOADULTO18,3,NaiveLastValue,100.0,0.0,"[0.0, 0.0, 0.0]","[""2026-07-18"", ""2026-07-19"", ""2026-07-20""]",Unreliable,0,,68.0,2026-07-17 14:02
GARPICATMEAT20,2,arima,99.997,0.2130957014385573,"[0.10654785071927865, 0.10654785071927865]","[""2026-07-18"", ""2026-07-19""]",Unreliable,0,,68.0,2026-07-17 14:02
GARPICATMEAT20,3,NaiveLastValue,100.0,0.0,"[0.0, 0.0, 0.0]","[""2026-07-18"", ""2026-07-19"", ""2026-07-20""]",Unreliable,0,,68.0,2026-07-17 14:02
GARPICATMIX20,2,TwoStage_Logistic_Huber,99.872,3.405638718518691,"[1.7205325602609236, 1.6851061582577673]","[""2026-07-18"", ""2026-07-19""]",Unreliable,0,,68.0,2026-07-17 14:02
GARPICATMIX20,3,NaiveLastValue,100.0,0.0,"[0.0, 0.0, 0.0]","[""2026-07-18"", ""2026-07-19"", ""2026-07-20""]",Unreliable,0,,68.0,2026-07-17 14:02
GARPIDOGJR20,2,arima,99.981,0.1659752116633188,"[0.0829876058316594, 0.0829876058316594]","[""2026-07-18"", ""2026-07-19""]",Unreliable,0,,68.0,2026-07-17 14:02
GARPIDOGJR20,3,NaiveLastValue,100.0,0.0,"[0.0, 0.0, 0.0]","[""2026-07-18"", ""2026-07-19"", ""2026-07-20""]",Unreliable,0,,68.0,2026-07-17 14:02
GARPIDOG20,2,arima,99.997,0.19557543787960838,"[0.09778771893980419, 0.09778771893980419]","[""2026-07-18"", ""2026-07-19""]",Unreliable,0,,68.0,2026-07-17 14:02
GARPIDOG20,3,HuberRegressor,100.0,0.0,"[0.0, 0.0, 0.0]","[""2026-07-18"", ""2026-07-19"", ""2026-07-20""]",Unreliable,0,,68.0,2026-07-17 14:02
GARPIDOGAE20,2,arima,99.998,0.15811975951390944,"[0.07905987975695472, 0.07905987975695472]","[""2026-07-18"", ""2026-07-19""]",Unreliable,0,,68.0,2026-07-17 14:02
GARPIDOGAE20,3,NaiveLastValue,100.0,0.0,"[0.0, 0.0, 0.0]","[""2026-07-18"", ""2026-07-19"", ""2026-07-20""]",Unreliable,0,,68.0,2026-07-17 14:02
GARPIDOGMIX20,2,Ridge,100.0,0.0,"[0.0, 0.0]","[""2026-07-18"", ""2026-07-19""]",Unreliable,0,,68.0,2026-07-17 14:02
GARPIDOGMIX20,3,NaiveLastValue,100.0,0.0,"[0.0, 0.0, 0.0]","[""2026-07-18"", ""2026-07-19"", ""2026-07-20""]",Unreliable,0,,68.0,2026-07-17 14:02
HAPPYADULTO10,2,TwoStage_ET_ET,75.807,2.8808292800698556,"[1.4396027385635037, 1.4412265415063517]","[""2026-07-18"", ""2026-07-19""]",Unreliable,0,,68.0,2026-07-17 14:02
HAPPYADULTO10,3,HuberRegressor,99.838,0.0625075160436757,"[0.020833422711845226, 0.020835838681225235, 0.020838254650605244]","[""2026-07-18"", ""2026-07-19"", ""2026-07-20""]",Unreliable,0,,68.0,2026-07-17 14:02
HAPPYADULTO4,2,TwoStage_ET_ET,74.439,0.2936135148857083,"[0.0960673908058503, 0.197546124079858]","[""2026-07-18"", ""2026-07-19""]",Poor,0,,68.0,2026-07-17 14:02
HAPPYADULTO4,3,TwoStage_ET_ET,72.594,0.5738162674574347,"[0.0960673908058503, 0.197546124079858, 0.2802027525717265]","[""2026-07-18"", ""2026-07-19"", ""2026-07-20""]",Poor,0,,68.0,2026-07-17 14:02
HAPPYADULTO18,2,TwoStage_Logistic_Huber,84.127,1.1617136562996362,"[0.5808548745785337, 0.5808587817211024]","[""2026-07-18"", ""2026-07-19""]",Unreliable,0,,68.0,2026-07-17 14:02
HAPPYADULTO18,3,HuberRegressor,96.0,1.204755788359049,"[0.40160316916559297, 0.40158526669790534, 0.4015673524955507]","[""2026-07-18"", ""2026-07-19"", ""2026-07-20""]",Unreliable,0,,68.0,2026-07-17 14:02
HAPPYADULTO7.5,2,sarima,74.383,0.0,"[0.0, 0.0]","[""2026-07-18"", ""2026-07-19""]",Poor,0,,68.0,2026-07-17 14:02
HAPPYADULTO7.5,3,sarima,88.223,0.0,"[0.0, 0.0, 0.0]","[""2026-07-18"", ""2026-07-19"", ""2026-07-20""]",Unreliable,0,,68.0,2026-07-17 14:02
HAPPYAE10,2,TwoStage_ET_ET,99.997,0.044779031547574025,"[0.022414851081766083, 0.02236418046580794]","[""2026-07-18"", ""2026-07-19""]",Unreliable,0,,68.0,2026-07-17 14:02
HAPPYAE10,3,NaiveLastValue,100.0,0.0,"[0.0, 0.0, 0.0]","[""2026-07-18"", ""2026-07-19"", ""2026-07-20""]",Unreliable,0,,68.0,2026-07-17 14:02
HAPPYAE18,2,SeasonalNaive_52,59.375,0.0,"[0.0, 0.0]","[""2026-07-18"", ""2026-07-19""]",Poor,0,,68.0,2026-07-17 14:02
HAPPYAE18,3,NaiveLastValue,100.0,0.0,"[0.0, 0.0, 0.0]","[""2026-07-18"", ""2026-07-19"", ""2026-07-20""]",Unreliable,0,,68.0,2026-07-17 14:02
HAPPYAE4,2,sarima,84.976,6.383672841813656e-17,"[3.191836420906831e-17, 3.191836420906825e-17]","[""2026-07-18"", ""2026-07-19""]",Unreliable,0,,68.0,2026-07-17 14:02
HAPPYAE4,3,ZeroForecast,100.0,0.0,"[0.0, 0.0, 0.0]","[""2026-07-18"", ""2026-07-19"", ""2026-07-20""]",Unreliable,0,,68.0,2026-07-17 14:02
HAPPYESTERIL10,2,TwoStage_RF_Ridge,58.026,1.3814071906770358,"[0.7107330251065654, 0.6706741655704703]","[""2026-07-18"", ""2026-07-19""]",Poor,0,,68.0,2026-07-17 14:02
HAPPYESTERIL10,3,TwoStage_RF_Ridge,64.723,2.015921995333074,"[0.7107330251065654, 0.6706741655704703, 0.634514804656038]","[""2026-07-18"", ""2026-07-19"", ""2026-07-20""]",Poor,0,,68.0,2026-07-17 14:02
HAPPYGATINHOS1.5,2,NaiveLastValue,100.0,0.0,"[0.0, 0.0]","[""2026-07-18"", ""2026-07-19""]",Unreliable,0,,68.0,2026-07-17 14:02
HAPPYGATINHOS1.5,3,NaiveLastValue,100.0,0.0,"[0.0, 0.0, 0.0]","[""2026-07-18"", ""2026-07-19"", ""2026-07-20""]",Unreliable,0,,68.0,2026-07-17 14:02
HAPPYESTERIL2,2,SeasonalNaive_52,39.535,0.0,"[0.0, 0.0]","[""2026-07-18"", ""2026-07-19""]",Fair,0,,68.0,2026-07-17 14:02
HAPPYESTERIL2,3,SeasonalNaive_52,43.237,0.036000000000000004,"[0.0, 0.0, 0.036000000000000004]","[""2026-07-18"", ""2026-07-19"", ""2026-07-20""]",Fair,0,,68.0,2026-07-17 14:02
HAPPYESTERIL4,2,arima,54.257,0.11590022354335952,"[0.05795011177167976, 0.05795011177167976]","[""2026-07-18"", ""2026-07-19""]",Fair,0,,68.0,2026-07-17 14:02
HAPPYESTERIL4,3,RandomForestRegressor,63.561,0.21056000000000008,"[0.07128000000000002, 0.07128000000000002, 0.06800000000000002]","[""2026-07-18"", ""2026-07-19"", ""2026-07-20""]",Poor,0,,68.0,2026-07-17 14:02
HAPPYGATO10,2,TwoStage_RF_Ridge,68.607,0.8016420932462875,"[0.4007793354372484, 0.4008627578090391]","[""2026-07-18"", ""2026-07-19""]",Poor,0,,68.0,2026-07-17 14:02
HAPPYGATO10,3,TwoStage_RF_Ridge,79.076,1.2025783499022507,"[0.4007793354372484, 0.4008627578090391, 0.4009362566559632]","[""2026-07-18"", ""2026-07-19"", ""2026-07-20""]",Unreliable,0,,68.0,2026-07-17 14:02
HAPPYGATO2,2,ETS,50.44,0.05625999605288326,"[0.02812999802644163, 0.02812999802644163]","[""2026-07-18"", ""2026-07-19""]",Fair,0,,68.0,2026-07-17 14:02
HAPPYGATO2,3,TwoStage_Logistic_Huber,72.308,0.16174116397495797,"[0.053911713647820776, 0.053913722134433205, 0.053915728192704]","[""2026-07-18"", ""2026-07-19"", ""2026-07-20""]",Poor,0,,68.0,2026-07-17 14:02
HAPPYGATOSALMAO2,2,SBA_alpha_01,44.526,0.09007994595684217,"[0.045039972978421085, 0.045039972978421085]","[""2026-07-18"", ""2026-07-19""]",Fair,0,,68.0,2026-07-17 14:02
HAPPYGATOSALMAO2,3,SBA_alpha_02,52.606,0.10971906888945418,"[0.036573022963151396, 0.036573022963151396, 0.036573022963151396]","[""2026-07-18"", ""2026-07-19"", ""2026-07-20""]",Fair,0,,68.0,2026-07-17 14:02
HAPPYGATOSALMAO10,2,RandomForestRegressor,61.988,1.2707000000000002,"[0.6188000000000001, 0.6519000000000001]","[""2026-07-18"", ""2026-07-19""]",Poor,0,,68.0,2026-07-17 14:02
HAPPYGATOSALMAO10,3,HistGradientBoostingRegressor,72.179,0.8856857584696589,"[0.1843160398197996, 0.32556198060152913, 0.3758077380483301]","[""2026-07-18"", ""2026-07-19"", ""2026-07-20""]",Poor,0,,68.0,2026-07-17 14:02
HAPPYJR10,2,TwoStage_RF_RF,86.661,0.43690941222108054,"[0.21845818024969338, 0.21845123197138716]","[""2026-07-18"", ""2026-07-19""]",Unreliable,0,,68.0,2026-07-17 14:02
HAPPYJR10,3,NaiveLastValue,100.0,0.0,"[0.0, 0.0, 0.0]","[""2026-07-18"", ""2026-07-19"", ""2026-07-20""]",Unreliable,0,,68.0,2026-07-17 14:02
HAPPYJR4,2,TwoStage_Logistic_Huber,97.086,0.11792813669476038,"[0.058970433605432256, 0.058957703089328115]","[""2026-07-18"", ""2026-07-19""]",Unreliable,0,,68.0,2026-07-17 14:02
HAPPYJR4,3,ZeroForecast,100.0,0.0,"[0.0, 0.0, 0.0]","[""2026-07-18"", ""2026-07-19"", ""2026-07-20""]",Unreliable,0,,68.0,2026-07-17 14:02
HAPPYJR18,2,HuberRegressor,93.392,0.2739789381462468,"[0.1369883372979454, 0.1369906008483014]","[""2026-07-18"", ""2026-07-19""]",Unreliable,0,,68.0,2026-07-17 14:02
HAPPYJR18,3,ZeroForecast,100.0,0.0,"[0.0, 0.0, 0.0]","[""2026-07-18"", ""2026-07-19"", ""2026-07-20""]",Unreliable,0,,68.0,2026-07-17 14:02
HAPPYMEDADULTO12,2,SeasonalNaive_52,95.74,0.0,"[0.0, 0.0]","[""2026-07-18"", ""2026-07-19""]",Unreliable,0,,68.0,2026-07-17 14:02
HAPPYMEDADULTO12,3,ZeroForecast,100.0,0.0,"[0.0, 0.0, 0.0]","[""2026-07-18"", ""2026-07-19"", ""2026-07-20""]",Unreliable,0,,68.0,2026-07-17 14:02
HAPPYMEDESTERIL6,2,NaiveLastValue,100.0,0.0,"[0.0, 0.0]","[""2026-07-18"", ""2026-07-19""]",Unreliable,0,,68.0,2026-07-17 14:02
HAPPYMEDESTERIL6,3,NaiveLastValue,100.0,0.0,"[0.0, 0.0, 0.0]","[""2026-07-18"", ""2026-07-19"", ""2026-07-20""]",Unreliable,0,,68.0,2026-07-17 14:02
HAPPYMEDESTERIL3,2,RandomForestRegressor,99.913,0.0,"[0.0, 0.0]","[""2026-07-18"", ""2026-07-19""]",Unreliable,0,,68.0,2026-07-17 14:02
HAPPYMEDESTERIL3,3,ExtraTreesRegressor,99.917,0.0,"[0.0, 0.0, 0.0]","[""2026-07-18"", ""2026-07-19"", ""2026-07-20""]",Unreliable,0,,68.0,2026-07-17 14:02
HAPPYMEDADULTO3,2,GradientBoostingRegressor,70.823,0.0,"[0.0, 0.0]","[""2026-07-18"", ""2026-07-19""]",Poor,0,,68.0,2026-07-17 14:02
HAPPYMEDADULTO3,3,GradientBoostingRegressor,87.005,0.010686702204704187,"[0.0, 0.0, 0.010686702204704187]","[""2026-07-18"", ""2026-07-19"", ""2026-07-20""]",Unreliable,0,,68.0,2026-07-17 14:02
HAPPYMEDADULTOSARDINHA12,2,TwoStage_Logistic_Huber,99.748,0.30057681229665845,"[0.15029854898304118, 0.15027826331361727]","[""2026-07-18"", ""2026-07-19""]",Unreliable,0,,68.0,2026-07-17 14:02
HAPPYMEDADULTOSARDINHA12,3,ZeroForecast,100.0,0.0,"[0.0, 0.0, 0.0]","[""2026-07-18"", ""2026-07-19"", ""2026-07-20""]",Unreliable,0,,68.0,2026-07-17 14:02
HAPPYMEDADULTOSARDINHA3,2,HuberRegressor,100.0,0.0,"[0.0, 0.0]","[""2026-07-18"", ""2026-07-19""]",Unreliable,0,,68.0,2026-07-17 14:02
HAPPYMEDADULTOSARDINHA3,3,NaiveLastValue,100.0,0.0,"[0.0, 0.0, 0.0]","[""2026-07-18"", ""2026-07-19"", ""2026-07-20""]",Unreliable,0,,68.0,2026-07-17 14:02
HAPPYMEDESTERIL1,2,HuberRegressor,100.0,0.0,"[0.0, 0.0]","[""2026-07-18"", ""2026-07-19""]",Unreliable,0,,68.0,2026-07-17 14:02
HAPPYMEDESTERIL1,3,NaiveLastValue,100.0,0.0,"[0.0, 0.0, 0.0]","[""2026-07-18"", ""2026-07-19"", ""2026-07-20""]",Unreliable,0,,68.0,2026-07-17 14:02
HAPPYMEDESTERIL2,2,HistGradientBoostingRegressor,39.449,0.0,"[0.0, 0.0]","[""2026-07-18"", ""2026-07-19""]",Fair,0,,68.0,2026-07-17 14:02
HAPPYMEDESTERIL2,3,HistGradientBoostingRegressor,49.492,0.0,"[0.0, 0.0, 0.0]","[""2026-07-18"", ""2026-07-19"", ""2026-07-20""]",Fair,0,,68.0,2026-07-17 14:02
HAPPYMEDGATINHOS1,2,SeasonalNaive_52,85.185,0.0,"[0.0, 0.0]","[""2026-07-18"", ""2026-07-19""]",Unreliable,0,,68.0,2026-07-17 14:02
HAPPYMEDGATINHOS1,3,SeasonalNaive_52,88.732,0.0,"[0.0, 0.0, 0.0]","[""2026-07-18"", ""2026-07-19"", ""2026-07-20""]",Unreliable,0,,68.0,2026-07-17 14:02
HAPPYMEDESTERILSARDINHA2,2,Ridge,95.768,0.014344590119046088,"[0.007081998261020713, 0.007262591858025375]","[""2026-07-18"", ""2026-07-19""]",Unreliable,0,,68.0,2026-07-17 14:02
HAPPYMEDESTERILSARDINHA2,3,TwoStage_Logistic_Huber,96.649,0.15806671428602104,"[0.053695910938691964, 0.052128567091574984, 0.052242236255754096]","[""2026-07-18"", ""2026-07-19"", ""2026-07-20""]",Unreliable,0,,68.0,2026-07-17 14:02
HAPPYMEDESTERIL7,2,HistGradientBoostingRegressor,68.948,0.0,"[0.0, 0.0]","[""2026-07-18"", ""2026-07-19""]",Poor,0,,68.0,2026-07-17 14:02
HAPPYMEDESTERIL7,3,GradientBoostingRegressor,70.941,0.24934744672464842,"[0.08059666883777791, 0.07820659857528843, 0.09054417931158208]","[""2026-07-18"", ""2026-07-19"", ""2026-07-20""]",Poor,0,,68.0,2026-07-17 14:02
HAPPYMEDESTERILSARDINHA3,2,SBA_alpha_01,97.176,0.08654967050242385,"[0.043274835251211924, 0.043274835251211924]","[""2026-07-18"", ""2026-07-19""]",Unreliable,0,,68.0,2026-07-17 14:02
HAPPYMEDESTERILSARDINHA3,3,arima,99.056,0.006123179063458852,"[0.0020410596878196173, 0.0020410596878196173, 0.0020410596878196173]","[""2026-07-18"", ""2026-07-19"", ""2026-07-20""]",Unreliable,0,,68.0,2026-07-17 14:02
HAPPYMEDESTERILSARDINHA7,2,TwoStage_RF_RF,93.014,0.09719466187362855,"[0.04859114972938365, 0.0486035121442449]","[""2026-07-18"", ""2026-07-19""]",Unreliable,0,,68.0,2026-07-17 14:02
HAPPYMEDESTERILSARDINHA7,3,SeasonalNaive_52,96.19,0.0,"[0.0, 0.0, 0.0]","[""2026-07-18"", ""2026-07-19"", ""2026-07-20""]",Unreliable,0,,68.0,2026-07-17 14:02
HAPPYMEDGATINHOS2,2,SeasonalNaive_52,91.176,0.0,"[0.0, 0.0]","[""2026-07-18"", ""2026-07-19""]",Unreliable,0,,68.0,2026-07-17 14:02
HAPPYMEDGATINHOS2,3,SeasonalNaive_52,92.258,0.0,"[0.0, 0.0, 0.0]","[""2026-07-18"", ""2026-07-19"", ""2026-07-20""]",Unreliable,0,,68.0,2026-07-17 14:02
HAPPYMEDGATO2,2,Ridge,65.02,0.010214964056641782,"[0.005190597725057067, 0.005024366331584715]","[""2026-07-18"", ""2026-07-19""]",Poor,0,,68.0,2026-07-17 14:02
HAPPYMEDGATO2,3,Ridge,81.16,0.01154633736154485,"[0.005190597725057067, 0.005024366331584715, 0.0013313733049030683]","[""2026-07-18"", ""2026-07-19"", ""2026-07-20""]",Unreliable,0,,68.0,2026-07-17 14:02
HAPPYMEDGATO1,2,NaiveLastValue,100.0,0.0,"[0.0, 0.0]","[""2026-07-18"", ""2026-07-19""]",Unreliable,0,,68.0,2026-07-17 14:02
HAPPYMEDGATO1,3,NaiveLastValue,100.0,0.0,"[0.0, 0.0, 0.0]","[""2026-07-18"", ""2026-07-19"", ""2026-07-20""]",Unreliable,0,,68.0,2026-07-17 14:02
HAPPYMEDGATO3,2,GradientBoostingRegressor,96.731,0.16118292777743043,"[0.16118292777743043, 0.0]","[""2026-07-18"", ""2026-07-19""]",Unreliable,0,,68.0,2026-07-17 14:02
HAPPYMEDGATO3,3,NaiveLastValue,100.0,0.0,"[0.0, 0.0, 0.0]","[""2026-07-18"", ""2026-07-19"", ""2026-07-20""]",Unreliable,0,,68.0,2026-07-17 14:02
HAPPYMEDGATO7,2,TwoStage_Logistic_Huber,42.694,0.011149944912238259,"[0.005573820329096875, 0.005576124583141383]","[""2026-07-18"", ""2026-07-19""]",Fair,0,,68.0,2026-07-17 14:02
HAPPYMEDGATO7,3,TwoStage_Logistic_Huber,48.169,0.016728374792920983,"[0.005573820329096875, 0.005576124583141383, 0.005578429880682725]","[""2026-07-18"", ""2026-07-19"", ""2026-07-20""]",Fair,0,,68.0,2026-07-17 14:02
HAPPYMEDGFBORREGO12,2,TwoStage_RF_Ridge,96.549,0.05088942449258127,"[0.025437553321211778, 0.025451871171369492]","[""2026-07-18"", ""2026-07-19""]",Unreliable,0,,68.0,2026-07-17 14:02
HAPPYMEDGFBORREGO12,3,sarima,100.0,0.0,"[0.0, 0.0, 0.0]","[""2026-07-18"", ""2026-07-19"", ""2026-07-20""]",Unreliable,0,,68.0,2026-07-17 14:02
HAPPYMEDGATOSENIOR3,2,TwoStage_ET_ET,99.659,0.002177430354183378,"[0.0010886520185793955, 0.0010887783356039824]","[""2026-07-18"", ""2026-07-19""]",Unreliable,0,,68.0,2026-07-17 14:02
HAPPYMEDGATOSENIOR3,3,HuberRegressor,100.0,0.0,"[0.0, 0.0, 0.0]","[""2026-07-18"", ""2026-07-19"", ""2026-07-20""]",Unreliable,0,,68.0,2026-07-17 14:02
HAPPYMEDRP6,2,HuberRegressor,99.984,0.0,"[0.0, 0.0]","[""2026-07-18"", ""2026-07-19""]",Unreliable,0,,68.0,2026-07-17 14:02
HAPPYMEDRP6,3,ZeroForecast,100.0,0.0,"[0.0, 0.0, 0.0]","[""2026-07-18"", ""2026-07-19"", ""2026-07-20""]",Unreliable,0,,68.0,2026-07-17 14:02
HAPPYMEDGFBORREGO3,2,TwoStage_Logistic_Huber,97.813,0.021244671287071894,"[0.010824636091310427, 0.010420035195761469]","[""2026-07-18"", ""2026-07-19""]",Unreliable,0,,68.0,2026-07-17 14:02
HAPPYMEDGFBORREGO3,3,TwoStage_Logistic_Huber,97.092,0.02319058895175294,"[0.010824636091310427, 0.010420035195761469, 0.0019459176646810415]","[""2026-07-18"", ""2026-07-19"", ""2026-07-20""]",Unreliable,0,,68.0,2026-07-17 14:02
HAPPYMEDLIGHTSENIOR12,2,SeasonalNaive_52,88.211,0.0,"[0.0, 0.0]","[""2026-07-18"", ""2026-07-19""]",Unreliable,0,,68.0,2026-07-17 14:02
HAPPYMEDLIGHTSENIOR12,3,HuberRegressor,100.0,0.0,"[0.0, 0.0, 0.0]","[""2026-07-18"", ""2026-07-19"", ""2026-07-20""]",Unreliable,0,,68.0,2026-07-17 14:02
HAPPYMEDJR3,2,HuberRegressor,99.987,0.0,"[0.0, 0.0]","[""2026-07-18"", ""2026-07-19""]",Unreliable,0,,68.0,2026-07-17 14:02
HAPPYMEDJR3,3,HuberRegressor,99.736,0.0,"[0.0, 0.0, 0.0]","[""2026-07-18"", ""2026-07-19"", ""2026-07-20""]",Unreliable,0,,68.0,2026-07-17 14:02
HAPPYMEDJR12,2,TwoStage_ET_ET,98.141,0.08227807765855208,"[0.041484932059319427, 0.04079314559923265]","[""2026-07-18"", ""2026-07-19""]",Unreliable,0,,68.0,2026-07-17 14:02
HAPPYMEDJR12,3,NaiveLastValue,100.0,0.0,"[0.0, 0.0, 0.0]","[""2026-07-18"", ""2026-07-19"", ""2026-07-20""]",Unreliable,0,,68.0,2026-07-17 14:02
HAPPYMEDRP3,2,NaiveLastValue,100.0,0.0,"[0.0, 0.0]","[""2026-07-18"", ""2026-07-19""]",Unreliable,0,,68.0,2026-07-17 14:02
HAPPYMEDRP3,3,NaiveLastValue,100.0,0.0,"[0.0, 0.0, 0.0]","[""2026-07-18"", ""2026-07-19"", ""2026-07-20""]",Unreliable,0,,68.0,2026-07-17 14:02
HAPPYMEDRP7,2,TwoStage_RF_RF,99.578,0.06404138120432425,"[0.032030995553426124, 0.03201038565089812]","[""2026-07-18"", ""2026-07-19""]",Unreliable,0,,68.0,2026-07-17 14:02
HAPPYMEDRP7,3,NaiveLastValue,100.0,0.0,"[0.0, 0.0, 0.0]","[""2026-07-18"", ""2026-07-19"", ""2026-07-20""]",Unreliable,0,,68.0,2026-07-17 14:02
HAPPYMEDLIGHTSENIOR3,2,HistGradientBoostingRegressor,84.385,0.10635613871567315,"[0.09039304507096914, 0.015963093644704007]","[""2026-07-18"", ""2026-07-19""]",Unreliable,0,,68.0,2026-07-17 14:02
HAPPYMEDLIGHTSENIOR3,3,HistGradientBoostingRegressor,83.818,0.19463992936606836,"[0.09039304507096914, 0.015963093644704007, 0.08828379065039522]","[""2026-07-18"", ""2026-07-19"", ""2026-07-20""]",Unreliable,0,,68.0,2026-07-17 14:02
HAPPYMIX10,2,TSB_01_01,85.508,0.03537699832903443,"[0.017688499164517216, 0.017688499164517216]","[""2026-07-18"", ""2026-07-19""]",Unreliable,0,,68.0,2026-07-17 14:02
HAPPYMIX10,3,Ridge,98.797,0.06252345653631922,"[0.020838424343208768, 0.020841152187533327, 0.02084388000557712]","[""2026-07-18"", ""2026-07-19"", ""2026-07-20""]",Unreliable,0,,68.0,2026-07-17 14:02
HAPPYMEDRPSARDINHA3,2,TwoStage_ET_ET,98.112,0.05421308720853617,"[0.027103881007342272, 0.02710920620119389]","[""2026-07-18"", ""2026-07-19""]",Unreliable,0,,68.0,2026-07-17 14:02
HAPPYMEDRPSARDINHA3,3,ZeroForecast,100.0,0.0,"[0.0, 0.0, 0.0]","[""2026-07-18"", ""2026-07-19"", ""2026-07-20""]",Unreliable,0,,68.0,2026-07-17 14:02
HAPPYMEDRPSARDINHA7,2,HistGradientBoostingRegressor,89.447,0.0835847189133117,"[0.0, 0.0835847189133117]","[""2026-07-18"", ""2026-07-19""]",Unreliable,0,,68.0,2026-07-17 14:02
HAPPYMEDRPSARDINHA7,3,NaiveLastValue,100.0,0.0,"[0.0, 0.0, 0.0]","[""2026-07-18"", ""2026-07-19"", ""2026-07-20""]",Unreliable,0,,68.0,2026-07-17 14:02
HAPPYMIX18,2,MovingAverage_8,90.854,0.0,"[0.0, 0.0]","[""2026-07-18"", ""2026-07-19""]",Unreliable,0,,68.0,2026-07-17 14:02
HAPPYMIX18,3,ZeroForecast,100.0,0.0,"[0.0, 0.0, 0.0]","[""2026-07-18"", ""2026-07-19"", ""2026-07-20""]",Unreliable,0,,68.0,2026-07-17 14:02
HAPPYMIX4,2,GradientBoostingRegressor,77.728,0.32174125093009986,"[0.1627002481906093, 0.15904100273949054]","[""2026-07-18"", ""2026-07-19""]",Unreliable,0,,68.0,2026-07-17 14:02
HAPPYMIX4,3,TwoStage_RF_RF,84.999,0.09020875012798948,"[0.03034117057899116, 0.03035047916574581, 0.029517100383252518]","[""2026-07-18"", ""2026-07-19"", ""2026-07-20""]",Unreliable,0,,68.0,2026-07-17 14:02
HAPPYRP2,2,TwoStage_RF_RF,30.721,0.9586082590177825,"[0.4789871072974404, 0.47962115172034214]","[""2026-07-18"", ""2026-07-19""]",Good,0,,68.0,2026-07-17 14:02
HAPPYRP2,3,TwoStage_RF_RF,52.385,1.4328824383654633,"[0.4789871072974404, 0.47962115172034214, 0.47427417934768085]","[""2026-07-18"", ""2026-07-19"", ""2026-07-20""]",Fair,0,,68.0,2026-07-17 14:02
HAPPYSILICA6,2,arima,99.961,1.31442818419677e-10,"[6.57214092098385e-11, 6.57214092098385e-11]","[""2026-07-18"", ""2026-07-19""]",Unreliable,0,,68.0,2026-07-17 15:11
HAPPYSILICA6,3,NaiveLastValue,100.0,0.0,"[0.0, 0.0, 0.0]","[""2026-07-18"", ""2026-07-19"", ""2026-07-20""]",Unreliable,0,,68.0,2026-07-17 15:11
HIPERCAT2,2,arima,99.998,0.04255697606472387,"[0.021278488032361934, 0.021278488032361934]","[""2026-07-18"", ""2026-07-19""]",Unreliable,0,,68.0,2026-07-17 15:11
HIPERCAT2,3,NaiveLastValue,100.0,0.0,"[0.0, 0.0, 0.0]","[""2026-07-18"", ""2026-07-19"", ""2026-07-20""]",Unreliable,0,,68.0,2026-07-17 15:11
HAPPYSENIOR4,2,GradientBoostingRegressor,67.176,0.0,"[0.0, 0.0]","[""2026-07-18"", ""2026-07-19""]",Poor,0,,68.0,2026-07-17 15:11
HAPPYSENIOR4,3,ZeroForecast,100.0,0.0,"[0.0, 0.0, 0.0]","[""2026-07-18"", ""2026-07-19"", ""2026-07-20""]",Unreliable,0,,68.0,2026-07-17 15:11
HIPERCAT20,2,arima,99.989,0.8432170548251623,"[0.42160852741258115, 0.42160852741258115]","[""2026-07-18"", ""2026-07-19""]",Unreliable,0,,68.0,2026-07-17 15:11
HIPERCAT20,3,NaiveLastValue,100.0,0.0,"[0.0, 0.0, 0.0]","[""2026-07-18"", ""2026-07-19"", ""2026-07-20""]",Unreliable,0,,68.0,2026-07-17 15:11
HAPPYRP4,2,ADIDA_8,62.637,0.26397803587513663,"[0.13198901793756831, 0.13198901793756831]","[""2026-07-18"", ""2026-07-19""]",Poor,0,,68.0,2026-07-17 15:11
HAPPYRP4,3,HistGradientBoostingRegressor,70.505,0.7161058333758409,"[0.4303444310275844, 0.2857614023482565, 0.0]","[""2026-07-18"", ""2026-07-19"", ""2026-07-20""]",Poor,0,,68.0,2026-07-17 15:11
HAPPYSENIOR10,2,HuberRegressor,99.217,0.025103655978343936,"[0.012550317213931711, 0.012553338764412223]","[""2026-07-18"", ""2026-07-19""]",Unreliable,0,,68.0,2026-07-17 15:11
HAPPYSENIOR10,3,ZeroForecast,100.0,0.0,"[0.0, 0.0, 0.0]","[""2026-07-18"", ""2026-07-19"", ""2026-07-20""]",Unreliable,0,,68.0,2026-07-17 15:11
HAPPYSILICA3.8,2,TwoStage_RF_Ridge,98.106,0.028473653880192806,"[0.019465435158638557, 0.009008218721554249]","[""2026-07-18"", ""2026-07-19""]",Unreliable,0,,68.0,2026-07-17 15:11
HAPPYSILICA3.8,3,TwoStage_RF_Ridge,97.071,0.028473653880192806,"[0.019465435158638557, 0.009008218721554249, 0.0]","[""2026-07-18"", ""2026-07-19"", ""2026-07-20""]",Unreliable,0,,68.0,2026-07-17 15:11
HPREMIUMADULTOHIPO12,2,GradientBoostingRegressor,73.313,1.8258615702545837,"[1.09759251976743, 0.7282690504871536]","[""2026-07-18"", ""2026-07-19""]",Poor,0,,68.0,2026-07-17 15:11
HPREMIUMADULTOHIPO12,3,ZeroForecast,100.0,0.0,"[0.0, 0.0, 0.0]","[""2026-07-18"", ""2026-07-19"", ""2026-07-20""]",Unreliable,0,,68.0,2026-07-17 15:11
HIPERDOG20,2,arima,99.999,0.19360146823544852,"[0.09680073411772426, 0.09680073411772426]","[""2026-07-18"", ""2026-07-19""]",Unreliable,0,,68.0,2026-07-17 15:11
HIPERDOG20,3,NaiveLastValue,100.0,0.0,"[0.0, 0.0, 0.0]","[""2026-07-18"", ""2026-07-19"", ""2026-07-20""]",Unreliable,0,,68.0,2026-07-17 15:11
HIPERDOG3.5,2,HuberRegressor,99.996,0.0,"[0.0, 0.0]","[""2026-07-18"", ""2026-07-19""]",Unreliable,0,,68.0,2026-07-17 15:11
HIPERDOG3.5,3,NaiveLastValue,100.0,0.0,"[0.0, 0.0, 0.0]","[""2026-07-18"", ""2026-07-19"", ""2026-07-20""]",Unreliable,0,,68.0,2026-07-17 15:11
HPREMIUMADULTOHIPO15,2,NaiveLastValue,100.0,0.0,"[0.0, 0.0]","[""2026-07-18"", ""2026-07-19""]",Unreliable,0,,68.0,2026-07-17 15:11
HPREMIUMADULTOHIPO15,3,NaiveLastValue,100.0,0.0,"[0.0, 0.0, 0.0]","[""2026-07-18"", ""2026-07-19"", ""2026-07-20""]",Unreliable,0,,68.0,2026-07-17 15:11
HPREMIUMCF15,2,ExtraTreesRegressor,99.418,0.0,"[0.0, 0.0]","[""2026-07-18"", ""2026-07-19""]",Unreliable,0,,68.0,2026-07-17 15:11
HPREMIUMCF15,3,ExtraTreesRegressor,98.333,0.0,"[0.0, 0.0, 0.0]","[""2026-07-18"", ""2026-07-19"", ""2026-07-20""]",Unreliable,0,,68.0,2026-07-17 15:11
HPREMIUMCF12,2,HistGradientBoostingRegressor,81.053,0.005597920601440928,"[0.005597920601440928, 0.0]","[""2026-07-18"", ""2026-07-19""]",Unreliable,0,,68.0,2026-07-17 15:11
HPREMIUMCF12,3,HistGradientBoostingRegressor,99.035,0.005597920601440928,"[0.005597920601440928, 0.0, 0.0]","[""2026-07-18"", ""2026-07-19"", ""2026-07-20""]",Unreliable,0,,68.0,2026-07-17 15:11
HPREMIUMADULTOHIPO4,2,GradientBoostingRegressor,87.647,0.3982978438290451,"[0.06967902368465846, 0.32861882014438665]","[""2026-07-18"", ""2026-07-19""]",Unreliable,0,,68.0,2026-07-17 15:11
HPREMIUMADULTOHIPO4,3,GradientBoostingRegressor,96.624,0.4671120492421946,"[0.06967902368465846, 0.32861882014438665, 0.06881420541314955]","[""2026-07-18"", ""2026-07-19"", ""2026-07-20""]",Unreliable,0,,68.0,2026-07-17 15:11
HPREMIUMCF4,2,TwoStage_RF_RF,99.821,0.057329884423973146,"[0.02867519153016403, 0.028654692893809112]","[""2026-07-18"", ""2026-07-19""]",Unreliable,0,,68.0,2026-07-17 15:11
HPREMIUMCF4,3,NaiveLastValue,100.0,0.0,"[0.0, 0.0, 0.0]","[""2026-07-18"", ""2026-07-19"", ""2026-07-20""]",Unreliable,0,,68.0,2026-07-17 15:11
HPREMIUMCFESTERIL1.5,2,GradientBoostingRegressor,94.52,0.3909865410508307,"[0.1766905888320928, 0.2142959522187379]","[""2026-07-18"", ""2026-07-19""]",Unreliable,0,,68.0,2026-07-17 15:11
HPREMIUMCFESTERIL1.5,3,GradientBoostingRegressor,94.783,0.6052824932695686,"[0.1766905888320928, 0.2142959522187379, 0.2142959522187379]","[""2026-07-18"", ""2026-07-19"", ""2026-07-20""]",Unreliable,0,,68.0,2026-07-17 15:11
HPREMIUMGF15,2,Ridge,80.584,0.0,"[0.0, 0.0]","[""2026-07-18"", ""2026-07-19""]",Unreliable,0,,68.0,2026-07-17 15:11
HPREMIUMGF15,3,TwoStage_RF_Ridge,95.503,0.0,"[0.0, 0.0, 0.0]","[""2026-07-18"", ""2026-07-19"", ""2026-07-20""]",Unreliable,0,,68.0,2026-07-17 15:11
HPREMIUMGATINHOSCF1.5,2,TwoStage_Logistic_Huber,99.98,0.0,"[0.0, 0.0]","[""2026-07-18"", ""2026-07-19""]",Unreliable,0,,68.0,2026-07-17 15:11
HPREMIUMGATINHOSCF1.5,3,NaiveLastValue,100.0,0.0,"[0.0, 0.0, 0.0]","[""2026-07-18"", ""2026-07-19"", ""2026-07-20""]",Unreliable,0,,68.0,2026-07-17 15:11
HPREMIUMGATOSALMAO1.5,2,TwoStage_Logistic_Huber,74.12,0.017373344340132844,"[0.008686833132322233, 0.00868651120781061]","[""2026-07-18"", ""2026-07-19""]",Poor,0,,68.0,2026-07-17 15:11
HPREMIUMGATOSALMAO1.5,3,SeasonalNaive_52,70.0,0.0,"[0.0, 0.0, 0.0]","[""2026-07-18"", ""2026-07-19"", ""2026-07-20""]",Poor,0,,68.0,2026-07-17 15:11
HPREMIUMGATOLIGHTSENIOR1.5,2,TwoStage_Logistic_Huber,92.813,1.8127275074436648e+34,"[3.8324875681092815e+33, 1.4294787506327367e+34]","[""2026-07-18"", ""2026-07-19""]",Unreliable,0,,68.0,2026-07-17 15:11
HPREMIUMGATOLIGHTSENIOR1.5,3,NaiveLastValue,100.0,0.0,"[0.0, 0.0, 0.0]","[""2026-07-18"", ""2026-07-19"", ""2026-07-20""]",Unreliable,0,,68.0,2026-07-17 15:11
HPREMIUMGF12,2,MovingAverage_4,100.0,0.0,"[0.0, 0.0]","[""2026-07-18"", ""2026-07-19""]",Unreliable,0,,68.0,2026-07-17 15:11
HPREMIUMGF12,3,ZeroForecast,100.0,0.0,"[0.0, 0.0, 0.0]","[""2026-07-18"", ""2026-07-19"", ""2026-07-20""]",Unreliable,0,,68.0,2026-07-17 15:11
HPREMIUMCFESTERIL10,2,SeasonalNaive_52,86.842,0.0,"[0.0, 0.0]","[""2026-07-18"", ""2026-07-19""]",Unreliable,0,,68.0,2026-07-17 15:11
HPREMIUMCFESTERIL10,3,SeasonalNaive_52,91.429,0.0,"[0.0, 0.0, 0.0]","[""2026-07-18"", ""2026-07-19"", ""2026-07-20""]",Unreliable,0,,68.0,2026-07-17 15:11
HPREMIUMGF4,2,arima,99.868,0.0531138131912029,"[0.02655690659560145, 0.02655690659560145]","[""2026-07-18"", ""2026-07-19""]",Unreliable,0,,68.0,2026-07-17 15:11
HPREMIUMGF4,3,GradientBoostingRegressor,80.925,0.5061398718317214,"[0.3852868613390857, 0.07048454517863048, 0.05036846531400524]","[""2026-07-18"", ""2026-07-19"", ""2026-07-20""]",Unreliable,0,,68.0,2026-07-17 15:11
HPREMIUMJRCF12,2,sarima,98.432,0.0,"[0.0, 0.0]","[""2026-07-18"", ""2026-07-19""]",Unreliable,0,,68.0,2026-07-17 15:11
HPREMIUMJRCF12,3,ZeroForecast,100.0,0.0,"[0.0, 0.0, 0.0]","[""2026-07-18"", ""2026-07-19"", ""2026-07-20""]",Unreliable,0,,68.0,2026-07-17 15:11
HPREMIUMINSETO10,2,sarima,93.571,8.381737924753031e-21,"[4.190868962376334e-21, 4.190868962376697e-21]","[""2026-07-18"", ""2026-07-19""]",Unreliable,0,,68.0,2026-07-17 15:11
HPREMIUMINSETO10,3,sarima,99.707,1.2572606887131068e-20,"[4.190868962376334e-21, 4.190868962376697e-21, 4.190868962378038e-21]","[""2026-07-18"", ""2026-07-19"", ""2026-07-20""]",Unreliable,0,,68.0,2026-07-17 15:11
HPREMIUMJRCF15,2,sarima,94.996,0.0,"[0.0, 0.0]","[""2026-07-18"", ""2026-07-19""]",Unreliable,0,,68.0,2026-07-17 15:11
HPREMIUMJRCF15,3,SeasonalNaive_52,40.0,0.0,"[0.0, 0.0, 0.0]","[""2026-07-18"", ""2026-07-19"", ""2026-07-20""]",Fair,0,,68.0,2026-07-17 15:11
HPREMIUMINSETO4,2,RandomForestRegressor,95.012,0.20139999999999997,"[0.10279999999999999, 0.0986]","[""2026-07-18"", ""2026-07-19""]",Unreliable,0,,68.0,2026-07-17 15:11
HPREMIUMINSETO4,3,ZeroForecast,100.0,0.0,"[0.0, 0.0, 0.0]","[""2026-07-18"", ""2026-07-19"", ""2026-07-20""]",Unreliable,0,,68.0,2026-07-17 15:11
HPREMIUMJRCF4,2,arima,68.311,0.024958194863736474,"[0.012479097431868237, 0.012479097431868237]","[""2026-07-18"", ""2026-07-19""]",Poor,0,,68.0,2026-07-17 15:11
HPREMIUMJRCF4,3,arima,87.777,0.03743729229560471,"[0.012479097431868237, 0.012479097431868237, 0.012479097431868237]","[""2026-07-18"", ""2026-07-19"", ""2026-07-20""]",Unreliable,0,,68.0,2026-07-17 15:11
HPREMIUMRGCF12,2,arima,99.762,0.21714593846144684,"[0.10857296923072342, 0.10857296923072342]","[""2026-07-18"", ""2026-07-19""]",Unreliable,0,,68.0,2026-07-17 15:11
HPREMIUMRGCF12,3,HuberRegressor,99.997,0.0,"[0.0, 0.0, 0.0]","[""2026-07-18"", ""2026-07-19"", ""2026-07-20""]",Unreliable,0,,68.0,2026-07-17 15:11
HPREMIUMRGCF15,2,ExtraTreesRegressor,83.119,0.0,"[0.0, 0.0]","[""2026-07-18"", ""2026-07-19""]",Unreliable,0,,68.0,2026-07-17 15:11
HPREMIUMRGCF15,3,ExtraTreesRegressor,89.163,0.0,"[0.0, 0.0, 0.0]","[""2026-07-18"", ""2026-07-19"", ""2026-07-20""]",Unreliable,0,,68.0,2026-07-17 15:11
HPREMIUMLIGHTSENIORCF15,2,ExtraTreesRegressor,87.033,0.0,"[0.0, 0.0]","[""2026-07-18"", ""2026-07-19""]",Unreliable,0,,68.0,2026-07-17 15:11
HPREMIUMLIGHTSENIORCF15,3,ZeroForecast,100.0,0.0,"[0.0, 0.0, 0.0]","[""2026-07-18"", ""2026-07-19"", ""2026-07-20""]",Unreliable,0,,68.0,2026-07-17 15:11
HPREMIUMLIGHTSENIORCF4,2,ExtraTreesRegressor,87.206,0.0,"[0.0, 0.0]","[""2026-07-18"", ""2026-07-19""]",Unreliable,0,,68.0,2026-07-17 15:11
HPREMIUMLIGHTSENIORCF4,3,ExtraTreesRegressor,94.645,0.0,"[0.0, 0.0, 0.0]","[""2026-07-18"", ""2026-07-19"", ""2026-07-20""]",Unreliable,0,,68.0,2026-07-17 15:11
HPREMIUMRPCF10,2,ExtraTreesRegressor,96.969,0.0,"[0.0, 0.0]","[""2026-07-18"", ""2026-07-19""]",Unreliable,0,,68.0,2026-07-17 15:11
HPREMIUMRPCF10,3,HuberRegressor,99.221,1.1584939687900574e-08,"[3.855723402801945e-09, 3.861646562652724e-09, 3.867569722445905e-09]","[""2026-07-18"", ""2026-07-19"", ""2026-07-20""]",Unreliable,0,,68.0,2026-07-17 15:11
HPREMIUMRGCF4,2,HistGradientBoostingRegressor,97.295,0.00017192917684061098,"[0.00017192917684061098, 0.0]","[""2026-07-18"", ""2026-07-19""]",Unreliable,0,,68.0,2026-07-17 15:11
HPREMIUMRGCF4,3,NaiveLastValue,100.0,0.0,"[0.0, 0.0, 0.0]","[""2026-07-18"", ""2026-07-19"", ""2026-07-20""]",Unreliable,0,,68.0,2026-07-17 15:11
HPREMIUMRPCF4,2,HistGradientBoostingRegressor,62.047,0.11151286344608417,"[0.04883848449432025, 0.06267437895176392]","[""2026-07-18"", ""2026-07-19""]",Poor,0,,68.0,2026-07-17 15:11
HPREMIUMRPCF4,3,SeasonalNaive_52,84.615,0.0,"[0.0, 0.0, 0.0]","[""2026-07-18"", ""2026-07-19"", ""2026-07-20""]",Unreliable,0,,68.0,2026-07-17 15:11
IFSADULTOMIX12,2,arima,99.997,0.20367711649433232,"[0.10183855824716616, 0.10183855824716616]","[""2026-07-18"", ""2026-07-19""]",Unreliable,0,,68.0,2026-07-17 15:11
IFSADULTOMIX12,3,NaiveLastValue,100.0,0.0,"[0.0, 0.0, 0.0]","[""2026-07-18"", ""2026-07-19"", ""2026-07-20""]",Unreliable,0,,68.0,2026-07-17 15:11
IFSADULTOMIX20,2,arima,99.989,0.1772210852469162,"[0.0886105426234581, 0.0886105426234581]","[""2026-07-18"", ""2026-07-19""]",Unreliable,0,,68.0,2026-07-17 15:11
IFSADULTOMIX20,3,NaiveLastValue,100.0,0.0,"[0.0, 0.0, 0.0]","[""2026-07-18"", ""2026-07-19"", ""2026-07-20""]",Unreliable,0,,68.0,2026-07-17 15:11
HPREMIUMSA4,2,TwoStage_Logistic_Huber,99.999,0.001395641305282723,"[0.001165353419289316, 0.00023028788599340684]","[""2026-07-18"", ""2026-07-19""]",Unreliable,0,,68.0,2026-07-17 15:11
HPREMIUMSA4,3,TwoStage_ET_ET,96.576,0.10106804311428934,"[0.03368171816460406, 0.03368935348782715, 0.03369697146185813]","[""2026-07-18"", ""2026-07-19"", ""2026-07-20""]",Unreliable,0,,68.0,2026-07-17 15:11
HPREMIUMSA15,2,sarima,89.681,0.0,"[0.0, 0.0]","[""2026-07-18"", ""2026-07-19""]",Unreliable,0,,68.0,2026-07-17 15:11
HPREMIUMSA15,3,HistGradientBoostingRegressor,98.87,0.47170873784973266,"[0.16331534247654328, 0.16299002938694002, 0.1454033659862494]","[""2026-07-18"", ""2026-07-19"", ""2026-07-20""]",Unreliable,0,,68.0,2026-07-17 15:11
IFSGATO20,2,arima,99.994,0.1694965737548313,"[0.08474828687741565, 0.08474828687741565]","[""2026-07-18"", ""2026-07-19""]",Unreliable,0,,68.0,2026-07-17 15:11
IFSGATO20,3,NaiveLastValue,100.0,0.0,"[0.0, 0.0, 0.0]","[""2026-07-18"", ""2026-07-19"", ""2026-07-20""]",Unreliable,0,,68.0,2026-07-17 15:11
IFSAE15,2,arima,99.997,0.11588313443032144,"[0.05794156721516072, 0.05794156721516072]","[""2026-07-18"", ""2026-07-19""]",Unreliable,0,,68.0,2026-07-17 15:11
IFSAE15,3,NaiveLastValue,100.0,0.0,"[0.0, 0.0, 0.0]","[""2026-07-18"", ""2026-07-19"", ""2026-07-20""]",Unreliable,0,,68.0,2026-07-17 15:11
IFSJR4,2,arima,99.999,0.012457832853987978,"[0.006228916426993989, 0.006228916426993989]","[""2026-07-18"", ""2026-07-19""]",Unreliable,0,,68.0,2026-07-17 15:11
IFSJR4,3,NaiveLastValue,100.0,0.0,"[0.0, 0.0, 0.0]","[""2026-07-18"", ""2026-07-19"", ""2026-07-20""]",Unreliable,0,,68.0,2026-07-17 15:11
JACKPETADULTO20,2,sarima,99.84,0.0,"[0.0, 0.0]","[""2026-07-18"", ""2026-07-19""]",Unreliable,0,,68.0,2026-07-17 15:11
JACKPETADULTO20,3,GradientBoostingRegressor,93.524,0.6738408181422232,"[0.6083020890917813, 0.011453783479259905, 0.05408494557118197]","[""2026-07-18"", ""2026-07-19"", ""2026-07-20""]",Unreliable,0,,68.0,2026-07-17 15:11
IFSJR12,2,arima,99.991,0.1457036055445517,"[0.07285180277227585, 0.07285180277227585]","[""2026-07-18"", ""2026-07-19""]",Unreliable,0,,68.0,2026-07-17 15:11
IFSJR12,3,NaiveLastValue,100.0,0.0,"[0.0, 0.0, 0.0]","[""2026-07-18"", ""2026-07-19"", ""2026-07-20""]",Unreliable,0,,68.0,2026-07-17 15:11
JACKPETADULTO4,2,HuberRegressor,100.0,2.4526037123086427e-09,"[1.2258214908120234e-09, 1.2267822214966193e-09]","[""2026-07-18"", ""2026-07-19""]",Unreliable,0,,68.0,2026-07-17 15:11
JACKPETADULTO4,3,NaiveLastValue,100.0,0.0,"[0.0, 0.0, 0.0]","[""2026-07-18"", ""2026-07-19"", ""2026-07-20""]",Unreliable,0,,68.0,2026-07-17 15:11
JACKPETAP20,2,ExtraTreesRegressor,93.771,0.8069999999999999,"[0.34659999999999996, 0.4603999999999999]","[""2026-07-18"", ""2026-07-19""]",Unreliable,0,,68.0,2026-07-17 15:11
JACKPETAP20,3,ExtraTreesRegressor,95.516,1.4284,"[0.34659999999999996, 0.4603999999999999, 0.6214]","[""2026-07-18"", ""2026-07-19"", ""2026-07-20""]",Unreliable,0,,68.0,2026-07-17 15:11
JACKPETGATO20,2,arima,93.371,0.6136947591554004,"[0.3068473795777002, 0.3068473795777002]","[""2026-07-18"", ""2026-07-19""]",Unreliable,0,,68.0,2026-07-17 15:11
JACKPETGATO20,3,arima,95.388,0.9205421387331005,"[0.3068473795777002, 0.3068473795777002, 0.3068473795777002]","[""2026-07-18"", ""2026-07-19"", ""2026-07-20""]",Unreliable,0,,68.0,2026-07-17 15:11
JACKPETGATO4,2,sarima,83.035,5.503039785194955e-38,"[2.7515198925974777e-38, 2.7515198925974777e-38]","[""2026-07-18"", ""2026-07-19""]",Unreliable,0,,68.0,2026-07-17 15:11
JACKPETGATO4,3,ZeroForecast,100.0,0.0,"[0.0, 0.0, 0.0]","[""2026-07-18"", ""2026-07-19"", ""2026-07-20""]",Unreliable,0,,68.0,2026-07-17 15:11
JACKPETMIX20,2,arima,100.0,0.09298726079236191,"[0.04649363039618096, 0.04649363039618096]","[""2026-07-18"", ""2026-07-19""]",Unreliable,0,,68.0,2026-07-17 15:11
JACKPETMIX20,3,HuberRegressor,100.0,0.0,"[0.0, 0.0, 0.0]","[""2026-07-18"", ""2026-07-19"", ""2026-07-20""]",Unreliable,0,,68.0,2026-07-17 15:11
JACKPETJR20,2,ExtraTreesRegressor,98.578,2.5832000000000006,"[1.2824000000000004, 1.3008000000000002]","[""2026-07-18"", ""2026-07-19""]",Unreliable,0,,68.0,2026-07-17 15:11
JACKPETJR20,3,ExtraTreesRegressor,99.028,4.122800000000001,"[1.2824000000000004, 1.3008000000000002, 1.5396000000000003]","[""2026-07-18"", ""2026-07-19"", ""2026-07-20""]",Unreliable,0,,68.0,2026-07-17 15:11
JACKPETORIGINAL10,2,TwoStage_ET_ET,85.164,1.1009278501349562,"[0.5503213054686086, 0.5506065446663477]","[""2026-07-18"", ""2026-07-19""]",Unreliable,0,,68.0,2026-07-17 15:11
JACKPETORIGINAL10,3,TwoStage_RF_Ridge,88.839,0.005145654105150627,"[0.0, 0.0, 0.005145654105150627]","[""2026-07-18"", ""2026-07-19"", ""2026-07-20""]",Unreliable,0,,68.0,2026-07-17 15:11
JACKPETORIGINAL18,2,LastNonZero,68.539,35.64,"[17.82, 17.82]","[""2026-07-18"", ""2026-07-19""]",Poor,0,,68.0,2026-07-17 15:11
JACKPETORIGINAL18,3,ExtraTreesRegressor,83.405,24.466859999999997,"[8.11404, 8.11404, 8.23878]","[""2026-07-18"", ""2026-07-19"", ""2026-07-20""]",Unreliable,0,,68.0,2026-07-17 15:11
LACUNICANADULTO12,2,RandomForestRegressor,0.0,0.0,"[0.0, 0.0]","[""2026-07-18"", ""2026-07-19""]",Excellent,1,NaiveLastValue,68.0,2026-07-17 15:11
LACUNICANADULTO12,3,RandomForestRegressor,0.0,0.0,"[0.0, 0.0, 0.0]","[""2026-07-18"", ""2026-07-19"", ""2026-07-20""]",Excellent,1,NaiveLastValue,68.0,2026-07-17 15:11
LACUNICANJR12,2,RandomForestRegressor,0.0,0.0,"[0.0, 0.0]","[""2026-07-18"", ""2026-07-19""]",Excellent,1,NaiveLastValue,68.0,2026-07-17 15:11
LACUNICANJR12,3,RandomForestRegressor,0.0,0.0,"[0.0, 0.0, 0.0]","[""2026-07-18"", ""2026-07-19"", ""2026-07-20""]",Excellent,1,NaiveLastValue,68.0,2026-07-17 15:11
JACKPETGATOMIX20,2,GradientBoostingRegressor,100.0,11.21659489575244,"[5.60829744787622, 5.60829744787622]","[""2026-07-18"", ""2026-07-19""]",Unreliable,0,,68.0,2026-07-17 15:11
JACKPETGATOMIX20,3,HuberRegressor,100.0,0.05004439638387081,"[0.016681465459301905, 0.01668146546129027, 0.016681465463278634]","[""2026-07-18"", ""2026-07-19"", ""2026-07-20""]",Unreliable,0,,68.0,2026-07-17 15:11
JAGERELITE18,2,sarima,85.723,1.4565995635416868e-26,"[7.28299781770845e-27, 7.28299781770842e-27]","[""2026-07-18"", ""2026-07-19""]",Unreliable,0,,68.0,2026-07-17 15:11
JAGERELITE18,3,ZeroForecast,100.0,0.0,"[0.0, 0.0, 0.0]","[""2026-07-18"", ""2026-07-19"", ""2026-07-20""]",Unreliable,0,,68.0,2026-07-17 15:11
JACKPETJR4,2,sarima,94.975,0.0,"[0.0, 0.0]","[""2026-07-18"", ""2026-07-19""]",Unreliable,0,,68.0,2026-07-17 15:11
JACKPETJR4,3,sarima,74.875,0.0,"[0.0, 0.0, 0.0]","[""2026-07-18"", ""2026-07-19"", ""2026-07-20""]",Poor,0,,68.0,2026-07-17 15:11
JAGERENERGY18,2,arima,99.951,1.5949162873745304,"[0.7974581436872652, 0.7974581436872652]","[""2026-07-18"", ""2026-07-19""]",Unreliable,0,,68.0,2026-07-17 15:11
JAGERENERGY18,3,ZeroForecast,100.0,0.0,"[0.0, 0.0, 0.0]","[""2026-07-18"", ""2026-07-19"", ""2026-07-20""]",Unreliable,0,,68.0,2026-07-17 15:11
LAMARCAADULTO20,2,arima,99.993,0.41839781493436673,"[0.20919890746718336, 0.20919890746718336]","[""2026-07-18"", ""2026-07-19""]",Unreliable,0,,68.0,2026-07-17 15:11
LAMARCAADULTO20,3,HuberRegressor,100.0,0.0,"[0.0, 0.0, 0.0]","[""2026-07-18"", ""2026-07-19"", ""2026-07-20""]",Unreliable,0,,68.0,2026-07-17 15:11
JAGERELITE20,2,HistGradientBoostingRegressor,97.351,1.050912497590954,"[0.5009282625234511, 0.5499842350675028]","[""2026-07-18"", ""2026-07-19""]",Unreliable,0,,68.0,2026-07-17 15:11
JAGERELITE20,3,HistGradientBoostingRegressor,56.921,1.8036706413149535,"[0.5009282625234511, 0.5499842350675028, 0.7527581437239995]","[""2026-07-18"", ""2026-07-19"", ""2026-07-20""]",Poor,0,,68.0,2026-07-17 15:11
LAMARCAAE20,2,arima,99.999,0.09246961117664315,"[0.046234805588321576, 0.046234805588321576]","[""2026-07-18"", ""2026-07-19""]",Unreliable,0,,68.0,2026-07-17 15:11
LAMARCAAE20,3,NaiveLastValue,100.0,0.0,"[0.0, 0.0, 0.0]","[""2026-07-18"", ""2026-07-19"", ""2026-07-20""]",Unreliable,0,,68.0,2026-07-17 15:11
LOYALPETADULTO20,2,arima,99.999,0.07100391470528865,"[0.035501957352644324, 0.035501957352644324]","[""2026-07-18"", ""2026-07-19""]",Unreliable,0,,68.0,2026-07-17 15:11
LOYALPETADULTO20,3,NaiveLastValue,100.0,0.0,"[0.0, 0.0, 0.0]","[""2026-07-18"", ""2026-07-19"", ""2026-07-20""]",Unreliable,0,,68.0,2026-07-17 15:11
LOYALPETGATO20D,2,NaiveLastValue,100.0,0.0,"[0.0, 0.0]","[""2026-07-18"", ""2026-07-19""]",Unreliable,0,,68.0,2026-07-17 15:11
LOYALPETGATO20D,3,NaiveLastValue,100.0,0.0,"[0.0, 0.0, 0.0]","[""2026-07-18"", ""2026-07-19"", ""2026-07-20""]",Unreliable,0,,68.0,2026-07-17 15:11
JAGERENERGY20,2,LastNonZero,71.795,24.96,"[12.48, 12.48]","[""2026-07-18"", ""2026-07-19""]",Poor,0,,68.0,2026-07-17 15:11
JAGERENERGY20,3,TwoStage_ET_ET,85.701,5.136838418874886,"[1.7122108367192588, 1.7122864521581314, 1.7123411299974962]","[""2026-07-18"", ""2026-07-19"", ""2026-07-20""]",Unreliable,0,,68.0,2026-07-17 15:11
LOYALPETAE20,2,ExtraTreesRegressor,0.0,0.0,"[0.0, 0.0]","[""2026-07-18"", ""2026-07-19""]",Excellent,1,NaiveLastValue,68.0,2026-07-17 15:11
LOYALPETAE20,3,ExtraTreesRegressor,0.0,0.0,"[0.0, 0.0, 0.0]","[""2026-07-18"", ""2026-07-19"", ""2026-07-20""]",Excellent,1,NaiveLastValue,68.0,2026-07-17 15:11
LOYALPETMIX20,2,LastNonZero,100.0,12.24,"[6.12, 6.12]","[""2026-07-18"", ""2026-07-19""]",Unreliable,0,,68.0,2026-07-17 15:11
LOYALPETMIX20,3,NaiveLastValue,100.0,0.0,"[0.0, 0.0, 0.0]","[""2026-07-18"", ""2026-07-19"", ""2026-07-20""]",Unreliable,0,,68.0,2026-07-17 15:11
LOYALPETJR20,2,Ridge,100.0,0.0,"[0.0, 0.0]","[""2026-07-18"", ""2026-07-19""]",Unreliable,0,,68.0,2026-07-17 15:11
LOYALPETJR20,3,NaiveLastValue,100.0,0.0,"[0.0, 0.0, 0.0]","[""2026-07-18"", ""2026-07-19"", ""2026-07-20""]",Unreliable,0,,68.0,2026-07-17 15:11
LOYALPETGATOMIX20,2,arima,99.998,0.10539280156215021,"[0.052696400781075105, 0.052696400781075105]","[""2026-07-18"", ""2026-07-19""]",Unreliable,0,,68.0,2026-07-17 15:11
LOYALPETGATOMIX20,3,NaiveLastValue,100.0,0.0,"[0.0, 0.0, 0.0]","[""2026-07-18"", ""2026-07-19"", ""2026-07-20""]",Unreliable,0,,68.0,2026-07-17 15:11
MERCOPLUSORIGINALGATO15,2,TwoStage_Logistic_Huber,94.861,4.907073321986466,"[4.907073321986466, 0.0]","[""2026-07-18"", ""2026-07-19""]",Unreliable,0,,68.0,2026-07-17 15:11
MERCOPLUSORIGINALGATO15,3,HistGradientBoostingRegressor,97.799,0.0,"[0.0, 0.0, 0.0]","[""2026-07-18"", ""2026-07-19"", ""2026-07-20""]",Unreliable,0,,68.0,2026-07-17 15:11
MERCOPLUSPREMIUMADULT15,2,HuberRegressor,100.0,5.104313759304058e-07,"[2.5521226646567916e-07, 2.552191094647266e-07]","[""2026-07-18"", ""2026-07-19""]",Unreliable,0,,68.0,2026-07-17 15:11
MERCOPLUSPREMIUMADULT15,3,NaiveLastValue,100.0,0.0,"[0.0, 0.0, 0.0]","[""2026-07-18"", ""2026-07-19"", ""2026-07-20""]",Unreliable,0,,68.0,2026-07-17 15:11
MERCOPLUSORIGINALGATO4,2,MovingAverage_4,94.231,0.0,"[0.0, 0.0]","[""2026-07-18"", ""2026-07-19""]",Unreliable,0,,68.0,2026-07-17 15:11
MERCOPLUSORIGINALGATO4,3,ZeroForecast,100.0,0.0,"[0.0, 0.0, 0.0]","[""2026-07-18"", ""2026-07-19"", ""2026-07-20""]",Unreliable,0,,68.0,2026-07-17 15:11
MERCOPLUSPREMIUMJR4,2,Ridge,99.999,0.2093611744967715,"[0.1046384862846078, 0.10472268821216368]","[""2026-07-18"", ""2026-07-19""]",Unreliable,0,,68.0,2026-07-17 15:11
MERCOPLUSPREMIUMJR4,3,SES,100.0,0.06278407874373595,"[0.020928026247911985, 0.020928026247911985, 0.020928026247911985]","[""2026-07-18"", ""2026-07-19"", ""2026-07-20""]",Unreliable,0,,68.0,2026-07-17 15:11
LOYALPETMIX20D,2,arima,99.999,0.05189386003245816,"[0.02594693001622908, 0.02594693001622908]","[""2026-07-18"", ""2026-07-19""]",Unreliable,0,,68.0,2026-07-17 15:11
LOYALPETMIX20D,3,NaiveLastValue,100.0,0.0,"[0.0, 0.0, 0.0]","[""2026-07-18"", ""2026-07-19"", ""2026-07-20""]",Unreliable,0,,68.0,2026-07-17 15:11
MERCOPLUSPREMIUMJR15,2,SeasonalNaive_52,59.715,0.0,"[0.0, 0.0]","[""2026-07-18"", ""2026-07-19""]",Poor,0,,68.0,2026-07-17 15:11
MERCOPLUSPREMIUMJR15,3,SeasonalNaive_52,42.53,0.0,"[0.0, 0.0, 0.0]","[""2026-07-18"", ""2026-07-19"", ""2026-07-20""]",Fair,0,,68.0,2026-07-17 15:11
MIGCATSUP18,2,RandomForestRegressor,0.0,0.0,"[0.0, 0.0]","[""2026-07-18"", ""2026-07-19""]",Excellent,1,NaiveLastValue,68.0,2026-07-17 15:11
MIGCATSUP18,3,TwoStage_Logistic_Huber,0.0,1.619398410950821e-30,"[5.3979947031694025e-31, 5.3979947031694025e-31, 5.3979947031694025e-31]","[""2026-07-18"", ""2026-07-19"", ""2026-07-20""]",Excellent,1,NaiveLastValue,68.0,2026-07-17 15:11
MIGCATSUPFISH20,2,arima,100.0,0.037600421999359424,"[0.018800210999679712, 0.018800210999679712]","[""2026-07-18"", ""2026-07-19""]",Unreliable,0,,68.0,2026-07-17 15:11
MIGCATSUPFISH20,3,NaiveLastValue,100.0,0.0,"[0.0, 0.0, 0.0]","[""2026-07-18"", ""2026-07-19"", ""2026-07-20""]",Unreliable,0,,68.0,2026-07-17 15:11
MIGHE18,2,RandomForestRegressor,0.0,0.0,"[0.0, 0.0]","[""2026-07-18"", ""2026-07-19""]",Excellent,1,NaiveLastValue,68.0,2026-07-17 15:11
MIGHE18,3,RandomForestRegressor,0.0,0.0,"[0.0, 0.0, 0.0]","[""2026-07-18"", ""2026-07-19"", ""2026-07-20""]",Excellent,1,NaiveLastValue,68.0,2026-07-17 15:11
MERCOPLUSPRESTIGE15,2,arima,99.999,0.04640660552519276,"[0.02320330276259638, 0.02320330276259638]","[""2026-07-18"", ""2026-07-19""]",Unreliable,0,,68.0,2026-07-17 15:11
MERCOPLUSPRESTIGE15,3,NaiveLastValue,100.0,0.0,"[0.0, 0.0, 0.0]","[""2026-07-18"", ""2026-07-19"", ""2026-07-20""]",Unreliable,0,,68.0,2026-07-17 15:11
LOYALPETJR20D,2,arima,99.998,0.09493954621959165,"[0.047469773109795825, 0.047469773109795825]","[""2026-07-18"", ""2026-07-19""]",Unreliable,0,,68.0,2026-07-17 15:11
LOYALPETJR20D,3,NaiveLastValue,100.0,0.0,"[0.0, 0.0, 0.0]","[""2026-07-18"", ""2026-07-19"", ""2026-07-20""]",Unreliable,0,,68.0,2026-07-17 15:11
MIGCATSUPMEAT10,2,arima,99.998,0.030390474208325358,"[0.015195237104162679, 0.015195237104162679]","[""2026-07-18"", ""2026-07-19""]",Unreliable,0,,68.0,2026-07-17 15:11
MIGCATSUPMEAT10,3,NaiveLastValue,100.0,0.0,"[0.0, 0.0, 0.0]","[""2026-07-18"", ""2026-07-19"", ""2026-07-20""]",Unreliable,0,,68.0,2026-07-17 15:11
MIGCATSUP10,2,arima,99.996,0.07082537528802445,"[0.035412687644012224, 0.035412687644012224]","[""2026-07-18"", ""2026-07-19""]",Unreliable,0,,68.0,2026-07-17 15:11
MIGCATSUP10,3,NaiveLastValue,100.0,0.0,"[0.0, 0.0, 0.0]","[""2026-07-18"", ""2026-07-19"", ""2026-07-20""]",Unreliable,0,,68.0,2026-07-17 15:11
MIGCATSUP20,2,NaiveLastValue,100.0,0.0,"[0.0, 0.0]","[""2026-07-18"", ""2026-07-19""]",Unreliable,0,,68.0,2026-07-17 15:11
MIGCATSUP20,3,NaiveLastValue,100.0,0.0,"[0.0, 0.0, 0.0]","[""2026-07-18"", ""2026-07-19"", ""2026-07-20""]",Unreliable,0,,68.0,2026-07-17 15:11
MIGHE20,2,HuberRegressor,100.0,1.6045869896642593e-08,"[8.022069524322794e-09, 8.0238003723198e-09]","[""2026-07-18"", ""2026-07-19""]",Unreliable,0,,68.0,2026-07-17 15:11
MIGHE20,3,NaiveLastValue,100.0,0.0,"[0.0, 0.0, 0.0]","[""2026-07-18"", ""2026-07-19"", ""2026-07-20""]",Unreliable,0,,68.0,2026-07-17 15:11
MIGMAINTPLUS20,2,TSBStyle_01_01,100.0,0.6401674459575882,"[0.3200837229787941, 0.3200837229787941]","[""2026-07-18"", ""2026-07-19""]",Unreliable,0,,68.0,2026-07-17 15:11
MIGMAINTPLUS20,3,NaiveLastValue,100.0,0.0,"[0.0, 0.0, 0.0]","[""2026-07-18"", ""2026-07-19"", ""2026-07-20""]",Unreliable,0,,68.0,2026-07-17 15:11
MIGCATSUPMEAT20,2,SBA_alpha_01,100.0,0.6113089370918147,"[0.30565446854590733, 0.30565446854590733]","[""2026-07-18"", ""2026-07-19""]",Unreliable,0,,68.0,2026-07-17 15:11
MIGCATSUPMEAT20,3,NaiveLastValue,100.0,0.0,"[0.0, 0.0, 0.0]","[""2026-07-18"", ""2026-07-19"", ""2026-07-20""]",Unreliable,0,,68.0,2026-07-17 15:11
MIGMAINT20,2,GradientBoostingRegressor,96.516,3.235270997707121,"[1.9971524710808817, 1.2381185266262391]","[""2026-07-18"", ""2026-07-19""]",Unreliable,0,,68.0,2026-07-17 15:11
MIGMAINT20,3,NaiveLastValue,100.0,0.0,"[0.0, 0.0, 0.0]","[""2026-07-18"", ""2026-07-19"", ""2026-07-20""]",Unreliable,0,,68.0,2026-07-17 15:11
MIGPUP20,2,sarima,97.064,0.0,"[0.0, 0.0]","[""2026-07-18"", ""2026-07-19""]",Unreliable,0,,68.0,2026-07-17 15:11
MIGPUP20,3,sarima,94.129,0.0,"[0.0, 0.0, 0.0]","[""2026-07-18"", ""2026-07-19"", ""2026-07-20""]",Unreliable,0,,68.0,2026-07-17 15:11
NATBUDDYCATMEATMB20,2,NaiveLastValue,100.0,0.0,"[0.0, 0.0]","[""2026-07-18"", ""2026-07-19""]",Unreliable,0,,68.0,2026-07-17 15:11
NATBUDDYCATMEATMB20,3,NaiveLastValue,100.0,0.0,"[0.0, 0.0, 0.0]","[""2026-07-18"", ""2026-07-19"", ""2026-07-20""]",Unreliable,0,,68.0,2026-07-17 15:11
NUTRICHANCECAOGF15,2,NaiveLastValue,100.0,0.0,"[0.0, 0.0]","[""2026-07-18"", ""2026-07-19""]",Unreliable,0,,68.0,2026-07-17 15:11
NUTRICHANCECAOGF15,3,NaiveLastValue,100.0,0.0,"[0.0, 0.0, 0.0]","[""2026-07-18"", ""2026-07-19"", ""2026-07-20""]",Unreliable,0,,68.0,2026-07-17 15:11
MISTAVESTOPS25,2,arima,99.993,0.015290244579544641,"[0.007645122289772321, 0.007645122289772321]","[""2026-07-18"", ""2026-07-19""]",Unreliable,0,,68.0,2026-07-17 15:11
MISTAVESTOPS25,3,NaiveLastValue,100.0,0.0,"[0.0, 0.0, 0.0]","[""2026-07-18"", ""2026-07-19"", ""2026-07-20""]",Unreliable,0,,68.0,2026-07-17 15:11
MIGMAINTMIX20,2,SBA_alpha_01,100.0,0.41208581177465703,"[0.20604290588732851, 0.20604290588732851]","[""2026-07-18"", ""2026-07-19""]",Unreliable,0,,68.0,2026-07-17 15:11
MIGMAINTMIX20,3,NaiveLastValue,100.0,0.0,"[0.0, 0.0, 0.0]","[""2026-07-18"", ""2026-07-19"", ""2026-07-20""]",Unreliable,0,,68.0,2026-07-17 15:11
NUTRICHANCECAOGF4,2,NaiveLastValue,100.0,0.0,"[0.0, 0.0]","[""2026-07-18"", ""2026-07-19""]",Unreliable,0,,68.0,2026-07-17 15:11
NUTRICHANCECAOGF4,3,NaiveLastValue,100.0,0.0,"[0.0, 0.0, 0.0]","[""2026-07-18"", ""2026-07-19"", ""2026-07-20""]",Unreliable,0,,68.0,2026-07-17 15:11
MISTURACOES5,2,ExtraTreesRegressor,0.0,0.0,"[0.0, 0.0]","[""2026-07-18"", ""2026-07-19""]",Excellent,1,NaiveLastValue,68.0,2026-07-17 15:11
MISTURACOES5,3,ExtraTreesRegressor,0.0,0.0,"[0.0, 0.0, 0.0]","[""2026-07-18"", ""2026-07-19"", ""2026-07-20""]",Excellent,1,NaiveLastValue,68.0,2026-07-17 15:11
P00012,2,ExtraTreesRegressor,0.0,0.0,"[0.0, 0.0]","[""2026-07-18"", ""2026-07-19""]",Excellent,1,NaiveLastValue,68.0,2026-07-17 15:11
P00012,3,ExtraTreesRegressor,0.0,0.0,"[0.0, 0.0, 0.0]","[""2026-07-18"", ""2026-07-19"", ""2026-07-20""]",Excellent,1,NaiveLastValue,68.0,2026-07-17 15:11
MISTAVESTOPS5,2,HistGradientBoostingRegressor,97.317,0.00018466170974312752,"[9.233085487156376e-05, 9.233085487156376e-05]","[""2026-07-18"", ""2026-07-19""]",Unreliable,0,,68.0,2026-07-17 15:11
MISTAVESTOPS5,3,NaiveLastValue,100.0,0.0,"[0.0, 0.0, 0.0]","[""2026-07-18"", ""2026-07-19"", ""2026-07-20""]",Unreliable,0,,68.0,2026-07-17 15:11
MISTCOETOPS5,2,arima,99.988,0.014228991394939128,"[0.007114495697469564, 0.007114495697469564]","[""2026-07-18"", ""2026-07-19""]",Unreliable,0,,68.0,2026-07-17 15:11
MISTCOETOPS5,3,NaiveLastValue,100.0,0.0,"[0.0, 0.0, 0.0]","[""2026-07-18"", ""2026-07-19"", ""2026-07-20""]",Unreliable,0,,68.0,2026-07-17 15:11
P00011,2,NaiveLastValue,100.0,0.0,"[0.0, 0.0]","[""2026-07-18"", ""2026-07-19""]",Unreliable,0,,68.0,2026-07-17 15:11
P00011,3,NaiveLastValue,100.0,0.0,"[0.0, 0.0, 0.0]","[""2026-07-18"", ""2026-07-19"", ""2026-07-20""]",Unreliable,0,,68.0,2026-07-17 15:11
P00014,2,ExtraTreesRegressor,0.0,0.0,"[0.0, 0.0]","[""2026-07-18"", ""2026-07-19""]",Excellent,1,NaiveLastValue,68.0,2026-07-17 15:11
P00014,3,ExtraTreesRegressor,0.0,0.0,"[0.0, 0.0, 0.0]","[""2026-07-18"", ""2026-07-19"", ""2026-07-20""]",Excellent,1,NaiveLastValue,68.0,2026-07-17 15:11
P00015,2,NaiveLastValue,100.0,0.0,"[0.0, 0.0]","[""2026-07-18"", ""2026-07-19""]",Unreliable,0,,68.0,2026-07-17 15:11
P00015,3,NaiveLastValue,100.0,0.0,"[0.0, 0.0, 0.0]","[""2026-07-18"", ""2026-07-19"", ""2026-07-20""]",Unreliable,0,,68.0,2026-07-17 15:11
P00016,2,NaiveLastValue,100.0,0.0,"[0.0, 0.0]","[""2026-07-18"", ""2026-07-19""]",Unreliable,0,,68.0,2026-07-17 15:11
P00016,3,NaiveLastValue,100.0,0.0,"[0.0, 0.0, 0.0]","[""2026-07-18"", ""2026-07-19"", ""2026-07-20""]",Unreliable,0,,68.0,2026-07-17 15:11
P00013,2,arima,100.0,0.012501941186486908,"[0.006250970593243454, 0.006250970593243454]","[""2026-07-18"", ""2026-07-19""]",Unreliable,0,,68.0,2026-07-17 15:11
P00013,3,NaiveLastValue,100.0,0.0,"[0.0, 0.0, 0.0]","[""2026-07-18"", ""2026-07-19"", ""2026-07-20""]",Unreliable,0,,68.0,2026-07-17 15:11
P00018,2,ExtraTreesRegressor,0.0,0.0,"[0.0, 0.0]","[""2026-07-18"", ""2026-07-19""]",Excellent,1,NaiveLastValue,68.0,2026-07-17 15:11
P00018,3,ExtraTreesRegressor,0.0,0.0,"[0.0, 0.0, 0.0]","[""2026-07-18"", ""2026-07-19"", ""2026-07-20""]",Excellent,1,NaiveLastValue,68.0,2026-07-17 15:11
NUTRICROKADULTO20D,2,arima,99.991,0.4074284585743178,"[0.2037142292871589, 0.2037142292871589]","[""2026-07-18"", ""2026-07-19""]",Unreliable,0,,68.0,2026-07-17 15:11
NUTRICROKADULTO20D,3,NaiveLastValue,100.0,0.0,"[0.0, 0.0, 0.0]","[""2026-07-18"", ""2026-07-19"", ""2026-07-20""]",Unreliable,0,,68.0,2026-07-17 15:11
P00020,2,ExtraTreesRegressor,0.0,0.0,"[0.0, 0.0]","[""2026-07-18"", ""2026-07-19""]",Excellent,1,NaiveLastValue,68.0,2026-07-17 15:11
P00020,3,ExtraTreesRegressor,0.0,0.0,"[0.0, 0.0, 0.0]","[""2026-07-18"", ""2026-07-19"", ""2026-07-20""]",Excellent,1,NaiveLastValue,68.0,2026-07-17 15:11
P00019,2,NaiveLastValue,100.0,0.0,"[0.0, 0.0]","[""2026-07-18"", ""2026-07-19""]",Unreliable,0,,68.0,2026-07-17 15:11
P00019,3,HuberRegressor,99.957,0.0,"[0.0, 0.0, 0.0]","[""2026-07-18"", ""2026-07-19"", ""2026-07-20""]",Unreliable,0,,68.0,2026-07-17 15:11
PALANTEADULTO4,2,RandomForestRegressor,0.0,0.0,"[0.0, 0.0]","[""2026-07-18"", ""2026-07-19""]",Excellent,1,NaiveLastValue,68.0,2026-07-17 15:11
PALANTEADULTO4,3,TwoStage_Logistic_Ridge,0.0,4.3365218913883705e-19,"[1.445507297129457e-19, 1.445507297129457e-19, 1.445507297129457e-19]","[""2026-07-18"", ""2026-07-19"", ""2026-07-20""]",Excellent,1,NaiveLastValue,68.0,2026-07-17 15:11
NUTRICROKAE20D,2,arima,99.997,0.22941108216007278,"[0.11470554108003639, 0.11470554108003639]","[""2026-07-18"", ""2026-07-19""]",Unreliable,0,,68.0,2026-07-17 15:11
NUTRICROKAE20D,3,HuberRegressor,100.0,0.0,"[0.0, 0.0, 0.0]","[""2026-07-18"", ""2026-07-19"", ""2026-07-20""]",Unreliable,0,,68.0,2026-07-17 15:11
PALANTEAE20HURTO,2,,,,,,No Model,0,,,2026-07-17 15:11
PALANTEAE20HURTO,3,,,,,,No Model,0,,,2026-07-17 15:11
PALANTEADULTO20,2,TwoStage_Logistic_Ridge,68.417,7.937774869226574,"[0.12301089415962621, 7.814763975066948]","[""2026-07-18"", ""2026-07-19""]",Poor,0,,68.0,2026-07-17 15:11
PALANTEADULTO20,3,TwoStage_Logistic_Ridge,73.509,14.719736340531853,"[0.12301089415962621, 7.814763975066948, 6.781961471305277]","[""2026-07-18"", ""2026-07-19"", ""2026-07-20""]",Poor,0,,68.0,2026-07-17 15:11
PALANTEGATO20HURTO,2,,,,,,No Model,0,,,2026-07-17 15:11
PALANTEGATO20HURTO,3,,,,,,No Model,0,,,2026-07-17 15:11
PALANTEGATO4,2,SeasonalNaive_52,95.42,0.0,"[0.0, 0.0]","[""2026-07-18"", ""2026-07-19""]",Unreliable,0,,68.0,2026-07-17 15:11
PALANTEGATO4,3,NaiveLastValue,100.0,0.0,"[0.0, 0.0, 0.0]","[""2026-07-18"", ""2026-07-19"", ""2026-07-20""]",Unreliable,0,,68.0,2026-07-17 15:11
PALANTEAE20,2,MovingAverage_8,94.444,1.9500000000000002,"[0.9750000000000001, 0.9750000000000001]","[""2026-07-18"", ""2026-07-19""]",Unreliable,0,,68.0,2026-07-17 15:11
PALANTEAE20,3,MovingAverage_8,98.056,2.9250000000000003,"[0.9750000000000001, 0.9750000000000001, 0.9750000000000001]","[""2026-07-18"", ""2026-07-19"", ""2026-07-20""]",Unreliable,0,,68.0,2026-07-17 15:11
PALANTEGATO20,2,SeasonalNaive_52,77.778,0.0,"[0.0, 0.0]","[""2026-07-18"", ""2026-07-19""]",Unreliable,0,,68.0,2026-07-17 15:11
PALANTEGATO20,3,SeasonalNaive_52,68.966,0.0,"[0.0, 0.0, 0.0]","[""2026-07-18"", ""2026-07-19"", ""2026-07-20""]",Poor,0,,68.0,2026-07-17 15:11
PALANTEJR4,2,NaiveLastValue,100.0,0.0,"[0.0, 0.0]","[""2026-07-18"", ""2026-07-19""]",Unreliable,0,,68.0,2026-07-17 15:11
PALANTEJR4,3,NaiveLastValue,100.0,0.0,"[0.0, 0.0, 0.0]","[""2026-07-18"", ""2026-07-19"", ""2026-07-20""]",Unreliable,0,,68.0,2026-07-17 15:11
PAPAGAIOS3,2,,,,,,No Model,0,,,2026-07-17 15:11
PAPAGAIOS3,3,,,,,,No Model,0,,,2026-07-17 15:11
P00022,2,NaiveLastValue,100.0,0.0,"[0.0, 0.0]","[""2026-07-18"", ""2026-07-19""]",Unreliable,0,,68.0,2026-07-17 15:11
P00022,3,NaiveLastValue,100.0,0.0,"[0.0, 0.0, 0.0]","[""2026-07-18"", ""2026-07-19"", ""2026-07-20""]",Unreliable,0,,68.0,2026-07-17 15:11
PALANTEJR20,2,TwoStage_Logistic_Huber,75.318,0.040037392437569395,"[0.014439229445304465, 0.02559816299226493]","[""2026-07-18"", ""2026-07-19""]",Unreliable,0,,68.0,2026-07-17 15:11
PALANTEJR20,3,TwoStage_Logistic_Huber,86.494,0.6661814489476214,"[0.014439229445304465, 0.02559816299226493, 0.626144056510052]","[""2026-07-18"", ""2026-07-19"", ""2026-07-20""]",Unreliable,0,,68.0,2026-07-17 15:11
P00017,2,ZeroForecast,100.0,0.0,"[0.0, 0.0]","[""2026-07-18"", ""2026-07-19""]",Unreliable,0,,68.0,2026-07-17 15:11
P00017,3,NaiveLastValue,100.0,0.0,"[0.0, 0.0, 0.0]","[""2026-07-18"", ""2026-07-19"", ""2026-07-20""]",Unreliable,0,,68.0,2026-07-17 15:11
PAPAGAIOS5,2,GradientBoostingRegressor,0.0,0.0,"[0.0, 0.0]","[""2026-07-18"", ""2026-07-19""]",Excellent,1,NaiveLastValue,68.0,2026-07-17 15:11
PAPAGAIOS5,3,HistGradientBoostingRegressor,0.0,0.0,"[0.0, 0.0, 0.0]","[""2026-07-18"", ""2026-07-19"", ""2026-07-20""]",Excellent,1,NaiveLastValue,68.0,2026-07-17 15:11
PAPAGAIOS15,2,ExtraTreesRegressor,0.0,0.0,"[0.0, 0.0]","[""2026-07-18"", ""2026-07-19""]",Excellent,1,NaiveLastValue,68.0,2026-07-17 15:11
PAPAGAIOS15,3,ExtraTreesRegressor,0.0,0.0,"[0.0, 0.0, 0.0]","[""2026-07-18"", ""2026-07-19"", ""2026-07-20""]",Excellent,1,NaiveLastValue,68.0,2026-07-17 15:11
P00023,2,arima,99.999,0.016721823868670358,"[0.008360911934335179, 0.008360911934335179]","[""2026-07-18"", ""2026-07-19""]",Unreliable,0,,68.0,2026-07-17 15:11
P00023,3,NaiveLastValue,100.0,0.0,"[0.0, 0.0, 0.0]","[""2026-07-18"", ""2026-07-19"", ""2026-07-20""]",Unreliable,0,,68.0,2026-07-17 15:11
P00021,2,SBA_alpha_02,86.803,0.1914013208585581,"[0.09570066042927905, 0.09570066042927905]","[""2026-07-18"", ""2026-07-19""]",Unreliable,0,,68.0,2026-07-17 15:11
P00021,3,ZeroForecast,100.0,0.0,"[0.0, 0.0, 0.0]","[""2026-07-18"", ""2026-07-19"", ""2026-07-20""]",Unreliable,0,,68.0,2026-07-17 15:11
PERIQUITOS20,2,arima,100.0,3.8047155298297485e-06,"[1.9023577649148742e-06, 1.9023577649148742e-06]","[""2026-07-18"", ""2026-07-19""]",Unreliable,0,,68.0,2026-07-17 15:11
PERIQUITOS20,3,HuberRegressor,98.432,0.0,"[0.0, 0.0, 0.0]","[""2026-07-18"", ""2026-07-19"", ""2026-07-20""]",Unreliable,0,,68.0,2026-07-17 15:11
PETFLD1004E,2,HistGradientBoostingRegressor,0.0,0.0,"[0.0, 0.0]","[""2026-07-18"", ""2026-07-19""]",Excellent,1,NaiveLastValue,68.0,2026-07-17 15:11
PETFLD1004E,3,GradientBoostingRegressor,0.0,0.0,"[0.0, 0.0, 0.0]","[""2026-07-18"", ""2026-07-19"", ""2026-07-20""]",Excellent,1,NaiveLastValue,68.0,2026-07-17 15:11
PETFLD1005E,2,HistGradientBoostingRegressor,0.0,0.0,"[0.0, 0.0]","[""2026-07-18"", ""2026-07-19""]",Excellent,1,NaiveLastValue,68.0,2026-07-17 15:11
PETFLD1005E,3,GradientBoostingRegressor,0.0,0.0,"[0.0, 0.0, 0.0]","[""2026-07-18"", ""2026-07-19"", ""2026-07-20""]",Excellent,1,NaiveLastValue,68.0,2026-07-17 15:11
PERIQUITOS5,2,Ridge,100.0,0.0031152997590039085,"[0.0015567982689480247, 0.001558501490055884]","[""2026-07-18"", ""2026-07-19""]",Unreliable,0,,68.0,2026-07-17 15:11
PERIQUITOS5,3,NaiveLastValue,100.0,0.0,"[0.0, 0.0, 0.0]","[""2026-07-18"", ""2026-07-19"", ""2026-07-20""]",Unreliable,0,,68.0,2026-07-17 15:11
PETFLD1001,2,arima,99.999,0.0034381691651172884,"[0.0017190845825586442, 0.0017190845825586442]","[""2026-07-18"", ""2026-07-19""]",Unreliable,0,,68.0,2026-07-17 15:11
PETFLD1001,3,NaiveLastValue,100.0,0.0,"[0.0, 0.0, 0.0]","[""2026-07-18"", ""2026-07-19"", ""2026-07-20""]",Unreliable,0,,68.0,2026-07-17 15:11
PETFLD1003,2,SeasonalNaive_52,66.667,0.0,"[0.0, 0.0]","[""2026-07-18"", ""2026-07-19""]",Poor,0,,68.0,2026-07-17 15:11
PETFLD1003,3,SeasonalNaive_52,40.0,0.0,"[0.0, 0.0, 0.0]","[""2026-07-18"", ""2026-07-19"", ""2026-07-20""]",Fair,0,,68.0,2026-07-17 15:11
PETFLD1002,2,arima,99.974,0.11184460438296442,"[0.05592230219148221, 0.05592230219148221]","[""2026-07-18"", ""2026-07-19""]",Unreliable,0,,68.0,2026-07-17 15:11
PETFLD1002,3,NaiveLastValue,100.0,0.0,"[0.0, 0.0, 0.0]","[""2026-07-18"", ""2026-07-19"", ""2026-07-20""]",Unreliable,0,,68.0,2026-07-17 15:11
PETFLD1004,2,arima,99.996,0.01870544302466488,"[0.00935272151233244, 0.00935272151233244]","[""2026-07-18"", ""2026-07-19""]",Unreliable,0,,68.0,2026-07-17 15:11
PETFLD1004,3,NaiveLastValue,100.0,0.0,"[0.0, 0.0, 0.0]","[""2026-07-18"", ""2026-07-19"", ""2026-07-20""]",Unreliable,0,,68.0,2026-07-17 15:11
PETFLD1005,2,arima,99.999,0.03387265161470367,"[0.016936325807351833, 0.016936325807351833]","[""2026-07-18"", ""2026-07-19""]",Unreliable,0,,68.0,2026-07-17 15:11
PETFLD1005,3,HuberRegressor,100.0,0.0,"[0.0, 0.0, 0.0]","[""2026-07-18"", ""2026-07-19"", ""2026-07-20""]",Unreliable,0,,68.0,2026-07-17 15:11
PETFLD2002,2,arima,99.96,0.2772061165838603,"[0.13860305829193015, 0.13860305829193015]","[""2026-07-18"", ""2026-07-19""]",Unreliable,0,,68.0,2026-07-17 15:11
PETFLD2002,3,NaiveLastValue,100.0,0.0,"[0.0, 0.0, 0.0]","[""2026-07-18"", ""2026-07-19"", ""2026-07-20""]",Unreliable,0,,68.0,2026-07-17 15:11
PETFLD2021,2,ExtraTreesRegressor,66.667,0.0,"[0.0, 0.0]","[""2026-07-18"", ""2026-07-19""]",Poor,0,,68.0,2026-07-17 15:11
PETFLD2021,3,ExtraTreesRegressor,66.667,0.0,"[0.0, 0.0, 0.0]","[""2026-07-18"", ""2026-07-19"", ""2026-07-20""]",Poor,0,,68.0,2026-07-17 15:11
PETFLD2022,2,TwoStage_RF_RF,99.999,0.006539696932696245,"[0.003270095691700945, 0.0032696012409953]","[""2026-07-18"", ""2026-07-19""]",Unreliable,0,,68.0,2026-07-17 15:11
PETFLD2022,3,NaiveLastValue,100.0,0.0,"[0.0, 0.0, 0.0]","[""2026-07-18"", ""2026-07-19"", ""2026-07-20""]",Unreliable,0,,68.0,2026-07-17 15:11
PETFLD2012,2,TwoStage_ET_ET,99.669,0.33983443116597833,"[0.16989202682858487, 0.1699424043373935]","[""2026-07-18"", ""2026-07-19""]",Unreliable,0,,68.0,2026-07-17 15:11
PETFLD2012,3,NaiveLastValue,100.0,0.0,"[0.0, 0.0, 0.0]","[""2026-07-18"", ""2026-07-19"", ""2026-07-20""]",Unreliable,0,,68.0,2026-07-17 15:11
PETFLD2031,2,arima,99.996,0.020431404152207452,"[0.010215702076103726, 0.010215702076103726]","[""2026-07-18"", ""2026-07-19""]",Unreliable,0,,68.0,2026-07-17 15:11
PETFLD2031,3,NaiveLastValue,100.0,0.0,"[0.0, 0.0, 0.0]","[""2026-07-18"", ""2026-07-19"", ""2026-07-20""]",Unreliable,0,,68.0,2026-07-17 15:11
PETFLD2001,2,SBA_alpha_01,100.0,0.02137184396060093,"[0.010685921980300465, 0.010685921980300465]","[""2026-07-18"", ""2026-07-19""]",Unreliable,0,,68.0,2026-07-17 15:11
PETFLD2001,3,NaiveLastValue,100.0,0.0,"[0.0, 0.0, 0.0]","[""2026-07-18"", ""2026-07-19"", ""2026-07-20""]",Unreliable,0,,68.0,2026-07-17 15:11
PETFLD2011,2,arima,99.98,0.01620253522127791,"[0.008101267610638955, 0.008101267610638955]","[""2026-07-18"", ""2026-07-19""]",Unreliable,0,,68.0,2026-07-17 15:11
PETFLD2011,3,NaiveLastValue,100.0,0.0,"[0.0, 0.0, 0.0]","[""2026-07-18"", ""2026-07-19"", ""2026-07-20""]",Unreliable,0,,68.0,2026-07-17 15:11
PETZEZEREADULTO18,2,,,,,,No Model,0,,,2026-07-17 15:11
PETZEZEREADULTO18,3,,,,,,No Model,0,,,2026-07-17 15:11
PETFLD2041,2,arima,99.996,0.01845503683259531,"[0.009227518416297655, 0.009227518416297655]","[""2026-07-18"", ""2026-07-19""]",Unreliable,0,,68.0,2026-07-17 15:11
PETFLD2041,3,NaiveLastValue,100.0,0.0,"[0.0, 0.0, 0.0]","[""2026-07-18"", ""2026-07-19"", ""2026-07-20""]",Unreliable,0,,68.0,2026-07-17 15:11
PETFLD2042,2,TwoStage_Logistic_Huber,99.629,0.06492780064215567,"[0.032446997621381306, 0.03248080302077436]","[""2026-07-18"", ""2026-07-19""]",Unreliable,0,,68.0,2026-07-17 15:11
PETFLD2042,3,NaiveLastValue,100.0,0.0,"[0.0, 0.0, 0.0]","[""2026-07-18"", ""2026-07-19"", ""2026-07-20""]",Unreliable,0,,68.0,2026-07-17 15:11
PETFLD2032,2,HistGradientBoostingRegressor,99.743,0.559093333677406,"[0.279546666838703, 0.279546666838703]","[""2026-07-18"", ""2026-07-19""]",Unreliable,0,,68.0,2026-07-17 15:11
PETFLD2032,3,NaiveLastValue,100.0,0.0,"[0.0, 0.0, 0.0]","[""2026-07-18"", ""2026-07-19"", ""2026-07-20""]",Unreliable,0,,68.0,2026-07-17 15:11
PETFLD2052,2,arima,99.996,0.024257460444850498,"[0.012128730222425249, 0.012128730222425249]","[""2026-07-18"", ""2026-07-19""]",Unreliable,0,,68.0,2026-07-17 15:11
PETFLD2052,3,NaiveLastValue,100.0,0.0,"[0.0, 0.0, 0.0]","[""2026-07-18"", ""2026-07-19"", ""2026-07-20""]",Unreliable,0,,68.0,2026-07-17 15:11
PETFLD2051,2,SeasonalNaive_52,53.846,0.0,"[0.0, 0.0]","[""2026-07-18"", ""2026-07-19""]",Fair,0,,68.0,2026-07-17 15:11
PETFLD2051,3,SeasonalNaive_52,40.0,0.0,"[0.0, 0.0, 0.0]","[""2026-07-18"", ""2026-07-19"", ""2026-07-20""]",Fair,0,,68.0,2026-07-17 15:11
PETZINGATOPEIXE20,2,HuberRegressor,100.0,0.0,"[0.0, 0.0]","[""2026-07-18"", ""2026-07-19""]",Unreliable,0,,68.0,2026-07-17 15:11
PETZINGATOPEIXE20,3,NaiveLastValue,100.0,0.0,"[0.0, 0.0, 0.0]","[""2026-07-18"", ""2026-07-19"", ""2026-07-20""]",Unreliable,0,,68.0,2026-07-17 15:11
PETZINGATOCARNEMIX20,2,Ridge,100.0,0.0,"[0.0, 0.0]","[""2026-07-18"", ""2026-07-19""]",Unreliable,0,,68.0,2026-07-17 15:11
PETZINGATOCARNEMIX20,3,NaiveLastValue,100.0,0.0,"[0.0, 0.0, 0.0]","[""2026-07-18"", ""2026-07-19"", ""2026-07-20""]",Unreliable,0,,68.0,2026-07-17 15:11
PINTOSMGSAQ,2,ExtraTreesRegressor,0.0,0.0,"[0.0, 0.0]","[""2026-07-18"", ""2026-07-19""]",Excellent,1,NaiveLastValue,68.0,2026-07-17 15:11
PINTOSMGSAQ,3,ExtraTreesRegressor,0.0,0.0,"[0.0, 0.0, 0.0]","[""2026-07-18"", ""2026-07-19"", ""2026-07-20""]",Excellent,1,NaiveLastValue,68.0,2026-07-17 15:11
PETZINGATOCARNE20,2,ExtraTreesRegressor,98.4,0.0,"[0.0, 0.0]","[""2026-07-18"", ""2026-07-19""]",Unreliable,0,,68.0,2026-07-17 15:11
PETZINGATOCARNE20,3,NaiveLastValue,100.0,0.0,"[0.0, 0.0, 0.0]","[""2026-07-18"", ""2026-07-19"", ""2026-07-20""]",Unreliable,0,,68.0,2026-07-17 15:11
ROTDOGMB20,2,,,,,,No Model,0,,,2026-07-17 15:11
ROTDOGMB20,3,,,,,,No Model,0,,,2026-07-17 15:11
RACAOMB12,2,ExtraTreesRegressor,0.0,0.0,"[0.0, 0.0]","[""2026-07-18"", ""2026-07-19""]",Excellent,1,NaiveLastValue,68.0,2026-07-17 15:11
RACAOMB12,3,ExtraTreesRegressor,0.0,0.0,"[0.0, 0.0, 0.0]","[""2026-07-18"", ""2026-07-19"", ""2026-07-20""]",Excellent,1,NaiveLastValue,68.0,2026-07-17 15:11
PONGOADULT4,2,NaiveLastValue,100.0,0.0,"[0.0, 0.0]","[""2026-07-18"", ""2026-07-19""]",Unreliable,0,,68.0,2026-07-17 15:11
PONGOADULT4,3,NaiveLastValue,100.0,0.0,"[0.0, 0.0, 0.0]","[""2026-07-18"", ""2026-07-19"", ""2026-07-20""]",Unreliable,0,,68.0,2026-07-17 15:11
RUFIAADULTO20A,2,NaiveLastValue,100.0,0.0,"[0.0, 0.0]","[""2026-07-18"", ""2026-07-19""]",Unreliable,0,,68.0,2026-07-17 15:11
RUFIAADULTO20A,3,NaiveLastValue,100.0,0.0,"[0.0, 0.0, 0.0]","[""2026-07-18"", ""2026-07-19"", ""2026-07-20""]",Unreliable,0,,68.0,2026-07-17 15:11
RACAOMB20,2,arima,99.989,0.016007935154376898,"[0.008003967577188449, 0.008003967577188449]","[""2026-07-18"", ""2026-07-19""]",Unreliable,0,,68.0,2026-07-17 15:11
RACAOMB20,3,NaiveLastValue,100.0,0.0,"[0.0, 0.0, 0.0]","[""2026-07-18"", ""2026-07-19"", ""2026-07-20""]",Unreliable,0,,68.0,2026-07-17 15:11
RUFIAADULTO4A,2,,,,,,No Model,0,,,2026-07-17 15:11
RUFIAADULTO4A,3,,,,,,No Model,0,,,2026-07-17 15:11
PILEUADULTO20,2,arima,99.99,0.4179093569285798,"[0.2089546784642899, 0.2089546784642899]","[""2026-07-18"", ""2026-07-19""]",Unreliable,0,,68.0,2026-07-17 15:11
PILEUADULTO20,3,NaiveLastValue,100.0,0.0,"[0.0, 0.0, 0.0]","[""2026-07-18"", ""2026-07-19"", ""2026-07-20""]",Unreliable,0,,68.0,2026-07-17 15:11
QUINTATILIASMBAE20,2,arima,99.999,0.1579166943987906,"[0.0789583471993953, 0.0789583471993953]","[""2026-07-18"", ""2026-07-19""]",Unreliable,0,,68.0,2026-07-17 15:11
QUINTATILIASMBAE20,3,HuberRegressor,100.0,0.0,"[0.0, 0.0, 0.0]","[""2026-07-18"", ""2026-07-19"", ""2026-07-20""]",Unreliable,0,,68.0,2026-07-17 15:11
RUFIAAE20A,2,NaiveLastValue,100.0,0.0,"[0.0, 0.0]","[""2026-07-18"", ""2026-07-19""]",Unreliable,0,,68.0,2026-07-17 15:11
RUFIAAE20A,3,NaiveLastValue,100.0,0.0,"[0.0, 0.0, 0.0]","[""2026-07-18"", ""2026-07-19"", ""2026-07-20""]",Unreliable,0,,68.0,2026-07-17 15:11
PETZEZEREADULTO15,2,ExtraTreesRegressor,78.571,0.0,"[0.0, 0.0]","[""2026-07-18"", ""2026-07-19""]",Unreliable,0,,68.0,2026-07-17 15:11
PETZEZEREADULTO15,3,ExtraTreesRegressor,75.722,0.0,"[0.0, 0.0, 0.0]","[""2026-07-18"", ""2026-07-19"", ""2026-07-20""]",Unreliable,0,,68.0,2026-07-17 15:11
RUFIAADULTOP4,2,arima,99.857,0.0004360734749969608,"[0.0002180367374984804, 0.0002180367374984804]","[""2026-07-18"", ""2026-07-19""]",Unreliable,0,,68.0,2026-07-17 15:11
RUFIAADULTOP4,3,NaiveLastValue,100.0,0.0,"[0.0, 0.0, 0.0]","[""2026-07-18"", ""2026-07-19"", ""2026-07-20""]",Unreliable,0,,68.0,2026-07-17 15:11
RUFIAESTERIL20A,2,RandomForestRegressor,0.0,0.0,"[0.0, 0.0]","[""2026-07-18"", ""2026-07-19""]",Excellent,1,NaiveLastValue,68.0,2026-07-17 15:11
RUFIAESTERIL20A,3,RandomForestRegressor,0.0,0.0,"[0.0, 0.0, 0.0]","[""2026-07-18"", ""2026-07-19"", ""2026-07-20""]",Excellent,1,NaiveLastValue,68.0,2026-07-17 15:11
RUFIAADULTO20,2,ADIDA_8,93.494,12.130574202808388,"[6.065287101404194, 6.065287101404194]","[""2026-07-18"", ""2026-07-19""]",Unreliable,0,,68.0,2026-07-17 15:11
RUFIAADULTO20,3,ADIDA_8,97.805,18.19586130421258,"[6.065287101404194, 6.065287101404194, 6.065287101404194]","[""2026-07-18"", ""2026-07-19"", ""2026-07-20""]",Unreliable,0,,68.0,2026-07-17 15:11
RUFIAESTERIL10,2,Ridge,99.999,0.001411254302387626,"[0.0007148302372074998, 0.0006964240651801262]","[""2026-07-18"", ""2026-07-19""]",Unreliable,0,,68.0,2026-07-17 15:11
RUFIAESTERIL10,3,NaiveLastValue,100.0,0.0,"[0.0, 0.0, 0.0]","[""2026-07-18"", ""2026-07-19"", ""2026-07-20""]",Unreliable,0,,68.0,2026-07-17 15:11
RUFIAADULTO4,2,RandomForestRegressor,62.333,2.823919999999999,"[1.4119599999999994, 1.4119599999999994]","[""2026-07-18"", ""2026-07-19""]",Poor,0,,68.0,2026-07-17 15:11
RUFIAADULTO4,3,GradientBoostingRegressor,70.558,2.585055787460248,"[0.1259933343362201, 2.4590624531240275, 0.0]","[""2026-07-18"", ""2026-07-19"", ""2026-07-20""]",Poor,0,,68.0,2026-07-17 15:11
ROTDOGSV20,2,arima,99.997,0.12941033167017515,"[0.06470516583508758, 0.06470516583508758]","[""2026-07-18"", ""2026-07-19""]",Unreliable,0,,68.0,2026-07-17 15:11
ROTDOGSV20,3,NaiveLastValue,100.0,0.0,"[0.0, 0.0, 0.0]","[""2026-07-18"", ""2026-07-19"", ""2026-07-20""]",Unreliable,0,,68.0,2026-07-17 15:11
RUFIAAE20,2,CrostonStyle_alpha_02,92.555,3.915074884883504,"[1.957537442441752, 1.957537442441752]","[""2026-07-18"", ""2026-07-19""]",Unreliable,0,,68.0,2026-07-17 15:11
RUFIAAE20,3,CrostonStyle_alpha_02,96.946,5.872612327325256,"[1.957537442441752, 1.957537442441752, 1.957537442441752]","[""2026-07-18"", ""2026-07-19"", ""2026-07-20""]",Unreliable,0,,68.0,2026-07-17 15:11
RUFIAESTERIL4,2,GradientBoostingRegressor,99.971,0.06512909520259146,"[0.0007899242529480306, 0.06433917094964342]","[""2026-07-18"", ""2026-07-19""]",Unreliable,0,,68.0,2026-07-17 15:11
RUFIAESTERIL4,3,NaiveLastValue,100.0,0.0,"[0.0, 0.0, 0.0]","[""2026-07-18"", ""2026-07-19"", ""2026-07-20""]",Unreliable,0,,68.0,2026-07-17 15:11
RUFIAGATOMBSC20ANI,2,NaiveLastValue,100.0,0.0,"[0.0, 0.0]","[""2026-07-18"", ""2026-07-19""]",Unreliable,0,,68.0,2026-07-17 15:11
RUFIAGATOMBSC20ANI,3,NaiveLastValue,100.0,0.0,"[0.0, 0.0, 0.0]","[""2026-07-18"", ""2026-07-19"", ""2026-07-20""]",Unreliable,0,,68.0,2026-07-17 15:11
RUFIAGATO20,2,arima,99.995,0.6693964232947821,"[0.33469821164739105, 0.33469821164739105]","[""2026-07-18"", ""2026-07-19""]",Unreliable,0,,68.0,2026-07-17 15:11
RUFIAGATO20,3,HuberRegressor,100.0,6.16065443864431e-09,"[2.0565984287128627e-09, 2.053551479550362e-09, 2.0505045303810854e-09]","[""2026-07-18"", ""2026-07-19"", ""2026-07-20""]",Unreliable,0,,68.0,2026-07-17 15:11
RUFIAGATOMB20ANI,2,ExtraTreesRegressor,0.0,0.0,"[0.0, 0.0]","[""2026-07-18"", ""2026-07-19""]",Excellent,1,NaiveLastValue,68.0,2026-07-17 15:11
RUFIAGATOMB20ANI,3,ExtraTreesRegressor,0.0,0.0,"[0.0, 0.0, 0.0]","[""2026-07-18"", ""2026-07-19"", ""2026-07-20""]",Excellent,1,NaiveLastValue,68.0,2026-07-17 15:11
RUFIAESTERIL20,2,TwoStage_RF_Ridge,99.776,0.5478087550193917,"[0.28315956905282325, 0.26464918596656845]","[""2026-07-18"", ""2026-07-19""]",Unreliable,0,,68.0,2026-07-17 15:11
RUFIAESTERIL20,3,HuberRegressor,100.0,6.182454853335751e-07,"[2.0612698167827345e-07, 2.0608182844452497e-07, 2.060366752107767e-07]","[""2026-07-18"", ""2026-07-19"", ""2026-07-20""]",Unreliable,0,,68.0,2026-07-17 15:11
RUFIAJR20A,2,NaiveLastValue,100.0,0.0,"[0.0, 0.0]","[""2026-07-18"", ""2026-07-19""]",Unreliable,0,,68.0,2026-07-17 15:11
RUFIAJR20A,3,NaiveLastValue,100.0,0.0,"[0.0, 0.0, 0.0]","[""2026-07-18"", ""2026-07-19"", ""2026-07-20""]",Unreliable,0,,68.0,2026-07-17 15:11
RUFIAGATOSC20,2,GradientBoostingRegressor,99.603,0.8077488081205173,"[0.40387440406025865, 0.40387440406025865]","[""2026-07-18"", ""2026-07-19""]",Unreliable,0,,68.0,2026-07-17 15:11
RUFIAGATOSC20,3,ZeroForecast,100.0,0.0,"[0.0, 0.0, 0.0]","[""2026-07-18"", ""2026-07-19"", ""2026-07-20""]",Unreliable,0,,68.0,2026-07-17 15:11
RUFIAJR4A,2,CrostonStyle_alpha_02,100.0,0.2365676567656766,"[0.1182838283828383, 0.1182838283828383]","[""2026-07-18"", ""2026-07-19""]",Unreliable,0,,68.0,2026-07-17 15:11
RUFIAJR4A,3,NaiveLastValue,100.0,0.0,"[0.0, 0.0, 0.0]","[""2026-07-18"", ""2026-07-19"", ""2026-07-20""]",Unreliable,0,,68.0,2026-07-17 15:11
RUFIAGATOSC1.5,2,arima,99.997,0.006144808585274949,"[0.0030724042926374745, 0.0030724042926374745]","[""2026-07-18"", ""2026-07-19""]",Unreliable,0,,68.0,2026-07-17 15:11
RUFIAGATOSC1.5,3,NaiveLastValue,100.0,0.0,"[0.0, 0.0, 0.0]","[""2026-07-18"", ""2026-07-19"", ""2026-07-20""]",Unreliable,0,,68.0,2026-07-17 15:11
RUFIAMIX20A,2,ADIDA_8,100.0,1.1389152000000005,"[0.5694576000000002, 0.5694576000000002]","[""2026-07-18"", ""2026-07-19""]",Unreliable,0,,68.0,2026-07-17 15:11
RUFIAMIX20A,3,NaiveLastValue,100.0,0.0,"[0.0, 0.0, 0.0]","[""2026-07-18"", ""2026-07-19"", ""2026-07-20""]",Unreliable,0,,68.0,2026-07-17 15:11
RUFIAGATO10,2,TwoStage_RF_RF,99.213,1.2000339409859746,"[0.5985701320286918, 0.6014638089572828]","[""2026-07-18"", ""2026-07-19""]",Unreliable,0,,68.0,2026-07-17 15:11
RUFIAGATO10,3,ZeroForecast,100.0,0.0,"[0.0, 0.0, 0.0]","[""2026-07-18"", ""2026-07-19"", ""2026-07-20""]",Unreliable,0,,68.0,2026-07-17 15:11
RUFIAMIX4A,2,,,,,,No Model,0,,,2026-07-17 15:11
RUFIAMIX4A,3,,,,,,No Model,0,,,2026-07-17 15:11
RUFIAGATO1.5,2,GradientBoostingRegressor,94.661,2.061292772359133,"[1.0750613625690266, 0.9862314097901064]","[""2026-07-18"", ""2026-07-19""]",Unreliable,0,,68.0,2026-07-17 15:11
RUFIAGATO1.5,3,SeasonalNaive_52,95.949,0.0,"[0.0, 0.0, 0.0]","[""2026-07-18"", ""2026-07-19"", ""2026-07-20""]",Unreliable,0,,68.0,2026-07-17 15:11
RUFIAGATOSC10,2,RandomForestRegressor,90.756,0.33599999999999997,"[0.16799999999999998, 0.16799999999999998]","[""2026-07-18"", ""2026-07-19""]",Unreliable,0,,68.0,2026-07-17 15:11
RUFIAGATOSC10,3,TwoStage_RF_Ridge,99.567,0.00423977635015207,"[0.0, 0.0, 0.00423977635015207]","[""2026-07-18"", ""2026-07-19"", ""2026-07-20""]",Unreliable,0,,68.0,2026-07-17 15:11
SETCAT20,2,SBA_alpha_02,100.0,0.4437931034482758,"[0.2218965517241379, 0.2218965517241379]","[""2026-07-18"", ""2026-07-19""]",Unreliable,0,,68.0,2026-07-17 15:11
SETCAT20,3,NaiveLastValue,100.0,0.0,"[0.0, 0.0, 0.0]","[""2026-07-18"", ""2026-07-19"", ""2026-07-20""]",Unreliable,0,,68.0,2026-07-17 15:11
SETDOGMB20,2,ExtraTreesRegressor,0.0,0.0,"[0.0, 0.0]","[""2026-07-18"", ""2026-07-19""]",Excellent,1,NaiveLastValue,68.0,2026-07-17 15:11
SETDOGMB20,3,ExtraTreesRegressor,0.0,0.0,"[0.0, 0.0, 0.0]","[""2026-07-18"", ""2026-07-19"", ""2026-07-20""]",Excellent,1,NaiveLastValue,68.0,2026-07-17 15:11
RUFIARP4,2,sarima,100.0,0.0,"[0.0, 0.0]","[""2026-07-18"", ""2026-07-19""]",Unreliable,0,,68.0,2026-07-17 15:11
RUFIARP4,3,NaiveLastValue,100.0,0.0,"[0.0, 0.0, 0.0]","[""2026-07-18"", ""2026-07-19"", ""2026-07-20""]",Unreliable,0,,68.0,2026-07-17 15:11
RUFIAMIX4,2,SeasonalNaive_52,96.154,0.0,"[0.0, 0.0]","[""2026-07-18"", ""2026-07-19""]",Unreliable,0,,68.0,2026-07-17 15:11
RUFIAMIX4,3,SeasonalNaive_52,87.5,0.0,"[0.0, 0.0, 0.0]","[""2026-07-18"", ""2026-07-19"", ""2026-07-20""]",Unreliable,0,,68.0,2026-07-17 15:11
RUFIAMIX20,2,arima,99.99,3.8859228260401135,"[1.9429614130200568, 1.9429614130200568]","[""2026-07-18"", ""2026-07-19""]",Unreliable,0,,68.0,2026-07-17 15:11
RUFIAMIX20,3,ZeroForecast,100.0,0.0,"[0.0, 0.0, 0.0]","[""2026-07-18"", ""2026-07-19"", ""2026-07-20""]",Unreliable,0,,68.0,2026-07-17 15:11
RUFIAJR20,2,CrostonStyle_alpha_02,95.093,9.871691044590142,"[4.935845522295071, 4.935845522295071]","[""2026-07-18"", ""2026-07-19""]",Unreliable,0,,68.0,2026-07-17 15:11
RUFIAJR20,3,SeasonalNaive_52,97.58,11.219999999999999,"[0.0, 0.0, 11.219999999999999]","[""2026-07-18"", ""2026-07-19"", ""2026-07-20""]",Unreliable,0,,68.0,2026-07-17 15:11
SHFRANGO100,2,SeasonalNaive_52,75.676,0.0,"[0.0, 0.0]","[""2026-07-18"", ""2026-07-19""]",Unreliable,0,,68.0,2026-07-17 15:11
SHFRANGO100,3,NaiveLastValue,100.0,0.0,"[0.0, 0.0, 0.0]","[""2026-07-18"", ""2026-07-19"", ""2026-07-20""]",Unreliable,0,,68.0,2026-07-17 15:11
SHBORREGO100,2,HistGradientBoostingRegressor,94.122,0.0005481299762374547,"[2.406515753678961e-05, 0.0005240648187006651]","[""2026-07-18"", ""2026-07-19""]",Unreliable,0,,68.0,2026-07-17 15:11
SHBORREGO100,3,sarima,94.189,0.0,"[0.0, 0.0, 0.0]","[""2026-07-18"", ""2026-07-19"", ""2026-07-20""]",Unreliable,0,,68.0,2026-07-17 15:11
RUFIAJR4,2,SeasonalNaive_52,85.671,0.0,"[0.0, 0.0]","[""2026-07-18"", ""2026-07-19""]",Unreliable,0,,68.0,2026-07-17 15:11
RUFIAJR4,3,TwoStage_ET_ET,96.683,1.8741956043786119,"[0.6248602466149419, 0.6247318409727215, 0.6246035167909484]","[""2026-07-18"", ""2026-07-19"", ""2026-07-20""]",Unreliable,0,,68.0,2026-07-17 15:11
SHGATOFRANGO50,2,TwoStage_RF_Ridge,99.949,0.0,"[0.0, 0.0]","[""2026-07-18"", ""2026-07-19""]",Unreliable,0,,68.0,2026-07-17 15:11
SHGATOFRANGO50,3,NaiveLastValue,100.0,0.0,"[0.0, 0.0, 0.0]","[""2026-07-18"", ""2026-07-19"", ""2026-07-20""]",Unreliable,0,,68.0,2026-07-17 15:11
SHGATOSALMAOATUM50,2,TwoStage_RF_Ridge,99.995,22.591585544757567,"[22.591585544757567, 0.0]","[""2026-07-18"", ""2026-07-19""]",Unreliable,0,,68.0,2026-07-17 15:11
SHGATOSALMAOATUM50,3,NaiveLastValue,100.0,0.0,"[0.0, 0.0, 0.0]","[""2026-07-18"", ""2026-07-19"", ""2026-07-20""]",Unreliable,0,,68.0,2026-07-17 15:11
SHGATOSARDINHA50,2,Ridge,96.346,0.00027287774505626574,"[0.00013687760899596172, 0.00013600013606030403]","[""2026-07-18"", ""2026-07-19""]",Unreliable,0,,68.0,2026-07-17 15:11
SHGATOSARDINHA50,3,Ridge,96.181,0.00040800050932126273,"[0.00013687760899596172, 0.00013600013606030403, 0.000135122764264997]","[""2026-07-18"", ""2026-07-19"", ""2026-07-20""]",Unreliable,0,,68.0,2026-07-17 15:11
SHMEDADULTOBOVA190,2,RandomForestRegressor,98.936,0.0,"[0.0, 0.0]","[""2026-07-18"", ""2026-07-19""]",Unreliable,0,,68.0,2026-07-17 15:11
SHMEDADULTOBOVA190,3,TwoStage_Logistic_Huber,99.035,0.6222575094473783,"[0.1770796640934391, 0.2141628934257806, 0.2310149519281586]","[""2026-07-18"", ""2026-07-19"", ""2026-07-20""]",Unreliable,0,,68.0,2026-07-17 15:11
SHMEDADULTOFRPE190,2,HistGradientBoostingRegressor,99.306,0.1719119146231097,"[0.08595595731155485, 0.08595595731155485]","[""2026-07-18"", ""2026-07-19""]",Unreliable,0,,68.0,2026-07-17 15:11
SHMEDADULTOFRPE190,3,HistGradientBoostingRegressor,99.307,0.25786787193466454,"[0.08595595731155485, 0.08595595731155485, 0.08595595731155485]","[""2026-07-18"", ""2026-07-19"", ""2026-07-20""]",Unreliable,0,,68.0,2026-07-17 15:11
SHPREMIUMBORREGO100,2,arima,99.965,0.007642444052383194,"[0.003821222026191597, 0.003821222026191597]","[""2026-07-18"", ""2026-07-19""]",Unreliable,0,,68.0,2026-07-17 15:11
SHPREMIUMBORREGO100,3,NaiveLastValue,100.0,0.0,"[0.0, 0.0, 0.0]","[""2026-07-18"", ""2026-07-19"", ""2026-07-20""]",Unreliable,0,,68.0,2026-07-17 15:11
SHJR100,2,SeasonalNaive_52,85.714,0.0,"[0.0, 0.0]","[""2026-07-18"", ""2026-07-19""]",Unreliable,0,,68.0,2026-07-17 15:11
SHJR100,3,SeasonalNaive_52,75.0,0.0,"[0.0, 0.0, 0.0]","[""2026-07-18"", ""2026-07-19"", ""2026-07-20""]",Unreliable,0,,68.0,2026-07-17 15:11
SHPREMIUMFRANGO100,2,NaiveLastValue,100.0,0.0,"[0.0, 0.0]","[""2026-07-18"", ""2026-07-19""]",Unreliable,0,,68.0,2026-07-17 15:11
SHPREMIUMFRANGO100,3,NaiveLastValue,100.0,0.0,"[0.0, 0.0, 0.0]","[""2026-07-18"", ""2026-07-19"", ""2026-07-20""]",Unreliable,0,,68.0,2026-07-17 15:11
SHMEDADULTOSARDINHA190,2,RandomForestRegressor,99.728,0.0,"[0.0, 0.0]","[""2026-07-18"", ""2026-07-19""]",Unreliable,0,,68.0,2026-07-17 15:11
SHMEDADULTOSARDINHA190,3,HuberRegressor,100.0,0.0,"[0.0, 0.0, 0.0]","[""2026-07-18"", ""2026-07-19"", ""2026-07-20""]",Unreliable,0,,68.0,2026-07-17 15:11
SINGAGATO20,2,NaiveLastValue,100.0,0.0,"[0.0, 0.0]","[""2026-07-18"", ""2026-07-19""]",Unreliable,0,,68.0,2026-07-17 15:11
SINGAGATO20,3,NaiveLastValue,100.0,0.0,"[0.0, 0.0, 0.0]","[""2026-07-18"", ""2026-07-19"", ""2026-07-20""]",Unreliable,0,,68.0,2026-07-17 15:11
SHPREMIUMGATOFRANGO50,2,HuberRegressor,98.635,0.0,"[0.0, 0.0]","[""2026-07-18"", ""2026-07-19""]",Unreliable,0,,68.0,2026-07-17 15:11
SHPREMIUMGATOFRANGO50,3,TwoStage_Logistic_Huber,98.913,0.0017179673197344314,"[0.0, 0.0017179673197344314, 0.0]","[""2026-07-18"", ""2026-07-19"", ""2026-07-20""]",Unreliable,0,,68.0,2026-07-17 15:11
SHPREMIUMGATOSALMAOATUM50,2,TwoStage_Logistic_Huber,99.583,0.1268006400677512,"[0.006652047555150014, 0.1201485925126012]","[""2026-07-18"", ""2026-07-19""]",Unreliable,0,,68.0,2026-07-17 15:11
SHPREMIUMGATOSALMAOATUM50,3,NaiveLastValue,100.0,0.0,"[0.0, 0.0, 0.0]","[""2026-07-18"", ""2026-07-19"", ""2026-07-20""]",Unreliable,0,,68.0,2026-07-17 15:11
SUMICOOPADULTO20,2,ExtraTreesRegressor,0.0,0.0,"[0.0, 0.0]","[""2026-07-18"", ""2026-07-19""]",Excellent,1,NaiveLastValue,68.0,2026-07-17 15:11
SUMICOOPADULTO20,3,ExtraTreesRegressor,0.0,0.0,"[0.0, 0.0, 0.0]","[""2026-07-18"", ""2026-07-19"", ""2026-07-20""]",Excellent,1,NaiveLastValue,68.0,2026-07-17 15:11
SUMICOOPAE20,2,ExtraTreesRegressor,0.0,0.0,"[0.0, 0.0]","[""2026-07-18"", ""2026-07-19""]",Excellent,1,NaiveLastValue,68.0,2026-07-17 15:11
SUMICOOPAE20,3,ExtraTreesRegressor,0.0,0.0,"[0.0, 0.0, 0.0]","[""2026-07-18"", ""2026-07-19"", ""2026-07-20""]",Excellent,1,NaiveLastValue,68.0,2026-07-17 15:11
SUMICOOPJR20,2,ExtraTreesRegressor,0.0,0.0,"[0.0, 0.0]","[""2026-07-18"", ""2026-07-19""]",Excellent,1,NaiveLastValue,68.0,2026-07-17 15:11
SUMICOOPJR20,3,ExtraTreesRegressor,0.0,0.0,"[0.0, 0.0, 0.0]","[""2026-07-18"", ""2026-07-19"", ""2026-07-20""]",Excellent,1,NaiveLastValue,68.0,2026-07-17 15:11
SHPREMIUMGATOSARDINHA50,2,RandomForestRegressor,99.933,0.0,"[0.0, 0.0]","[""2026-07-18"", ""2026-07-19""]",Unreliable,0,,68.0,2026-07-17 15:11
SHPREMIUMGATOSARDINHA50,3,NaiveLastValue,100.0,0.0,"[0.0, 0.0, 0.0]","[""2026-07-18"", ""2026-07-19"", ""2026-07-20""]",Unreliable,0,,68.0,2026-07-17 15:11
SHPREMIUMJR100,2,TwoStage_Logistic_Huber,97.243,0.07481134190247121,"[0.03728679230217508, 0.03752454960029612]","[""2026-07-18"", ""2026-07-19""]",Unreliable,0,,68.0,2026-07-17 15:11
SHPREMIUMJR100,3,ZeroForecast,100.0,0.0,"[0.0, 0.0, 0.0]","[""2026-07-18"", ""2026-07-19"", ""2026-07-20""]",Unreliable,0,,68.0,2026-07-17 15:11
SHSA100,2,arima,99.996,0.002037840819437755,"[0.0010189204097188775, 0.0010189204097188775]","[""2026-07-18"", ""2026-07-19""]",Unreliable,0,,68.0,2026-07-17 15:11
SHSA100,3,NaiveLastValue,100.0,0.0,"[0.0, 0.0, 0.0]","[""2026-07-18"", ""2026-07-19"", ""2026-07-20""]",Unreliable,0,,68.0,2026-07-17 15:11
SINGAGATOMIX20,2,arima,99.993,0.06645487027419517,"[0.03322743513709758, 0.03322743513709758]","[""2026-07-18"", ""2026-07-19""]",Unreliable,0,,68.0,2026-07-17 15:11
SINGAGATOMIX20,3,NaiveLastValue,100.0,0.0,"[0.0, 0.0, 0.0]","[""2026-07-18"", ""2026-07-19"", ""2026-07-20""]",Unreliable,0,,68.0,2026-07-17 15:11
UNAP230818,2,arima,99.92,0.6904607194550078,"[0.3452303597275039, 0.3452303597275039]","[""2026-07-18"", ""2026-07-19""]",Unreliable,0,,68.0,2026-07-17 15:11
UNAP230818,3,HuberRegressor,100.0,7.323590096810931e-08,"[2.4411957984433758e-08, 2.4411966989410427e-08, 2.4411975994265123e-08]","[""2026-07-18"", ""2026-07-19"", ""2026-07-20""]",Unreliable,0,,68.0,2026-07-17 15:11
SHPREMIUMSA100,2,ADIDAStyle_4,99.437,0.0,"[0.0, 0.0]","[""2026-07-18"", ""2026-07-19""]",Unreliable,0,,68.0,2026-07-17 15:11
SHPREMIUMSA100,3,arima,99.831,0.010276600095879981,"[0.003425533365293327, 0.003425533365293327, 0.003425533365293327]","[""2026-07-18"", ""2026-07-19"", ""2026-07-20""]",Unreliable,0,,68.0,2026-07-17 15:11
UNAP230820,2,HistGradientBoostingRegressor,98.288,0.0,"[0.0, 0.0]","[""2026-07-18"", ""2026-07-19""]",Unreliable,0,,68.0,2026-07-17 15:11
UNAP230820,3,NaiveLastValue,100.0,0.0,"[0.0, 0.0, 0.0]","[""2026-07-18"", ""2026-07-19"", ""2026-07-20""]",Unreliable,0,,68.0,2026-07-17 15:11
UNAP230821,2,arima,99.993,0.12627549403171284,"[0.06313774701585642, 0.06313774701585642]","[""2026-07-18"", ""2026-07-19""]",Unreliable,0,,68.0,2026-07-17 15:11
UNAP230821,3,NaiveLastValue,100.0,0.0,"[0.0, 0.0, 0.0]","[""2026-07-18"", ""2026-07-19"", ""2026-07-20""]",Unreliable,0,,68.0,2026-07-17 15:11
VITAKEADULTO12,2,GradientBoostingRegressor,0.0,0.0,"[0.0, 0.0]","[""2026-07-18"", ""2026-07-19""]",Excellent,1,NaiveLastValue,68.0,2026-07-17 15:11
VITAKEADULTO12,3,GradientBoostingRegressor,0.0,0.0,"[0.0, 0.0, 0.0]","[""2026-07-18"", ""2026-07-19"", ""2026-07-20""]",Excellent,1,NaiveLastValue,68.0,2026-07-17 15:11
VITAKERG15,2,ExtraTreesRegressor,0.0,0.0,"[0.0, 0.0]","[""2026-07-18"", ""2026-07-19""]",Excellent,1,NaiveLastValue,68.0,2026-07-17 15:11
VITAKERG15,3,ExtraTreesRegressor,0.0,0.0,"[0.0, 0.0, 0.0]","[""2026-07-18"", ""2026-07-19"", ""2026-07-20""]",Excellent,1,NaiveLastValue,68.0,2026-07-17 15:11
UNAP230822,2,arima,99.907,0.005976878422536835,"[0.0029884392112684175, 0.0029884392112684175]","[""2026-07-18"", ""2026-07-19""]",Unreliable,0,,68.0,2026-07-17 15:11
UNAP230822,3,NaiveLastValue,100.0,0.0,"[0.0, 0.0, 0.0]","[""2026-07-18"", ""2026-07-19"", ""2026-07-20""]",Unreliable,0,,68.0,2026-07-17 15:11
UNAP230823,2,arima,99.981,2.215658426148848e-05,"[1.107829213074424e-05, 1.107829213074424e-05]","[""2026-07-18"", ""2026-07-19""]",Unreliable,0,,68.0,2026-07-17 15:11
UNAP230823,3,HuberRegressor,99.997,2.2113968823316344e-05,"[7.371115862362125e-06, 7.371322941105445e-06, 7.371530019848775e-06]","[""2026-07-18"", ""2026-07-19"", ""2026-07-20""]",Unreliable,0,,68.0,2026-07-17 15:11
ZIRCAOADULTO4,2,NaiveLastValue,100.0,0.0,"[0.0, 0.0]","[""2026-07-18"", ""2026-07-19""]",Unreliable,0,,68.0,2026-07-17 15:11
ZIRCAOADULTO4,3,NaiveLastValue,100.0,0.0,"[0.0, 0.0, 0.0]","[""2026-07-18"", ""2026-07-19"", ""2026-07-20""]",Unreliable,0,,68.0,2026-07-17 15:11
ZIRCAOADULTO18,2,arima,99.999,0.1369696798538852,"[0.0684848399269426, 0.0684848399269426]","[""2026-07-18"", ""2026-07-19""]",Unreliable,0,,68.0,2026-07-17 15:11
ZIRCAOADULTO18,3,NaiveLastValue,100.0,0.0,"[0.0, 0.0, 0.0]","[""2026-07-18"", ""2026-07-19"", ""2026-07-20""]",Unreliable,0,,68.0,2026-07-17 15:11
UNAP230825,2,SeasonalNaive_52,85.714,0.0,"[0.0, 0.0]","[""2026-07-18"", ""2026-07-19""]",Unreliable,0,,68.0,2026-07-17 15:11
UNAP230825,3,NaiveLastValue,100.0,0.0,"[0.0, 0.0, 0.0]","[""2026-07-18"", ""2026-07-19"", ""2026-07-20""]",Unreliable,0,,68.0,2026-07-17 15:11
ZMIXPROOLEOS25,2,NaiveLastValue,100.0,0.0,"[0.0, 0.0]","[""2026-07-18"", ""2026-07-19""]",Unreliable,0,,68.0,2026-07-17 15:11
ZMIXPROOLEOS25,3,NaiveLastValue,100.0,0.0,"[0.0, 0.0, 0.0]","[""2026-07-18"", ""2026-07-19"", ""2026-07-20""]",Unreliable,0,,68.0,2026-07-17 15:11
ZMIXPROMELS25,2,arima,99.989,0.00013340527665795245,"[6.670263832897622e-05, 6.670263832897622e-05]","[""2026-07-18"", ""2026-07-19""]",Unreliable,0,,68.0,2026-07-17 15:11
ZMIXPROMELS25,3,NaiveLastValue,100.0,0.0,"[0.0, 0.0, 0.0]","[""2026-07-18"", ""2026-07-19"", ""2026-07-20""]",Unreliable,0,,68.0,2026-07-17 15:11
VITALCAN20,2,arima,99.999,0.05698786020991234,"[0.02849393010495617, 0.02849393010495617]","[""2026-07-18"", ""2026-07-19""]",Unreliable,0,,68.0,2026-07-17 15:11
VITALCAN20,3,NaiveLastValue,100.0,0.0,"[0.0, 0.0, 0.0]","[""2026-07-18"", ""2026-07-19"", ""2026-07-20""]",Unreliable,0,,68.0,2026-07-17 15:11
ZMIXSTANDARDMELS25,2,NaiveLastValue,100.0,0.0,"[0.0, 0.0]","[""2026-07-18"", ""2026-07-19""]",Unreliable,0,,68.0,2026-07-17 15:11
ZMIXSTANDARDMELS25,3,NaiveLastValue,100.0,0.0,"[0.0, 0.0, 0.0]","[""2026-07-18"", ""2026-07-19"", ""2026-07-20""]",Unreliable,0,,68.0,2026-07-17 15:11
ZIRCAOAE18,2,arima,99.998,0.26717324001089365,"[0.13358662000544683, 0.13358662000544683]","[""2026-07-18"", ""2026-07-19""]",Unreliable,0,,68.0,2026-07-17 15:11
ZIRCAOAE18,3,NaiveLastValue,100.0,0.0,"[0.0, 0.0, 0.0]","[""2026-07-18"", ""2026-07-19"", ""2026-07-20""]",Unreliable,0,,68.0,2026-07-17 15:11
ZORRO-01-1E,2,GradientBoostingRegressor,0.0,0.0,"[0.0, 0.0]","[""2026-07-18"", ""2026-07-19""]",Excellent,1,NaiveLastValue,68.0,2026-07-17 15:11
ZORRO-01-1E,3,GradientBoostingRegressor,0.0,0.0,"[0.0, 0.0, 0.0]","[""2026-07-18"", ""2026-07-19"", ""2026-07-20""]",Excellent,1,NaiveLastValue,68.0,2026-07-17 15:11
ZORRO-01-1,2,ExtraTreesRegressor,0.0,0.0,"[0.0, 0.0]","[""2026-07-18"", ""2026-07-19""]",Excellent,1,NaiveLastValue,68.0,2026-07-17 15:11
ZORRO-01-1,3,ExtraTreesRegressor,0.0,0.0,"[0.0, 0.0, 0.0]","[""2026-07-18"", ""2026-07-19"", ""2026-07-20""]",Excellent,1,NaiveLastValue,68.0,2026-07-17 15:11
UNAP230824,2,Ridge,99.533,0.7206350481630601,"[0.36032997046291154, 0.36030507770014863]","[""2026-07-18"", ""2026-07-19""]",Unreliable,0,,68.0,2026-07-17 15:11
UNAP230824,3,NaiveLastValue,100.0,0.0,"[0.0, 0.0, 0.0]","[""2026-07-18"", ""2026-07-19"", ""2026-07-20""]",Unreliable,0,,68.0,2026-07-17 15:11
ZORRO-01-2E,2,GradientBoostingRegressor,0.0,0.0,"[0.0, 0.0]","[""2026-07-18"", ""2026-07-19""]",Excellent,1,NaiveLastValue,68.0,2026-07-17 15:11
ZORRO-01-2E,3,GradientBoostingRegressor,0.0,0.0,"[0.0, 0.0, 0.0]","[""2026-07-18"", ""2026-07-19"", ""2026-07-20""]",Excellent,1,NaiveLastValue,68.0,2026-07-17 15:11
ZORROGATOMIX20,2,,,,,,No Model,0,,,2026-07-17 15:11
ZORROGATOMIX20,3,,,,,,No Model,0,,,2026-07-17 15:11
ZORRO-01-3E,2,GradientBoostingRegressor,0.0,0.0,"[0.0, 0.0]","[""2026-07-18"", ""2026-07-19""]",Excellent,1,NaiveLastValue,68.0,2026-07-17 15:11
ZORRO-01-3E,3,GradientBoostingRegressor,0.0,0.0,"[0.0, 0.0, 0.0]","[""2026-07-18"", ""2026-07-19"", ""2026-07-20""]",Excellent,1,NaiveLastValue,68.0,2026-07-17 15:11
ZMIXLABOURMELS25,2,arima,99.989,0.06409592801377668,"[0.03204796400688834, 0.03204796400688834]","[""2026-07-18"", ""2026-07-19""]",Unreliable,0,,68.0,2026-07-17 15:11
ZMIXLABOURMELS25,3,NaiveLastValue,100.0,0.0,"[0.0, 0.0, 0.0]","[""2026-07-18"", ""2026-07-19"", ""2026-07-20""]",Unreliable,0,,68.0,2026-07-17 15:11
ZORRO-02-1E,2,NaiveLastValue,100.0,0.0,"[0.0, 0.0]","[""2026-07-18"", ""2026-07-19""]",Unreliable,0,,68.0,2026-07-17 15:11
ZORRO-02-1E,3,NaiveLastValue,100.0,0.0,"[0.0, 0.0, 0.0]","[""2026-07-18"", ""2026-07-19"", ""2026-07-20""]",Unreliable,0,,68.0,2026-07-17 15:11
VITALCAT20,2,arima,99.997,0.26145230347072973,"[0.13072615173536486, 0.13072615173536486]","[""2026-07-18"", ""2026-07-19""]",Unreliable,0,,68.0,2026-07-17 15:11
VITALCAT20,3,NaiveLastValue,100.0,0.0,"[0.0, 0.0, 0.0]","[""2026-07-18"", ""2026-07-19"", ""2026-07-20""]",Unreliable,0,,68.0,2026-07-17 15:11
ZORRO-01-2,2,arima,99.976,0.19283301499782415,"[0.09641650749891208, 0.09641650749891208]","[""2026-07-18"", ""2026-07-19""]",Unreliable,0,,68.0,2026-07-17 15:11
ZORRO-01-2,3,NaiveLastValue,100.0,0.0,"[0.0, 0.0, 0.0]","[""2026-07-18"", ""2026-07-19"", ""2026-07-20""]",Unreliable,0,,68.0,2026-07-17 15:11
ZORRO-02-1,2,HuberRegressor,99.978,0.0,"[0.0, 0.0]","[""2026-07-18"", ""2026-07-19""]",Unreliable,0,,68.0,2026-07-17 15:11
ZORRO-02-1,3,HuberRegressor,100.0,0.0,"[0.0, 0.0, 0.0]","[""2026-07-18"", ""2026-07-19"", ""2026-07-20""]",Unreliable,0,,68.0,2026-07-17 15:11
