sku,horizon_days,horizon_weeks,best_model,wape,robust_mape,forecast_total,forecast_values,forecast_dates,grade,zero_wape_override,untrusted_zero_model,data_gap_periods,run_at
2135041,7,1,arima,49.151,56.653,0.850079673,[0.8500796726393999],"[""2026-07-20""]",Fair,0,,10,16-07-2026 16:14
2135041,14,2,RandomForestRegressor,59.667,75.103,3.6192,"[1.3968000000000003, 2.222399999999999]","[""2026-07-20"", ""2026-07-27""]",Poor,0,,10,16-07-2026 16:14
2135041,28,4,CrostonStyle,76.792,99.371,2.01431514,"[0.5035787849462668, 0.5035787849462668, 0.5035787849462668, 0.5035787849462668]","[""2026-07-20"", ""2026-07-27"", ""2026-08-03"", ""2026-08-10""]",Unreliable,0,,10,16-07-2026 16:14
2135041,56,8,CrostonStyle_alpha_02,66.642,87.334,3.915321481,"[0.48941518508623916, 0.48941518508623916, 0.48941518508623916, 0.48941518508623916, 0.48941518508623916, 0.48941518508623916, 0.48941518508623916, 0.48941518508623916]","[""2026-07-20"", ""2026-07-27"", ""2026-08-03"", ""2026-08-10"", ""2026-08-17"", ""2026-08-24"", ""2026-08-31"", ""2026-09-07""]",Poor,0,,10,16-07-2026 16:14
2135041,91,13,SBA_alpha_02,75.882,99.464,5.726157666,"[0.4404736665776153, 0.4404736665776153, 0.4404736665776153, 0.4404736665776153, 0.4404736665776153, 0.4404736665776153, 0.4404736665776153, 0.4404736665776153, 0.4404736665776153, 0.4404736665776153, 0.4404736665776153, 0.4404736665776153, 0.4404736665776153]","[""2026-07-20"", ""2026-07-27"", ""2026-08-03"", ""2026-08-10"", ""2026-08-17"", ""2026-08-24"", ""2026-08-31"", ""2026-09-07"", ""2026-09-14"", ""2026-09-21"", ""2026-09-28"", ""2026-10-05"", ""2026-10-12""]",Unreliable,0,,10,16-07-2026 16:14
213876,7,1,SBA_alpha_01,71.17,101.651,0.507225624,[0.5072256242416776],"[""2026-07-20""]",Poor,0,,10,16-07-2026 16:14
213876,14,2,SBA_alpha_01,95.832,157.588,1.014451248,"[0.5072256242416776, 0.5072256242416776]","[""2026-07-20"", ""2026-07-27""]",Unreliable,0,,10,16-07-2026 16:14
213876,28,4,HuberRegressor,100,49.987,0,"[0.0, 0.0, 0.0, 0.0]","[""2026-07-20"", ""2026-07-27"", ""2026-08-03"", ""2026-08-10""]",Unreliable,0,,10,16-07-2026 16:14
213876,56,8,HuberRegressor,100,24.994,0,"[0.0, 0.0, 0.0, 0.0, 0.0, 0.0, 0.0, 0.0]","[""2026-07-20"", ""2026-07-27"", ""2026-08-03"", ""2026-08-10"", ""2026-08-17"", ""2026-08-24"", ""2026-08-31"", ""2026-09-07""]",Unreliable,0,,10,16-07-2026 16:14
213876,91,13,NaiveLastValue,100,15.381,0,"[0.0, 0.0, 0.0, 0.0, 0.0, 0.0, 0.0, 0.0, 0.0, 0.0, 0.0, 0.0, 0.0]","[""2026-07-20"", ""2026-07-27"", ""2026-08-03"", ""2026-08-10"", ""2026-08-17"", ""2026-08-24"", ""2026-08-31"", ""2026-09-07"", ""2026-09-14"", ""2026-09-21"", ""2026-09-28"", ""2026-10-05"", ""2026-10-12""]",Unreliable,0,,10,16-07-2026 16:14
61171,7,1,LastNonZero,34.043,28.071,7.8,[7.8],"[""2026-07-20""]",Good,0,,10,16-07-2026 16:14
61171,14,2,arima,99.863,186.987,1.176873417,"[0.5884367084427523, 0.5884367084426403]","[""2026-07-20"", ""2026-07-27""]",Unreliable,0,,10,16-07-2026 16:14
61171,28,4,NaiveLastValue,100,49.988,0,"[0.0, 0.0, 0.0, 0.0]","[""2026-07-20"", ""2026-07-27"", ""2026-08-03"", ""2026-08-10""]",Unreliable,0,,10,16-07-2026 16:14
61171,56,8,NaiveLastValue,100,24.994,0,"[0.0, 0.0, 0.0, 0.0, 0.0, 0.0, 0.0, 0.0]","[""2026-07-20"", ""2026-07-27"", ""2026-08-03"", ""2026-08-10"", ""2026-08-17"", ""2026-08-24"", ""2026-08-31"", ""2026-09-07""]",Unreliable,0,,10,16-07-2026 16:14
61171,91,13,NaiveLastValue,100,15.381,0,"[0.0, 0.0, 0.0, 0.0, 0.0, 0.0, 0.0, 0.0, 0.0, 0.0, 0.0, 0.0, 0.0]","[""2026-07-20"", ""2026-07-27"", ""2026-08-03"", ""2026-08-10"", ""2026-08-17"", ""2026-08-24"", ""2026-08-31"", ""2026-09-07"", ""2026-09-14"", ""2026-09-21"", ""2026-09-28"", ""2026-10-05"", ""2026-10-12""]",Unreliable,0,,10,16-07-2026 16:14
213874,7,1,LastNonZero,82.194,101.139,8.304,[8.304],"[""2026-07-20""]",Unreliable,0,,10,16-07-2026 16:14
213874,14,2,TwoStage_RF_Ridge,99.999,162.258,0.763224497,"[0.5567409525998742, 0.20648354480877568]","[""2026-07-20"", ""2026-07-27""]",Unreliable,0,,10,16-07-2026 16:14
213874,28,4,NaiveLastValue,100,49.984,0,"[0.0, 0.0, 0.0, 0.0]","[""2026-07-20"", ""2026-07-27"", ""2026-08-03"", ""2026-08-10""]",Unreliable,0,,10,16-07-2026 16:14
213874,56,8,NaiveLastValue,100,24.994,0,"[0.0, 0.0, 0.0, 0.0, 0.0, 0.0, 0.0, 0.0]","[""2026-07-20"", ""2026-07-27"", ""2026-08-03"", ""2026-08-10"", ""2026-08-17"", ""2026-08-24"", ""2026-08-31"", ""2026-09-07""]",Unreliable,0,,10,16-07-2026 16:14
213874,91,13,NaiveLastValue,100,15.381,0,"[0.0, 0.0, 0.0, 0.0, 0.0, 0.0, 0.0, 0.0, 0.0, 0.0, 0.0, 0.0, 0.0]","[""2026-07-20"", ""2026-07-27"", ""2026-08-03"", ""2026-08-10"", ""2026-08-17"", ""2026-08-24"", ""2026-08-31"", ""2026-09-07"", ""2026-09-14"", ""2026-09-21"", ""2026-09-28"", ""2026-10-05"", ""2026-10-12""]",Unreliable,0,,10,16-07-2026 16:14
966587,7,1,MovingAverage_4,35.049,38.631,0,[0.0],"[""2026-07-20""]",Fair,0,,10,16-07-2026 16:14
966587,14,2,CrostonStyle_alpha_02,74.076,94.62,8.34714881,"[4.1735744049245245, 4.1735744049245245]","[""2026-07-20"", ""2026-07-27""]",Poor,0,,10,16-07-2026 16:14
966587,28,4,SBA_alpha_02,99.654,118.066,15.02486786,"[3.756216964432072, 3.756216964432072, 3.756216964432072, 3.756216964432072]","[""2026-07-20"", ""2026-07-27"", ""2026-08-03"", ""2026-08-10""]",Unreliable,0,,10,16-07-2026 16:14
966587,56,8,ZeroForecast,100,59.977,0,"[0.0, 0.0, 0.0, 0.0, 0.0, 0.0, 0.0, 0.0]","[""2026-07-20"", ""2026-07-27"", ""2026-08-03"", ""2026-08-10"", ""2026-08-17"", ""2026-08-24"", ""2026-08-31"", ""2026-09-07""]",Unreliable,0,,10,16-07-2026 16:14
966587,91,13,ZeroForecast,100,36.909,0,"[0.0, 0.0, 0.0, 0.0, 0.0, 0.0, 0.0, 0.0, 0.0, 0.0, 0.0, 0.0, 0.0]","[""2026-07-20"", ""2026-07-27"", ""2026-08-03"", ""2026-08-10"", ""2026-08-17"", ""2026-08-24"", ""2026-08-31"", ""2026-09-07"", ""2026-09-14"", ""2026-09-21"", ""2026-09-28"", ""2026-10-05"", ""2026-10-12""]",Unreliable,0,,10,16-07-2026 16:14
213875,7,1,TwoStage_Logistic_Huber,72.544,95.642,0.446048382,[0.44604838224758775],"[""2026-07-20""]",Poor,0,,10,16-07-2026 16:14
213875,14,2,SeasonalNaive_52,74.506,61.243,0,"[0.0, 0.0]","[""2026-07-20"", ""2026-07-27""]",Poor,0,,10,16-07-2026 16:14
213875,28,4,SeasonalNaive_52,86.696,55.354,0,"[0.0, 0.0, 0.0, 0.0]","[""2026-07-20"", ""2026-07-27"", ""2026-08-03"", ""2026-08-10""]",Unreliable,0,,10,16-07-2026 16:14
213875,56,8,ZeroForecast,100,49.984,0,"[0.0, 0.0, 0.0, 0.0, 0.0, 0.0, 0.0, 0.0]","[""2026-07-20"", ""2026-07-27"", ""2026-08-03"", ""2026-08-10"", ""2026-08-17"", ""2026-08-24"", ""2026-08-31"", ""2026-09-07""]",Unreliable,0,,10,16-07-2026 16:14
213875,91,13,sarima,98.666,66.233,2.402951307,"[6.928613210966223e-17, 6.954057291658438e-17, 6.942092763458431e-17, 1.0211097255865306e-16, 2.402951307065035, 0.0, 0.0, 3.6140201785839145e-30, 3.6131144091155974e-30, 4.1866934694860956e-30, 2.7258927047566437e-30, 3.0759864673789726e-30, 3.6127747455649786e-30]","[""2026-07-20"", ""2026-07-27"", ""2026-08-03"", ""2026-08-10"", ""2026-08-17"", ""2026-08-24"", ""2026-08-31"", ""2026-09-07"", ""2026-09-14"", ""2026-09-21"", ""2026-09-28"", ""2026-10-05"", ""2026-10-12""]",Unreliable,0,,10,16-07-2026 16:14
2033464,7,1,Ridge,13.983,14.734,2.76160452,[2.7616045200146453],"[""2026-07-20""]",Excellent,0,,10,16-07-2026 16:14
2033464,14,2,ADIDA_4,64.884,80.907,4.986401343,"[2.493200671486392, 2.493200671486392]","[""2026-07-20"", ""2026-07-27""]",Poor,0,,10,16-07-2026 16:14
2033464,28,4,ADIDA_4,54.082,65.73,9.972802686,"[2.493200671486392, 2.493200671486392, 2.493200671486392, 2.493200671486392]","[""2026-07-20"", ""2026-07-27"", ""2026-08-03"", ""2026-08-10""]",Fair,0,,10,16-07-2026 16:14
2033464,56,8,Ridge,51.458,58.916,22.85772856,"[2.7616045200146453, 3.0071636413255236, 3.133071178042991, 3.1178770992675653, 2.997928378496052, 2.7264638464338464, 2.541326723190146, 2.5722931747694457]","[""2026-07-20"", ""2026-07-27"", ""2026-08-03"", ""2026-08-10"", ""2026-08-17"", ""2026-08-24"", ""2026-08-31"", ""2026-09-07""]",Fair,0,,10,16-07-2026 16:14
2033464,91,13,arima,65.95,81.501,32.13847046,"[2.4721900351521167, 2.4721900351521167, 2.4721900351521167, 2.4721900351521167, 2.4721900351521167, 2.4721900351521167, 2.4721900351521167, 2.4721900351521167, 2.4721900351521167, 2.4721900351521167, 2.4721900351521167, 2.4721900351521167, 2.4721900351521167]","[""2026-07-20"", ""2026-07-27"", ""2026-08-03"", ""2026-08-10"", ""2026-08-17"", ""2026-08-24"", ""2026-08-31"", ""2026-09-07"", ""2026-09-14"", ""2026-09-21"", ""2026-09-28"", ""2026-10-05"", ""2026-10-12""]",Poor,0,,10,16-07-2026 16:14
213878,7,1,LastNonZero,46.925,48.875,8.16,[8.16],"[""2026-07-20""]",Fair,0,,10,16-07-2026 16:14
213878,14,2,arima,99.968,193.312,0.34276908,"[0.17138453994139216, 0.17138453994139216]","[""2026-07-20"", ""2026-07-27""]",Unreliable,0,,10,16-07-2026 16:14
213878,28,4,NaiveLastValue,100,49.985,0,"[0.0, 0.0, 0.0, 0.0]","[""2026-07-20"", ""2026-07-27"", ""2026-08-03"", ""2026-08-10""]",Unreliable,0,,10,16-07-2026 16:14
213878,56,8,NaiveLastValue,100,24.994,0,"[0.0, 0.0, 0.0, 0.0, 0.0, 0.0, 0.0, 0.0]","[""2026-07-20"", ""2026-07-27"", ""2026-08-03"", ""2026-08-10"", ""2026-08-17"", ""2026-08-24"", ""2026-08-31"", ""2026-09-07""]",Unreliable,0,,10,16-07-2026 16:14
213878,91,13,NaiveLastValue,100,15.381,0,"[0.0, 0.0, 0.0, 0.0, 0.0, 0.0, 0.0, 0.0, 0.0, 0.0, 0.0, 0.0, 0.0]","[""2026-07-20"", ""2026-07-27"", ""2026-08-03"", ""2026-08-10"", ""2026-08-17"", ""2026-08-24"", ""2026-08-31"", ""2026-09-07"", ""2026-09-14"", ""2026-09-21"", ""2026-09-28"", ""2026-10-05"", ""2026-10-12""]",Unreliable,0,,10,16-07-2026 16:14
213880,7,1,LastNonZero,82.244,94.324,7.848,[7.848],"[""2026-07-20""]",Unreliable,0,,10,16-07-2026 16:14
213880,14,2,TwoStage_RF_Ridge,100,192.502,7.35E-05,"[3.538846421970698e-05, 3.809587100187008e-05]","[""2026-07-20"", ""2026-07-27""]",Unreliable,0,,10,16-07-2026 16:14
213880,28,4,NaiveLastValue,100,49.985,0,"[0.0, 0.0, 0.0, 0.0]","[""2026-07-20"", ""2026-07-27"", ""2026-08-03"", ""2026-08-10""]",Unreliable,0,,10,16-07-2026 16:14
213880,56,8,NaiveLastValue,100,24.994,0,"[0.0, 0.0, 0.0, 0.0, 0.0, 0.0, 0.0, 0.0]","[""2026-07-20"", ""2026-07-27"", ""2026-08-03"", ""2026-08-10"", ""2026-08-17"", ""2026-08-24"", ""2026-08-31"", ""2026-09-07""]",Unreliable,0,,10,16-07-2026 16:14
213880,91,13,NaiveLastValue,100,15.381,0,"[0.0, 0.0, 0.0, 0.0, 0.0, 0.0, 0.0, 0.0, 0.0, 0.0, 0.0, 0.0, 0.0]","[""2026-07-20"", ""2026-07-27"", ""2026-08-03"", ""2026-08-10"", ""2026-08-17"", ""2026-08-24"", ""2026-08-31"", ""2026-09-07"", ""2026-09-14"", ""2026-09-21"", ""2026-09-28"", ""2026-10-05"", ""2026-10-12""]",Unreliable,0,,10,16-07-2026 16:14
213877,7,1,ADIDA_8,87.335,132.72,1.70553147,[1.705531469922977],"[""2026-07-20""]",Unreliable,0,,10,16-07-2026 16:14
213877,14,2,HistGradientBoostingRegressor,87.398,122.108,3.070455165,"[0.7273603825151846, 2.3430947824231643]","[""2026-07-20"", ""2026-07-27""]",Unreliable,0,,10,16-07-2026 16:14
213877,28,4,ZeroForecast,100,109.72,0,"[0.0, 0.0, 0.0, 0.0]","[""2026-07-20"", ""2026-07-27"", ""2026-08-03"", ""2026-08-10""]",Unreliable,0,,10,16-07-2026 16:14
213877,56,8,ZeroForecast,100,104.671,0,"[0.0, 0.0, 0.0, 0.0, 0.0, 0.0, 0.0, 0.0]","[""2026-07-20"", ""2026-07-27"", ""2026-08-03"", ""2026-08-10"", ""2026-08-17"", ""2026-08-24"", ""2026-08-31"", ""2026-09-07""]",Unreliable,0,,10,16-07-2026 16:14
213877,91,13,NaiveLastValue,100,76.719,0,"[0.0, 0.0, 0.0, 0.0, 0.0, 0.0, 0.0, 0.0, 0.0, 0.0, 0.0, 0.0, 0.0]","[""2026-07-20"", ""2026-07-27"", ""2026-08-03"", ""2026-08-10"", ""2026-08-17"", ""2026-08-24"", ""2026-08-31"", ""2026-09-07"", ""2026-09-14"", ""2026-09-21"", ""2026-09-28"", ""2026-10-05"", ""2026-10-12""]",Unreliable,0,,10,16-07-2026 16:14
213879,7,1,SeasonalNaive_52,53.309,127.66,0,[0.0],"[""2026-07-20""]",Fair,0,,10,16-07-2026 16:14
213879,14,2,ExtraTreesRegressor,69.136,112.241,4.77555,"[3.3091499999999985, 1.4664]","[""2026-07-20"", ""2026-07-27""]",Poor,0,,10,16-07-2026 16:14
213879,28,4,ExtraTreesRegressor,86.347,149.32,8.06925,"[3.3091499999999985, 1.4664, 1.17075, 2.1229499999999994]","[""2026-07-20"", ""2026-07-27"", ""2026-08-03"", ""2026-08-10""]",Unreliable,0,,10,16-07-2026 16:14
213879,56,8,SeasonalNaive_52,86.442,87.94,10.47,"[0.0, 0.0, 0.0, 0.0, 10.469999999999999, 0.0, 0.0, 0.0]","[""2026-07-20"", ""2026-07-27"", ""2026-08-03"", ""2026-08-10"", ""2026-08-17"", ""2026-08-24"", ""2026-08-31"", ""2026-09-07""]",Unreliable,0,,10,16-07-2026 16:14
213879,91,13,SeasonalNaive_52,69.2,58.775,27,"[0.0, 0.0, 0.0, 0.0, 10.469999999999999, 0.0, 0.0, 0.0, 7.305, 0.0, 0.0, 9.225, 0.0]","[""2026-07-20"", ""2026-07-27"", ""2026-08-03"", ""2026-08-10"", ""2026-08-17"", ""2026-08-24"", ""2026-08-31"", ""2026-09-07"", ""2026-09-14"", ""2026-09-21"", ""2026-09-28"", ""2026-10-05"", ""2026-10-12""]",Poor,0,,10,16-07-2026 16:14
213882,7,1,LastNonZero,66.086,74.415,7.332,[7.332],"[""2026-07-20""]",Poor,0,,10,16-07-2026 16:14
213882,14,2,SeasonalNaive_52,59.424,81.744,0,"[0.0, 0.0]","[""2026-07-20"", ""2026-07-27""]",Poor,0,,10,16-07-2026 16:14
213882,28,4,SeasonalNaive_52,20.092,41.754,0,"[0.0, 0.0, 0.0, 0.0]","[""2026-07-20"", ""2026-07-27"", ""2026-08-03"", ""2026-08-10""]",Good,0,,10,16-07-2026 16:14
213882,56,8,SeasonalNaive_52,18.198,21.107,0,"[0.0, 0.0, 0.0, 0.0, 0.0, 0.0, 0.0, 0.0]","[""2026-07-20"", ""2026-07-27"", ""2026-08-03"", ""2026-08-10"", ""2026-08-17"", ""2026-08-24"", ""2026-08-31"", ""2026-09-07""]",Excellent,0,,10,16-07-2026 16:14
213882,91,13,SeasonalNaive_52,18.198,12.989,8.292,"[0.0, 0.0, 0.0, 0.0, 0.0, 0.0, 0.0, 0.0, 0.0, 0.0, 0.96, 7.332, 0.0]","[""2026-07-20"", ""2026-07-27"", ""2026-08-03"", ""2026-08-10"", ""2026-08-17"", ""2026-08-24"", ""2026-08-31"", ""2026-09-07"", ""2026-09-14"", ""2026-09-21"", ""2026-09-28"", ""2026-10-05"", ""2026-10-12""]",Excellent,0,,10,16-07-2026 16:14
213888,7,1,SBA_alpha_01,41.105,68.721,0.362535987,[0.3625359870111334],"[""2026-07-20""]",Fair,0,,10,16-07-2026 16:14
213888,14,2,SBA_alpha_02,87.295,135.981,0.350253856,"[0.17512692802056554, 0.17512692802056554]","[""2026-07-20"", ""2026-07-27""]",Unreliable,0,,10,16-07-2026 16:14
213888,28,4,HuberRegressor,100,49.977,8.61E-09,"[4.2615448600513695e-09, 4.344935817385265e-09, 0.0, 0.0]","[""2026-07-20"", ""2026-07-27"", ""2026-08-03"", ""2026-08-10""]",Unreliable,0,,10,16-07-2026 16:14
213888,56,8,HuberRegressor,100,24.989,8.61E-09,"[4.2615448600513695e-09, 4.344935817385265e-09, 0.0, 0.0, 0.0, 0.0, 0.0, 0.0]","[""2026-07-20"", ""2026-07-27"", ""2026-08-03"", ""2026-08-10"", ""2026-08-17"", ""2026-08-24"", ""2026-08-31"", ""2026-09-07""]",Unreliable,0,,10,16-07-2026 16:14
213888,91,13,NaiveLastValue,100,15.378,0,"[0.0, 0.0, 0.0, 0.0, 0.0, 0.0, 0.0, 0.0, 0.0, 0.0, 0.0, 0.0, 0.0]","[""2026-07-20"", ""2026-07-27"", ""2026-08-03"", ""2026-08-10"", ""2026-08-17"", ""2026-08-24"", ""2026-08-31"", ""2026-09-07"", ""2026-09-14"", ""2026-09-21"", ""2026-09-28"", ""2026-10-05"", ""2026-10-12""]",Unreliable,0,,10,16-07-2026 16:14
213883,7,1,LastNonZero,9.17,9.033,10.56,[10.559999999999999],"[""2026-07-20""]",Excellent,0,,10,16-07-2026 16:14
213883,14,2,Ridge,98.242,170.957,0.306452597,"[0.0, 0.30645259745339426]","[""2026-07-20"", ""2026-07-27""]",Unreliable,0,,10,16-07-2026 16:14
213883,28,4,ZeroForecast,100,59.989,0,"[0.0, 0.0, 0.0, 0.0]","[""2026-07-20"", ""2026-07-27"", ""2026-08-03"", ""2026-08-10""]",Unreliable,0,,10,16-07-2026 16:14
213883,56,8,ZeroForecast,100,44.991,0,"[0.0, 0.0, 0.0, 0.0, 0.0, 0.0, 0.0, 0.0]","[""2026-07-20"", ""2026-07-27"", ""2026-08-03"", ""2026-08-10"", ""2026-08-17"", ""2026-08-24"", ""2026-08-31"", ""2026-09-07""]",Unreliable,0,,10,16-07-2026 16:14
213883,91,13,ZeroForecast,100,39.992,0,"[0.0, 0.0, 0.0, 0.0, 0.0, 0.0, 0.0, 0.0, 0.0, 0.0, 0.0, 0.0, 0.0]","[""2026-07-20"", ""2026-07-27"", ""2026-08-03"", ""2026-08-10"", ""2026-08-17"", ""2026-08-24"", ""2026-08-31"", ""2026-09-07"", ""2026-09-14"", ""2026-09-21"", ""2026-09-28"", ""2026-10-05"", ""2026-10-12""]",Unreliable,0,,10,16-07-2026 16:14
213881,7,1,LastNonZero,79.134,100.125,10.98,[10.979999999999999],"[""2026-07-20""]",Unreliable,0,,10,16-07-2026 16:14
213881,14,2,ZeroForecast,100,119.824,0,"[0.0, 0.0]","[""2026-07-20"", ""2026-07-27""]",Unreliable,0,,10,16-07-2026 16:14
213881,28,4,ZeroForecast,100,69.91,0,"[0.0, 0.0, 0.0, 0.0]","[""2026-07-20"", ""2026-07-27"", ""2026-08-03"", ""2026-08-10""]",Unreliable,0,,10,16-07-2026 16:14
213881,56,8,ZeroForecast,100,74.89,0,"[0.0, 0.0, 0.0, 0.0, 0.0, 0.0, 0.0, 0.0]","[""2026-07-20"", ""2026-07-27"", ""2026-08-03"", ""2026-08-10"", ""2026-08-17"", ""2026-08-24"", ""2026-08-31"", ""2026-09-07""]",Unreliable,0,,10,16-07-2026 16:14
213881,91,13,NaiveLastValue,100,61.469,0,"[0.0, 0.0, 0.0, 0.0, 0.0, 0.0, 0.0, 0.0, 0.0, 0.0, 0.0, 0.0, 0.0]","[""2026-07-20"", ""2026-07-27"", ""2026-08-03"", ""2026-08-10"", ""2026-08-17"", ""2026-08-24"", ""2026-08-31"", ""2026-09-07"", ""2026-09-14"", ""2026-09-21"", ""2026-09-28"", ""2026-10-05"", ""2026-10-12""]",Unreliable,0,,10,16-07-2026 16:14
214171,7,1,LastNonZero,31.195,36.954,7.6215,[7.6215],"[""2026-07-20""]",Good,0,,10,16-07-2026 16:14
214171,14,2,NaiveLastValue,100,99.974,0,"[0.0, 0.0]","[""2026-07-20"", ""2026-07-27""]",Unreliable,0,,10,16-07-2026 16:14
214171,28,4,NaiveLastValue,100,49.987,0,"[0.0, 0.0, 0.0, 0.0]","[""2026-07-20"", ""2026-07-27"", ""2026-08-03"", ""2026-08-10""]",Unreliable,0,,10,16-07-2026 16:14
214171,56,8,NaiveLastValue,100,24.993,0,"[0.0, 0.0, 0.0, 0.0, 0.0, 0.0, 0.0, 0.0]","[""2026-07-20"", ""2026-07-27"", ""2026-08-03"", ""2026-08-10"", ""2026-08-17"", ""2026-08-24"", ""2026-08-31"", ""2026-09-07""]",Unreliable,0,,10,16-07-2026 16:14
214171,91,13,NaiveLastValue,100,15.381,0,"[0.0, 0.0, 0.0, 0.0, 0.0, 0.0, 0.0, 0.0, 0.0, 0.0, 0.0, 0.0, 0.0]","[""2026-07-20"", ""2026-07-27"", ""2026-08-03"", ""2026-08-10"", ""2026-08-17"", ""2026-08-24"", ""2026-08-31"", ""2026-09-07"", ""2026-09-14"", ""2026-09-21"", ""2026-09-28"", ""2026-10-05"", ""2026-10-12""]",Unreliable,0,,10,16-07-2026 16:14
215988,7,1,SBA_alpha_02,34.668,28.793,0.003655286,[0.0036552857142857146],"[""2026-07-20""]",Good,0,,10,16-07-2026 16:14
215988,14,2,NaiveLastValue,100,94.213,0,"[0.0, 0.0]","[""2026-07-20"", ""2026-07-27""]",Unreliable,0,,10,16-07-2026 16:14
215988,28,4,NaiveLastValue,100,47.106,0,"[0.0, 0.0, 0.0, 0.0]","[""2026-07-20"", ""2026-07-27"", ""2026-08-03"", ""2026-08-10""]",Unreliable,0,,10,16-07-2026 16:14
215988,56,8,NaiveLastValue,100,23.553,0,"[0.0, 0.0, 0.0, 0.0, 0.0, 0.0, 0.0, 0.0]","[""2026-07-20"", ""2026-07-27"", ""2026-08-03"", ""2026-08-10"", ""2026-08-17"", ""2026-08-24"", ""2026-08-31"", ""2026-09-07""]",Unreliable,0,,10,16-07-2026 16:14
215988,91,13,NaiveLastValue,100,14.494,0,"[0.0, 0.0, 0.0, 0.0, 0.0, 0.0, 0.0, 0.0, 0.0, 0.0, 0.0, 0.0, 0.0]","[""2026-07-20"", ""2026-07-27"", ""2026-08-03"", ""2026-08-10"", ""2026-08-17"", ""2026-08-24"", ""2026-08-31"", ""2026-09-07"", ""2026-09-14"", ""2026-09-21"", ""2026-09-28"", ""2026-10-05"", ""2026-10-12""]",Unreliable,0,,10,16-07-2026 16:14
282700,7,1,SBA_alpha_01,43.915,35.038,1.42341197,[1.4234119703389827],"[""2026-07-20""]",Fair,0,,10,16-07-2026 16:14
282700,14,2,TSB_01_01,87.929,140.38,0.120471326,"[0.06023566305981126, 0.06023566305981126]","[""2026-07-20"", ""2026-07-27""]",Unreliable,0,,10,16-07-2026 16:14
282700,28,4,ZeroForecast,100,79.921,0,"[0.0, 0.0, 0.0, 0.0]","[""2026-07-20"", ""2026-07-27"", ""2026-08-03"", ""2026-08-10""]",Unreliable,0,,10,16-07-2026 16:14
282700,56,8,ZeroForecast,100,44.955,0,"[0.0, 0.0, 0.0, 0.0, 0.0, 0.0, 0.0, 0.0]","[""2026-07-20"", ""2026-07-27"", ""2026-08-03"", ""2026-08-10"", ""2026-08-17"", ""2026-08-24"", ""2026-08-31"", ""2026-09-07""]",Unreliable,0,,10,16-07-2026 16:14
282700,91,13,ZeroForecast,100,27.665,0,"[0.0, 0.0, 0.0, 0.0, 0.0, 0.0, 0.0, 0.0, 0.0, 0.0, 0.0, 0.0, 0.0]","[""2026-07-20"", ""2026-07-27"", ""2026-08-03"", ""2026-08-10"", ""2026-08-17"", ""2026-08-24"", ""2026-08-31"", ""2026-09-07"", ""2026-09-14"", ""2026-09-21"", ""2026-09-28"", ""2026-10-05"", ""2026-10-12""]",Unreliable,0,,10,16-07-2026 16:14
214170,7,1,LastNonZero,54.6,66.429,8.7,[8.7],"[""2026-07-20""]",Fair,0,,10,16-07-2026 16:14
214170,14,2,TwoStage_Logistic_Huber,89.405,163.88,0.001642445,"[0.0008731528892634669, 0.0007692924025889356]","[""2026-07-20"", ""2026-07-27""]",Unreliable,0,,10,16-07-2026 16:14
214170,28,4,TwoStage_Logistic_Huber,95.386,179.903,0.002990138,"[0.0008731528892634669, 0.0007692924025889356, 0.0007947435897173218, 0.0005529486956885824]","[""2026-07-20"", ""2026-07-27"", ""2026-08-03"", ""2026-08-10""]",Unreliable,0,,10,16-07-2026 16:14
214170,56,8,TwoStage_Logistic_Huber,96.729,172.716,0.005899354,"[0.0008731528892634669, 0.0007692924025889356, 0.0007947435897173218, 0.0005529486956885824, 0.0005546051589831198, 0.0007763997920306827, 0.0007762086454150063, 0.0008020031804765624]","[""2026-07-20"", ""2026-07-27"", ""2026-08-03"", ""2026-08-10"", ""2026-08-17"", ""2026-08-24"", ""2026-08-31"", ""2026-09-07""]",Unreliable,0,,10,16-07-2026 16:14
214170,91,13,NaiveLastValue,100,15.381,0,"[0.0, 0.0, 0.0, 0.0, 0.0, 0.0, 0.0, 0.0, 0.0, 0.0, 0.0, 0.0, 0.0]","[""2026-07-20"", ""2026-07-27"", ""2026-08-03"", ""2026-08-10"", ""2026-08-17"", ""2026-08-24"", ""2026-08-31"", ""2026-09-07"", ""2026-09-14"", ""2026-09-21"", ""2026-09-28"", ""2026-10-05"", ""2026-10-12""]",Unreliable,0,,10,16-07-2026 16:14
213889,7,1,LastNonZero,43.528,46.345,10.93,[10.93],"[""2026-07-20""]",Fair,0,,10,16-07-2026 16:14
213889,14,2,TwoStage_Logistic_Huber,99.515,184.411,1.364894762,"[0.6594068314953915, 0.7054879308321121]","[""2026-07-20"", ""2026-07-27""]",Unreliable,0,,10,16-07-2026 16:14
213889,28,4,sarima,100,49.991,0,"[0.0, 0.0, 0.0, 0.0]","[""2026-07-20"", ""2026-07-27"", ""2026-08-03"", ""2026-08-10""]",Unreliable,0,,10,16-07-2026 16:14
213889,56,8,ZeroForecast,100,24.994,0,"[0.0, 0.0, 0.0, 0.0, 0.0, 0.0, 0.0, 0.0]","[""2026-07-20"", ""2026-07-27"", ""2026-08-03"", ""2026-08-10"", ""2026-08-17"", ""2026-08-24"", ""2026-08-31"", ""2026-09-07""]",Unreliable,0,,10,16-07-2026 16:14
213889,91,13,NaiveLastValue,100,27.683,0,"[0.0, 0.0, 0.0, 0.0, 0.0, 0.0, 0.0, 0.0, 0.0, 0.0, 0.0, 0.0, 0.0]","[""2026-07-20"", ""2026-07-27"", ""2026-08-03"", ""2026-08-10"", ""2026-08-17"", ""2026-08-24"", ""2026-08-31"", ""2026-09-07"", ""2026-09-14"", ""2026-09-21"", ""2026-09-28"", ""2026-10-05"", ""2026-10-12""]",Unreliable,0,,10,16-07-2026 16:14
270218,7,1,LastNonZero,3.833,3.908,8.87,[8.870000000000001],"[""2026-07-20""]",Excellent,0,,10,16-07-2026 16:14
270218,14,2,NaiveLastValue,100,99.977,0,"[0.0, 0.0]","[""2026-07-20"", ""2026-07-27""]",Unreliable,0,,10,16-07-2026 16:14
270218,28,4,NaiveLastValue,100,49.989,0,"[0.0, 0.0, 0.0, 0.0]","[""2026-07-20"", ""2026-07-27"", ""2026-08-03"", ""2026-08-10""]",Unreliable,0,,10,16-07-2026 16:14
270218,56,8,NaiveLastValue,100,24.994,0,"[0.0, 0.0, 0.0, 0.0, 0.0, 0.0, 0.0, 0.0]","[""2026-07-20"", ""2026-07-27"", ""2026-08-03"", ""2026-08-10"", ""2026-08-17"", ""2026-08-24"", ""2026-08-31"", ""2026-09-07""]",Unreliable,0,,10,16-07-2026 16:14
270218,91,13,NaiveLastValue,100,15.381,0,"[0.0, 0.0, 0.0, 0.0, 0.0, 0.0, 0.0, 0.0, 0.0, 0.0, 0.0, 0.0, 0.0]","[""2026-07-20"", ""2026-07-27"", ""2026-08-03"", ""2026-08-10"", ""2026-08-17"", ""2026-08-24"", ""2026-08-31"", ""2026-09-07"", ""2026-09-14"", ""2026-09-21"", ""2026-09-28"", ""2026-10-05"", ""2026-10-12""]",Unreliable,0,,10,16-07-2026 16:14
282709,7,1,LastNonZero,12.5,13.33,3.84,[3.84],"[""2026-07-20""]",Excellent,0,,10,16-07-2026 16:14
282709,14,2,NaiveLastValue,100,99.948,0,"[0.0, 0.0]","[""2026-07-20"", ""2026-07-27""]",Unreliable,0,,10,16-07-2026 16:14
282709,28,4,NaiveLastValue,100,49.974,0,"[0.0, 0.0, 0.0, 0.0]","[""2026-07-20"", ""2026-07-27"", ""2026-08-03"", ""2026-08-10""]",Unreliable,0,,10,16-07-2026 16:14
282709,56,8,NaiveLastValue,100,24.987,0,"[0.0, 0.0, 0.0, 0.0, 0.0, 0.0, 0.0, 0.0]","[""2026-07-20"", ""2026-07-27"", ""2026-08-03"", ""2026-08-10"", ""2026-08-17"", ""2026-08-24"", ""2026-08-31"", ""2026-09-07""]",Unreliable,0,,10,16-07-2026 16:14
282709,91,13,NaiveLastValue,100,15.377,0,"[0.0, 0.0, 0.0, 0.0, 0.0, 0.0, 0.0, 0.0, 0.0, 0.0, 0.0, 0.0, 0.0]","[""2026-07-20"", ""2026-07-27"", ""2026-08-03"", ""2026-08-10"", ""2026-08-17"", ""2026-08-24"", ""2026-08-31"", ""2026-09-07"", ""2026-09-14"", ""2026-09-21"", ""2026-09-28"", ""2026-10-05"", ""2026-10-12""]",Unreliable,0,,10,16-07-2026 16:14
213890,7,1,SBA_alpha_01,84.883,129.162,0.286296304,[0.2862963037063769],"[""2026-07-20""]",Unreliable,0,,10,16-07-2026 16:14
213890,14,2,ExtraTreesRegressor,93,119.216,0,"[0.0, 0.0]","[""2026-07-20"", ""2026-07-27""]",Unreliable,0,,10,16-07-2026 16:14
213890,28,4,ZeroForecast,100,49.977,0,"[0.0, 0.0, 0.0, 0.0]","[""2026-07-20"", ""2026-07-27"", ""2026-08-03"", ""2026-08-10""]",Unreliable,0,,10,16-07-2026 16:14
213890,56,8,NaiveLastValue,100,24.989,0,"[0.0, 0.0, 0.0, 0.0, 0.0, 0.0, 0.0, 0.0]","[""2026-07-20"", ""2026-07-27"", ""2026-08-03"", ""2026-08-10"", ""2026-08-17"", ""2026-08-24"", ""2026-08-31"", ""2026-09-07""]",Unreliable,0,,10,16-07-2026 16:14
213890,91,13,NaiveLastValue,100,15.378,0,"[0.0, 0.0, 0.0, 0.0, 0.0, 0.0, 0.0, 0.0, 0.0, 0.0, 0.0, 0.0, 0.0]","[""2026-07-20"", ""2026-07-27"", ""2026-08-03"", ""2026-08-10"", ""2026-08-17"", ""2026-08-24"", ""2026-08-31"", ""2026-09-07"", ""2026-09-14"", ""2026-09-21"", ""2026-09-28"", ""2026-10-05"", ""2026-10-12""]",Unreliable,0,,10,16-07-2026 16:14
282703,7,1,LastNonZero,6.25,6.451,10.24,[10.24],"[""2026-07-20""]",Excellent,0,,10,16-07-2026 16:14
282703,14,2,NaiveLastValue,100,99.98,0,"[0.0, 0.0]","[""2026-07-20"", ""2026-07-27""]",Unreliable,0,,10,16-07-2026 16:14
282703,28,4,NaiveLastValue,100,49.99,0,"[0.0, 0.0, 0.0, 0.0]","[""2026-07-20"", ""2026-07-27"", ""2026-08-03"", ""2026-08-10""]",Unreliable,0,,10,16-07-2026 16:14
282703,56,8,NaiveLastValue,100,24.995,0,"[0.0, 0.0, 0.0, 0.0, 0.0, 0.0, 0.0, 0.0]","[""2026-07-20"", ""2026-07-27"", ""2026-08-03"", ""2026-08-10"", ""2026-08-17"", ""2026-08-24"", ""2026-08-31"", ""2026-09-07""]",Unreliable,0,,10,16-07-2026 16:14
282703,91,13,NaiveLastValue,100,15.382,0,"[0.0, 0.0, 0.0, 0.0, 0.0, 0.0, 0.0, 0.0, 0.0, 0.0, 0.0, 0.0, 0.0]","[""2026-07-20"", ""2026-07-27"", ""2026-08-03"", ""2026-08-10"", ""2026-08-17"", ""2026-08-24"", ""2026-08-31"", ""2026-09-07"", ""2026-09-14"", ""2026-09-21"", ""2026-09-28"", ""2026-10-05"", ""2026-10-12""]",Unreliable,0,,10,16-07-2026 16:14
213891,7,1,LastNonZero,33.002,39.912,4.1,[4.1],"[""2026-07-20""]",Good,0,,10,16-07-2026 16:14
213891,14,2,TwoStage_Logistic_Huber,59.66,65.699,0.450026172,"[0.0, 0.4500261722881799]","[""2026-07-20"", ""2026-07-27""]",Poor,0,,10,16-07-2026 16:14
213891,28,4,TwoStage_Logistic_Huber,69.332,49.508,3.389378149,"[0.0, 0.4500261722881799, 2.463468987551207, 0.4758829893966525]","[""2026-07-20"", ""2026-07-27"", ""2026-08-03"", ""2026-08-10""]",Poor,0,,10,16-07-2026 16:14
213891,56,8,TwoStage_Logistic_Huber,69.332,24.754,3.389378149,"[0.0, 0.4500261722881799, 2.463468987551207, 0.4758829893966525, 0.0, 0.0, 0.0, 0.0]","[""2026-07-20"", ""2026-07-27"", ""2026-08-03"", ""2026-08-10"", ""2026-08-17"", ""2026-08-24"", ""2026-08-31"", ""2026-09-07""]",Poor,0,,10,16-07-2026 16:14
213891,91,13,NaiveLastValue,100,30.749,0,"[0.0, 0.0, 0.0, 0.0, 0.0, 0.0, 0.0, 0.0, 0.0, 0.0, 0.0, 0.0, 0.0]","[""2026-07-20"", ""2026-07-27"", ""2026-08-03"", ""2026-08-10"", ""2026-08-17"", ""2026-08-24"", ""2026-08-31"", ""2026-09-07"", ""2026-09-14"", ""2026-09-21"", ""2026-09-28"", ""2026-10-05"", ""2026-10-12""]",Unreliable,0,,10,16-07-2026 16:14
282704,7,1,SBA_alpha_01,26.591,30.665,1.916792711,[1.9167927107061502],"[""2026-07-20""]",Good,0,,10,16-07-2026 16:14
282704,14,2,NaiveLastValue,100,99.98,0,"[0.0, 0.0]","[""2026-07-20"", ""2026-07-27""]",Unreliable,0,,10,16-07-2026 16:14
282704,28,4,NaiveLastValue,100,49.99,0,"[0.0, 0.0, 0.0, 0.0]","[""2026-07-20"", ""2026-07-27"", ""2026-08-03"", ""2026-08-10""]",Unreliable,0,,10,16-07-2026 16:14
282704,56,8,NaiveLastValue,100,24.995,0,"[0.0, 0.0, 0.0, 0.0, 0.0, 0.0, 0.0, 0.0]","[""2026-07-20"", ""2026-07-27"", ""2026-08-03"", ""2026-08-10"", ""2026-08-17"", ""2026-08-24"", ""2026-08-31"", ""2026-09-07""]",Unreliable,0,,10,16-07-2026 16:14
282704,91,13,NaiveLastValue,100,15.382,0,"[0.0, 0.0, 0.0, 0.0, 0.0, 0.0, 0.0, 0.0, 0.0, 0.0, 0.0, 0.0, 0.0]","[""2026-07-20"", ""2026-07-27"", ""2026-08-03"", ""2026-08-10"", ""2026-08-17"", ""2026-08-24"", ""2026-08-31"", ""2026-09-07"", ""2026-09-14"", ""2026-09-21"", ""2026-09-28"", ""2026-10-05"", ""2026-10-12""]",Unreliable,0,,10,16-07-2026 16:14
258255,7,1,LastNonZero,49.759,54.684,9.009,[9.009],"[""2026-07-20""]",Fair,0,,10,16-07-2026 16:14
258255,14,2,Ridge,99.999,163.089,4.540819404,"[2.3287511503207865, 2.212068254013973]","[""2026-07-20"", ""2026-07-27""]",Unreliable,0,,10,16-07-2026 16:14
258255,28,4,NaiveLastValue,100,49.989,0,"[0.0, 0.0, 0.0, 0.0]","[""2026-07-20"", ""2026-07-27"", ""2026-08-03"", ""2026-08-10""]",Unreliable,0,,10,16-07-2026 16:14
258255,56,8,NaiveLastValue,100,24.994,0,"[0.0, 0.0, 0.0, 0.0, 0.0, 0.0, 0.0, 0.0]","[""2026-07-20"", ""2026-07-27"", ""2026-08-03"", ""2026-08-10"", ""2026-08-17"", ""2026-08-24"", ""2026-08-31"", ""2026-09-07""]",Unreliable,0,,10,16-07-2026 16:14
258255,91,13,NaiveLastValue,100,15.381,0,"[0.0, 0.0, 0.0, 0.0, 0.0, 0.0, 0.0, 0.0, 0.0, 0.0, 0.0, 0.0, 0.0]","[""2026-07-20"", ""2026-07-27"", ""2026-08-03"", ""2026-08-10"", ""2026-08-17"", ""2026-08-24"", ""2026-08-31"", ""2026-09-07"", ""2026-09-14"", ""2026-09-21"", ""2026-09-28"", ""2026-10-05"", ""2026-10-12""]",Unreliable,0,,10,16-07-2026 16:14
282714,7,1,LastNonZero,6.25,6.451,10.24,[10.24],"[""2026-07-20""]",Excellent,0,,10,16-07-2026 16:14
282714,14,2,TSB_01_01,100,181.307,0.240582177,"[0.12029108873962624, 0.12029108873962624]","[""2026-07-20"", ""2026-07-27""]",Unreliable,0,,10,16-07-2026 16:14
282714,28,4,NaiveLastValue,100,49.99,0,"[0.0, 0.0, 0.0, 0.0]","[""2026-07-20"", ""2026-07-27"", ""2026-08-03"", ""2026-08-10""]",Unreliable,0,,10,16-07-2026 16:14
282714,56,8,NaiveLastValue,100,24.995,0,"[0.0, 0.0, 0.0, 0.0, 0.0, 0.0, 0.0, 0.0]","[""2026-07-20"", ""2026-07-27"", ""2026-08-03"", ""2026-08-10"", ""2026-08-17"", ""2026-08-24"", ""2026-08-31"", ""2026-09-07""]",Unreliable,0,,10,16-07-2026 16:14
282714,91,13,NaiveLastValue,100,15.382,0,"[0.0, 0.0, 0.0, 0.0, 0.0, 0.0, 0.0, 0.0, 0.0, 0.0, 0.0, 0.0, 0.0]","[""2026-07-20"", ""2026-07-27"", ""2026-08-03"", ""2026-08-10"", ""2026-08-17"", ""2026-08-24"", ""2026-08-31"", ""2026-09-07"", ""2026-09-14"", ""2026-09-21"", ""2026-09-28"", ""2026-10-05"", ""2026-10-12""]",Unreliable,0,,10,16-07-2026 16:14
302582,7,1,RandomForestRegressor,0,0,0,[0.0],"[""2026-07-20""]",Excellent,1,NaiveLastValue,10,16-07-2026 16:14
302582,14,2,RandomForestRegressor,0,0,0,"[0.0, 0.0]","[""2026-07-20"", ""2026-07-27""]",Excellent,1,NaiveLastValue,10,16-07-2026 16:14
302582,28,4,RandomForestRegressor,0,0,0,"[0.0, 0.0, 0.0, 0.0]","[""2026-07-20"", ""2026-07-27"", ""2026-08-03"", ""2026-08-10""]",Excellent,1,NaiveLastValue,10,16-07-2026 16:14
302582,56,8,RandomForestRegressor,0,0,0,"[0.0, 0.0, 0.0, 0.0, 0.0, 0.0, 0.0, 0.0]","[""2026-07-20"", ""2026-07-27"", ""2026-08-03"", ""2026-08-10"", ""2026-08-17"", ""2026-08-24"", ""2026-08-31"", ""2026-09-07""]",Excellent,1,NaiveLastValue,10,16-07-2026 16:14
302582,91,13,,,,,,,No Model,0,,,16-07-2026 16:14
302583,7,1,RandomForestRegressor,0,0,0,[0.0],"[""2026-07-20""]",Excellent,1,NaiveLastValue,10,16-07-2026 16:14
302583,14,2,RandomForestRegressor,0,0,0,"[0.0, 0.0]","[""2026-07-20"", ""2026-07-27""]",Excellent,1,NaiveLastValue,10,16-07-2026 16:14
302583,28,4,RandomForestRegressor,0,0,0,"[0.0, 0.0, 0.0, 0.0]","[""2026-07-20"", ""2026-07-27"", ""2026-08-03"", ""2026-08-10""]",Excellent,1,NaiveLastValue,10,16-07-2026 16:14
302583,56,8,RandomForestRegressor,0,0,0,"[0.0, 0.0, 0.0, 0.0, 0.0, 0.0, 0.0, 0.0]","[""2026-07-20"", ""2026-07-27"", ""2026-08-03"", ""2026-08-10"", ""2026-08-17"", ""2026-08-24"", ""2026-08-31"", ""2026-09-07""]",Excellent,1,NaiveLastValue,10,16-07-2026 16:14
302583,91,13,,,,,,,No Model,0,,,16-07-2026 16:14
03930S10,7,1,LastNonZero,46.217,60.101,13.35,[13.35],"[""2026-07-20""]",Fair,0,,10,16-07-2026 16:14
03930S10,14,2,SBA_alpha_02,100,134.732,4.454470588,"[2.2272352941176465, 2.2272352941176465]","[""2026-07-20"", ""2026-07-27""]",Unreliable,0,,10,16-07-2026 16:14
03930S10,28,4,NaiveLastValue,100,49.993,0,"[0.0, 0.0, 0.0, 0.0]","[""2026-07-20"", ""2026-07-27"", ""2026-08-03"", ""2026-08-10""]",Unreliable,0,,10,16-07-2026 16:14
03930S10,56,8,NaiveLastValue,100,24.996,0,"[0.0, 0.0, 0.0, 0.0, 0.0, 0.0, 0.0, 0.0]","[""2026-07-20"", ""2026-07-27"", ""2026-08-03"", ""2026-08-10"", ""2026-08-17"", ""2026-08-24"", ""2026-08-31"", ""2026-09-07""]",Unreliable,0,,10,16-07-2026 16:14
03930S10,91,13,NaiveLastValue,100,15.382,0,"[0.0, 0.0, 0.0, 0.0, 0.0, 0.0, 0.0, 0.0, 0.0, 0.0, 0.0, 0.0, 0.0]","[""2026-07-20"", ""2026-07-27"", ""2026-08-03"", ""2026-08-10"", ""2026-08-17"", ""2026-08-24"", ""2026-08-31"", ""2026-09-07"", ""2026-09-14"", ""2026-09-21"", ""2026-09-28"", ""2026-10-05"", ""2026-10-12""]",Unreliable,0,,10,16-07-2026 16:14
282710,7,1,LastNonZero,12.5,13.332,10.24,[10.24],"[""2026-07-20""]",Excellent,0,,10,16-07-2026 16:14
282710,14,2,NaiveLastValue,100,99.98,0,"[0.0, 0.0]","[""2026-07-20"", ""2026-07-27""]",Unreliable,0,,10,16-07-2026 16:14
282710,28,4,NaiveLastValue,100,49.99,0,"[0.0, 0.0, 0.0, 0.0]","[""2026-07-20"", ""2026-07-27"", ""2026-08-03"", ""2026-08-10""]",Unreliable,0,,10,16-07-2026 16:14
282710,56,8,NaiveLastValue,100,24.995,0,"[0.0, 0.0, 0.0, 0.0, 0.0, 0.0, 0.0, 0.0]","[""2026-07-20"", ""2026-07-27"", ""2026-08-03"", ""2026-08-10"", ""2026-08-17"", ""2026-08-24"", ""2026-08-31"", ""2026-09-07""]",Unreliable,0,,10,16-07-2026 16:14
282710,91,13,NaiveLastValue,100,15.382,0,"[0.0, 0.0, 0.0, 0.0, 0.0, 0.0, 0.0, 0.0, 0.0, 0.0, 0.0, 0.0, 0.0]","[""2026-07-20"", ""2026-07-27"", ""2026-08-03"", ""2026-08-10"", ""2026-08-17"", ""2026-08-24"", ""2026-08-31"", ""2026-09-07"", ""2026-09-14"", ""2026-09-21"", ""2026-09-28"", ""2026-10-05"", ""2026-10-12""]",Unreliable,0,,10,16-07-2026 16:14
282711,7,1,LastNonZero,39.394,38.111,3.6,[3.6],"[""2026-07-20""]",Fair,0,,10,16-07-2026 16:14
282711,14,2,MovingAverage_4,100,116.394,4.8,"[2.4, 2.4]","[""2026-07-20"", ""2026-07-27""]",Unreliable,0,,10,16-07-2026 16:14
282711,28,4,NaiveLastValue,100,69.974,0,"[0.0, 0.0, 0.0, 0.0]","[""2026-07-20"", ""2026-07-27"", ""2026-08-03"", ""2026-08-10""]",Unreliable,0,,10,16-07-2026 16:14
282711,56,8,NaiveLastValue,100,34.987,0,"[0.0, 0.0, 0.0, 0.0, 0.0, 0.0, 0.0, 0.0]","[""2026-07-20"", ""2026-07-27"", ""2026-08-03"", ""2026-08-10"", ""2026-08-17"", ""2026-08-24"", ""2026-08-31"", ""2026-09-07""]",Unreliable,0,,10,16-07-2026 16:14
282711,91,13,NaiveLastValue,100,21.53,0,"[0.0, 0.0, 0.0, 0.0, 0.0, 0.0, 0.0, 0.0, 0.0, 0.0, 0.0, 0.0, 0.0]","[""2026-07-20"", ""2026-07-27"", ""2026-08-03"", ""2026-08-10"", ""2026-08-17"", ""2026-08-24"", ""2026-08-31"", ""2026-09-07"", ""2026-09-14"", ""2026-09-21"", ""2026-09-28"", ""2026-10-05"", ""2026-10-12""]",Unreliable,0,,10,16-07-2026 16:14
294622,7,1,LastNonZero,57.076,65.429,8.85,[8.85],"[""2026-07-20""]",Poor,0,,10,16-07-2026 16:14
294622,14,2,arima,99.991,176.475,1.18649196,"[0.593245979765021, 0.5932459797793024]","[""2026-07-20"", ""2026-07-27""]",Unreliable,0,,10,16-07-2026 16:14
294622,28,4,NaiveLastValue,100,49.984,0,"[0.0, 0.0, 0.0, 0.0]","[""2026-07-20"", ""2026-07-27"", ""2026-08-03"", ""2026-08-10""]",Unreliable,0,,10,16-07-2026 16:14
294622,56,8,NaiveLastValue,100,24.994,0,"[0.0, 0.0, 0.0, 0.0, 0.0, 0.0, 0.0, 0.0]","[""2026-07-20"", ""2026-07-27"", ""2026-08-03"", ""2026-08-10"", ""2026-08-17"", ""2026-08-24"", ""2026-08-31"", ""2026-09-07""]",Unreliable,0,,10,16-07-2026 16:14
294622,91,13,NaiveLastValue,100,15.381,0,"[0.0, 0.0, 0.0, 0.0, 0.0, 0.0, 0.0, 0.0, 0.0, 0.0, 0.0, 0.0, 0.0]","[""2026-07-20"", ""2026-07-27"", ""2026-08-03"", ""2026-08-10"", ""2026-08-17"", ""2026-08-24"", ""2026-08-31"", ""2026-09-07"", ""2026-09-14"", ""2026-09-21"", ""2026-09-28"", ""2026-10-05"", ""2026-10-12""]",Unreliable,0,,10,16-07-2026 16:14
1000911,7,1,RandomForestRegressor,21.739,21.947,0,[0.0],"[""2026-07-20""]",Good,0,,10,16-07-2026 16:14
1000911,14,2,SBA_alpha_01,32.654,41.029,24.82355209,"[12.411776045785462, 12.411776045785462]","[""2026-07-20"", ""2026-07-27""]",Good,0,,10,16-07-2026 16:14
1000911,28,4,SBA_alpha_01,29.487,33.849,49.64710418,"[12.411776045785462, 12.411776045785462, 12.411776045785462, 12.411776045785462]","[""2026-07-20"", ""2026-07-27"", ""2026-08-03"", ""2026-08-10""]",Good,0,,10,16-07-2026 16:14
1000911,56,8,,,,,,,No Model,0,,,16-07-2026 16:14
1000911,91,13,,,,,,,No Model,0,,,16-07-2026 16:14
282713,7,1,LastNonZero,9.231,8.585,11.232,[11.232],"[""2026-07-20""]",Excellent,0,,10,16-07-2026 16:14
282713,14,2,arima,99.736,183.925,2.245161125,"[1.1225805626801855, 1.1225805625753862]","[""2026-07-20"", ""2026-07-27""]",Unreliable,0,,10,16-07-2026 16:14
282713,28,4,NaiveLastValue,100,49.991,0,"[0.0, 0.0, 0.0, 0.0]","[""2026-07-20"", ""2026-07-27"", ""2026-08-03"", ""2026-08-10""]",Unreliable,0,,10,16-07-2026 16:14
282713,56,8,NaiveLastValue,100,24.996,0,"[0.0, 0.0, 0.0, 0.0, 0.0, 0.0, 0.0, 0.0]","[""2026-07-20"", ""2026-07-27"", ""2026-08-03"", ""2026-08-10"", ""2026-08-17"", ""2026-08-24"", ""2026-08-31"", ""2026-09-07""]",Unreliable,0,,10,16-07-2026 16:14
282713,91,13,ZeroForecast,100,21.535,0,"[0.0, 0.0, 0.0, 0.0, 0.0, 0.0, 0.0, 0.0, 0.0, 0.0, 0.0, 0.0, 0.0]","[""2026-07-20"", ""2026-07-27"", ""2026-08-03"", ""2026-08-10"", ""2026-08-17"", ""2026-08-24"", ""2026-08-31"", ""2026-09-07"", ""2026-09-14"", ""2026-09-21"", ""2026-09-28"", ""2026-10-05"", ""2026-10-12""]",Unreliable,0,,10,16-07-2026 16:14
1000913,7,1,MovingAverage_4,16.463,16.682,12.32,[12.32],"[""2026-07-20""]",Excellent,0,,10,16-07-2026 16:14
1000913,14,2,ADIDAStyle_4,28.586,38.035,27.44672,"[13.72336, 13.72336]","[""2026-07-20"", ""2026-07-27""]",Good,0,,10,16-07-2026 16:14
1000913,28,4,TSB_02_02,24.75,29.078,48.67677157,"[12.169192893703439, 12.169192893703439, 12.169192893703439, 12.169192893703439]","[""2026-07-20"", ""2026-07-27"", ""2026-08-03"", ""2026-08-10""]",Good,0,,10,16-07-2026 16:14
1000913,56,8,TSB_02_02,22.41,24.549,97.35354315,"[12.169192893703439, 12.169192893703439, 12.169192893703439, 12.169192893703439, 12.169192893703439, 12.169192893703439, 12.169192893703439, 12.169192893703439]","[""2026-07-20"", ""2026-07-27"", ""2026-08-03"", ""2026-08-10"", ""2026-08-17"", ""2026-08-24"", ""2026-08-31"", ""2026-09-07""]",Good,0,,10,16-07-2026 16:14
1000913,91,13,SES,31.589,36.371,146.6226162,"[11.278662784469335, 11.278662784469335, 11.278662784469335, 11.278662784469335, 11.278662784469335, 11.278662784469335, 11.278662784469335, 11.278662784469335, 11.278662784469335, 11.278662784469335, 11.278662784469335, 11.278662784469335, 11.278662784469335]","[""2026-07-20"", ""2026-07-27"", ""2026-08-03"", ""2026-08-10"", ""2026-08-17"", ""2026-08-24"", ""2026-08-31"", ""2026-09-07"", ""2026-09-14"", ""2026-09-21"", ""2026-09-28"", ""2026-10-05"", ""2026-10-12""]",Good,0,,10,16-07-2026 16:14
1000914,7,1,MovingAverage_4,19.444,19.815,19.36,[19.36],"[""2026-07-20""]",Excellent,0,,10,16-07-2026 16:14
1000914,14,2,RollingMedian_8,29.944,38.211,40.96,"[20.480000000000004, 20.480000000000004]","[""2026-07-20"", ""2026-07-27""]",Good,0,,10,16-07-2026 16:14
1000914,28,4,RollingMedian_8,24.332,28.489,81.92,"[20.480000000000004, 20.480000000000004, 20.480000000000004, 20.480000000000004]","[""2026-07-20"", ""2026-07-27"", ""2026-08-03"", ""2026-08-10""]",Good,0,,10,16-07-2026 16:14
1000914,56,8,SES,27.268,29.867,142.6646673,"[17.833083413571465, 17.833083413571465, 17.833083413571465, 17.833083413571465, 17.833083413571465, 17.833083413571465, 17.833083413571465, 17.833083413571465]","[""2026-07-20"", ""2026-07-27"", ""2026-08-03"", ""2026-08-10"", ""2026-08-17"", ""2026-08-24"", ""2026-08-31"", ""2026-09-07""]",Good,0,,10,16-07-2026 16:14
1000914,91,13,NaiveLastValue,34.783,39.788,0,"[0.0, 0.0, 0.0, 0.0, 0.0, 0.0, 0.0, 0.0, 0.0, 0.0, 0.0, 0.0, 0.0]","[""2026-07-20"", ""2026-07-27"", ""2026-08-03"", ""2026-08-10"", ""2026-08-17"", ""2026-08-24"", ""2026-08-31"", ""2026-09-07"", ""2026-09-14"", ""2026-09-21"", ""2026-09-28"", ""2026-10-05"", ""2026-10-12""]",Good,0,,10,16-07-2026 16:14
03933P03,7,1,LastNonZero,34.486,36.292,8.388,[8.388],"[""2026-07-20""]",Good,0,,10,16-07-2026 16:14
03933P03,14,2,SBA_alpha_02,66.515,104.636,1.999565217,"[0.9997826086956522, 0.9997826086956522]","[""2026-07-20"", ""2026-07-27""]",Poor,0,,10,16-07-2026 16:14
03933P03,28,4,ZeroForecast,100,79.974,0,"[0.0, 0.0, 0.0, 0.0]","[""2026-07-20"", ""2026-07-27"", ""2026-08-03"", ""2026-08-10""]",Unreliable,0,,10,16-07-2026 16:14
03933P03,56,8,ZeroForecast,100,44.986,0,"[0.0, 0.0, 0.0, 0.0, 0.0, 0.0, 0.0, 0.0]","[""2026-07-20"", ""2026-07-27"", ""2026-08-03"", ""2026-08-10"", ""2026-08-17"", ""2026-08-24"", ""2026-08-31"", ""2026-09-07""]",Unreliable,0,,10,16-07-2026 16:14
03933P03,91,13,ZeroForecast,100,27.684,0,"[0.0, 0.0, 0.0, 0.0, 0.0, 0.0, 0.0, 0.0, 0.0, 0.0, 0.0, 0.0, 0.0]","[""2026-07-20"", ""2026-07-27"", ""2026-08-03"", ""2026-08-10"", ""2026-08-17"", ""2026-08-24"", ""2026-08-31"", ""2026-09-07"", ""2026-09-14"", ""2026-09-21"", ""2026-09-28"", ""2026-10-05"", ""2026-10-12""]",Unreliable,0,,10,16-07-2026 16:14
282712,7,1,LastNonZero,45.714,59.88,11.232,[11.232],"[""2026-07-20""]",Fair,0,,10,16-07-2026 16:14
282712,14,2,arima,99.136,157.665,5.975910381,"[2.9879551903448136, 2.9879551903446937]","[""2026-07-20"", ""2026-07-27""]",Unreliable,0,,10,16-07-2026 16:14
282712,28,4,ZeroForecast,100,69.988,0,"[0.0, 0.0, 0.0, 0.0]","[""2026-07-20"", ""2026-07-27"", ""2026-08-03"", ""2026-08-10""]",Unreliable,0,,10,16-07-2026 16:14
282712,56,8,ZeroForecast,100,64.988,0,"[0.0, 0.0, 0.0, 0.0, 0.0, 0.0, 0.0, 0.0]","[""2026-07-20"", ""2026-07-27"", ""2026-08-03"", ""2026-08-10"", ""2026-08-17"", ""2026-08-24"", ""2026-08-31"", ""2026-09-07""]",Unreliable,0,,10,16-07-2026 16:14
282712,91,13,ZeroForecast,100,61.521,0,"[0.0, 0.0, 0.0, 0.0, 0.0, 0.0, 0.0, 0.0, 0.0, 0.0, 0.0, 0.0, 0.0]","[""2026-07-20"", ""2026-07-27"", ""2026-08-03"", ""2026-08-10"", ""2026-08-17"", ""2026-08-24"", ""2026-08-31"", ""2026-09-07"", ""2026-09-14"", ""2026-09-21"", ""2026-09-28"", ""2026-10-05"", ""2026-10-12""]",Unreliable,0,,10,16-07-2026 16:14
03931S18,7,1,LastNonZero,52.691,80.608,22.572,[22.572],"[""2026-07-20""]",Fair,0,,10,16-07-2026 16:14
03931S18,14,2,SBA_alpha_01,100,158.902,9.351207907,"[4.675603953518084, 4.675603953518084]","[""2026-07-20"", ""2026-07-27""]",Unreliable,0,,10,16-07-2026 16:14
03931S18,28,4,NaiveLastValue,100,49.996,0,"[0.0, 0.0, 0.0, 0.0]","[""2026-07-20"", ""2026-07-27"", ""2026-08-03"", ""2026-08-10""]",Unreliable,0,,10,16-07-2026 16:14
03931S18,56,8,ZeroForecast,100,24.998,0,"[0.0, 0.0, 0.0, 0.0, 0.0, 0.0, 0.0, 0.0]","[""2026-07-20"", ""2026-07-27"", ""2026-08-03"", ""2026-08-10"", ""2026-08-17"", ""2026-08-24"", ""2026-08-31"", ""2026-09-07""]",Unreliable,0,,10,16-07-2026 16:14
03931S18,91,13,ZeroForecast,100,21.537,0,"[0.0, 0.0, 0.0, 0.0, 0.0, 0.0, 0.0, 0.0, 0.0, 0.0, 0.0, 0.0, 0.0]","[""2026-07-20"", ""2026-07-27"", ""2026-08-03"", ""2026-08-10"", ""2026-08-17"", ""2026-08-24"", ""2026-08-31"", ""2026-09-07"", ""2026-09-14"", ""2026-09-21"", ""2026-09-28"", ""2026-10-05"", ""2026-10-12""]",Unreliable,0,,10,16-07-2026 16:14
03932S15,7,1,CrostonStyle_alpha_02,59.016,90.74,1.985758597,[1.9857585974376262],"[""2026-07-20""]",Poor,0,,10,16-07-2026 16:14
03932S15,14,2,NaiveLastValue,100,99.873,0,"[0.0, 0.0]","[""2026-07-20"", ""2026-07-27""]",Unreliable,0,,10,16-07-2026 16:14
03932S15,28,4,ZeroForecast,100,49.937,0,"[0.0, 0.0, 0.0, 0.0]","[""2026-07-20"", ""2026-07-27"", ""2026-08-03"", ""2026-08-10""]",Unreliable,0,,10,16-07-2026 16:14
03932S15,56,8,NaiveLastValue,100,34.968,0,"[0.0, 0.0, 0.0, 0.0, 0.0, 0.0, 0.0, 0.0]","[""2026-07-20"", ""2026-07-27"", ""2026-08-03"", ""2026-08-10"", ""2026-08-17"", ""2026-08-24"", ""2026-08-31"", ""2026-09-07""]",Unreliable,0,,10,16-07-2026 16:14
03932S15,91,13,ZeroForecast,100,24.595,0,"[0.0, 0.0, 0.0, 0.0, 0.0, 0.0, 0.0, 0.0, 0.0, 0.0, 0.0, 0.0, 0.0]","[""2026-07-20"", ""2026-07-27"", ""2026-08-03"", ""2026-08-10"", ""2026-08-17"", ""2026-08-24"", ""2026-08-31"", ""2026-09-07"", ""2026-09-14"", ""2026-09-21"", ""2026-09-28"", ""2026-10-05"", ""2026-10-12""]",Unreliable,0,,10,16-07-2026 16:14
115PGS25,7,1,TSB_01_01,98.503,192.835,9.30E-08,[9.295280080631377e-08],"[""2026-07-20""]",Unreliable,0,,10,16-07-2026 16:14
115PGS25,14,2,NaiveLastValue,100,99.338,0,"[0.0, 0.0]","[""2026-07-20"", ""2026-07-27""]",Unreliable,0,,10,16-07-2026 16:14
115PGS25,28,4,NaiveLastValue,100,49.669,0,"[0.0, 0.0, 0.0, 0.0]","[""2026-07-20"", ""2026-07-27"", ""2026-08-03"", ""2026-08-10""]",Unreliable,0,,10,16-07-2026 16:14
115PGS25,56,8,NaiveLastValue,100,24.834,0,"[0.0, 0.0, 0.0, 0.0, 0.0, 0.0, 0.0, 0.0]","[""2026-07-20"", ""2026-07-27"", ""2026-08-03"", ""2026-08-10"", ""2026-08-17"", ""2026-08-24"", ""2026-08-31"", ""2026-09-07""]",Unreliable,0,,10,16-07-2026 16:14
115PGS25,91,13,NaiveLastValue,100,15.283,0,"[0.0, 0.0, 0.0, 0.0, 0.0, 0.0, 0.0, 0.0, 0.0, 0.0, 0.0, 0.0, 0.0]","[""2026-07-20"", ""2026-07-27"", ""2026-08-03"", ""2026-08-10"", ""2026-08-17"", ""2026-08-24"", ""2026-08-31"", ""2026-09-07"", ""2026-09-14"", ""2026-09-21"", ""2026-09-28"", ""2026-10-05"", ""2026-10-12""]",Unreliable,0,,10,16-07-2026 16:14
03933S15,7,1,CrostonStyle,72.68,111.306,1.518577515,[1.518577515129701],"[""2026-07-20""]",Poor,0,,10,16-07-2026 16:14
03933S15,14,2,HuberRegressor,96.426,90.031,0.000151554,"[7.549005914311846e-05, 7.606376847760221e-05]","[""2026-07-20"", ""2026-07-27""]",Unreliable,0,,10,16-07-2026 16:14
03933S15,28,4,HuberRegressor,97.197,84.751,0.000305197,"[7.549005914311846e-05, 7.606376847760221e-05, 7.659039060683992e-05, 7.70523331103598e-05]","[""2026-07-20"", ""2026-07-27"", ""2026-08-03"", ""2026-08-10""]",Unreliable,0,,10,16-07-2026 16:14
03933S15,56,8,HuberRegressor,97.209,53.206,0.000618726,"[7.549005914311846e-05, 7.606376847760221e-05, 7.659039060683992e-05, 7.70523331103598e-05, 7.748607037465563e-05, 7.80018972914541e-05, 7.868019484725056e-05, 7.936118296760636e-05]","[""2026-07-20"", ""2026-07-27"", ""2026-08-03"", ""2026-08-10"", ""2026-08-17"", ""2026-08-24"", ""2026-08-31"", ""2026-09-07""]",Unreliable,0,,10,16-07-2026 16:14
03933S15,91,13,NaiveLastValue,100,30.762,0,"[0.0, 0.0, 0.0, 0.0, 0.0, 0.0, 0.0, 0.0, 0.0, 0.0, 0.0, 0.0, 0.0]","[""2026-07-20"", ""2026-07-27"", ""2026-08-03"", ""2026-08-10"", ""2026-08-17"", ""2026-08-24"", ""2026-08-31"", ""2026-09-07"", ""2026-09-14"", ""2026-09-21"", ""2026-09-28"", ""2026-10-05"", ""2026-10-12""]",Unreliable,0,,10,16-07-2026 16:14
11925,7,1,LastNonZero,17.719,17.369,2.94,[2.94],"[""2026-07-20""]",Excellent,0,,10,16-07-2026 16:14
11925,14,2,Ridge,99.997,160.125,0,"[0.0, 0.0]","[""2026-07-20"", ""2026-07-27""]",Unreliable,0,,10,16-07-2026 16:14
11925,28,4,NaiveLastValue,100,49.968,0,"[0.0, 0.0, 0.0, 0.0]","[""2026-07-20"", ""2026-07-27"", ""2026-08-03"", ""2026-08-10""]",Unreliable,0,,10,16-07-2026 16:14
11925,56,8,NaiveLastValue,100,24.983,0,"[0.0, 0.0, 0.0, 0.0, 0.0, 0.0, 0.0, 0.0]","[""2026-07-20"", ""2026-07-27"", ""2026-08-03"", ""2026-08-10"", ""2026-08-17"", ""2026-08-24"", ""2026-08-31"", ""2026-09-07""]",Unreliable,0,,10,16-07-2026 16:14
11925,91,13,NaiveLastValue,100,15.374,0,"[0.0, 0.0, 0.0, 0.0, 0.0, 0.0, 0.0, 0.0, 0.0, 0.0, 0.0, 0.0, 0.0]","[""2026-07-20"", ""2026-07-27"", ""2026-08-03"", ""2026-08-10"", ""2026-08-17"", ""2026-08-24"", ""2026-08-31"", ""2026-09-07"", ""2026-09-14"", ""2026-09-21"", ""2026-09-28"", ""2026-10-05"", ""2026-10-12""]",Unreliable,0,,10,16-07-2026 16:14
115PGSAQ,7,1,LastNonZero,33.333,26.516,0.1,[0.1],"[""2026-07-20""]",Good,0,,10,16-07-2026 16:14
115PGSAQ,14,2,arima,99.976,156.712,0.007992669,"[0.003996334360923794, 0.003996334360923794]","[""2026-07-20"", ""2026-07-27""]",Unreliable,0,,10,16-07-2026 16:14
115PGSAQ,28,4,NaiveLastValue,100,49.02,0,"[0.0, 0.0, 0.0, 0.0]","[""2026-07-20"", ""2026-07-27"", ""2026-08-03"", ""2026-08-10""]",Unreliable,0,,10,16-07-2026 16:14
115PGSAQ,56,8,NaiveLastValue,100,24.51,0,"[0.0, 0.0, 0.0, 0.0, 0.0, 0.0, 0.0, 0.0]","[""2026-07-20"", ""2026-07-27"", ""2026-08-03"", ""2026-08-10"", ""2026-08-17"", ""2026-08-24"", ""2026-08-31"", ""2026-09-07""]",Unreliable,0,,10,16-07-2026 16:14
115PGSAQ,91,13,NaiveLastValue,100,15.083,0,"[0.0, 0.0, 0.0, 0.0, 0.0, 0.0, 0.0, 0.0, 0.0, 0.0, 0.0, 0.0, 0.0]","[""2026-07-20"", ""2026-07-27"", ""2026-08-03"", ""2026-08-10"", ""2026-08-17"", ""2026-08-24"", ""2026-08-31"", ""2026-09-07"", ""2026-09-14"", ""2026-09-21"", ""2026-09-28"", ""2026-10-05"", ""2026-10-12""]",Unreliable,0,,10,16-07-2026 16:14
104PMS25,7,1,LastNonZero,43.137,44.89,0.25,[0.25],"[""2026-07-20""]",Fair,0,,10,16-07-2026 16:14
104PMS25,14,2,arima,99.874,175.042,0.028498058,"[0.014249029228426845, 0.014249029228426729]","[""2026-07-20"", ""2026-07-27""]",Unreliable,0,,10,16-07-2026 16:14
104PMS25,28,4,NaiveLastValue,100,49.584,0,"[0.0, 0.0, 0.0, 0.0]","[""2026-07-20"", ""2026-07-27"", ""2026-08-03"", ""2026-08-10""]",Unreliable,0,,10,16-07-2026 16:14
104PMS25,56,8,NaiveLastValue,100,24.802,0,"[0.0, 0.0, 0.0, 0.0, 0.0, 0.0, 0.0, 0.0]","[""2026-07-20"", ""2026-07-27"", ""2026-08-03"", ""2026-08-10"", ""2026-08-17"", ""2026-08-24"", ""2026-08-31"", ""2026-09-07""]",Unreliable,0,,10,16-07-2026 16:14
104PMS25,91,13,NaiveLastValue,100,15.263,0,"[0.0, 0.0, 0.0, 0.0, 0.0, 0.0, 0.0, 0.0, 0.0, 0.0, 0.0, 0.0, 0.0]","[""2026-07-20"", ""2026-07-27"", ""2026-08-03"", ""2026-08-10"", ""2026-08-17"", ""2026-08-24"", ""2026-08-31"", ""2026-09-07"", ""2026-09-14"", ""2026-09-21"", ""2026-09-28"", ""2026-10-05"", ""2026-10-12""]",Unreliable,0,,10,16-07-2026 16:14
104PMSAQ,7,1,SBA_alpha_01,75.355,118.408,0.020256536,[0.020256535729026057],"[""2026-07-20""]",Unreliable,0,,10,16-07-2026 16:14
104PMSAQ,14,2,GradientBoostingRegressor,98.941,127.734,0.01439365,"[0.00508344426541344, 0.009310205925476166]","[""2026-07-20"", ""2026-07-27""]",Unreliable,0,,10,16-07-2026 16:14
104PMSAQ,28,4,NaiveLastValue,100,49.084,0,"[0.0, 0.0, 0.0, 0.0]","[""2026-07-20"", ""2026-07-27"", ""2026-08-03"", ""2026-08-10""]",Unreliable,0,,10,16-07-2026 16:14
104PMSAQ,56,8,NaiveLastValue,100,24.51,0,"[0.0, 0.0, 0.0, 0.0, 0.0, 0.0, 0.0, 0.0]","[""2026-07-20"", ""2026-07-27"", ""2026-08-03"", ""2026-08-10"", ""2026-08-17"", ""2026-08-24"", ""2026-08-31"", ""2026-09-07""]",Unreliable,0,,10,16-07-2026 16:14
104PMSAQ,91,13,ZeroForecast,100,27.229,0,"[0.0, 0.0, 0.0, 0.0, 0.0, 0.0, 0.0, 0.0, 0.0, 0.0, 0.0, 0.0, 0.0]","[""2026-07-20"", ""2026-07-27"", ""2026-08-03"", ""2026-08-10"", ""2026-08-17"", ""2026-08-24"", ""2026-08-31"", ""2026-09-07"", ""2026-09-14"", ""2026-09-21"", ""2026-09-28"", ""2026-10-05"", ""2026-10-12""]",Unreliable,0,,10,16-07-2026 16:14
11977,7,1,LastNonZero,70.026,107.737,10.569,[10.568999999999999],"[""2026-07-20""]",Poor,0,,10,17-07-2026 13:17
11977,14,2,NaiveLastValue,100,99.981,0,"[0.0, 0.0]","[""2026-07-20"", ""2026-07-27""]",Unreliable,0,,10,17-07-2026 13:17
11977,28,4,NaiveLastValue,100,49.991,0,"[0.0, 0.0, 0.0, 0.0]","[""2026-07-20"", ""2026-07-27"", ""2026-08-03"", ""2026-08-10""]",Unreliable,0,,10,17-07-2026 13:17
11977,56,8,NaiveLastValue,100,24.995,0,"[0.0, 0.0, 0.0, 0.0, 0.0, 0.0, 0.0, 0.0]","[""2026-07-20"", ""2026-07-27"", ""2026-08-03"", ""2026-08-10"", ""2026-08-17"", ""2026-08-24"", ""2026-08-31"", ""2026-09-07""]",Unreliable,0,,10,17-07-2026 13:17
11977,91,13,NaiveLastValue,100,15.382,0,"[0.0, 0.0, 0.0, 0.0, 0.0, 0.0, 0.0, 0.0, 0.0, 0.0, 0.0, 0.0, 0.0]","[""2026-07-20"", ""2026-07-27"", ""2026-08-03"", ""2026-08-10"", ""2026-08-17"", ""2026-08-24"", ""2026-08-31"", ""2026-09-07"", ""2026-09-14"", ""2026-09-21"", ""2026-09-28"", ""2026-10-05"", ""2026-10-12""]",Unreliable,0,,10,17-07-2026 13:17
11976,7,1,HistGradientBoostingRegressor,0,0,0,[0.0],"[""2026-07-20""]",Excellent,1,NaiveLastValue,10,17-07-2026 13:17
11976,14,2,RandomForestRegressor,0,0,0,"[0.0, 0.0]","[""2026-07-20"", ""2026-07-27""]",Excellent,1,NaiveLastValue,10,17-07-2026 13:17
11976,28,4,RandomForestRegressor,0,0,0,"[0.0, 0.0, 0.0, 0.0]","[""2026-07-20"", ""2026-07-27"", ""2026-08-03"", ""2026-08-10""]",Excellent,1,NaiveLastValue,10,17-07-2026 13:17
11976,56,8,RandomForestRegressor,0,0,0,"[0.0, 0.0, 0.0, 0.0, 0.0, 0.0, 0.0, 0.0]","[""2026-07-20"", ""2026-07-27"", ""2026-08-03"", ""2026-08-10"", ""2026-08-17"", ""2026-08-24"", ""2026-08-31"", ""2026-09-07""]",Excellent,1,NaiveLastValue,10,17-07-2026 13:17
11976,91,13,RandomForestRegressor,0,0,0,"[0.0, 0.0, 0.0, 0.0, 0.0, 0.0, 0.0, 0.0, 0.0, 0.0, 0.0, 0.0, 0.0]","[""2026-07-20"", ""2026-07-27"", ""2026-08-03"", ""2026-08-10"", ""2026-08-17"", ""2026-08-24"", ""2026-08-31"", ""2026-09-07"", ""2026-09-14"", ""2026-09-21"", ""2026-09-28"", ""2026-10-05"", ""2026-10-12""]",Excellent,1,NaiveLastValue,10,17-07-2026 13:17
11975,7,1,LastNonZero,60.149,86.004,8.04,[8.04],"[""2026-07-20""]",Poor,0,,10,17-07-2026 13:17
11975,14,2,NaiveLastValue,100,99.975,0,"[0.0, 0.0]","[""2026-07-20"", ""2026-07-27""]",Unreliable,0,,10,17-07-2026 13:17
11975,28,4,NaiveLastValue,100,49.988,0,"[0.0, 0.0, 0.0, 0.0]","[""2026-07-20"", ""2026-07-27"", ""2026-08-03"", ""2026-08-10""]",Unreliable,0,,10,17-07-2026 13:17
11975,56,8,NaiveLastValue,100,24.994,0,"[0.0, 0.0, 0.0, 0.0, 0.0, 0.0, 0.0, 0.0]","[""2026-07-20"", ""2026-07-27"", ""2026-08-03"", ""2026-08-10"", ""2026-08-17"", ""2026-08-24"", ""2026-08-31"", ""2026-09-07""]",Unreliable,0,,10,17-07-2026 13:17
11975,91,13,NaiveLastValue,100,15.381,0,"[0.0, 0.0, 0.0, 0.0, 0.0, 0.0, 0.0, 0.0, 0.0, 0.0, 0.0, 0.0, 0.0]","[""2026-07-20"", ""2026-07-27"", ""2026-08-03"", ""2026-08-10"", ""2026-08-17"", ""2026-08-24"", ""2026-08-31"", ""2026-09-07"", ""2026-09-14"", ""2026-09-21"", ""2026-09-28"", ""2026-10-05"", ""2026-10-12""]",Unreliable,0,,10,17-07-2026 13:17
11978,7,1,ExtraTreesRegressor,0,0,0,[0.0],"[""2026-07-20""]",Excellent,1,NaiveLastValue,10,17-07-2026 13:17
11978,14,2,ExtraTreesRegressor,0,0,0,"[0.0, 0.0]","[""2026-07-20"", ""2026-07-27""]",Excellent,1,NaiveLastValue,10,17-07-2026 13:17
11978,28,4,ExtraTreesRegressor,0,0,0,"[0.0, 0.0, 0.0, 0.0]","[""2026-07-20"", ""2026-07-27"", ""2026-08-03"", ""2026-08-10""]",Excellent,1,NaiveLastValue,10,17-07-2026 13:17
11978,56,8,RandomForestRegressor,0,0,0,"[0.0, 0.0, 0.0, 0.0, 0.0, 0.0, 0.0, 0.0]","[""2026-07-20"", ""2026-07-27"", ""2026-08-03"", ""2026-08-10"", ""2026-08-17"", ""2026-08-24"", ""2026-08-31"", ""2026-09-07""]",Excellent,1,NaiveLastValue,10,17-07-2026 13:17
11978,91,13,RandomForestRegressor,0,0,0,"[0.0, 0.0, 0.0, 0.0, 0.0, 0.0, 0.0, 0.0, 0.0, 0.0, 0.0, 0.0, 0.0]","[""2026-07-20"", ""2026-07-27"", ""2026-08-03"", ""2026-08-10"", ""2026-08-17"", ""2026-08-24"", ""2026-08-31"", ""2026-09-07"", ""2026-09-14"", ""2026-09-21"", ""2026-09-28"", ""2026-10-05"", ""2026-10-12""]",Excellent,1,NaiveLastValue,10,17-07-2026 13:17
11979,7,1,ExtraTreesRegressor,0,0,0,[0.0],"[""2026-07-20""]",Excellent,1,NaiveLastValue,10,17-07-2026 13:17
11979,14,2,ExtraTreesRegressor,0,0,0,"[0.0, 0.0]","[""2026-07-20"", ""2026-07-27""]",Excellent,1,NaiveLastValue,10,17-07-2026 13:17
11979,28,4,ExtraTreesRegressor,0,0,0,"[0.0, 0.0, 0.0, 0.0]","[""2026-07-20"", ""2026-07-27"", ""2026-08-03"", ""2026-08-10""]",Excellent,1,NaiveLastValue,10,17-07-2026 13:17
11979,56,8,RandomForestRegressor,0,0,0,"[0.0, 0.0, 0.0, 0.0, 0.0, 0.0, 0.0, 0.0]","[""2026-07-20"", ""2026-07-27"", ""2026-08-03"", ""2026-08-10"", ""2026-08-17"", ""2026-08-24"", ""2026-08-31"", ""2026-09-07""]",Excellent,1,NaiveLastValue,10,17-07-2026 13:17
11979,91,13,RandomForestRegressor,0,0,0,"[0.0, 0.0, 0.0, 0.0, 0.0, 0.0, 0.0, 0.0, 0.0, 0.0, 0.0, 0.0, 0.0]","[""2026-07-20"", ""2026-07-27"", ""2026-08-03"", ""2026-08-10"", ""2026-08-17"", ""2026-08-24"", ""2026-08-31"", ""2026-09-07"", ""2026-09-14"", ""2026-09-21"", ""2026-09-28"", ""2026-10-05"", ""2026-10-12""]",Excellent,1,NaiveLastValue,10,17-07-2026 13:17
120PMS25,7,1,GradientBoostingRegressor,0,0,0,[0.0],"[""2026-07-20""]",Excellent,1,NaiveLastValue,10,17-07-2026 13:17
120PMS25,14,2,GradientBoostingRegressor,0,0,0,"[0.0, 0.0]","[""2026-07-20"", ""2026-07-27""]",Excellent,1,NaiveLastValue,10,17-07-2026 13:17
120PMS25,28,4,GradientBoostingRegressor,0,0,0,"[0.0, 0.0, 0.0, 0.0]","[""2026-07-20"", ""2026-07-27"", ""2026-08-03"", ""2026-08-10""]",Excellent,1,NaiveLastValue,10,17-07-2026 13:17
120PMS25,56,8,RandomForestRegressor,0,0,0,"[0.0, 0.0, 0.0, 0.0, 0.0, 0.0, 0.0, 0.0]","[""2026-07-20"", ""2026-07-27"", ""2026-08-03"", ""2026-08-10"", ""2026-08-17"", ""2026-08-24"", ""2026-08-31"", ""2026-09-07""]",Excellent,1,NaiveLastValue,10,17-07-2026 13:17
120PMS25,91,13,RandomForestRegressor,0,0,0,"[0.0, 0.0, 0.0, 0.0, 0.0, 0.0, 0.0, 0.0, 0.0, 0.0, 0.0, 0.0, 0.0]","[""2026-07-20"", ""2026-07-27"", ""2026-08-03"", ""2026-08-10"", ""2026-08-17"", ""2026-08-24"", ""2026-08-31"", ""2026-09-07"", ""2026-09-14"", ""2026-09-21"", ""2026-09-28"", ""2026-10-05"", ""2026-10-12""]",Excellent,1,NaiveLastValue,10,17-07-2026 13:17
11972,7,1,LastNonZero,27.511,29.636,8.616,[8.616],"[""2026-07-20""]",Good,0,,10,17-07-2026 13:17
11972,14,2,arima,99.969,194.368,0.100367454,"[0.05018372691372206, 0.05018372691372206]","[""2026-07-20"", ""2026-07-27""]",Unreliable,0,,10,17-07-2026 13:17
11972,28,4,NaiveLastValue,100,49.988,0,"[0.0, 0.0, 0.0, 0.0]","[""2026-07-20"", ""2026-07-27"", ""2026-08-03"", ""2026-08-10""]",Unreliable,0,,10,17-07-2026 13:17
11972,56,8,NaiveLastValue,100,24.994,0,"[0.0, 0.0, 0.0, 0.0, 0.0, 0.0, 0.0, 0.0]","[""2026-07-20"", ""2026-07-27"", ""2026-08-03"", ""2026-08-10"", ""2026-08-17"", ""2026-08-24"", ""2026-08-31"", ""2026-09-07""]",Unreliable,0,,10,17-07-2026 13:17
11972,91,13,NaiveLastValue,100,15.381,0,"[0.0, 0.0, 0.0, 0.0, 0.0, 0.0, 0.0, 0.0, 0.0, 0.0, 0.0, 0.0, 0.0]","[""2026-07-20"", ""2026-07-27"", ""2026-08-03"", ""2026-08-10"", ""2026-08-17"", ""2026-08-24"", ""2026-08-31"", ""2026-09-07"", ""2026-09-14"", ""2026-09-21"", ""2026-09-28"", ""2026-10-05"", ""2026-10-12""]",Unreliable,0,,10,17-07-2026 13:17
120PGS25,7,1,LastNonZero,18.947,21.378,0.5,[0.5],"[""2026-07-20""]",Excellent,0,,10,17-07-2026 13:17
120PGS25,14,2,arima,99.79,180.742,0.071685763,"[0.035842881589605906, 0.03584288158957844]","[""2026-07-20"", ""2026-07-27""]",Unreliable,0,,10,17-07-2026 13:17
120PGS25,28,4,HuberRegressor,100,49.801,0,"[0.0, 0.0, 0.0, 0.0]","[""2026-07-20"", ""2026-07-27"", ""2026-08-03"", ""2026-08-10""]",Unreliable,0,,10,17-07-2026 13:17
120PGS25,56,8,HuberRegressor,100,24.9,0,"[0.0, 0.0, 0.0, 0.0, 0.0, 0.0, 0.0, 0.0]","[""2026-07-20"", ""2026-07-27"", ""2026-08-03"", ""2026-08-10"", ""2026-08-17"", ""2026-08-24"", ""2026-08-31"", ""2026-09-07""]",Unreliable,0,,10,17-07-2026 13:17
120PGS25,91,13,NaiveLastValue,100,15.323,0,"[0.0, 0.0, 0.0, 0.0, 0.0, 0.0, 0.0, 0.0, 0.0, 0.0, 0.0, 0.0, 0.0]","[""2026-07-20"", ""2026-07-27"", ""2026-08-03"", ""2026-08-10"", ""2026-08-17"", ""2026-08-24"", ""2026-08-31"", ""2026-09-07"", ""2026-09-14"", ""2026-09-21"", ""2026-09-28"", ""2026-10-05"", ""2026-10-12""]",Unreliable,0,,10,17-07-2026 13:17
120PFS25,7,1,LastNonZero,16.129,16.029,0.375,[0.375],"[""2026-07-20""]",Excellent,0,,10,17-07-2026 13:17
120PFS25,14,2,arima,99.826,177.667,0.048170673,"[0.024085336694575153, 0.024085336694568905]","[""2026-07-20"", ""2026-07-27""]",Unreliable,0,,10,17-07-2026 13:17
120PFS25,28,4,NaiveLastValue,100,49.708,0,"[0.0, 0.0, 0.0, 0.0]","[""2026-07-20"", ""2026-07-27"", ""2026-08-03"", ""2026-08-10""]",Unreliable,0,,10,17-07-2026 13:17
120PFS25,56,8,NaiveLastValue,100,24.867,0,"[0.0, 0.0, 0.0, 0.0, 0.0, 0.0, 0.0, 0.0]","[""2026-07-20"", ""2026-07-27"", ""2026-08-03"", ""2026-08-10"", ""2026-08-17"", ""2026-08-24"", ""2026-08-31"", ""2026-09-07""]",Unreliable,0,,10,17-07-2026 13:17
120PFS25,91,13,NaiveLastValue,100,15.303,0,"[0.0, 0.0, 0.0, 0.0, 0.0, 0.0, 0.0, 0.0, 0.0, 0.0, 0.0, 0.0, 0.0]","[""2026-07-20"", ""2026-07-27"", ""2026-08-03"", ""2026-08-10"", ""2026-08-17"", ""2026-08-24"", ""2026-08-31"", ""2026-09-07"", ""2026-09-14"", ""2026-09-21"", ""2026-09-28"", ""2026-10-05"", ""2026-10-12""]",Unreliable,0,,10,17-07-2026 13:17
120PFSAQ,7,1,RandomForestRegressor,88,161.637,0.008,[0.008],"[""2026-07-20""]",Unreliable,1,LastNonZero,10,17-07-2026 13:17
120PFSAQ,14,2,sarima,99.778,110.108,1.30E-18,"[0.0, 1.3010426069826053e-18]","[""2026-07-20"", ""2026-07-27""]",Unreliable,0,,10,17-07-2026 13:17
120PFSAQ,28,4,NaiveLastValue,100,49.02,0,"[0.0, 0.0, 0.0, 0.0]","[""2026-07-20"", ""2026-07-27"", ""2026-08-03"", ""2026-08-10""]",Unreliable,0,,10,17-07-2026 13:17
120PFSAQ,56,8,NaiveLastValue,100,24.51,0,"[0.0, 0.0, 0.0, 0.0, 0.0, 0.0, 0.0, 0.0]","[""2026-07-20"", ""2026-07-27"", ""2026-08-03"", ""2026-08-10"", ""2026-08-17"", ""2026-08-24"", ""2026-08-31"", ""2026-09-07""]",Unreliable,0,,10,17-07-2026 13:17
120PFSAQ,91,13,ZeroForecast,100,27.149,0,"[0.0, 0.0, 0.0, 0.0, 0.0, 0.0, 0.0, 0.0, 0.0, 0.0, 0.0, 0.0, 0.0]","[""2026-07-20"", ""2026-07-27"", ""2026-08-03"", ""2026-08-10"", ""2026-08-17"", ""2026-08-24"", ""2026-08-31"", ""2026-09-07"", ""2026-09-14"", ""2026-09-21"", ""2026-09-28"", ""2026-10-05"", ""2026-10-12""]",Unreliable,0,,10,17-07-2026 13:17
1470955,7,1,LastNonZero,37.5,27.979,1.28,[1.28],"[""2026-07-20""]",Fair,0,,10,17-07-2026 13:17
1470955,14,2,RollingMedian_8,69.231,93.117,1.28,"[0.64, 0.64]","[""2026-07-20"", ""2026-07-27""]",Poor,0,,10,17-07-2026 13:17
1470955,28,4,NaiveLastValue,75,91.466,0,"[0.0, 0.0, 0.0, 0.0]","[""2026-07-20"", ""2026-07-27"", ""2026-08-03"", ""2026-08-10""]",Poor,0,,10,17-07-2026 13:17
1470955,56,8,Ridge,64.11,81.008,8.707460162,"[1.0204830290486575, 1.0149359992896447, 1.0877713083991432, 1.0420270354969787, 1.0865197424001432, 1.1448757707499377, 1.1470082411140243, 1.1638390354532246]","[""2026-07-20"", ""2026-07-27"", ""2026-08-03"", ""2026-08-10"", ""2026-08-17"", ""2026-08-24"", ""2026-08-31"", ""2026-09-07""]",Poor,0,,10,17-07-2026 13:17
1470955,91,13,CrostonStyle,64.51,84.392,6.388977475,"[0.4914598057357519, 0.4914598057357519, 0.4914598057357519, 0.4914598057357519, 0.4914598057357519, 0.4914598057357519, 0.4914598057357519, 0.4914598057357519, 0.4914598057357519, 0.4914598057357519, 0.4914598057357519, 0.4914598057357519, 0.4914598057357519]","[""2026-07-20"", ""2026-07-27"", ""2026-08-03"", ""2026-08-10"", ""2026-08-17"", ""2026-08-24"", ""2026-08-31"", ""2026-09-07"", ""2026-09-14"", ""2026-09-21"", ""2026-09-28"", ""2026-10-05"", ""2026-10-12""]",Poor,0,,10,17-07-2026 13:17
1471006,7,1,SBA_alpha_01,28.509,24.26,0.344308138,[0.3443081380741888],"[""2026-07-20""]",Good,0,,10,17-07-2026 13:17
1471006,14,2,ADIDAStyle_4,100,145.13,0.48696,"[0.24347999999999995, 0.24347999999999995]","[""2026-07-20"", ""2026-07-27""]",Unreliable,0,,10,17-07-2026 13:17
1471006,28,4,ZeroForecast,100,49.793,0,"[0.0, 0.0, 0.0, 0.0]","[""2026-07-20"", ""2026-07-27"", ""2026-08-03"", ""2026-08-10""]",Unreliable,0,,10,17-07-2026 13:17
1471006,56,8,ZeroForecast,100,39.834,0,"[0.0, 0.0, 0.0, 0.0, 0.0, 0.0, 0.0, 0.0]","[""2026-07-20"", ""2026-07-27"", ""2026-08-03"", ""2026-08-10"", ""2026-08-17"", ""2026-08-24"", ""2026-08-31"", ""2026-09-07""]",Unreliable,0,,10,17-07-2026 13:17
1471006,91,13,ZeroForecast,100,64.381,0,"[0.0, 0.0, 0.0, 0.0, 0.0, 0.0, 0.0, 0.0, 0.0, 0.0, 0.0, 0.0, 0.0]","[""2026-07-20"", ""2026-07-27"", ""2026-08-03"", ""2026-08-10"", ""2026-08-17"", ""2026-08-24"", ""2026-08-31"", ""2026-09-07"", ""2026-09-14"", ""2026-09-21"", ""2026-09-28"", ""2026-10-05"", ""2026-10-12""]",Unreliable,0,,10,17-07-2026 13:17
1471010,7,1,SBA_alpha_01,12.407,12.77,0.358124247,[0.3581242474535454],"[""2026-07-20""]",Excellent,0,,10,17-07-2026 13:17
1471010,14,2,SBA_alpha_01,75,91.79,0.716248495,"[0.3581242474535454, 0.3581242474535454]","[""2026-07-20"", ""2026-07-27""]",Unreliable,0,,10,17-07-2026 13:17
1471010,28,4,ZeroForecast,100,69.813,0,"[0.0, 0.0, 0.0, 0.0]","[""2026-07-20"", ""2026-07-27"", ""2026-08-03"", ""2026-08-10""]",Unreliable,0,,10,17-07-2026 13:17
1471010,56,8,ZeroForecast,100,34.907,0,"[0.0, 0.0, 0.0, 0.0, 0.0, 0.0, 0.0, 0.0]","[""2026-07-20"", ""2026-07-27"", ""2026-08-03"", ""2026-08-10"", ""2026-08-17"", ""2026-08-24"", ""2026-08-31"", ""2026-09-07""]",Unreliable,0,,10,17-07-2026 13:17
1471010,91,13,ZeroForecast,100,33.76,0,"[0.0, 0.0, 0.0, 0.0, 0.0, 0.0, 0.0, 0.0, 0.0, 0.0, 0.0, 0.0, 0.0]","[""2026-07-20"", ""2026-07-27"", ""2026-08-03"", ""2026-08-10"", ""2026-08-17"", ""2026-08-24"", ""2026-08-31"", ""2026-09-07"", ""2026-09-14"", ""2026-09-21"", ""2026-09-28"", ""2026-10-05"", ""2026-10-12""]",Unreliable,0,,10,17-07-2026 13:17
144PGS25,7,1,SBA_alpha_01,67.506,112.631,0.030033677,[0.03003367700180614],"[""2026-07-20""]",Poor,0,,10,17-07-2026 13:17
144PGS25,14,2,ExtraTreesRegressor,83.333,80.449,0,"[0.0, 0.0]","[""2026-07-20"", ""2026-07-27""]",Unreliable,0,,10,17-07-2026 13:17
144PGS25,28,4,GradientBoostingRegressor,96.342,62.572,0.000196944,"[0.0, 9.847187739163545e-05, 9.847187739163545e-05, 0.0]","[""2026-07-20"", ""2026-07-27"", ""2026-08-03"", ""2026-08-10""]",Unreliable,0,,10,17-07-2026 13:17
144PGS25,56,8,GradientBoostingRegressor,96.404,34.741,0.000196944,"[0.0, 9.847187739163545e-05, 9.847187739163545e-05, 0.0, 0.0, 0.0, 0.0, 0.0]","[""2026-07-20"", ""2026-07-27"", ""2026-08-03"", ""2026-08-10"", ""2026-08-17"", ""2026-08-24"", ""2026-08-31"", ""2026-09-07""]",Unreliable,0,,10,17-07-2026 13:17
144PGS25,91,13,sarima,100,15.323,1.03E-31,"[0.0, 0.0, 0.0, 0.0, 0.0, 0.0, 0.0, 0.0, 0.0, 0.0, 0.0, 0.0, 1.0277875578781645e-31]","[""2026-07-20"", ""2026-07-27"", ""2026-08-03"", ""2026-08-10"", ""2026-08-17"", ""2026-08-24"", ""2026-08-31"", ""2026-09-07"", ""2026-09-14"", ""2026-09-21"", ""2026-09-28"", ""2026-10-05"", ""2026-10-12""]",Unreliable,0,,10,17-07-2026 13:17
144PGSAQ,7,1,LastNonZero,54.902,47.124,0.1,[0.1],"[""2026-07-20""]",Fair,0,,10,17-07-2026 13:17
144PGSAQ,14,2,arima,99.806,163.435,0.007146144,"[0.0035730719410980234, 0.0035730719410979636]","[""2026-07-20"", ""2026-07-27""]",Unreliable,0,,10,17-07-2026 13:17
144PGSAQ,28,4,HuberRegressor,100,49.02,6.40E-08,"[1.6007306580700474e-08, 1.600606656288547e-08, 1.600482660193169e-08, 1.6003586656043445e-08]","[""2026-07-20"", ""2026-07-27"", ""2026-08-03"", ""2026-08-10""]",Unreliable,0,,10,17-07-2026 13:17
144PGSAQ,56,8,HuberRegressor,100,24.51,1.28E-07,"[1.6007306580700474e-08, 1.600606656288547e-08, 1.600482660193169e-08, 1.6003586656043445e-08, 1.6002346741943334e-08, 1.6001106864250516e-08, 1.599986702688409e-08, 1.5998627229844055e-08]","[""2026-07-20"", ""2026-07-27"", ""2026-08-03"", ""2026-08-10"", ""2026-08-17"", ""2026-08-24"", ""2026-08-31"", ""2026-09-07""]",Unreliable,0,,10,17-07-2026 13:17
144PGSAQ,91,13,NaiveLastValue,100,15.083,0,"[0.0, 0.0, 0.0, 0.0, 0.0, 0.0, 0.0, 0.0, 0.0, 0.0, 0.0, 0.0, 0.0]","[""2026-07-20"", ""2026-07-27"", ""2026-08-03"", ""2026-08-10"", ""2026-08-17"", ""2026-08-24"", ""2026-08-31"", ""2026-09-07"", ""2026-09-14"", ""2026-09-21"", ""2026-09-28"", ""2026-10-05"", ""2026-10-12""]",Unreliable,0,,10,17-07-2026 13:17
120PGSAQ,7,1,LastNonZero,9.524,8.811,0.1,[0.1],"[""2026-07-20""]",Excellent,0,,10,17-07-2026 13:17
120PGSAQ,14,2,arima,99.818,163.303,0.016030276,"[0.008015137904448157, 0.008015137904446915]","[""2026-07-20"", ""2026-07-27""]",Unreliable,0,,10,17-07-2026 13:17
120PGSAQ,28,4,NaiveLastValue,100,49.02,0,"[0.0, 0.0, 0.0, 0.0]","[""2026-07-20"", ""2026-07-27"", ""2026-08-03"", ""2026-08-10""]",Unreliable,0,,10,17-07-2026 13:17
120PGSAQ,56,8,NaiveLastValue,100,24.51,0,"[0.0, 0.0, 0.0, 0.0, 0.0, 0.0, 0.0, 0.0]","[""2026-07-20"", ""2026-07-27"", ""2026-08-03"", ""2026-08-10"", ""2026-08-17"", ""2026-08-24"", ""2026-08-31"", ""2026-09-07""]",Unreliable,0,,10,17-07-2026 13:17
120PGSAQ,91,13,NaiveLastValue,100,15.083,0,"[0.0, 0.0, 0.0, 0.0, 0.0, 0.0, 0.0, 0.0, 0.0, 0.0, 0.0, 0.0, 0.0]","[""2026-07-20"", ""2026-07-27"", ""2026-08-03"", ""2026-08-10"", ""2026-08-17"", ""2026-08-24"", ""2026-08-31"", ""2026-09-07"", ""2026-09-14"", ""2026-09-21"", ""2026-09-28"", ""2026-10-05"", ""2026-10-12""]",Unreliable,0,,10,17-07-2026 13:17
1470992,7,1,LastNonZero,56,70.301,1.92,[1.92],"[""2026-07-20""]",Poor,0,,10,17-07-2026 13:17
1470992,14,2,TwoStage_ET_ET,74.719,133.852,1.436501416,"[0.5973485765367087, 0.8391528393731886]","[""2026-07-20"", ""2026-07-27""]",Poor,0,,10,17-07-2026 13:17
1470992,28,4,NaiveLastValue,100,69.941,0,"[0.0, 0.0, 0.0, 0.0]","[""2026-07-20"", ""2026-07-27"", ""2026-08-03"", ""2026-08-10""]",Unreliable,0,,10,17-07-2026 13:17
1470992,56,8,ZeroForecast,100,39.968,0,"[0.0, 0.0, 0.0, 0.0, 0.0, 0.0, 0.0, 0.0]","[""2026-07-20"", ""2026-07-27"", ""2026-08-03"", ""2026-08-10"", ""2026-08-17"", ""2026-08-24"", ""2026-08-31"", ""2026-09-07""]",Unreliable,0,,10,17-07-2026 13:17
1470992,91,13,ZeroForecast,100,46.122,0,"[0.0, 0.0, 0.0, 0.0, 0.0, 0.0, 0.0, 0.0, 0.0, 0.0, 0.0, 0.0, 0.0]","[""2026-07-20"", ""2026-07-27"", ""2026-08-03"", ""2026-08-10"", ""2026-08-17"", ""2026-08-24"", ""2026-08-31"", ""2026-09-07"", ""2026-09-14"", ""2026-09-21"", ""2026-09-28"", ""2026-10-05"", ""2026-10-12""]",Unreliable,0,,10,17-07-2026 13:17
1836910,7,1,RandomForestRegressor,0,0,0,[0.0],"[""2026-07-20""]",Excellent,1,NaiveLastValue,10,17-07-2026 13:17
1836910,14,2,RandomForestRegressor,0,0,0,"[0.0, 0.0]","[""2026-07-20"", ""2026-07-27""]",Excellent,1,NaiveLastValue,10,17-07-2026 13:17
1836910,28,4,HistGradientBoostingRegressor,0,0,0,"[0.0, 0.0, 0.0, 0.0]","[""2026-07-20"", ""2026-07-27"", ""2026-08-03"", ""2026-08-10""]",Excellent,1,NaiveLastValue,10,17-07-2026 13:17
1836910,56,8,RandomForestRegressor,0,0,0,"[0.0, 0.0, 0.0, 0.0, 0.0, 0.0, 0.0, 0.0]","[""2026-07-20"", ""2026-07-27"", ""2026-08-03"", ""2026-08-10"", ""2026-08-17"", ""2026-08-24"", ""2026-08-31"", ""2026-09-07""]",Excellent,1,NaiveLastValue,10,17-07-2026 13:17
1836910,91,13,HistGradientBoostingRegressor,0,0,0,"[0.0, 0.0, 0.0, 0.0, 0.0, 0.0, 0.0, 0.0, 0.0, 0.0, 0.0, 0.0, 0.0]","[""2026-07-20"", ""2026-07-27"", ""2026-08-03"", ""2026-08-10"", ""2026-08-17"", ""2026-08-24"", ""2026-08-31"", ""2026-09-07"", ""2026-09-14"", ""2026-09-21"", ""2026-09-28"", ""2026-10-05"", ""2026-10-12""]",Excellent,1,NaiveLastValue,10,17-07-2026 13:17
1470966,7,1,ADIDA_8,28.104,29.891,0.7038384,[0.7038384000000002],"[""2026-07-20""]",Good,0,,10,17-07-2026 13:17
1470966,14,2,sarima,73.008,134.992,1.133711973,"[0.5703884898640051, 0.5633234832047508]","[""2026-07-20"", ""2026-07-27""]",Poor,0,,10,17-07-2026 13:17
1470966,28,4,sarima,93.755,134.859,2.143114297,"[0.5703884898640051, 0.5633234832047508, 0.4856414031630569, 0.52376092037289]","[""2026-07-20"", ""2026-07-27"", ""2026-08-03"", ""2026-08-10""]",Unreliable,0,,10,17-07-2026 13:17
1470966,56,8,SeasonalNaive_52,87.097,72.344,13.8,"[0.6, 0.6, 1.7999999999999998, 1.2, 1.2, 5.4, 3.0, 0.0]","[""2026-07-20"", ""2026-07-27"", ""2026-08-03"", ""2026-08-10"", ""2026-08-17"", ""2026-08-24"", ""2026-08-31"", ""2026-09-07""]",Unreliable,0,,10,17-07-2026 13:17
1470966,91,13,SBA_alpha_02,96.089,126.166,4.99090548,"[0.3839158061348018, 0.3839158061348018, 0.3839158061348018, 0.3839158061348018, 0.3839158061348018, 0.3839158061348018, 0.3839158061348018, 0.3839158061348018, 0.3839158061348018, 0.3839158061348018, 0.3839158061348018, 0.3839158061348018, 0.3839158061348018]","[""2026-07-20"", ""2026-07-27"", ""2026-08-03"", ""2026-08-10"", ""2026-08-17"", ""2026-08-24"", ""2026-08-31"", ""2026-09-07"", ""2026-09-14"", ""2026-09-21"", ""2026-09-28"", ""2026-10-05"", ""2026-10-12""]",Unreliable,0,,10,17-07-2026 13:17
1665366,7,1,RandomForestRegressor,21.85,30.679,3.6792,[3.679200000000002],"[""2026-07-20""]",Good,0,,10,17-07-2026 13:17
1665366,14,2,SBA_alpha_01,67.821,89.157,5.13026738,"[2.5651336900252217, 2.5651336900252217]","[""2026-07-20"", ""2026-07-27""]",Poor,0,,10,17-07-2026 13:17
1665366,28,4,CrostonStyle_alpha_02,61.117,79.727,9.848507561,"[2.4621268903384643, 2.4621268903384643, 2.4621268903384643, 2.4621268903384643]","[""2026-07-20"", ""2026-07-27"", ""2026-08-03"", ""2026-08-10""]",Poor,0,,10,17-07-2026 13:17
1665366,56,8,ADIDA_8,67.719,80.153,36.12565303,"[4.5157066283457725, 4.5157066283457725, 4.5157066283457725, 4.5157066283457725, 4.5157066283457725, 4.5157066283457725, 4.5157066283457725, 4.5157066283457725]","[""2026-07-20"", ""2026-07-27"", ""2026-08-03"", ""2026-08-10"", ""2026-08-17"", ""2026-08-24"", ""2026-08-31"", ""2026-09-07""]",Poor,0,,10,17-07-2026 13:17
1665366,91,13,RandomForestRegressor,69.113,92.936,55.8072,"[3.679200000000002, 3.0312000000000006, 4.204800000000001, 3.8016000000000014, 4.903200000000001, 5.032800000000002, 6.062400000000001, 5.731200000000004, 4.334400000000002, 3.830400000000001, 4.0680000000000005, 3.592800000000001, 3.5352000000000006]","[""2026-07-20"", ""2026-07-27"", ""2026-08-03"", ""2026-08-10"", ""2026-08-17"", ""2026-08-24"", ""2026-08-31"", ""2026-09-07"", ""2026-09-14"", ""2026-09-21"", ""2026-09-28"", ""2026-10-05"", ""2026-10-12""]",Poor,0,,10,17-07-2026 13:17
1857823,7,1,sarima,20.363,24.822,0.227958792,[0.2279587924388394],"[""2026-07-20""]",Good,0,,10,17-07-2026 13:17
1857823,14,2,sarima,33.745,56.996,0.307180471,"[0.2279587924388394, 0.07922167843375297]","[""2026-07-20"", ""2026-07-27""]",Good,0,,10,17-07-2026 13:17
1857823,28,4,CrostonStyle,69.896,97.672,3.870528135,"[0.9676320338161442, 0.9676320338161442, 0.9676320338161442, 0.9676320338161442]","[""2026-07-20"", ""2026-07-27"", ""2026-08-03"", ""2026-08-10""]",Poor,0,,10,17-07-2026 13:17
1857823,56,8,CrostonStyle_alpha_02,52.58,70.348,7.631465668,"[0.95393320848208, 0.95393320848208, 0.95393320848208, 0.95393320848208, 0.95393320848208, 0.95393320848208, 0.95393320848208, 0.95393320848208]","[""2026-07-20"", ""2026-07-27"", ""2026-08-03"", ""2026-08-10"", ""2026-08-17"", ""2026-08-24"", ""2026-08-31"", ""2026-09-07""]",Fair,0,,10,17-07-2026 13:17
1857823,91,13,RandomForestRegressor,59.791,72.948,16.9296,"[1.4544000000000004, 1.4592, 1.4592, 1.2768000000000002, 1.1423999999999999, 1.0992, 1.296, 1.3344, 1.2816000000000003, 1.3056000000000003, 1.3056000000000003, 1.2528000000000004, 1.2624000000000002]","[""2026-07-20"", ""2026-07-27"", ""2026-08-03"", ""2026-08-10"", ""2026-08-17"", ""2026-08-24"", ""2026-08-31"", ""2026-09-07"", ""2026-09-14"", ""2026-09-21"", ""2026-09-28"", ""2026-10-05"", ""2026-10-12""]",Poor,0,,10,17-07-2026 13:17
1665370,7,1,ETS,22.138,20.948,1.224019594,[1.224019593726103],"[""2026-07-20""]",Good,0,,10,17-07-2026 13:17
1665370,14,2,SBA_alpha_01,67.36,85.568,2.866441995,"[1.4332209977237345, 1.4332209977237345]","[""2026-07-20"", ""2026-07-27""]",Poor,0,,10,17-07-2026 13:17
1665370,28,4,SBA_alpha_01,60.327,75.141,5.732883991,"[1.4332209977237345, 1.4332209977237345, 1.4332209977237345, 1.4332209977237345]","[""2026-07-20"", ""2026-07-27"", ""2026-08-03"", ""2026-08-10""]",Poor,0,,10,17-07-2026 13:17
1665370,56,8,SBA_alpha_01,69.736,82.078,11.46576798,"[1.4332209977237345, 1.4332209977237345, 1.4332209977237345, 1.4332209977237345, 1.4332209977237345, 1.4332209977237345, 1.4332209977237345, 1.4332209977237345]","[""2026-07-20"", ""2026-07-27"", ""2026-08-03"", ""2026-08-10"", ""2026-08-17"", ""2026-08-24"", ""2026-08-31"", ""2026-09-07""]",Poor,0,,10,17-07-2026 13:17
1665370,91,13,arima,74.692,85.708,38.19037006,"[2.9377207737263236, 2.9377207737263205, 2.9377207737263205, 2.9377207737263205, 2.9377207737263205, 2.9377207737263205, 2.9377207737263205, 2.9377207737263205, 2.9377207737263205, 2.9377207737263205, 2.9377207737263205, 2.9377207737263205, 2.9377207737263205]","[""2026-07-20"", ""2026-07-27"", ""2026-08-03"", ""2026-08-10"", ""2026-08-17"", ""2026-08-24"", ""2026-08-31"", ""2026-09-07"", ""2026-09-14"", ""2026-09-21"", ""2026-09-28"", ""2026-10-05"", ""2026-10-12""]",Poor,0,,10,17-07-2026 13:17
1857834,7,1,HuberRegressor,43.047,51.74,3.262444012,[3.26244401185156],"[""2026-07-20""]",Fair,0,,10,17-07-2026 13:17
1857834,14,2,RollingMedian_8,52.941,64.307,1.8,"[0.8999999999999999, 0.8999999999999999]","[""2026-07-20"", ""2026-07-27""]",Fair,0,,10,17-07-2026 13:17
1857834,28,4,SBA_alpha_02,84.143,112.972,4.442388941,"[1.1105972353114422, 1.1105972353114422, 1.1105972353114422, 1.1105972353114422]","[""2026-07-20"", ""2026-07-27"", ""2026-08-03"", ""2026-08-10""]",Unreliable,0,,10,17-07-2026 13:17
1857834,56,8,ADIDA_4,64.125,72.825,17.20910389,"[2.1511379862554545, 2.1511379862554545, 2.1511379862554545, 2.1511379862554545, 2.1511379862554545, 2.1511379862554545, 2.1511379862554545, 2.1511379862554545]","[""2026-07-20"", ""2026-07-27"", ""2026-08-03"", ""2026-08-10"", ""2026-08-17"", ""2026-08-24"", ""2026-08-31"", ""2026-09-07""]",Poor,0,,10,17-07-2026 13:17
1857834,91,13,ADIDA_4,56.547,64.634,27.96479382,"[2.1511379862554545, 2.1511379862554545, 2.1511379862554545, 2.1511379862554545, 2.1511379862554545, 2.1511379862554545, 2.1511379862554545, 2.1511379862554545, 2.1511379862554545, 2.1511379862554545, 2.1511379862554545, 2.1511379862554545, 2.1511379862554545]","[""2026-07-20"", ""2026-07-27"", ""2026-08-03"", ""2026-08-10"", ""2026-08-17"", ""2026-08-24"", ""2026-08-31"", ""2026-09-07"", ""2026-09-14"", ""2026-09-21"", ""2026-09-28"", ""2026-10-05"", ""2026-10-12""]",Poor,0,,10,17-07-2026 13:17
1665381,7,1,arima,18.137,20.035,4.132965738,[4.132965738411466],"[""2026-07-20""]",Excellent,0,,10,17-07-2026 13:17
1665381,14,2,MovingAverage_8,66.667,87.097,5.6,"[2.8, 2.8]","[""2026-07-20"", ""2026-07-27""]",Poor,0,,10,17-07-2026 13:17
1665381,28,4,RollingMedian_8,56.863,71.403,12.8,"[3.2, 3.2, 3.2, 3.2]","[""2026-07-20"", ""2026-07-27"", ""2026-08-03"", ""2026-08-10""]",Poor,0,,10,17-07-2026 13:17
1665381,56,8,ADIDA_8,58.134,68.851,30.63665192,"[3.829581490347806, 3.829581490347806, 3.829581490347806, 3.829581490347806, 3.829581490347806, 3.829581490347806, 3.829581490347806, 3.829581490347806]","[""2026-07-20"", ""2026-07-27"", ""2026-08-03"", ""2026-08-10"", ""2026-08-17"", ""2026-08-24"", ""2026-08-31"", ""2026-09-07""]",Poor,0,,10,17-07-2026 13:17
1665381,91,13,ADIDA_8,54.035,63.966,49.78455937,"[3.829581490347806, 3.829581490347806, 3.829581490347806, 3.829581490347806, 3.829581490347806, 3.829581490347806, 3.829581490347806, 3.829581490347806, 3.829581490347806, 3.829581490347806, 3.829581490347806, 3.829581490347806, 3.829581490347806]","[""2026-07-20"", ""2026-07-27"", ""2026-08-03"", ""2026-08-10"", ""2026-08-17"", ""2026-08-24"", ""2026-08-31"", ""2026-09-07"", ""2026-09-14"", ""2026-09-21"", ""2026-09-28"", ""2026-10-05"", ""2026-10-12""]",Fair,0,,10,17-07-2026 13:17
1872344,7,1,RandomForestRegressor,0,0,0,[0.0],"[""2026-07-20""]",Excellent,1,NaiveLastValue,10,17-07-2026 13:17
1872344,14,2,RandomForestRegressor,0,0,0,"[0.0, 0.0]","[""2026-07-20"", ""2026-07-27""]",Excellent,1,NaiveLastValue,10,17-07-2026 13:17
1872344,28,4,RandomForestRegressor,0,0,0,"[0.0, 0.0, 0.0, 0.0]","[""2026-07-20"", ""2026-07-27"", ""2026-08-03"", ""2026-08-10""]",Excellent,1,NaiveLastValue,10,17-07-2026 13:17
1872344,56,8,,,,,,,No Model,0,,,17-07-2026 13:17
1872344,91,13,,,,,,,No Model,0,,,17-07-2026 13:17
1836921,7,1,arima,47.952,52.689,9.070164284,[9.070164283809033],"[""2026-07-20""]",Fair,0,,10,17-07-2026 13:17
1836921,14,2,RollingMedian_8,68.142,78.323,13.86,"[6.93, 6.93]","[""2026-07-20"", ""2026-07-27""]",Poor,0,,10,17-07-2026 13:17
1836921,28,4,SES,56.82,63.785,21.70416386,"[5.426040964183184, 5.426040964183184, 5.426040964183184, 5.426040964183184]","[""2026-07-20"", ""2026-07-27"", ""2026-08-03"", ""2026-08-10""]",Poor,0,,10,17-07-2026 13:17
1836921,56,8,CrostonStyle_alpha_02,54.512,64.554,32.80965966,"[4.101207457255676, 4.101207457255676, 4.101207457255676, 4.101207457255676, 4.101207457255676, 4.101207457255676, 4.101207457255676, 4.101207457255676]","[""2026-07-20"", ""2026-07-27"", ""2026-08-03"", ""2026-08-10"", ""2026-08-17"", ""2026-08-24"", ""2026-08-31"", ""2026-09-07""]",Fair,0,,10,17-07-2026 13:17
1836921,91,13,Ridge,60.44,70.814,101.0884995,"[7.823575123629071, 7.802154739090124, 8.22723087327123, 7.878680463209906, 7.673923711301084, 7.603540527004336, 7.675314331650442, 7.774771219186292, 7.830354687201142, 7.7455773878725624, 7.690964204980892, 7.653879288017296, 7.708532986891617]","[""2026-07-20"", ""2026-07-27"", ""2026-08-03"", ""2026-08-10"", ""2026-08-17"", ""2026-08-24"", ""2026-08-31"", ""2026-09-07"", ""2026-09-14"", ""2026-09-21"", ""2026-09-28"", ""2026-10-05"", ""2026-10-12""]",Poor,0,,10,17-07-2026 13:17
5781163,7,1,RollingMedian_8,46.154,52.955,0,[0.0],"[""2026-07-20""]",Fair,0,,10,17-07-2026 13:17
5781163,14,2,ADIDAStyle_4,55.037,65.903,0,"[0.0, 0.0]","[""2026-07-20"", ""2026-07-27""]",Poor,0,,10,17-07-2026 13:17
5781163,28,4,SBA_alpha_01,89.66,117.47,5.530880799,"[1.3827201997356182, 1.3827201997356182, 1.3827201997356182, 1.3827201997356182]","[""2026-07-20"", ""2026-07-27"", ""2026-08-03"", ""2026-08-10""]",Unreliable,0,,10,17-07-2026 13:17
5781163,56,8,ZeroForecast,100,74.864,0,"[0.0, 0.0, 0.0, 0.0, 0.0, 0.0, 0.0, 0.0]","[""2026-07-20"", ""2026-07-27"", ""2026-08-03"", ""2026-08-10"", ""2026-08-17"", ""2026-08-24"", ""2026-08-31"", ""2026-09-07""]",Unreliable,0,,10,17-07-2026 13:17
5781163,91,13,ZeroForecast,100,46.07,0,"[0.0, 0.0, 0.0, 0.0, 0.0, 0.0, 0.0, 0.0, 0.0, 0.0, 0.0, 0.0, 0.0]","[""2026-07-20"", ""2026-07-27"", ""2026-08-03"", ""2026-08-10"", ""2026-08-17"", ""2026-08-24"", ""2026-08-31"", ""2026-09-07"", ""2026-09-14"", ""2026-09-21"", ""2026-09-28"", ""2026-10-05"", ""2026-10-12""]",Unreliable,0,,10,17-07-2026 13:17
1836932,7,1,LastNonZero,56.757,60.53,2.56,[2.56],"[""2026-07-20""]",Poor,0,,10,17-07-2026 13:17
1836932,14,2,SBA_alpha_02,88.999,95.709,3.438289649,"[1.7191448245234757, 1.7191448245234757]","[""2026-07-20"", ""2026-07-27""]",Unreliable,0,,10,17-07-2026 13:17
1836932,28,4,SBA_alpha_01,79.037,90.999,8.705740506,"[2.176435126517025, 2.176435126517025, 2.176435126517025, 2.176435126517025]","[""2026-07-20"", ""2026-07-27"", ""2026-08-03"", ""2026-08-10""]",Unreliable,0,,10,17-07-2026 13:17
1836932,56,8,CrostonStyle_alpha_02,64.724,78.305,15.28128733,"[1.9101609161371953, 1.9101609161371953, 1.9101609161371953, 1.9101609161371953, 1.9101609161371953, 1.9101609161371953, 1.9101609161371953, 1.9101609161371953]","[""2026-07-20"", ""2026-07-27"", ""2026-08-03"", ""2026-08-10"", ""2026-08-17"", ""2026-08-24"", ""2026-08-31"", ""2026-09-07""]",Poor,0,,10,17-07-2026 13:17
1836932,91,13,RandomForestRegressor,46.035,64.16,66.2976,"[3.257599999999997, 2.809599999999998, 3.827199999999997, 4.076799999999997, 5.951999999999998, 11.583999999999998, 5.017599999999999, 4.0639999999999965, 2.540799999999999, 3.5007999999999995, 3.4367999999999985, 4.6911999999999985, 11.5392]","[""2026-07-20"", ""2026-07-27"", ""2026-08-03"", ""2026-08-10"", ""2026-08-17"", ""2026-08-24"", ""2026-08-31"", ""2026-09-07"", ""2026-09-14"", ""2026-09-21"", ""2026-09-28"", ""2026-10-05"", ""2026-10-12""]",Fair,0,,10,17-07-2026 13:17
5758590,7,1,ADIDAStyle_4,33.301,37.006,0,[0.0],"[""2026-07-20""]",Good,0,,10,17-07-2026 13:17
5758590,14,2,ADIDAStyle_4,43.327,52.516,0,"[0.0, 0.0]","[""2026-07-20"", ""2026-07-27""]",Fair,0,,10,17-07-2026 13:17
5758590,28,4,SeasonalNaive_52,69.444,85.016,0,"[0.0, 0.0, 0.0, 0.0]","[""2026-07-20"", ""2026-07-27"", ""2026-08-03"", ""2026-08-10""]",Poor,0,,10,17-07-2026 13:17
5758590,56,8,ZeroForecast,100,74.939,0,"[0.0, 0.0, 0.0, 0.0, 0.0, 0.0, 0.0, 0.0]","[""2026-07-20"", ""2026-07-27"", ""2026-08-03"", ""2026-08-10"", ""2026-08-17"", ""2026-08-24"", ""2026-08-31"", ""2026-09-07""]",Unreliable,0,,10,17-07-2026 13:17
5758590,91,13,ZeroForecast,100,46.117,0,"[0.0, 0.0, 0.0, 0.0, 0.0, 0.0, 0.0, 0.0, 0.0, 0.0, 0.0, 0.0, 0.0]","[""2026-07-20"", ""2026-07-27"", ""2026-08-03"", ""2026-08-10"", ""2026-08-17"", ""2026-08-24"", ""2026-08-31"", ""2026-09-07"", ""2026-09-14"", ""2026-09-21"", ""2026-09-28"", ""2026-10-05"", ""2026-10-12""]",Unreliable,0,,10,17-07-2026 13:17
5909591,7,1,ADIDA_4,24.849,25.013,21.46061728,[21.46061728425465],"[""2026-07-20""]",Good,0,,10,17-07-2026 13:17
5909591,14,2,ADIDA_4,38.851,44.289,42.92123457,"[21.46061728425465, 21.46061728425465]","[""2026-07-20"", ""2026-07-27""]",Fair,0,,10,17-07-2026 13:17
5909591,28,4,ADIDA_4,38.165,41.439,85.84246914,"[21.46061728425465, 21.46061728425465, 21.46061728425465, 21.46061728425465]","[""2026-07-20"", ""2026-07-27"", ""2026-08-03"", ""2026-08-10""]",Fair,0,,10,17-07-2026 13:17
5909591,56,8,ADIDA_8,34.172,37.2,180.8887214,"[22.611090176953276, 22.611090176953276, 22.611090176953276, 22.611090176953276, 22.611090176953276, 22.611090176953276, 22.611090176953276, 22.611090176953276]","[""2026-07-20"", ""2026-07-27"", ""2026-08-03"", ""2026-08-10"", ""2026-08-17"", ""2026-08-24"", ""2026-08-31"", ""2026-09-07""]",Good,0,,10,17-07-2026 13:17
5909591,91,13,Ridge,38.103,42.946,285.8095269,"[21.84383058293365, 21.59255121742439, 20.70571081139898, 22.312324089167028, 23.183243736500415, 22.48199490880526, 21.643932948900652, 21.968831505242758, 22.204592720489398, 21.9961882909649, 21.911210820821864, 22.046428329229975, 21.918686983505054]","[""2026-07-20"", ""2026-07-27"", ""2026-08-03"", ""2026-08-10"", ""2026-08-17"", ""2026-08-24"", ""2026-08-31"", ""2026-09-07"", ""2026-09-14"", ""2026-09-21"", ""2026-09-28"", ""2026-10-05"", ""2026-10-12""]",Fair,0,,10,17-07-2026 13:17
5912446,7,1,ADIDA_8,40.598,43.443,28.81926975,[28.81926975201445],"[""2026-07-20""]",Fair,0,,10,17-07-2026 13:17
5912446,14,2,MovingAverage_8,55.172,62.34,45.9,"[22.95, 22.95]","[""2026-07-20"", ""2026-07-27""]",Poor,0,,10,17-07-2026 13:17
5912446,28,4,ADIDA_8,47.535,52.439,115.277079,"[28.81926975201445, 28.81926975201445, 28.81926975201445, 28.81926975201445]","[""2026-07-20"", ""2026-07-27"", ""2026-08-03"", ""2026-08-10""]",Fair,0,,10,17-07-2026 13:17
5912446,56,8,ADIDA_8,36.582,40.146,230.554158,"[28.81926975201445, 28.81926975201445, 28.81926975201445, 28.81926975201445, 28.81926975201445, 28.81926975201445, 28.81926975201445, 28.81926975201445]","[""2026-07-20"", ""2026-07-27"", ""2026-08-03"", ""2026-08-10"", ""2026-08-17"", ""2026-08-24"", ""2026-08-31"", ""2026-09-07""]",Fair,0,,10,17-07-2026 13:17
5912446,91,13,arima,35.104,39.278,379.3889196,"[29.18371716468017, 29.183753252919644, 29.18376407654438, 29.183767322777896, 29.183768296391847, 29.18376858839922, 29.183768675978396, 29.18376870224524, 29.183768710123218, 29.18376871248599, 29.183768713194635, 29.183768713407172, 29.183768713470915]","[""2026-07-20"", ""2026-07-27"", ""2026-08-03"", ""2026-08-10"", ""2026-08-17"", ""2026-08-24"", ""2026-08-31"", ""2026-09-07"", ""2026-09-14"", ""2026-09-21"", ""2026-09-28"", ""2026-10-05"", ""2026-10-12""]",Fair,0,,10,17-07-2026 13:17
5900855,7,1,MovingAverage_8,24.499,25.073,243.4575,[243.4575],"[""2026-07-20""]",Good,0,,10,17-07-2026 13:17
5900855,14,2,MovingAverage_8,33.811,40.584,486.915,"[243.4575, 243.4575]","[""2026-07-20"", ""2026-07-27""]",Good,0,,10,17-07-2026 13:17
5900855,28,4,ADIDA_8,33.17,37.058,1069.555534,"[267.3888834175766, 267.3888834175766, 267.3888834175766, 267.3888834175766]","[""2026-07-20"", ""2026-07-27"", ""2026-08-03"", ""2026-08-10""]",Good,0,,10,17-07-2026 13:17
5900855,56,8,MovingAverage_8,24.127,26.542,1947.66,"[243.4575, 243.4575, 243.4575, 243.4575, 243.4575, 243.4575, 243.4575, 243.4575]","[""2026-07-20"", ""2026-07-27"", ""2026-08-03"", ""2026-08-10"", ""2026-08-17"", ""2026-08-24"", ""2026-08-31"", ""2026-09-07""]",Good,0,,10,17-07-2026 13:17
5900855,91,13,arima,27.609,30.185,3474.821969,"[267.29399764289394, 267.29399764289394, 267.29399764289394, 267.29399764289394, 267.29399764289394, 267.29399764289394, 267.29399764289394, 267.29399764289394, 267.29399764289394, 267.29399764289394, 267.29399764289394, 267.29399764289394, 267.29399764289394]","[""2026-07-20"", ""2026-07-27"", ""2026-08-03"", ""2026-08-10"", ""2026-08-17"", ""2026-08-24"", ""2026-08-31"", ""2026-09-07"", ""2026-09-14"", ""2026-09-21"", ""2026-09-28"", ""2026-10-05"", ""2026-10-12""]",Good,0,,10,17-07-2026 13:17
6040248,7,1,ADIDAStyle_4,65.382,78.256,0,[0.0],"[""2026-07-20""]",Poor,0,,10,17-07-2026 13:17
6040248,14,2,CrostonStyle,77.085,101.177,8.241495311,"[4.120747655669343, 4.120747655669343]","[""2026-07-20"", ""2026-07-27""]",Unreliable,0,,10,17-07-2026 13:17
6040248,28,4,SBA_alpha_01,99.377,125.477,16.08598201,"[4.021495502693123, 4.021495502693123, 4.021495502693123, 4.021495502693123]","[""2026-07-20"", ""2026-07-27"", ""2026-08-03"", ""2026-08-10""]",Unreliable,0,,10,17-07-2026 13:17
6040248,56,8,ZeroForecast,100,74.871,0,"[0.0, 0.0, 0.0, 0.0, 0.0, 0.0, 0.0, 0.0]","[""2026-07-20"", ""2026-07-27"", ""2026-08-03"", ""2026-08-10"", ""2026-08-17"", ""2026-08-24"", ""2026-08-31"", ""2026-09-07""]",Unreliable,0,,10,17-07-2026 13:17
6040248,91,13,ZeroForecast,100,46.075,0,"[0.0, 0.0, 0.0, 0.0, 0.0, 0.0, 0.0, 0.0, 0.0, 0.0, 0.0, 0.0, 0.0]","[""2026-07-20"", ""2026-07-27"", ""2026-08-03"", ""2026-08-10"", ""2026-08-17"", ""2026-08-24"", ""2026-08-31"", ""2026-09-07"", ""2026-09-14"", ""2026-09-21"", ""2026-09-28"", ""2026-10-05"", ""2026-10-12""]",Unreliable,0,,10,17-07-2026 13:17
6040447,7,1,Ridge,23.509,22.281,0,[0.0],"[""2026-07-20""]",Good,0,,10,17-07-2026 13:17
6040447,14,2,HuberRegressor,37.701,49.407,0,"[0.0, 0.0]","[""2026-07-20"", ""2026-07-27""]",Fair,0,,10,17-07-2026 13:17
6040447,28,4,RollingMedian_8,62.916,79.159,0,"[0.0, 0.0, 0.0, 0.0]","[""2026-07-20"", ""2026-07-27"", ""2026-08-03"", ""2026-08-10""]",Poor,0,,10,17-07-2026 13:17
6040447,56,8,ZeroForecast,100,74.973,0,"[0.0, 0.0, 0.0, 0.0, 0.0, 0.0, 0.0, 0.0]","[""2026-07-20"", ""2026-07-27"", ""2026-08-03"", ""2026-08-10"", ""2026-08-17"", ""2026-08-24"", ""2026-08-31"", ""2026-09-07""]",Unreliable,0,,10,17-07-2026 13:17
6040447,91,13,ZeroForecast,100,46.137,0,"[0.0, 0.0, 0.0, 0.0, 0.0, 0.0, 0.0, 0.0, 0.0, 0.0, 0.0, 0.0, 0.0]","[""2026-07-20"", ""2026-07-27"", ""2026-08-03"", ""2026-08-10"", ""2026-08-17"", ""2026-08-24"", ""2026-08-31"", ""2026-09-07"", ""2026-09-14"", ""2026-09-21"", ""2026-09-28"", ""2026-10-05"", ""2026-10-12""]",Unreliable,0,,10,17-07-2026 13:17
6040363,7,1,CrostonStyle,37.593,36.444,7.076245972,[7.076245971831549],"[""2026-07-20""]",Fair,0,,10,17-07-2026 13:17
6040363,14,2,CrostonStyle_alpha_02,46.432,55.643,13.41133896,"[6.705669481602763, 6.705669481602763]","[""2026-07-20"", ""2026-07-27""]",Fair,0,,10,17-07-2026 13:17
6040363,28,4,CrostonStyle_alpha_02,65.173,83.227,26.82267793,"[6.705669481602763, 6.705669481602763, 6.705669481602763, 6.705669481602763]","[""2026-07-20"", ""2026-07-27"", ""2026-08-03"", ""2026-08-10""]",Poor,0,,10,17-07-2026 13:17
6040363,56,8,ZeroForecast,100,74.984,0,"[0.0, 0.0, 0.0, 0.0, 0.0, 0.0, 0.0, 0.0]","[""2026-07-20"", ""2026-07-27"", ""2026-08-03"", ""2026-08-10"", ""2026-08-17"", ""2026-08-24"", ""2026-08-31"", ""2026-09-07""]",Unreliable,0,,10,17-07-2026 13:17
6040363,91,13,ZeroForecast,100,46.144,0,"[0.0, 0.0, 0.0, 0.0, 0.0, 0.0, 0.0, 0.0, 0.0, 0.0, 0.0, 0.0, 0.0]","[""2026-07-20"", ""2026-07-27"", ""2026-08-03"", ""2026-08-10"", ""2026-08-17"", ""2026-08-24"", ""2026-08-31"", ""2026-09-07"", ""2026-09-14"", ""2026-09-21"", ""2026-09-28"", ""2026-10-05"", ""2026-10-12""]",Unreliable,0,,10,17-07-2026 13:17
6059538,7,1,CrostonStyle,39.706,40.93,2.345010565,[2.345010564531303],"[""2026-07-20""]",Fair,0,,10,17-07-2026 13:17
6059538,14,2,CrostonStyle_alpha_02,45.161,54.369,4.481693299,"[2.24084664967443, 2.24084664967443]","[""2026-07-20"", ""2026-07-27""]",Fair,0,,10,17-07-2026 13:17
6059538,28,4,SBA_alpha_02,63.883,87.363,8.067047939,"[2.0167619847069873, 2.0167619847069873, 2.0167619847069873, 2.0167619847069873]","[""2026-07-20"", ""2026-07-27"", ""2026-08-03"", ""2026-08-10""]",Poor,0,,10,17-07-2026 13:17
6059538,56,8,ZeroForecast,100,74.954,0,"[0.0, 0.0, 0.0, 0.0, 0.0, 0.0, 0.0, 0.0]","[""2026-07-20"", ""2026-07-27"", ""2026-08-03"", ""2026-08-10"", ""2026-08-17"", ""2026-08-24"", ""2026-08-31"", ""2026-09-07""]",Unreliable,0,,10,17-07-2026 13:17
6059538,91,13,ZeroForecast,100,46.126,0,"[0.0, 0.0, 0.0, 0.0, 0.0, 0.0, 0.0, 0.0, 0.0, 0.0, 0.0, 0.0, 0.0]","[""2026-07-20"", ""2026-07-27"", ""2026-08-03"", ""2026-08-10"", ""2026-08-17"", ""2026-08-24"", ""2026-08-31"", ""2026-09-07"", ""2026-09-14"", ""2026-09-21"", ""2026-09-28"", ""2026-10-05"", ""2026-10-12""]",Unreliable,0,,10,17-07-2026 13:17
6040544,7,1,ADIDAStyle_4,56.997,54.236,0,[0.0],"[""2026-07-20""]",Poor,0,,10,17-07-2026 13:17
6040544,14,2,CrostonStyle,65.122,73.129,4.049392593,"[2.0246962965323934, 2.0246962965323934]","[""2026-07-20"", ""2026-07-27""]",Poor,0,,10,17-07-2026 13:17
6040544,28,4,SBA_alpha_01,84.138,107.588,7.694171851,"[1.923542962674468, 1.923542962674468, 1.923542962674468, 1.923542962674468]","[""2026-07-20"", ""2026-07-27"", ""2026-08-03"", ""2026-08-10""]",Unreliable,0,,10,17-07-2026 13:17
6040544,56,8,ZeroForecast,100,74.933,0,"[0.0, 0.0, 0.0, 0.0, 0.0, 0.0, 0.0, 0.0]","[""2026-07-20"", ""2026-07-27"", ""2026-08-03"", ""2026-08-10"", ""2026-08-17"", ""2026-08-24"", ""2026-08-31"", ""2026-09-07""]",Unreliable,0,,10,17-07-2026 13:17
6040544,91,13,ZeroForecast,100,46.113,0,"[0.0, 0.0, 0.0, 0.0, 0.0, 0.0, 0.0, 0.0, 0.0, 0.0, 0.0, 0.0, 0.0]","[""2026-07-20"", ""2026-07-27"", ""2026-08-03"", ""2026-08-10"", ""2026-08-17"", ""2026-08-24"", ""2026-08-31"", ""2026-09-07"", ""2026-09-14"", ""2026-09-21"", ""2026-09-28"", ""2026-10-05"", ""2026-10-12""]",Unreliable,0,,10,17-07-2026 13:17
62358816,7,1,RandomForestRegressor,0,0,0,[0.0],"[""2026-07-20""]",Excellent,1,NaiveLastValue,10,17-07-2026 13:17
62358816,14,2,HistGradientBoostingRegressor,0,0,0,"[0.0, 0.0]","[""2026-07-20"", ""2026-07-27""]",Excellent,1,NaiveLastValue,10,17-07-2026 13:17
62358816,28,4,HistGradientBoostingRegressor,0,0,0,"[0.0, 0.0, 0.0, 0.0]","[""2026-07-20"", ""2026-07-27"", ""2026-08-03"", ""2026-08-10""]",Excellent,1,NaiveLastValue,10,17-07-2026 13:17
62358816,56,8,RandomForestRegressor,0,0,0,"[0.0, 0.0, 0.0, 0.0, 0.0, 0.0, 0.0, 0.0]","[""2026-07-20"", ""2026-07-27"", ""2026-08-03"", ""2026-08-10"", ""2026-08-17"", ""2026-08-24"", ""2026-08-31"", ""2026-09-07""]",Excellent,1,NaiveLastValue,10,17-07-2026 13:17
62358816,91,13,RandomForestRegressor,0,0,0,"[0.0, 0.0, 0.0, 0.0, 0.0, 0.0, 0.0, 0.0, 0.0, 0.0, 0.0, 0.0, 0.0]","[""2026-07-20"", ""2026-07-27"", ""2026-08-03"", ""2026-08-10"", ""2026-08-17"", ""2026-08-24"", ""2026-08-31"", ""2026-09-07"", ""2026-09-14"", ""2026-09-21"", ""2026-09-28"", ""2026-10-05"", ""2026-10-12""]",Excellent,1,NaiveLastValue,10,17-07-2026 13:17
6059551,7,1,ADIDAStyle_4,37.959,45.311,0,[0.0],"[""2026-07-20""]",Fair,0,,10,17-07-2026 13:17
6059551,14,2,ADIDAStyle_4,55.913,65.598,0,"[0.0, 0.0]","[""2026-07-20"", ""2026-07-27""]",Poor,0,,10,17-07-2026 13:17
6059551,28,4,CrostonStyle_alpha_02,88.832,110.668,16.00296862,"[4.000742154853517, 4.000742154853517, 4.000742154853517, 4.000742154853517]","[""2026-07-20"", ""2026-07-27"", ""2026-08-03"", ""2026-08-10""]",Unreliable,0,,10,17-07-2026 13:17
6059551,56,8,ZeroForecast,100,74.949,0,"[0.0, 0.0, 0.0, 0.0, 0.0, 0.0, 0.0, 0.0]","[""2026-07-20"", ""2026-07-27"", ""2026-08-03"", ""2026-08-10"", ""2026-08-17"", ""2026-08-24"", ""2026-08-31"", ""2026-09-07""]",Unreliable,0,,10,17-07-2026 13:17
6059551,91,13,ZeroForecast,100,46.123,0,"[0.0, 0.0, 0.0, 0.0, 0.0, 0.0, 0.0, 0.0, 0.0, 0.0, 0.0, 0.0, 0.0]","[""2026-07-20"", ""2026-07-27"", ""2026-08-03"", ""2026-08-10"", ""2026-08-17"", ""2026-08-24"", ""2026-08-31"", ""2026-09-07"", ""2026-09-14"", ""2026-09-21"", ""2026-09-28"", ""2026-10-05"", ""2026-10-12""]",Unreliable,0,,10,17-07-2026 13:17
62358817,7,1,RandomForestRegressor,0,0,0,[0.0],"[""2026-07-20""]",Excellent,1,NaiveLastValue,10,17-07-2026 13:17
62358817,14,2,HistGradientBoostingRegressor,0,0,0,"[0.0, 0.0]","[""2026-07-20"", ""2026-07-27""]",Excellent,1,NaiveLastValue,10,17-07-2026 13:17
62358817,28,4,HistGradientBoostingRegressor,0,0,0,"[0.0, 0.0, 0.0, 0.0]","[""2026-07-20"", ""2026-07-27"", ""2026-08-03"", ""2026-08-10""]",Excellent,1,NaiveLastValue,10,17-07-2026 13:17
62358817,56,8,RandomForestRegressor,0,0,0,"[0.0, 0.0, 0.0, 0.0, 0.0, 0.0, 0.0, 0.0]","[""2026-07-20"", ""2026-07-27"", ""2026-08-03"", ""2026-08-10"", ""2026-08-17"", ""2026-08-24"", ""2026-08-31"", ""2026-09-07""]",Excellent,1,NaiveLastValue,10,17-07-2026 13:17
62358817,91,13,RandomForestRegressor,0,0,0,"[0.0, 0.0, 0.0, 0.0, 0.0, 0.0, 0.0, 0.0, 0.0, 0.0, 0.0, 0.0, 0.0]","[""2026-07-20"", ""2026-07-27"", ""2026-08-03"", ""2026-08-10"", ""2026-08-17"", ""2026-08-24"", ""2026-08-31"", ""2026-09-07"", ""2026-09-14"", ""2026-09-21"", ""2026-09-28"", ""2026-10-05"", ""2026-10-12""]",Excellent,1,NaiveLastValue,10,17-07-2026 13:17
6059623,7,1,TwoStage_ET_ET,15.151,14.301,0.187169336,[0.1871693355684345],"[""2026-07-20""]",Excellent,0,,10,17-07-2026 13:17
6059623,14,2,MovingAverage_8,31.659,37.308,0,"[0.0, 0.0]","[""2026-07-20"", ""2026-07-27""]",Good,0,,10,17-07-2026 13:17
6059623,28,4,CrostonStyle_alpha_02,59.818,85.185,6.960713312,"[1.7401783279697818, 1.7401783279697818, 1.7401783279697818, 1.7401783279697818]","[""2026-07-20"", ""2026-07-27"", ""2026-08-03"", ""2026-08-10""]",Poor,0,,10,17-07-2026 13:17
6059623,56,8,ZeroForecast,100,74.947,0,"[0.0, 0.0, 0.0, 0.0, 0.0, 0.0, 0.0, 0.0]","[""2026-07-20"", ""2026-07-27"", ""2026-08-03"", ""2026-08-10"", ""2026-08-17"", ""2026-08-24"", ""2026-08-31"", ""2026-09-07""]",Unreliable,0,,10,17-07-2026 13:17
6059623,91,13,ZeroForecast,100,46.122,0,"[0.0, 0.0, 0.0, 0.0, 0.0, 0.0, 0.0, 0.0, 0.0, 0.0, 0.0, 0.0, 0.0]","[""2026-07-20"", ""2026-07-27"", ""2026-08-03"", ""2026-08-10"", ""2026-08-17"", ""2026-08-24"", ""2026-08-31"", ""2026-09-07"", ""2026-09-14"", ""2026-09-21"", ""2026-09-28"", ""2026-10-05"", ""2026-10-12""]",Unreliable,0,,10,17-07-2026 13:17
62358818,7,1,ExtraTreesRegressor,0,0,0,[0.0],"[""2026-07-20""]",Excellent,1,NaiveLastValue,10,17-07-2026 13:17
62358818,14,2,ExtraTreesRegressor,0,0,0,"[0.0, 0.0]","[""2026-07-20"", ""2026-07-27""]",Excellent,1,NaiveLastValue,10,17-07-2026 13:17
62358818,28,4,RandomForestRegressor,0,0,0,"[0.0, 0.0, 0.0, 0.0]","[""2026-07-20"", ""2026-07-27"", ""2026-08-03"", ""2026-08-10""]",Excellent,1,NaiveLastValue,10,17-07-2026 13:17
62358818,56,8,RandomForestRegressor,0,0,0,"[0.0, 0.0, 0.0, 0.0, 0.0, 0.0, 0.0, 0.0]","[""2026-07-20"", ""2026-07-27"", ""2026-08-03"", ""2026-08-10"", ""2026-08-17"", ""2026-08-24"", ""2026-08-31"", ""2026-09-07""]",Excellent,1,NaiveLastValue,10,17-07-2026 13:17
62358818,91,13,ExtraTreesRegressor,0,0,0,"[0.0, 0.0, 0.0, 0.0, 0.0, 0.0, 0.0, 0.0, 0.0, 0.0, 0.0, 0.0, 0.0]","[""2026-07-20"", ""2026-07-27"", ""2026-08-03"", ""2026-08-10"", ""2026-08-17"", ""2026-08-24"", ""2026-08-31"", ""2026-09-07"", ""2026-09-14"", ""2026-09-21"", ""2026-09-28"", ""2026-10-05"", ""2026-10-12""]",Excellent,1,NaiveLastValue,10,17-07-2026 13:17
6059624,7,1,RecentWeightedAverage,62.593,56.395,0,[0.0],"[""2026-07-20""]",Poor,0,,10,17-07-2026 13:17
6059624,14,2,CrostonStyle,90.805,110.431,6.933865499,"[3.466932749654129, 3.466932749654129]","[""2026-07-20"", ""2026-07-27""]",Unreliable,0,,10,17-07-2026 13:17
6059624,28,4,ZeroForecast,100,69.966,0,"[0.0, 0.0, 0.0, 0.0]","[""2026-07-20"", ""2026-07-27"", ""2026-08-03"", ""2026-08-10""]",Unreliable,0,,10,17-07-2026 13:17
6059624,56,8,ZeroForecast,100,39.981,0,"[0.0, 0.0, 0.0, 0.0, 0.0, 0.0, 0.0, 0.0]","[""2026-07-20"", ""2026-07-27"", ""2026-08-03"", ""2026-08-10"", ""2026-08-17"", ""2026-08-24"", ""2026-08-31"", ""2026-09-07""]",Unreliable,0,,10,17-07-2026 13:17
6059624,91,13,ZeroForecast,100,24.603,0,"[0.0, 0.0, 0.0, 0.0, 0.0, 0.0, 0.0, 0.0, 0.0, 0.0, 0.0, 0.0, 0.0]","[""2026-07-20"", ""2026-07-27"", ""2026-08-03"", ""2026-08-10"", ""2026-08-17"", ""2026-08-24"", ""2026-08-31"", ""2026-09-07"", ""2026-09-14"", ""2026-09-21"", ""2026-09-28"", ""2026-10-05"", ""2026-10-12""]",Unreliable,0,,10,17-07-2026 13:17
62358819,7,1,RandomForestRegressor,0,0,0,[0.0],"[""2026-07-20""]",Excellent,1,NaiveLastValue,10,17-07-2026 13:17
62358819,14,2,HistGradientBoostingRegressor,0,0,0,"[0.0, 0.0]","[""2026-07-20"", ""2026-07-27""]",Excellent,1,NaiveLastValue,10,17-07-2026 13:17
62358819,28,4,HistGradientBoostingRegressor,0,0,0,"[0.0, 0.0, 0.0, 0.0]","[""2026-07-20"", ""2026-07-27"", ""2026-08-03"", ""2026-08-10""]",Excellent,1,NaiveLastValue,10,17-07-2026 13:17
62358819,56,8,RandomForestRegressor,0,0,0,"[0.0, 0.0, 0.0, 0.0, 0.0, 0.0, 0.0, 0.0]","[""2026-07-20"", ""2026-07-27"", ""2026-08-03"", ""2026-08-10"", ""2026-08-17"", ""2026-08-24"", ""2026-08-31"", ""2026-09-07""]",Excellent,1,NaiveLastValue,10,17-07-2026 13:17
62358819,91,13,RandomForestRegressor,0,0,0,"[0.0, 0.0, 0.0, 0.0, 0.0, 0.0, 0.0, 0.0, 0.0, 0.0, 0.0, 0.0, 0.0]","[""2026-07-20"", ""2026-07-27"", ""2026-08-03"", ""2026-08-10"", ""2026-08-17"", ""2026-08-24"", ""2026-08-31"", ""2026-09-07"", ""2026-09-14"", ""2026-09-21"", ""2026-09-28"", ""2026-10-05"", ""2026-10-12""]",Excellent,1,NaiveLastValue,10,17-07-2026 13:17
62358820,7,1,ExtraTreesRegressor,0,0,0,[0.0],"[""2026-07-20""]",Excellent,1,NaiveLastValue,10,17-07-2026 13:17
62358820,14,2,RandomForestRegressor,0,0,0,"[0.0, 0.0]","[""2026-07-20"", ""2026-07-27""]",Excellent,1,NaiveLastValue,10,17-07-2026 13:17
62358820,28,4,RandomForestRegressor,0,0,0,"[0.0, 0.0, 0.0, 0.0]","[""2026-07-20"", ""2026-07-27"", ""2026-08-03"", ""2026-08-10""]",Excellent,1,NaiveLastValue,10,17-07-2026 13:17
62358820,56,8,RandomForestRegressor,0,0,0,"[0.0, 0.0, 0.0, 0.0, 0.0, 0.0, 0.0, 0.0]","[""2026-07-20"", ""2026-07-27"", ""2026-08-03"", ""2026-08-10"", ""2026-08-17"", ""2026-08-24"", ""2026-08-31"", ""2026-09-07""]",Excellent,1,NaiveLastValue,10,17-07-2026 13:17
62358820,91,13,RandomForestRegressor,0,0,0,"[0.0, 0.0, 0.0, 0.0, 0.0, 0.0, 0.0, 0.0, 0.0, 0.0, 0.0, 0.0, 0.0]","[""2026-07-20"", ""2026-07-27"", ""2026-08-03"", ""2026-08-10"", ""2026-08-17"", ""2026-08-24"", ""2026-08-31"", ""2026-09-07"", ""2026-09-14"", ""2026-09-21"", ""2026-09-28"", ""2026-10-05"", ""2026-10-12""]",Excellent,1,NaiveLastValue,10,17-07-2026 13:17
62374173,7,1,ExtraTreesRegressor,0,0,0,[0.0],"[""2026-07-20""]",Excellent,1,NaiveLastValue,10,17-07-2026 13:17
62374173,14,2,ExtraTreesRegressor,0,0,0,"[0.0, 0.0]","[""2026-07-20"", ""2026-07-27""]",Excellent,1,NaiveLastValue,10,17-07-2026 13:17
62374173,28,4,RandomForestRegressor,0,0,0,"[0.0, 0.0, 0.0, 0.0]","[""2026-07-20"", ""2026-07-27"", ""2026-08-03"", ""2026-08-10""]",Excellent,1,NaiveLastValue,10,17-07-2026 13:17
62374173,56,8,RandomForestRegressor,0,0,0,"[0.0, 0.0, 0.0, 0.0, 0.0, 0.0, 0.0, 0.0]","[""2026-07-20"", ""2026-07-27"", ""2026-08-03"", ""2026-08-10"", ""2026-08-17"", ""2026-08-24"", ""2026-08-31"", ""2026-09-07""]",Excellent,1,NaiveLastValue,10,17-07-2026 13:17
62374173,91,13,RandomForestRegressor,0,0,0,"[0.0, 0.0, 0.0, 0.0, 0.0, 0.0, 0.0, 0.0, 0.0, 0.0, 0.0, 0.0, 0.0]","[""2026-07-20"", ""2026-07-27"", ""2026-08-03"", ""2026-08-10"", ""2026-08-17"", ""2026-08-24"", ""2026-08-31"", ""2026-09-07"", ""2026-09-14"", ""2026-09-21"", ""2026-09-28"", ""2026-10-05"", ""2026-10-12""]",Excellent,1,NaiveLastValue,10,17-07-2026 13:17
6059625,7,1,ADIDA_8,54.65,61.102,0.761344622,[0.7613446222788103],"[""2026-07-20""]",Fair,0,,10,17-07-2026 13:17
6059625,14,2,CrostonStyle_alpha_02,70.494,86.449,2.637882779,"[1.3189413896040263, 1.3189413896040263]","[""2026-07-20"", ""2026-07-27""]",Poor,0,,10,17-07-2026 13:17
6059625,28,4,ZeroForecast,100,139.697,0,"[0.0, 0.0, 0.0, 0.0]","[""2026-07-20"", ""2026-07-27"", ""2026-08-03"", ""2026-08-10""]",Unreliable,0,,10,17-07-2026 13:17
6059625,56,8,ZeroForecast,100,74.832,0,"[0.0, 0.0, 0.0, 0.0, 0.0, 0.0, 0.0, 0.0]","[""2026-07-20"", ""2026-07-27"", ""2026-08-03"", ""2026-08-10"", ""2026-08-17"", ""2026-08-24"", ""2026-08-31"", ""2026-09-07""]",Unreliable,0,,10,17-07-2026 13:17
6059625,91,13,ZeroForecast,100,46.05,0,"[0.0, 0.0, 0.0, 0.0, 0.0, 0.0, 0.0, 0.0, 0.0, 0.0, 0.0, 0.0, 0.0]","[""2026-07-20"", ""2026-07-27"", ""2026-08-03"", ""2026-08-10"", ""2026-08-17"", ""2026-08-24"", ""2026-08-31"", ""2026-09-07"", ""2026-09-14"", ""2026-09-21"", ""2026-09-28"", ""2026-10-05"", ""2026-10-12""]",Unreliable,0,,10,17-07-2026 13:17
62377319,7,1,RandomForestRegressor,0,0,0,[0.0],"[""2026-07-20""]",Excellent,1,NaiveLastValue,10,17-07-2026 13:17
62377319,14,2,ExtraTreesRegressor,0,0,0,"[0.0, 0.0]","[""2026-07-20"", ""2026-07-27""]",Excellent,1,NaiveLastValue,10,17-07-2026 13:17
62377319,28,4,ExtraTreesRegressor,0,0,0,"[0.0, 0.0, 0.0, 0.0]","[""2026-07-20"", ""2026-07-27"", ""2026-08-03"", ""2026-08-10""]",Excellent,1,NaiveLastValue,10,17-07-2026 13:17
62377319,56,8,RandomForestRegressor,0,0,0,"[0.0, 0.0, 0.0, 0.0, 0.0, 0.0, 0.0, 0.0]","[""2026-07-20"", ""2026-07-27"", ""2026-08-03"", ""2026-08-10"", ""2026-08-17"", ""2026-08-24"", ""2026-08-31"", ""2026-09-07""]",Excellent,1,NaiveLastValue,10,17-07-2026 13:17
62377319,91,13,HistGradientBoostingRegressor,0,0,0,"[0.0, 0.0, 0.0, 0.0, 0.0, 0.0, 0.0, 0.0, 0.0, 0.0, 0.0, 0.0, 0.0]","[""2026-07-20"", ""2026-07-27"", ""2026-08-03"", ""2026-08-10"", ""2026-08-17"", ""2026-08-24"", ""2026-08-31"", ""2026-09-07"", ""2026-09-14"", ""2026-09-21"", ""2026-09-28"", ""2026-10-05"", ""2026-10-12""]",Excellent,1,NaiveLastValue,10,17-07-2026 13:17
6059635,7,1,HuberRegressor,60.183,72.157,4.309491655,[4.309491654565319],"[""2026-07-20""]",Poor,0,,10,17-07-2026 13:17
6059635,14,2,SBA_alpha_01,84.398,116.401,3.866233252,"[1.933116626061219, 1.933116626061219]","[""2026-07-20"", ""2026-07-27""]",Unreliable,0,,10,17-07-2026 13:17
6059635,28,4,SBA_alpha_01,97.171,133.903,7.732466504,"[1.933116626061219, 1.933116626061219, 1.933116626061219, 1.933116626061219]","[""2026-07-20"", ""2026-07-27"", ""2026-08-03"", ""2026-08-10""]",Unreliable,0,,10,17-07-2026 13:17
6059635,56,8,ZeroForecast,100,59.961,0,"[0.0, 0.0, 0.0, 0.0, 0.0, 0.0, 0.0, 0.0]","[""2026-07-20"", ""2026-07-27"", ""2026-08-03"", ""2026-08-10"", ""2026-08-17"", ""2026-08-24"", ""2026-08-31"", ""2026-09-07""]",Unreliable,0,,10,17-07-2026 13:17
6059635,91,13,ZeroForecast,100,36.899,0,"[0.0, 0.0, 0.0, 0.0, 0.0, 0.0, 0.0, 0.0, 0.0, 0.0, 0.0, 0.0, 0.0]","[""2026-07-20"", ""2026-07-27"", ""2026-08-03"", ""2026-08-10"", ""2026-08-17"", ""2026-08-24"", ""2026-08-31"", ""2026-09-07"", ""2026-09-14"", ""2026-09-21"", ""2026-09-28"", ""2026-10-05"", ""2026-10-12""]",Unreliable,0,,10,17-07-2026 13:17
62380041,7,1,RandomForestRegressor,0,0,0,[0.0],"[""2026-07-20""]",Excellent,1,NaiveLastValue,10,17-07-2026 13:17
62380041,14,2,ExtraTreesRegressor,0,0,0,"[0.0, 0.0]","[""2026-07-20"", ""2026-07-27""]",Excellent,1,NaiveLastValue,10,17-07-2026 13:17
62380041,28,4,ExtraTreesRegressor,0,0,0,"[0.0, 0.0, 0.0, 0.0]","[""2026-07-20"", ""2026-07-27"", ""2026-08-03"", ""2026-08-10""]",Excellent,1,NaiveLastValue,10,17-07-2026 13:17
62380041,56,8,RandomForestRegressor,0,0,0,"[0.0, 0.0, 0.0, 0.0, 0.0, 0.0, 0.0, 0.0]","[""2026-07-20"", ""2026-07-27"", ""2026-08-03"", ""2026-08-10"", ""2026-08-17"", ""2026-08-24"", ""2026-08-31"", ""2026-09-07""]",Excellent,1,NaiveLastValue,10,17-07-2026 13:17
62380041,91,13,HistGradientBoostingRegressor,0,0,0,"[0.0, 0.0, 0.0, 0.0, 0.0, 0.0, 0.0, 0.0, 0.0, 0.0, 0.0, 0.0, 0.0]","[""2026-07-20"", ""2026-07-27"", ""2026-08-03"", ""2026-08-10"", ""2026-08-17"", ""2026-08-24"", ""2026-08-31"", ""2026-09-07"", ""2026-09-14"", ""2026-09-21"", ""2026-09-28"", ""2026-10-05"", ""2026-10-12""]",Excellent,1,NaiveLastValue,10,17-07-2026 13:17
62386229,7,1,ExtraTreesRegressor,0,0,0,[0.0],"[""2026-07-20""]",Excellent,1,NaiveLastValue,10,17-07-2026 13:17
62386229,14,2,ExtraTreesRegressor,0,0,0,"[0.0, 0.0]","[""2026-07-20"", ""2026-07-27""]",Excellent,1,NaiveLastValue,10,17-07-2026 13:17
62386229,28,4,ExtraTreesRegressor,0,0,0,"[0.0, 0.0, 0.0, 0.0]","[""2026-07-20"", ""2026-07-27"", ""2026-08-03"", ""2026-08-10""]",Excellent,1,NaiveLastValue,10,17-07-2026 13:17
62386229,56,8,ExtraTreesRegressor,0,0,0,"[0.0, 0.0, 0.0, 0.0, 0.0, 0.0, 0.0, 0.0]","[""2026-07-20"", ""2026-07-27"", ""2026-08-03"", ""2026-08-10"", ""2026-08-17"", ""2026-08-24"", ""2026-08-31"", ""2026-09-07""]",Excellent,1,NaiveLastValue,10,17-07-2026 13:17
62386229,91,13,RandomForestRegressor,0,0,0,"[0.0, 0.0, 0.0, 0.0, 0.0, 0.0, 0.0, 0.0, 0.0, 0.0, 0.0, 0.0, 0.0]","[""2026-07-20"", ""2026-07-27"", ""2026-08-03"", ""2026-08-10"", ""2026-08-17"", ""2026-08-24"", ""2026-08-31"", ""2026-09-07"", ""2026-09-14"", ""2026-09-21"", ""2026-09-28"", ""2026-10-05"", ""2026-10-12""]",Excellent,1,NaiveLastValue,10,17-07-2026 13:17
62392849,7,1,ExtraTreesRegressor,0,0,0,[0.0],"[""2026-07-20""]",Excellent,1,NaiveLastValue,10,17-07-2026 13:17
62392849,14,2,ExtraTreesRegressor,0,0,0,"[0.0, 0.0]","[""2026-07-20"", ""2026-07-27""]",Excellent,1,NaiveLastValue,10,17-07-2026 13:17
62392849,28,4,RandomForestRegressor,0,0,0,"[0.0, 0.0, 0.0, 0.0]","[""2026-07-20"", ""2026-07-27"", ""2026-08-03"", ""2026-08-10""]",Excellent,1,NaiveLastValue,10,17-07-2026 13:17
62392849,56,8,RandomForestRegressor,0,0,0,"[0.0, 0.0, 0.0, 0.0, 0.0, 0.0, 0.0, 0.0]","[""2026-07-20"", ""2026-07-27"", ""2026-08-03"", ""2026-08-10"", ""2026-08-17"", ""2026-08-24"", ""2026-08-31"", ""2026-09-07""]",Excellent,1,NaiveLastValue,10,17-07-2026 13:17
62392849,91,13,RandomForestRegressor,0,0,0,"[0.0, 0.0, 0.0, 0.0, 0.0, 0.0, 0.0, 0.0, 0.0, 0.0, 0.0, 0.0, 0.0]","[""2026-07-20"", ""2026-07-27"", ""2026-08-03"", ""2026-08-10"", ""2026-08-17"", ""2026-08-24"", ""2026-08-31"", ""2026-09-07"", ""2026-09-14"", ""2026-09-21"", ""2026-09-28"", ""2026-10-05"", ""2026-10-12""]",Excellent,1,NaiveLastValue,10,17-07-2026 13:17
62386230,7,1,ExtraTreesRegressor,0,0,0,[0.0],"[""2026-07-20""]",Excellent,1,NaiveLastValue,10,17-07-2026 13:17
62386230,14,2,ExtraTreesRegressor,0,0,0,"[0.0, 0.0]","[""2026-07-20"", ""2026-07-27""]",Excellent,1,NaiveLastValue,10,17-07-2026 13:17
62386230,28,4,ExtraTreesRegressor,0,0,0,"[0.0, 0.0, 0.0, 0.0]","[""2026-07-20"", ""2026-07-27"", ""2026-08-03"", ""2026-08-10""]",Excellent,1,NaiveLastValue,10,17-07-2026 13:17
62386230,56,8,RandomForestRegressor,0,0,0,"[0.0, 0.0, 0.0, 0.0, 0.0, 0.0, 0.0, 0.0]","[""2026-07-20"", ""2026-07-27"", ""2026-08-03"", ""2026-08-10"", ""2026-08-17"", ""2026-08-24"", ""2026-08-31"", ""2026-09-07""]",Excellent,1,NaiveLastValue,10,17-07-2026 13:17
62386230,91,13,RandomForestRegressor,0,0,0,"[0.0, 0.0, 0.0, 0.0, 0.0, 0.0, 0.0, 0.0, 0.0, 0.0, 0.0, 0.0, 0.0]","[""2026-07-20"", ""2026-07-27"", ""2026-08-03"", ""2026-08-10"", ""2026-08-17"", ""2026-08-24"", ""2026-08-31"", ""2026-09-07"", ""2026-09-14"", ""2026-09-21"", ""2026-09-28"", ""2026-10-05"", ""2026-10-12""]",Excellent,1,NaiveLastValue,10,17-07-2026 13:17
62403877,7,1,RandomForestRegressor,0,0,0,[0.0],"[""2026-07-20""]",Excellent,1,NaiveLastValue,10,17-07-2026 13:17
62403877,14,2,ExtraTreesRegressor,0,0,0,"[0.0, 0.0]","[""2026-07-20"", ""2026-07-27""]",Excellent,1,NaiveLastValue,10,17-07-2026 13:17
62403877,28,4,ExtraTreesRegressor,0,0,0,"[0.0, 0.0, 0.0, 0.0]","[""2026-07-20"", ""2026-07-27"", ""2026-08-03"", ""2026-08-10""]",Excellent,1,NaiveLastValue,10,17-07-2026 13:17
62403877,56,8,RandomForestRegressor,0,0,0,"[0.0, 0.0, 0.0, 0.0, 0.0, 0.0, 0.0, 0.0]","[""2026-07-20"", ""2026-07-27"", ""2026-08-03"", ""2026-08-10"", ""2026-08-17"", ""2026-08-24"", ""2026-08-31"", ""2026-09-07""]",Excellent,1,NaiveLastValue,10,17-07-2026 13:17
62403877,91,13,HistGradientBoostingRegressor,0,0,0,"[0.0, 0.0, 0.0, 0.0, 0.0, 0.0, 0.0, 0.0, 0.0, 0.0, 0.0, 0.0, 0.0]","[""2026-07-20"", ""2026-07-27"", ""2026-08-03"", ""2026-08-10"", ""2026-08-17"", ""2026-08-24"", ""2026-08-31"", ""2026-09-07"", ""2026-09-14"", ""2026-09-21"", ""2026-09-28"", ""2026-10-05"", ""2026-10-12""]",Excellent,1,NaiveLastValue,10,17-07-2026 13:17
62395661,7,1,ExtraTreesRegressor,0,0,0,[0.0],"[""2026-07-20""]",Excellent,1,NaiveLastValue,10,17-07-2026 13:17
62395661,14,2,ExtraTreesRegressor,0,0,0,"[0.0, 0.0]","[""2026-07-20"", ""2026-07-27""]",Excellent,1,NaiveLastValue,10,17-07-2026 13:17
62395661,28,4,RandomForestRegressor,0,0,0,"[0.0, 0.0, 0.0, 0.0]","[""2026-07-20"", ""2026-07-27"", ""2026-08-03"", ""2026-08-10""]",Excellent,1,NaiveLastValue,10,17-07-2026 13:17
62395661,56,8,RandomForestRegressor,0,0,0,"[0.0, 0.0, 0.0, 0.0, 0.0, 0.0, 0.0, 0.0]","[""2026-07-20"", ""2026-07-27"", ""2026-08-03"", ""2026-08-10"", ""2026-08-17"", ""2026-08-24"", ""2026-08-31"", ""2026-09-07""]",Excellent,1,NaiveLastValue,10,17-07-2026 13:17
62395661,91,13,RandomForestRegressor,0,0,0,"[0.0, 0.0, 0.0, 0.0, 0.0, 0.0, 0.0, 0.0, 0.0, 0.0, 0.0, 0.0, 0.0]","[""2026-07-20"", ""2026-07-27"", ""2026-08-03"", ""2026-08-10"", ""2026-08-17"", ""2026-08-24"", ""2026-08-31"", ""2026-09-07"", ""2026-09-14"", ""2026-09-21"", ""2026-09-28"", ""2026-10-05"", ""2026-10-12""]",Excellent,1,NaiveLastValue,10,17-07-2026 13:17
62411601,7,1,ExtraTreesRegressor,0,0,0,[0.0],"[""2026-07-20""]",Excellent,1,NaiveLastValue,10,17-07-2026 13:17
62411601,14,2,ExtraTreesRegressor,0,0,0,"[0.0, 0.0]","[""2026-07-20"", ""2026-07-27""]",Excellent,1,NaiveLastValue,10,17-07-2026 13:17
62411601,28,4,RandomForestRegressor,0,0,0,"[0.0, 0.0, 0.0, 0.0]","[""2026-07-20"", ""2026-07-27"", ""2026-08-03"", ""2026-08-10""]",Excellent,1,NaiveLastValue,10,17-07-2026 13:17
62411601,56,8,HistGradientBoostingRegressor,0,0,0,"[0.0, 0.0, 0.0, 0.0, 0.0, 0.0, 0.0, 0.0]","[""2026-07-20"", ""2026-07-27"", ""2026-08-03"", ""2026-08-10"", ""2026-08-17"", ""2026-08-24"", ""2026-08-31"", ""2026-09-07""]",Excellent,1,NaiveLastValue,10,17-07-2026 13:17
62411601,91,13,RandomForestRegressor,0,0,0,"[0.0, 0.0, 0.0, 0.0, 0.0, 0.0, 0.0, 0.0, 0.0, 0.0, 0.0, 0.0, 0.0]","[""2026-07-20"", ""2026-07-27"", ""2026-08-03"", ""2026-08-10"", ""2026-08-17"", ""2026-08-24"", ""2026-08-31"", ""2026-09-07"", ""2026-09-14"", ""2026-09-21"", ""2026-09-28"", ""2026-10-05"", ""2026-10-12""]",Excellent,1,NaiveLastValue,10,17-07-2026 13:17
62455363,7,1,RandomForestRegressor,0,0,0,[0.0],"[""2026-07-20""]",Excellent,1,NaiveLastValue,10,17-07-2026 13:17
62455363,14,2,RandomForestRegressor,0,0,0,"[0.0, 0.0]","[""2026-07-20"", ""2026-07-27""]",Excellent,1,NaiveLastValue,10,17-07-2026 13:17
62455363,28,4,RandomForestRegressor,0,0,0,"[0.0, 0.0, 0.0, 0.0]","[""2026-07-20"", ""2026-07-27"", ""2026-08-03"", ""2026-08-10""]",Excellent,1,NaiveLastValue,10,17-07-2026 13:17
62455363,56,8,HistGradientBoostingRegressor,0,0,0,"[0.0, 0.0, 0.0, 0.0, 0.0, 0.0, 0.0, 0.0]","[""2026-07-20"", ""2026-07-27"", ""2026-08-03"", ""2026-08-10"", ""2026-08-17"", ""2026-08-24"", ""2026-08-31"", ""2026-09-07""]",Excellent,1,NaiveLastValue,10,17-07-2026 13:17
62455363,91,13,RandomForestRegressor,0,0,0,"[0.0, 0.0, 0.0, 0.0, 0.0, 0.0, 0.0, 0.0, 0.0, 0.0, 0.0, 0.0, 0.0]","[""2026-07-20"", ""2026-07-27"", ""2026-08-03"", ""2026-08-10"", ""2026-08-17"", ""2026-08-24"", ""2026-08-31"", ""2026-09-07"", ""2026-09-14"", ""2026-09-21"", ""2026-09-28"", ""2026-10-05"", ""2026-10-12""]",Excellent,1,NaiveLastValue,10,17-07-2026 13:17
62411602,7,1,ExtraTreesRegressor,0,0,0,[0.0],"[""2026-07-20""]",Excellent,1,NaiveLastValue,10,17-07-2026 13:17
62411602,14,2,ExtraTreesRegressor,0,0,0,"[0.0, 0.0]","[""2026-07-20"", ""2026-07-27""]",Excellent,1,NaiveLastValue,10,17-07-2026 13:17
62411602,28,4,RandomForestRegressor,0,0,0,"[0.0, 0.0, 0.0, 0.0]","[""2026-07-20"", ""2026-07-27"", ""2026-08-03"", ""2026-08-10""]",Excellent,1,NaiveLastValue,10,17-07-2026 13:17
62411602,56,8,HistGradientBoostingRegressor,0,0,0,"[0.0, 0.0, 0.0, 0.0, 0.0, 0.0, 0.0, 0.0]","[""2026-07-20"", ""2026-07-27"", ""2026-08-03"", ""2026-08-10"", ""2026-08-17"", ""2026-08-24"", ""2026-08-31"", ""2026-09-07""]",Excellent,1,NaiveLastValue,10,17-07-2026 13:17
62411602,91,13,RandomForestRegressor,0,0,0,"[0.0, 0.0, 0.0, 0.0, 0.0, 0.0, 0.0, 0.0, 0.0, 0.0, 0.0, 0.0, 0.0]","[""2026-07-20"", ""2026-07-27"", ""2026-08-03"", ""2026-08-10"", ""2026-08-17"", ""2026-08-24"", ""2026-08-31"", ""2026-09-07"", ""2026-09-14"", ""2026-09-21"", ""2026-09-28"", ""2026-10-05"", ""2026-10-12""]",Excellent,1,NaiveLastValue,10,17-07-2026 13:17
62462134,7,1,ExtraTreesRegressor,0,0,0,[0.0],"[""2026-07-20""]",Excellent,1,NaiveLastValue,10,17-07-2026 13:17
62462134,14,2,RandomForestRegressor,0,0,0,"[0.0, 0.0]","[""2026-07-20"", ""2026-07-27""]",Excellent,1,NaiveLastValue,10,17-07-2026 13:17
62462134,28,4,RandomForestRegressor,0,0,0,"[0.0, 0.0, 0.0, 0.0]","[""2026-07-20"", ""2026-07-27"", ""2026-08-03"", ""2026-08-10""]",Excellent,1,NaiveLastValue,10,17-07-2026 13:17
62462134,56,8,RandomForestRegressor,0,0,0,"[0.0, 0.0, 0.0, 0.0, 0.0, 0.0, 0.0, 0.0]","[""2026-07-20"", ""2026-07-27"", ""2026-08-03"", ""2026-08-10"", ""2026-08-17"", ""2026-08-24"", ""2026-08-31"", ""2026-09-07""]",Excellent,1,NaiveLastValue,10,17-07-2026 13:17
62462134,91,13,RandomForestRegressor,0,0,0,"[0.0, 0.0, 0.0, 0.0, 0.0, 0.0, 0.0, 0.0, 0.0, 0.0, 0.0, 0.0, 0.0]","[""2026-07-20"", ""2026-07-27"", ""2026-08-03"", ""2026-08-10"", ""2026-08-17"", ""2026-08-24"", ""2026-08-31"", ""2026-09-07"", ""2026-09-14"", ""2026-09-21"", ""2026-09-28"", ""2026-10-05"", ""2026-10-12""]",Excellent,1,NaiveLastValue,10,17-07-2026 13:17
62462135,7,1,ExtraTreesRegressor,0,0,0,[0.0],"[""2026-07-20""]",Excellent,1,NaiveLastValue,10,17-07-2026 13:17
62462135,14,2,RandomForestRegressor,0,0,0,"[0.0, 0.0]","[""2026-07-20"", ""2026-07-27""]",Excellent,1,NaiveLastValue,10,17-07-2026 13:17
62462135,28,4,RandomForestRegressor,0,0,0,"[0.0, 0.0, 0.0, 0.0]","[""2026-07-20"", ""2026-07-27"", ""2026-08-03"", ""2026-08-10""]",Excellent,1,NaiveLastValue,10,17-07-2026 13:17
62462135,56,8,RandomForestRegressor,0,0,0,"[0.0, 0.0, 0.0, 0.0, 0.0, 0.0, 0.0, 0.0]","[""2026-07-20"", ""2026-07-27"", ""2026-08-03"", ""2026-08-10"", ""2026-08-17"", ""2026-08-24"", ""2026-08-31"", ""2026-09-07""]",Excellent,1,NaiveLastValue,10,17-07-2026 13:17
62462135,91,13,RandomForestRegressor,0,0,0,"[0.0, 0.0, 0.0, 0.0, 0.0, 0.0, 0.0, 0.0, 0.0, 0.0, 0.0, 0.0, 0.0]","[""2026-07-20"", ""2026-07-27"", ""2026-08-03"", ""2026-08-10"", ""2026-08-17"", ""2026-08-24"", ""2026-08-31"", ""2026-09-07"", ""2026-09-14"", ""2026-09-21"", ""2026-09-28"", ""2026-10-05"", ""2026-10-12""]",Excellent,1,NaiveLastValue,10,17-07-2026 13:17
62462136,7,1,RandomForestRegressor,0,0,0,[0.0],"[""2026-07-20""]",Excellent,1,NaiveLastValue,10,17-07-2026 13:17
62462136,14,2,RandomForestRegressor,0,0,0,"[0.0, 0.0]","[""2026-07-20"", ""2026-07-27""]",Excellent,1,NaiveLastValue,10,17-07-2026 13:17
62462136,28,4,RandomForestRegressor,0,0,0,"[0.0, 0.0, 0.0, 0.0]","[""2026-07-20"", ""2026-07-27"", ""2026-08-03"", ""2026-08-10""]",Excellent,1,NaiveLastValue,10,17-07-2026 13:17
62462136,56,8,RandomForestRegressor,0,0,0,"[0.0, 0.0, 0.0, 0.0, 0.0, 0.0, 0.0, 0.0]","[""2026-07-20"", ""2026-07-27"", ""2026-08-03"", ""2026-08-10"", ""2026-08-17"", ""2026-08-24"", ""2026-08-31"", ""2026-09-07""]",Excellent,1,NaiveLastValue,10,17-07-2026 13:17
62462136,91,13,RandomForestRegressor,0,0,0,"[0.0, 0.0, 0.0, 0.0, 0.0, 0.0, 0.0, 0.0, 0.0, 0.0, 0.0, 0.0, 0.0]","[""2026-07-20"", ""2026-07-27"", ""2026-08-03"", ""2026-08-10"", ""2026-08-17"", ""2026-08-24"", ""2026-08-31"", ""2026-09-07"", ""2026-09-14"", ""2026-09-21"", ""2026-09-28"", ""2026-10-05"", ""2026-10-12""]",Excellent,1,NaiveLastValue,10,17-07-2026 13:17
62462141,7,1,ExtraTreesRegressor,0,0,0,[0.0],"[""2026-07-20""]",Excellent,1,NaiveLastValue,10,17-07-2026 13:17
62462141,14,2,RandomForestRegressor,0,0,0,"[0.0, 0.0]","[""2026-07-20"", ""2026-07-27""]",Excellent,1,NaiveLastValue,10,17-07-2026 13:17
62462141,28,4,RandomForestRegressor,0,0,0,"[0.0, 0.0, 0.0, 0.0]","[""2026-07-20"", ""2026-07-27"", ""2026-08-03"", ""2026-08-10""]",Excellent,1,NaiveLastValue,10,17-07-2026 13:17
62462141,56,8,RandomForestRegressor,0,0,0,"[0.0, 0.0, 0.0, 0.0, 0.0, 0.0, 0.0, 0.0]","[""2026-07-20"", ""2026-07-27"", ""2026-08-03"", ""2026-08-10"", ""2026-08-17"", ""2026-08-24"", ""2026-08-31"", ""2026-09-07""]",Excellent,1,NaiveLastValue,10,17-07-2026 13:17
62462141,91,13,RandomForestRegressor,0,0,0,"[0.0, 0.0, 0.0, 0.0, 0.0, 0.0, 0.0, 0.0, 0.0, 0.0, 0.0, 0.0, 0.0]","[""2026-07-20"", ""2026-07-27"", ""2026-08-03"", ""2026-08-10"", ""2026-08-17"", ""2026-08-24"", ""2026-08-31"", ""2026-09-07"", ""2026-09-14"", ""2026-09-21"", ""2026-09-28"", ""2026-10-05"", ""2026-10-12""]",Excellent,1,NaiveLastValue,10,17-07-2026 13:17
62472212,7,1,ExtraTreesRegressor,0,0,0,[0.0],"[""2026-07-20""]",Excellent,1,NaiveLastValue,10,17-07-2026 13:17
62472212,14,2,HistGradientBoostingRegressor,0,0,0,"[0.0, 0.0]","[""2026-07-20"", ""2026-07-27""]",Excellent,1,NaiveLastValue,10,17-07-2026 13:17
62472212,28,4,RandomForestRegressor,0,0,0,"[0.0, 0.0, 0.0, 0.0]","[""2026-07-20"", ""2026-07-27"", ""2026-08-03"", ""2026-08-10""]",Excellent,1,NaiveLastValue,10,17-07-2026 13:17
62472212,56,8,RandomForestRegressor,0,0,0,"[0.0, 0.0, 0.0, 0.0, 0.0, 0.0, 0.0, 0.0]","[""2026-07-20"", ""2026-07-27"", ""2026-08-03"", ""2026-08-10"", ""2026-08-17"", ""2026-08-24"", ""2026-08-31"", ""2026-09-07""]",Excellent,1,NaiveLastValue,10,17-07-2026 13:17
62472212,91,13,RandomForestRegressor,0,0,0,"[0.0, 0.0, 0.0, 0.0, 0.0, 0.0, 0.0, 0.0, 0.0, 0.0, 0.0, 0.0, 0.0]","[""2026-07-20"", ""2026-07-27"", ""2026-08-03"", ""2026-08-10"", ""2026-08-17"", ""2026-08-24"", ""2026-08-31"", ""2026-09-07"", ""2026-09-14"", ""2026-09-21"", ""2026-09-28"", ""2026-10-05"", ""2026-10-12""]",Excellent,1,NaiveLastValue,10,17-07-2026 13:17
62465872,7,1,RandomForestRegressor,0,0,0,[0.0],"[""2026-07-20""]",Excellent,1,NaiveLastValue,10,17-07-2026 13:17
62465872,14,2,RandomForestRegressor,0,0,0,"[0.0, 0.0]","[""2026-07-20"", ""2026-07-27""]",Excellent,1,NaiveLastValue,10,17-07-2026 13:17
62465872,28,4,HistGradientBoostingRegressor,0,0,0,"[0.0, 0.0, 0.0, 0.0]","[""2026-07-20"", ""2026-07-27"", ""2026-08-03"", ""2026-08-10""]",Excellent,1,NaiveLastValue,10,17-07-2026 13:17
62465872,56,8,RandomForestRegressor,0,0,0,"[0.0, 0.0, 0.0, 0.0, 0.0, 0.0, 0.0, 0.0]","[""2026-07-20"", ""2026-07-27"", ""2026-08-03"", ""2026-08-10"", ""2026-08-17"", ""2026-08-24"", ""2026-08-31"", ""2026-09-07""]",Excellent,1,NaiveLastValue,10,17-07-2026 13:17
62465872,91,13,RandomForestRegressor,0,0,0,"[0.0, 0.0, 0.0, 0.0, 0.0, 0.0, 0.0, 0.0, 0.0, 0.0, 0.0, 0.0, 0.0]","[""2026-07-20"", ""2026-07-27"", ""2026-08-03"", ""2026-08-10"", ""2026-08-17"", ""2026-08-24"", ""2026-08-31"", ""2026-09-07"", ""2026-09-14"", ""2026-09-21"", ""2026-09-28"", ""2026-10-05"", ""2026-10-12""]",Excellent,1,NaiveLastValue,10,17-07-2026 13:17
62465871,7,1,ExtraTreesRegressor,0,0,0,[0.0],"[""2026-07-20""]",Excellent,1,NaiveLastValue,10,17-07-2026 13:17
62465871,14,2,RandomForestRegressor,0,0,0,"[0.0, 0.0]","[""2026-07-20"", ""2026-07-27""]",Excellent,1,NaiveLastValue,10,17-07-2026 13:17
62465871,28,4,HistGradientBoostingRegressor,0,0,0,"[0.0, 0.0, 0.0, 0.0]","[""2026-07-20"", ""2026-07-27"", ""2026-08-03"", ""2026-08-10""]",Excellent,1,NaiveLastValue,10,17-07-2026 13:17
62465871,56,8,RandomForestRegressor,0,0,0,"[0.0, 0.0, 0.0, 0.0, 0.0, 0.0, 0.0, 0.0]","[""2026-07-20"", ""2026-07-27"", ""2026-08-03"", ""2026-08-10"", ""2026-08-17"", ""2026-08-24"", ""2026-08-31"", ""2026-09-07""]",Excellent,1,NaiveLastValue,10,17-07-2026 13:17
62465871,91,13,RandomForestRegressor,0,0,0,"[0.0, 0.0, 0.0, 0.0, 0.0, 0.0, 0.0, 0.0, 0.0, 0.0, 0.0, 0.0, 0.0]","[""2026-07-20"", ""2026-07-27"", ""2026-08-03"", ""2026-08-10"", ""2026-08-17"", ""2026-08-24"", ""2026-08-31"", ""2026-09-07"", ""2026-09-14"", ""2026-09-21"", ""2026-09-28"", ""2026-10-05"", ""2026-10-12""]",Excellent,1,NaiveLastValue,10,17-07-2026 13:17
62472213,7,1,ExtraTreesRegressor,0,0,0,[0.0],"[""2026-07-20""]",Excellent,1,NaiveLastValue,10,17-07-2026 13:17
62472213,14,2,HistGradientBoostingRegressor,0,0,0,"[0.0, 0.0]","[""2026-07-20"", ""2026-07-27""]",Excellent,1,NaiveLastValue,10,17-07-2026 13:17
62472213,28,4,RandomForestRegressor,0,0,0,"[0.0, 0.0, 0.0, 0.0]","[""2026-07-20"", ""2026-07-27"", ""2026-08-03"", ""2026-08-10""]",Excellent,1,NaiveLastValue,10,17-07-2026 13:17
62472213,56,8,RandomForestRegressor,0,0,0,"[0.0, 0.0, 0.0, 0.0, 0.0, 0.0, 0.0, 0.0]","[""2026-07-20"", ""2026-07-27"", ""2026-08-03"", ""2026-08-10"", ""2026-08-17"", ""2026-08-24"", ""2026-08-31"", ""2026-09-07""]",Excellent,1,NaiveLastValue,10,17-07-2026 13:17
62472213,91,13,RandomForestRegressor,0,0,0,"[0.0, 0.0, 0.0, 0.0, 0.0, 0.0, 0.0, 0.0, 0.0, 0.0, 0.0, 0.0, 0.0]","[""2026-07-20"", ""2026-07-27"", ""2026-08-03"", ""2026-08-10"", ""2026-08-17"", ""2026-08-24"", ""2026-08-31"", ""2026-09-07"", ""2026-09-14"", ""2026-09-21"", ""2026-09-28"", ""2026-10-05"", ""2026-10-12""]",Excellent,1,NaiveLastValue,10,17-07-2026 13:17
62472214,7,1,RandomForestRegressor,0,0,0,[0.0],"[""2026-07-20""]",Excellent,1,NaiveLastValue,10,17-07-2026 13:17
62472214,14,2,HistGradientBoostingRegressor,0,0,0,"[0.0, 0.0]","[""2026-07-20"", ""2026-07-27""]",Excellent,1,NaiveLastValue,10,17-07-2026 13:17
62472214,28,4,RandomForestRegressor,0,0,0,"[0.0, 0.0, 0.0, 0.0]","[""2026-07-20"", ""2026-07-27"", ""2026-08-03"", ""2026-08-10""]",Excellent,1,NaiveLastValue,10,17-07-2026 13:17
62472214,56,8,RandomForestRegressor,0,0,0,"[0.0, 0.0, 0.0, 0.0, 0.0, 0.0, 0.0, 0.0]","[""2026-07-20"", ""2026-07-27"", ""2026-08-03"", ""2026-08-10"", ""2026-08-17"", ""2026-08-24"", ""2026-08-31"", ""2026-09-07""]",Excellent,1,NaiveLastValue,10,17-07-2026 13:17
62472214,91,13,RandomForestRegressor,0,0,0,"[0.0, 0.0, 0.0, 0.0, 0.0, 0.0, 0.0, 0.0, 0.0, 0.0, 0.0, 0.0, 0.0]","[""2026-07-20"", ""2026-07-27"", ""2026-08-03"", ""2026-08-10"", ""2026-08-17"", ""2026-08-24"", ""2026-08-31"", ""2026-09-07"", ""2026-09-14"", ""2026-09-21"", ""2026-09-28"", ""2026-10-05"", ""2026-10-12""]",Excellent,1,NaiveLastValue,10,17-07-2026 13:17
62485007,7,1,ExtraTreesRegressor,0,0,0,[0.0],"[""2026-07-20""]",Excellent,1,NaiveLastValue,10,17-07-2026 13:17
62485007,14,2,RandomForestRegressor,0,0,0,"[0.0, 0.0]","[""2026-07-20"", ""2026-07-27""]",Excellent,1,NaiveLastValue,10,17-07-2026 13:17
62485007,28,4,RandomForestRegressor,0,0,0,"[0.0, 0.0, 0.0, 0.0]","[""2026-07-20"", ""2026-07-27"", ""2026-08-03"", ""2026-08-10""]",Excellent,1,NaiveLastValue,10,17-07-2026 13:17
62485007,56,8,RandomForestRegressor,0,0,0,"[0.0, 0.0, 0.0, 0.0, 0.0, 0.0, 0.0, 0.0]","[""2026-07-20"", ""2026-07-27"", ""2026-08-03"", ""2026-08-10"", ""2026-08-17"", ""2026-08-24"", ""2026-08-31"", ""2026-09-07""]",Excellent,1,NaiveLastValue,10,17-07-2026 13:17
62485007,91,13,RandomForestRegressor,0,0,0,"[0.0, 0.0, 0.0, 0.0, 0.0, 0.0, 0.0, 0.0, 0.0, 0.0, 0.0, 0.0, 0.0]","[""2026-07-20"", ""2026-07-27"", ""2026-08-03"", ""2026-08-10"", ""2026-08-17"", ""2026-08-24"", ""2026-08-31"", ""2026-09-07"", ""2026-09-14"", ""2026-09-21"", ""2026-09-28"", ""2026-10-05"", ""2026-10-12""]",Excellent,1,NaiveLastValue,10,17-07-2026 13:17
62485008,7,1,RandomForestRegressor,0,0,0,[0.0],"[""2026-07-20""]",Excellent,1,NaiveLastValue,10,17-07-2026 13:17
62485008,14,2,RandomForestRegressor,0,0,0,"[0.0, 0.0]","[""2026-07-20"", ""2026-07-27""]",Excellent,1,NaiveLastValue,10,17-07-2026 13:17
62485008,28,4,HistGradientBoostingRegressor,0,0,0,"[0.0, 0.0, 0.0, 0.0]","[""2026-07-20"", ""2026-07-27"", ""2026-08-03"", ""2026-08-10""]",Excellent,1,NaiveLastValue,10,17-07-2026 13:17
62485008,56,8,RandomForestRegressor,0,0,0,"[0.0, 0.0, 0.0, 0.0, 0.0, 0.0, 0.0, 0.0]","[""2026-07-20"", ""2026-07-27"", ""2026-08-03"", ""2026-08-10"", ""2026-08-17"", ""2026-08-24"", ""2026-08-31"", ""2026-09-07""]",Excellent,1,NaiveLastValue,10,17-07-2026 13:17
62485008,91,13,RandomForestRegressor,0,0,0,"[0.0, 0.0, 0.0, 0.0, 0.0, 0.0, 0.0, 0.0, 0.0, 0.0, 0.0, 0.0, 0.0]","[""2026-07-20"", ""2026-07-27"", ""2026-08-03"", ""2026-08-10"", ""2026-08-17"", ""2026-08-24"", ""2026-08-31"", ""2026-09-07"", ""2026-09-14"", ""2026-09-21"", ""2026-09-28"", ""2026-10-05"", ""2026-10-12""]",Excellent,1,NaiveLastValue,10,17-07-2026 13:17
62488660,7,1,RandomForestRegressor,0,0,0,[0.0],"[""2026-07-20""]",Excellent,1,NaiveLastValue,10,17-07-2026 13:17
62488660,14,2,HistGradientBoostingRegressor,0,0,0,"[0.0, 0.0]","[""2026-07-20"", ""2026-07-27""]",Excellent,1,NaiveLastValue,10,17-07-2026 13:17
62488660,28,4,RandomForestRegressor,0,0,0,"[0.0, 0.0, 0.0, 0.0]","[""2026-07-20"", ""2026-07-27"", ""2026-08-03"", ""2026-08-10""]",Excellent,1,NaiveLastValue,10,17-07-2026 13:17
62488660,56,8,RandomForestRegressor,0,0,0,"[0.0, 0.0, 0.0, 0.0, 0.0, 0.0, 0.0, 0.0]","[""2026-07-20"", ""2026-07-27"", ""2026-08-03"", ""2026-08-10"", ""2026-08-17"", ""2026-08-24"", ""2026-08-31"", ""2026-09-07""]",Excellent,1,NaiveLastValue,10,17-07-2026 13:17
62488660,91,13,RandomForestRegressor,0,0,0,"[0.0, 0.0, 0.0, 0.0, 0.0, 0.0, 0.0, 0.0, 0.0, 0.0, 0.0, 0.0, 0.0]","[""2026-07-20"", ""2026-07-27"", ""2026-08-03"", ""2026-08-10"", ""2026-08-17"", ""2026-08-24"", ""2026-08-31"", ""2026-09-07"", ""2026-09-14"", ""2026-09-21"", ""2026-09-28"", ""2026-10-05"", ""2026-10-12""]",Excellent,1,NaiveLastValue,10,17-07-2026 13:17
62488661,7,1,RandomForestRegressor,0,0,0,[0.0],"[""2026-07-20""]",Excellent,1,NaiveLastValue,10,17-07-2026 13:17
62488661,14,2,HistGradientBoostingRegressor,0,0,0,"[0.0, 0.0]","[""2026-07-20"", ""2026-07-27""]",Excellent,1,NaiveLastValue,10,17-07-2026 13:17
62488661,28,4,RandomForestRegressor,0,0,0,"[0.0, 0.0, 0.0, 0.0]","[""2026-07-20"", ""2026-07-27"", ""2026-08-03"", ""2026-08-10""]",Excellent,1,NaiveLastValue,10,17-07-2026 13:17
62488661,56,8,RandomForestRegressor,0,0,0,"[0.0, 0.0, 0.0, 0.0, 0.0, 0.0, 0.0, 0.0]","[""2026-07-20"", ""2026-07-27"", ""2026-08-03"", ""2026-08-10"", ""2026-08-17"", ""2026-08-24"", ""2026-08-31"", ""2026-09-07""]",Excellent,1,NaiveLastValue,10,17-07-2026 13:17
62488661,91,13,RandomForestRegressor,0,0,0,"[0.0, 0.0, 0.0, 0.0, 0.0, 0.0, 0.0, 0.0, 0.0, 0.0, 0.0, 0.0, 0.0]","[""2026-07-20"", ""2026-07-27"", ""2026-08-03"", ""2026-08-10"", ""2026-08-17"", ""2026-08-24"", ""2026-08-31"", ""2026-09-07"", ""2026-09-14"", ""2026-09-21"", ""2026-09-28"", ""2026-10-05"", ""2026-10-12""]",Excellent,1,NaiveLastValue,10,17-07-2026 13:17
62488663,7,1,RandomForestRegressor,0,0,0,[0.0],"[""2026-07-20""]",Excellent,1,NaiveLastValue,10,17-07-2026 13:17
62488663,14,2,HistGradientBoostingRegressor,0,0,0,"[0.0, 0.0]","[""2026-07-20"", ""2026-07-27""]",Excellent,1,NaiveLastValue,10,17-07-2026 13:17
62488663,28,4,RandomForestRegressor,0,0,0,"[0.0, 0.0, 0.0, 0.0]","[""2026-07-20"", ""2026-07-27"", ""2026-08-03"", ""2026-08-10""]",Excellent,1,NaiveLastValue,10,17-07-2026 13:17
62488663,56,8,RandomForestRegressor,0,0,0,"[0.0, 0.0, 0.0, 0.0, 0.0, 0.0, 0.0, 0.0]","[""2026-07-20"", ""2026-07-27"", ""2026-08-03"", ""2026-08-10"", ""2026-08-17"", ""2026-08-24"", ""2026-08-31"", ""2026-09-07""]",Excellent,1,NaiveLastValue,10,17-07-2026 13:17
62488663,91,13,ExtraTreesRegressor,0,0,0,"[0.0, 0.0, 0.0, 0.0, 0.0, 0.0, 0.0, 0.0, 0.0, 0.0, 0.0, 0.0, 0.0]","[""2026-07-20"", ""2026-07-27"", ""2026-08-03"", ""2026-08-10"", ""2026-08-17"", ""2026-08-24"", ""2026-08-31"", ""2026-09-07"", ""2026-09-14"", ""2026-09-21"", ""2026-09-28"", ""2026-10-05"", ""2026-10-12""]",Excellent,1,NaiveLastValue,10,17-07-2026 13:17
62488662,7,1,RandomForestRegressor,0,0,0,[0.0],"[""2026-07-20""]",Excellent,1,NaiveLastValue,10,17-07-2026 13:17
62488662,14,2,HistGradientBoostingRegressor,0,0,0,"[0.0, 0.0]","[""2026-07-20"", ""2026-07-27""]",Excellent,1,NaiveLastValue,10,17-07-2026 13:17
62488662,28,4,RandomForestRegressor,0,0,0,"[0.0, 0.0, 0.0, 0.0]","[""2026-07-20"", ""2026-07-27"", ""2026-08-03"", ""2026-08-10""]",Excellent,1,NaiveLastValue,10,17-07-2026 13:17
62488662,56,8,RandomForestRegressor,0,0,0,"[0.0, 0.0, 0.0, 0.0, 0.0, 0.0, 0.0, 0.0]","[""2026-07-20"", ""2026-07-27"", ""2026-08-03"", ""2026-08-10"", ""2026-08-17"", ""2026-08-24"", ""2026-08-31"", ""2026-09-07""]",Excellent,1,NaiveLastValue,10,17-07-2026 13:17
62488662,91,13,RandomForestRegressor,0,0,0,"[0.0, 0.0, 0.0, 0.0, 0.0, 0.0, 0.0, 0.0, 0.0, 0.0, 0.0, 0.0, 0.0]","[""2026-07-20"", ""2026-07-27"", ""2026-08-03"", ""2026-08-10"", ""2026-08-17"", ""2026-08-24"", ""2026-08-31"", ""2026-09-07"", ""2026-09-14"", ""2026-09-21"", ""2026-09-28"", ""2026-10-05"", ""2026-10-12""]",Excellent,1,NaiveLastValue,10,17-07-2026 13:17
62491874,7,1,HistGradientBoostingRegressor,0,0,0,[0.0],"[""2026-07-20""]",Excellent,1,NaiveLastValue,10,17-07-2026 13:17
62491874,14,2,RandomForestRegressor,0,0,0,"[0.0, 0.0]","[""2026-07-20"", ""2026-07-27""]",Excellent,1,NaiveLastValue,10,17-07-2026 13:17
62491874,28,4,RandomForestRegressor,0,0,0,"[0.0, 0.0, 0.0, 0.0]","[""2026-07-20"", ""2026-07-27"", ""2026-08-03"", ""2026-08-10""]",Excellent,1,NaiveLastValue,10,17-07-2026 13:17
62491874,56,8,HistGradientBoostingRegressor,0,0,0,"[0.0, 0.0, 0.0, 0.0, 0.0, 0.0, 0.0, 0.0]","[""2026-07-20"", ""2026-07-27"", ""2026-08-03"", ""2026-08-10"", ""2026-08-17"", ""2026-08-24"", ""2026-08-31"", ""2026-09-07""]",Excellent,1,NaiveLastValue,10,17-07-2026 13:17
62491874,91,13,RandomForestRegressor,0,0,0,"[0.0, 0.0, 0.0, 0.0, 0.0, 0.0, 0.0, 0.0, 0.0, 0.0, 0.0, 0.0, 0.0]","[""2026-07-20"", ""2026-07-27"", ""2026-08-03"", ""2026-08-10"", ""2026-08-17"", ""2026-08-24"", ""2026-08-31"", ""2026-09-07"", ""2026-09-14"", ""2026-09-21"", ""2026-09-28"", ""2026-10-05"", ""2026-10-12""]",Excellent,1,NaiveLastValue,10,17-07-2026 13:17
62491872,7,1,HistGradientBoostingRegressor,0,0,0,[0.0],"[""2026-07-20""]",Excellent,1,NaiveLastValue,10,17-07-2026 13:17
62491872,14,2,RandomForestRegressor,0,0,0,"[0.0, 0.0]","[""2026-07-20"", ""2026-07-27""]",Excellent,1,NaiveLastValue,10,17-07-2026 13:17
62491872,28,4,RandomForestRegressor,0,0,0,"[0.0, 0.0, 0.0, 0.0]","[""2026-07-20"", ""2026-07-27"", ""2026-08-03"", ""2026-08-10""]",Excellent,1,NaiveLastValue,10,17-07-2026 13:17
62491872,56,8,HistGradientBoostingRegressor,0,0,0,"[0.0, 0.0, 0.0, 0.0, 0.0, 0.0, 0.0, 0.0]","[""2026-07-20"", ""2026-07-27"", ""2026-08-03"", ""2026-08-10"", ""2026-08-17"", ""2026-08-24"", ""2026-08-31"", ""2026-09-07""]",Excellent,1,NaiveLastValue,10,17-07-2026 13:17
62491872,91,13,RandomForestRegressor,0,0,0,"[0.0, 0.0, 0.0, 0.0, 0.0, 0.0, 0.0, 0.0, 0.0, 0.0, 0.0, 0.0, 0.0]","[""2026-07-20"", ""2026-07-27"", ""2026-08-03"", ""2026-08-10"", ""2026-08-17"", ""2026-08-24"", ""2026-08-31"", ""2026-09-07"", ""2026-09-14"", ""2026-09-21"", ""2026-09-28"", ""2026-10-05"", ""2026-10-12""]",Excellent,1,NaiveLastValue,10,17-07-2026 13:17
62491911,7,1,RandomForestRegressor,0,0,0,[0.0],"[""2026-07-20""]",Excellent,1,NaiveLastValue,10,17-07-2026 13:17
62491911,14,2,RandomForestRegressor,0,0,0,"[0.0, 0.0]","[""2026-07-20"", ""2026-07-27""]",Excellent,1,NaiveLastValue,10,17-07-2026 13:17
62491911,28,4,RandomForestRegressor,0,0,0,"[0.0, 0.0, 0.0, 0.0]","[""2026-07-20"", ""2026-07-27"", ""2026-08-03"", ""2026-08-10""]",Excellent,1,NaiveLastValue,10,17-07-2026 13:17
62491911,56,8,HistGradientBoostingRegressor,0,0,0,"[0.0, 0.0, 0.0, 0.0, 0.0, 0.0, 0.0, 0.0]","[""2026-07-20"", ""2026-07-27"", ""2026-08-03"", ""2026-08-10"", ""2026-08-17"", ""2026-08-24"", ""2026-08-31"", ""2026-09-07""]",Excellent,1,NaiveLastValue,10,17-07-2026 13:17
62491911,91,13,RandomForestRegressor,0,0,0,"[0.0, 0.0, 0.0, 0.0, 0.0, 0.0, 0.0, 0.0, 0.0, 0.0, 0.0, 0.0, 0.0]","[""2026-07-20"", ""2026-07-27"", ""2026-08-03"", ""2026-08-10"", ""2026-08-17"", ""2026-08-24"", ""2026-08-31"", ""2026-09-07"", ""2026-09-14"", ""2026-09-21"", ""2026-09-28"", ""2026-10-05"", ""2026-10-12""]",Excellent,1,NaiveLastValue,10,17-07-2026 13:17
62766887,7,1,RandomForestRegressor,0,0,0,[0.0],"[""2026-07-20""]",Excellent,1,NaiveLastValue,10,17-07-2026 13:17
62766887,14,2,RandomForestRegressor,0,0,0,"[0.0, 0.0]","[""2026-07-20"", ""2026-07-27""]",Excellent,1,NaiveLastValue,10,17-07-2026 13:17
62766887,28,4,RandomForestRegressor,0,0,0,"[0.0, 0.0, 0.0, 0.0]","[""2026-07-20"", ""2026-07-27"", ""2026-08-03"", ""2026-08-10""]",Excellent,1,NaiveLastValue,10,17-07-2026 13:17
62766887,56,8,RandomForestRegressor,0,0,0,"[0.0, 0.0, 0.0, 0.0, 0.0, 0.0, 0.0, 0.0]","[""2026-07-20"", ""2026-07-27"", ""2026-08-03"", ""2026-08-10"", ""2026-08-17"", ""2026-08-24"", ""2026-08-31"", ""2026-09-07""]",Excellent,1,NaiveLastValue,10,17-07-2026 13:17
62766887,91,13,RandomForestRegressor,0,0,0,"[0.0, 0.0, 0.0, 0.0, 0.0, 0.0, 0.0, 0.0, 0.0, 0.0, 0.0, 0.0, 0.0]","[""2026-07-20"", ""2026-07-27"", ""2026-08-03"", ""2026-08-10"", ""2026-08-17"", ""2026-08-24"", ""2026-08-31"", ""2026-09-07"", ""2026-09-14"", ""2026-09-21"", ""2026-09-28"", ""2026-10-05"", ""2026-10-12""]",Excellent,1,NaiveLastValue,10,17-07-2026 13:17
62491910,7,1,HistGradientBoostingRegressor,0,0,0,[0.0],"[""2026-07-20""]",Excellent,1,NaiveLastValue,10,17-07-2026 13:17
62491910,14,2,RandomForestRegressor,0,0,0,"[0.0, 0.0]","[""2026-07-20"", ""2026-07-27""]",Excellent,1,NaiveLastValue,10,17-07-2026 13:17
62491910,28,4,RandomForestRegressor,0,0,0,"[0.0, 0.0, 0.0, 0.0]","[""2026-07-20"", ""2026-07-27"", ""2026-08-03"", ""2026-08-10""]",Excellent,1,NaiveLastValue,10,17-07-2026 13:17
62491910,56,8,HistGradientBoostingRegressor,0,0,0,"[0.0, 0.0, 0.0, 0.0, 0.0, 0.0, 0.0, 0.0]","[""2026-07-20"", ""2026-07-27"", ""2026-08-03"", ""2026-08-10"", ""2026-08-17"", ""2026-08-24"", ""2026-08-31"", ""2026-09-07""]",Excellent,1,NaiveLastValue,10,17-07-2026 13:17
62491910,91,13,ExtraTreesRegressor,0,0,0,"[0.0, 0.0, 0.0, 0.0, 0.0, 0.0, 0.0, 0.0, 0.0, 0.0, 0.0, 0.0, 0.0]","[""2026-07-20"", ""2026-07-27"", ""2026-08-03"", ""2026-08-10"", ""2026-08-17"", ""2026-08-24"", ""2026-08-31"", ""2026-09-07"", ""2026-09-14"", ""2026-09-21"", ""2026-09-28"", ""2026-10-05"", ""2026-10-12""]",Excellent,1,NaiveLastValue,10,17-07-2026 13:17
62491908,7,1,HistGradientBoostingRegressor,0,0,0,[0.0],"[""2026-07-20""]",Excellent,1,NaiveLastValue,10,17-07-2026 13:17
62491908,14,2,RandomForestRegressor,0,0,0,"[0.0, 0.0]","[""2026-07-20"", ""2026-07-27""]",Excellent,1,NaiveLastValue,10,17-07-2026 13:17
62491908,28,4,RandomForestRegressor,0,0,0,"[0.0, 0.0, 0.0, 0.0]","[""2026-07-20"", ""2026-07-27"", ""2026-08-03"", ""2026-08-10""]",Excellent,1,NaiveLastValue,10,17-07-2026 13:17
62491908,56,8,HistGradientBoostingRegressor,0,0,0,"[0.0, 0.0, 0.0, 0.0, 0.0, 0.0, 0.0, 0.0]","[""2026-07-20"", ""2026-07-27"", ""2026-08-03"", ""2026-08-10"", ""2026-08-17"", ""2026-08-24"", ""2026-08-31"", ""2026-09-07""]",Excellent,1,NaiveLastValue,10,17-07-2026 13:17
62491908,91,13,RandomForestRegressor,0,0,0,"[0.0, 0.0, 0.0, 0.0, 0.0, 0.0, 0.0, 0.0, 0.0, 0.0, 0.0, 0.0, 0.0]","[""2026-07-20"", ""2026-07-27"", ""2026-08-03"", ""2026-08-10"", ""2026-08-17"", ""2026-08-24"", ""2026-08-31"", ""2026-09-07"", ""2026-09-14"", ""2026-09-21"", ""2026-09-28"", ""2026-10-05"", ""2026-10-12""]",Excellent,1,NaiveLastValue,10,17-07-2026 13:17
62766888,7,1,RandomForestRegressor,0,0,0,[0.0],"[""2026-07-20""]",Excellent,1,NaiveLastValue,10,17-07-2026 13:17
62766888,14,2,RandomForestRegressor,0,0,0,"[0.0, 0.0]","[""2026-07-20"", ""2026-07-27""]",Excellent,1,NaiveLastValue,10,17-07-2026 13:17
62766888,28,4,RandomForestRegressor,0,0,0,"[0.0, 0.0, 0.0, 0.0]","[""2026-07-20"", ""2026-07-27"", ""2026-08-03"", ""2026-08-10""]",Excellent,1,NaiveLastValue,10,17-07-2026 13:17
62766888,56,8,RandomForestRegressor,0,0,0,"[0.0, 0.0, 0.0, 0.0, 0.0, 0.0, 0.0, 0.0]","[""2026-07-20"", ""2026-07-27"", ""2026-08-03"", ""2026-08-10"", ""2026-08-17"", ""2026-08-24"", ""2026-08-31"", ""2026-09-07""]",Excellent,1,NaiveLastValue,10,17-07-2026 13:17
62766888,91,13,RandomForestRegressor,0,0,0,"[0.0, 0.0, 0.0, 0.0, 0.0, 0.0, 0.0, 0.0, 0.0, 0.0, 0.0, 0.0, 0.0]","[""2026-07-20"", ""2026-07-27"", ""2026-08-03"", ""2026-08-10"", ""2026-08-17"", ""2026-08-24"", ""2026-08-31"", ""2026-09-07"", ""2026-09-14"", ""2026-09-21"", ""2026-09-28"", ""2026-10-05"", ""2026-10-12""]",Excellent,1,NaiveLastValue,10,17-07-2026 13:17
62491879,7,1,HistGradientBoostingRegressor,0,0,0,[0.0],"[""2026-07-20""]",Excellent,1,NaiveLastValue,10,17-07-2026 13:17
62491879,14,2,RandomForestRegressor,0,0,0,"[0.0, 0.0]","[""2026-07-20"", ""2026-07-27""]",Excellent,1,NaiveLastValue,10,17-07-2026 13:17
62491879,28,4,RandomForestRegressor,0,0,0,"[0.0, 0.0, 0.0, 0.0]","[""2026-07-20"", ""2026-07-27"", ""2026-08-03"", ""2026-08-10""]",Excellent,1,NaiveLastValue,10,17-07-2026 13:17
62491879,56,8,HistGradientBoostingRegressor,0,0,0,"[0.0, 0.0, 0.0, 0.0, 0.0, 0.0, 0.0, 0.0]","[""2026-07-20"", ""2026-07-27"", ""2026-08-03"", ""2026-08-10"", ""2026-08-17"", ""2026-08-24"", ""2026-08-31"", ""2026-09-07""]",Excellent,1,NaiveLastValue,10,17-07-2026 13:17
62491879,91,13,ExtraTreesRegressor,0,0,0,"[0.0, 0.0, 0.0, 0.0, 0.0, 0.0, 0.0, 0.0, 0.0, 0.0, 0.0, 0.0, 0.0]","[""2026-07-20"", ""2026-07-27"", ""2026-08-03"", ""2026-08-10"", ""2026-08-17"", ""2026-08-24"", ""2026-08-31"", ""2026-09-07"", ""2026-09-14"", ""2026-09-21"", ""2026-09-28"", ""2026-10-05"", ""2026-10-12""]",Excellent,1,NaiveLastValue,10,17-07-2026 13:17
62766889,7,1,RandomForestRegressor,0,0,0,[0.0],"[""2026-07-20""]",Excellent,1,NaiveLastValue,10,17-07-2026 13:17
62766889,14,2,RandomForestRegressor,0,0,0,"[0.0, 0.0]","[""2026-07-20"", ""2026-07-27""]",Excellent,1,NaiveLastValue,10,17-07-2026 13:17
62766889,28,4,RandomForestRegressor,0,0,0,"[0.0, 0.0, 0.0, 0.0]","[""2026-07-20"", ""2026-07-27"", ""2026-08-03"", ""2026-08-10""]",Excellent,1,NaiveLastValue,10,17-07-2026 13:17
62766889,56,8,RandomForestRegressor,0,0,0,"[0.0, 0.0, 0.0, 0.0, 0.0, 0.0, 0.0, 0.0]","[""2026-07-20"", ""2026-07-27"", ""2026-08-03"", ""2026-08-10"", ""2026-08-17"", ""2026-08-24"", ""2026-08-31"", ""2026-09-07""]",Excellent,1,NaiveLastValue,10,17-07-2026 13:17
62766889,91,13,RandomForestRegressor,0,0,0,"[0.0, 0.0, 0.0, 0.0, 0.0, 0.0, 0.0, 0.0, 0.0, 0.0, 0.0, 0.0, 0.0]","[""2026-07-20"", ""2026-07-27"", ""2026-08-03"", ""2026-08-10"", ""2026-08-17"", ""2026-08-24"", ""2026-08-31"", ""2026-09-07"", ""2026-09-14"", ""2026-09-21"", ""2026-09-28"", ""2026-10-05"", ""2026-10-12""]",Excellent,1,NaiveLastValue,10,17-07-2026 13:17
62492031,7,1,HistGradientBoostingRegressor,0,0,0,[0.0],"[""2026-07-20""]",Excellent,1,NaiveLastValue,10,17-07-2026 13:17
62492031,14,2,RandomForestRegressor,0,0,0,"[0.0, 0.0]","[""2026-07-20"", ""2026-07-27""]",Excellent,1,NaiveLastValue,10,17-07-2026 13:17
62492031,28,4,RandomForestRegressor,0,0,0,"[0.0, 0.0, 0.0, 0.0]","[""2026-07-20"", ""2026-07-27"", ""2026-08-03"", ""2026-08-10""]",Excellent,1,NaiveLastValue,10,17-07-2026 13:17
62492031,56,8,HistGradientBoostingRegressor,0,0,0,"[0.0, 0.0, 0.0, 0.0, 0.0, 0.0, 0.0, 0.0]","[""2026-07-20"", ""2026-07-27"", ""2026-08-03"", ""2026-08-10"", ""2026-08-17"", ""2026-08-24"", ""2026-08-31"", ""2026-09-07""]",Excellent,1,NaiveLastValue,10,17-07-2026 13:17
62492031,91,13,RandomForestRegressor,0,0,0,"[0.0, 0.0, 0.0, 0.0, 0.0, 0.0, 0.0, 0.0, 0.0, 0.0, 0.0, 0.0, 0.0]","[""2026-07-20"", ""2026-07-27"", ""2026-08-03"", ""2026-08-10"", ""2026-08-17"", ""2026-08-24"", ""2026-08-31"", ""2026-09-07"", ""2026-09-14"", ""2026-09-21"", ""2026-09-28"", ""2026-10-05"", ""2026-10-12""]",Excellent,1,NaiveLastValue,10,17-07-2026 13:17
62500219,7,1,RandomForestRegressor,0,0,0,[0.0],"[""2026-07-20""]",Excellent,1,NaiveLastValue,10,17-07-2026 13:17
62500219,14,2,RandomForestRegressor,0,0,0,"[0.0, 0.0]","[""2026-07-20"", ""2026-07-27""]",Excellent,1,NaiveLastValue,10,17-07-2026 13:17
62500219,28,4,RandomForestRegressor,0,0,0,"[0.0, 0.0, 0.0, 0.0]","[""2026-07-20"", ""2026-07-27"", ""2026-08-03"", ""2026-08-10""]",Excellent,1,NaiveLastValue,10,17-07-2026 13:17
62500219,56,8,RandomForestRegressor,0,0,0,"[0.0, 0.0, 0.0, 0.0, 0.0, 0.0, 0.0, 0.0]","[""2026-07-20"", ""2026-07-27"", ""2026-08-03"", ""2026-08-10"", ""2026-08-17"", ""2026-08-24"", ""2026-08-31"", ""2026-09-07""]",Excellent,1,NaiveLastValue,10,17-07-2026 13:17
62500219,91,13,ExtraTreesRegressor,0,0,0,"[0.0, 0.0, 0.0, 0.0, 0.0, 0.0, 0.0, 0.0, 0.0, 0.0, 0.0, 0.0, 0.0]","[""2026-07-20"", ""2026-07-27"", ""2026-08-03"", ""2026-08-10"", ""2026-08-17"", ""2026-08-24"", ""2026-08-31"", ""2026-09-07"", ""2026-09-14"", ""2026-09-21"", ""2026-09-28"", ""2026-10-05"", ""2026-10-12""]",Excellent,1,NaiveLastValue,10,17-07-2026 13:17
62526863,7,1,HistGradientBoostingRegressor,0,0,0,[0.0],"[""2026-07-20""]",Excellent,1,NaiveLastValue,10,17-07-2026 13:17
62526863,14,2,RandomForestRegressor,0,0,0,"[0.0, 0.0]","[""2026-07-20"", ""2026-07-27""]",Excellent,1,NaiveLastValue,10,17-07-2026 13:17
62526863,28,4,RandomForestRegressor,0,0,0,"[0.0, 0.0, 0.0, 0.0]","[""2026-07-20"", ""2026-07-27"", ""2026-08-03"", ""2026-08-10""]",Excellent,1,NaiveLastValue,10,17-07-2026 13:17
62526863,56,8,ExtraTreesRegressor,0,0,0,"[0.0, 0.0, 0.0, 0.0, 0.0, 0.0, 0.0, 0.0]","[""2026-07-20"", ""2026-07-27"", ""2026-08-03"", ""2026-08-10"", ""2026-08-17"", ""2026-08-24"", ""2026-08-31"", ""2026-09-07""]",Excellent,1,NaiveLastValue,10,17-07-2026 13:17
62526863,91,13,ExtraTreesRegressor,0,0,0,"[0.0, 0.0, 0.0, 0.0, 0.0, 0.0, 0.0, 0.0, 0.0, 0.0, 0.0, 0.0, 0.0]","[""2026-07-20"", ""2026-07-27"", ""2026-08-03"", ""2026-08-10"", ""2026-08-17"", ""2026-08-24"", ""2026-08-31"", ""2026-09-07"", ""2026-09-14"", ""2026-09-21"", ""2026-09-28"", ""2026-10-05"", ""2026-10-12""]",Excellent,1,NaiveLastValue,10,17-07-2026 13:17
730626,7,1,HistGradientBoostingRegressor,67.821,79.057,0.000311378,[0.0003113779567064576],"[""2026-07-20""]",Poor,0,,10,17-07-2026 13:17
730626,14,2,SBA_alpha_01,81.352,106.286,38.06282334,"[19.03141167132431, 19.03141167132431]","[""2026-07-20"", ""2026-07-27""]",Unreliable,0,,10,17-07-2026 13:17
730626,28,4,RollingMedian_8,97.585,137.141,0,"[0.0, 0.0, 0.0, 0.0]","[""2026-07-20"", ""2026-07-27"", ""2026-08-03"", ""2026-08-10""]",Unreliable,0,,10,17-07-2026 13:17
730626,56,8,ZeroForecast,100,74.955,0,"[0.0, 0.0, 0.0, 0.0, 0.0, 0.0, 0.0, 0.0]","[""2026-07-20"", ""2026-07-27"", ""2026-08-03"", ""2026-08-10"", ""2026-08-17"", ""2026-08-24"", ""2026-08-31"", ""2026-09-07""]",Unreliable,0,,10,17-07-2026 13:17
730626,91,13,ZeroForecast,100,46.126,0,"[0.0, 0.0, 0.0, 0.0, 0.0, 0.0, 0.0, 0.0, 0.0, 0.0, 0.0, 0.0, 0.0]","[""2026-07-20"", ""2026-07-27"", ""2026-08-03"", ""2026-08-10"", ""2026-08-17"", ""2026-08-24"", ""2026-08-31"", ""2026-09-07"", ""2026-09-14"", ""2026-09-21"", ""2026-09-28"", ""2026-10-05"", ""2026-10-12""]",Unreliable,0,,10,17-07-2026 13:17
7510921,7,1,arima,9.91,10.062,0.009711886,[0.009711885506378215],"[""2026-07-20""]",Excellent,0,,10,17-07-2026 13:17
7510921,14,2,ADIDAStyle_4,24.993,33.713,0,"[0.0, 0.0]","[""2026-07-20"", ""2026-07-27""]",Good,0,,10,17-07-2026 13:17
7510921,28,4,ADIDAStyle_4,51.598,68.46,0,"[0.0, 0.0, 0.0, 0.0]","[""2026-07-20"", ""2026-07-27"", ""2026-08-03"", ""2026-08-10""]",Fair,0,,10,17-07-2026 13:17
7510921,56,8,ZeroForecast,100,74.969,0,"[0.0, 0.0, 0.0, 0.0, 0.0, 0.0, 0.0, 0.0]","[""2026-07-20"", ""2026-07-27"", ""2026-08-03"", ""2026-08-10"", ""2026-08-17"", ""2026-08-24"", ""2026-08-31"", ""2026-09-07""]",Unreliable,0,,10,17-07-2026 13:17
7510921,91,13,ZeroForecast,100,46.135,0,"[0.0, 0.0, 0.0, 0.0, 0.0, 0.0, 0.0, 0.0, 0.0, 0.0, 0.0, 0.0, 0.0]","[""2026-07-20"", ""2026-07-27"", ""2026-08-03"", ""2026-08-10"", ""2026-08-17"", ""2026-08-24"", ""2026-08-31"", ""2026-09-07"", ""2026-09-14"", ""2026-09-21"", ""2026-09-28"", ""2026-10-05"", ""2026-10-12""]",Unreliable,0,,10,17-07-2026 13:17
8290076,7,1,HistGradientBoostingRegressor,47.35,56.059,4.924261361,[4.924261360546603],"[""2026-07-20""]",Fair,0,,10,17-07-2026 13:17
8290076,14,2,ADIDA_8,68.978,80.684,6.434030362,"[3.2170151808000007, 3.2170151808000007]","[""2026-07-20"", ""2026-07-27""]",Poor,0,,10,17-07-2026 13:17
8290076,28,4,ADIDA_8,60.557,71.646,12.86806072,"[3.2170151808000007, 3.2170151808000007, 3.2170151808000007, 3.2170151808000007]","[""2026-07-20"", ""2026-07-27"", ""2026-08-03"", ""2026-08-10""]",Poor,0,,10,17-07-2026 13:17
8290076,56,8,MovingAverage_8,45.697,53.036,27.216,"[3.4019999999999992, 3.4019999999999992, 3.4019999999999992, 3.4019999999999992, 3.4019999999999992, 3.4019999999999992, 3.4019999999999992, 3.4019999999999992]","[""2026-07-20"", ""2026-07-27"", ""2026-08-03"", ""2026-08-10"", ""2026-08-17"", ""2026-08-24"", ""2026-08-31"", ""2026-09-07""]",Fair,0,,10,17-07-2026 13:17
8290076,91,13,GradientBoostingRegressor,43.86,63.621,67.0864354,"[5.304496033117824, 4.578904529278056, 4.42070831001368, 4.725318704126883, 5.2350472976127875, 5.729802881602499, 5.727362329040943, 5.871707023810332, 5.834247053227176, 5.760385410382371, 4.759760957115129, 4.69371089480523, 4.444983978395179]","[""2026-07-20"", ""2026-07-27"", ""2026-08-03"", ""2026-08-10"", ""2026-08-17"", ""2026-08-24"", ""2026-08-31"", ""2026-09-07"", ""2026-09-14"", ""2026-09-21"", ""2026-09-28"", ""2026-10-05"", ""2026-10-12""]",Fair,0,,10,17-07-2026 13:17
700PGS25,7,1,LastNonZero,22.5,21.13,0.25,[0.25],"[""2026-07-20""]",Good,0,,10,17-07-2026 13:17
700PGS25,14,2,arima,99.986,166.809,0.011946344,"[0.0059731719048976145, 0.0059731719048976145]","[""2026-07-20"", ""2026-07-27""]",Unreliable,0,,10,17-07-2026 13:17
700PGS25,28,4,NaiveLastValue,100,49.584,0,"[0.0, 0.0, 0.0, 0.0]","[""2026-07-20"", ""2026-07-27"", ""2026-08-03"", ""2026-08-10""]",Unreliable,0,,10,17-07-2026 13:17
700PGS25,56,8,NaiveLastValue,100,24.802,0,"[0.0, 0.0, 0.0, 0.0, 0.0, 0.0, 0.0, 0.0]","[""2026-07-20"", ""2026-07-27"", ""2026-08-03"", ""2026-08-10"", ""2026-08-17"", ""2026-08-24"", ""2026-08-31"", ""2026-09-07""]",Unreliable,0,,10,17-07-2026 13:17
700PGS25,91,13,NaiveLastValue,100,15.263,0,"[0.0, 0.0, 0.0, 0.0, 0.0, 0.0, 0.0, 0.0, 0.0, 0.0, 0.0, 0.0, 0.0]","[""2026-07-20"", ""2026-07-27"", ""2026-08-03"", ""2026-08-10"", ""2026-08-17"", ""2026-08-24"", ""2026-08-31"", ""2026-09-07"", ""2026-09-14"", ""2026-09-21"", ""2026-09-28"", ""2026-10-05"", ""2026-10-12""]",Unreliable,0,,10,17-07-2026 13:17
700PGSAQ,7,1,LastNonZero,16.279,17.374,0.075,[0.075],"[""2026-07-20""]",Excellent,0,,10,17-07-2026 13:17
700PGSAQ,14,2,arima,99.864,156.404,0.006940519,"[0.003470259667691859, 0.0034702596676918257]","[""2026-07-20"", ""2026-07-27""]",Unreliable,0,,10,17-07-2026 13:17
700PGSAQ,28,4,Ridge,99.985,59.088,0,"[0.0, 0.0, 0.0, 0.0]","[""2026-07-20"", ""2026-07-27"", ""2026-08-03"", ""2026-08-10""]",Unreliable,0,,10,17-07-2026 13:17
700PGSAQ,56,8,NaiveLastValue,100,24.351,0,"[0.0, 0.0, 0.0, 0.0, 0.0, 0.0, 0.0, 0.0]","[""2026-07-20"", ""2026-07-27"", ""2026-08-03"", ""2026-08-10"", ""2026-08-17"", ""2026-08-24"", ""2026-08-31"", ""2026-09-07""]",Unreliable,0,,10,17-07-2026 13:17
700PGSAQ,91,13,NaiveLastValue,100,14.985,0,"[0.0, 0.0, 0.0, 0.0, 0.0, 0.0, 0.0, 0.0, 0.0, 0.0, 0.0, 0.0, 0.0]","[""2026-07-20"", ""2026-07-27"", ""2026-08-03"", ""2026-08-10"", ""2026-08-17"", ""2026-08-24"", ""2026-08-31"", ""2026-09-07"", ""2026-09-14"", ""2026-09-21"", ""2026-09-28"", ""2026-10-05"", ""2026-10-12""]",Unreliable,0,,10,17-07-2026 13:17
7458070,7,1,SBA_alpha_02,60.205,61.385,6.335126224,[6.335126224432752],"[""2026-07-20""]",Poor,0,,10,17-07-2026 13:17
7458070,14,2,SBA_alpha_02,93.503,112.87,12.67025245,"[6.335126224432752, 6.335126224432752]","[""2026-07-20"", ""2026-07-27""]",Unreliable,0,,10,17-07-2026 13:17
7458070,28,4,ZeroForecast,100,109.951,0,"[0.0, 0.0, 0.0, 0.0]","[""2026-07-20"", ""2026-07-27"", ""2026-08-03"", ""2026-08-10""]",Unreliable,0,,10,17-07-2026 13:17
7458070,56,8,ZeroForecast,100,59.971,0,"[0.0, 0.0, 0.0, 0.0, 0.0, 0.0, 0.0, 0.0]","[""2026-07-20"", ""2026-07-27"", ""2026-08-03"", ""2026-08-10"", ""2026-08-17"", ""2026-08-24"", ""2026-08-31"", ""2026-09-07""]",Unreliable,0,,10,17-07-2026 13:17
7458070,91,13,ZeroForecast,100,36.905,0,"[0.0, 0.0, 0.0, 0.0, 0.0, 0.0, 0.0, 0.0, 0.0, 0.0, 0.0, 0.0, 0.0]","[""2026-07-20"", ""2026-07-27"", ""2026-08-03"", ""2026-08-10"", ""2026-08-17"", ""2026-08-24"", ""2026-08-31"", ""2026-09-07"", ""2026-09-14"", ""2026-09-21"", ""2026-09-28"", ""2026-10-05"", ""2026-10-12""]",Unreliable,0,,10,17-07-2026 13:17
7510922,7,1,RandomForestRegressor,61.816,75.585,0,[0.0],"[""2026-07-20""]",Poor,0,,10,17-07-2026 13:17
7510922,14,2,SeasonalNaive_52,61.246,87.986,0,"[0.0, 0.0]","[""2026-07-20"", ""2026-07-27""]",Poor,0,,10,17-07-2026 13:17
7510922,28,4,SeasonalNaive_52,89.996,116.056,0,"[0.0, 0.0, 0.0, 0.0]","[""2026-07-20"", ""2026-07-27"", ""2026-08-03"", ""2026-08-10""]",Unreliable,0,,10,17-07-2026 13:17
7510922,56,8,ZeroForecast,100,74.273,0,"[0.0, 0.0, 0.0, 0.0, 0.0, 0.0, 0.0, 0.0]","[""2026-07-20"", ""2026-07-27"", ""2026-08-03"", ""2026-08-10"", ""2026-08-17"", ""2026-08-24"", ""2026-08-31"", ""2026-09-07""]",Unreliable,0,,10,17-07-2026 13:17
7510922,91,13,ZeroForecast,100,45.707,0,"[0.0, 0.0, 0.0, 0.0, 0.0, 0.0, 0.0, 0.0, 0.0, 0.0, 0.0, 0.0, 0.0]","[""2026-07-20"", ""2026-07-27"", ""2026-08-03"", ""2026-08-10"", ""2026-08-17"", ""2026-08-24"", ""2026-08-31"", ""2026-09-07"", ""2026-09-14"", ""2026-09-21"", ""2026-09-28"", ""2026-10-05"", ""2026-10-12""]",Unreliable,0,,10,17-07-2026 13:17
8290131,7,1,HistGradientBoostingRegressor,57.503,63.077,2.816842105,[2.8168421052631576],"[""2026-07-20""]",Poor,0,,10,17-07-2026 13:17
8290131,14,2,MovingAverage_8,63.636,76.765,4.08,"[2.04, 2.04]","[""2026-07-20"", ""2026-07-27""]",Poor,0,,10,17-07-2026 13:17
8290131,28,4,HistGradientBoostingRegressor,62.735,71.755,11.26736842,"[2.8168421052631576, 2.8168421052631576, 2.8168421052631576, 2.8168421052631576]","[""2026-07-20"", ""2026-07-27"", ""2026-08-03"", ""2026-08-10""]",Poor,0,,10,17-07-2026 13:17
8290131,56,8,SBA_alpha_01,94.506,125.765,12.60337603,"[1.5754220038806528, 1.5754220038806528, 1.5754220038806528, 1.5754220038806528, 1.5754220038806528, 1.5754220038806528, 1.5754220038806528, 1.5754220038806528]","[""2026-07-20"", ""2026-07-27"", ""2026-08-03"", ""2026-08-10"", ""2026-08-17"", ""2026-08-24"", ""2026-08-31"", ""2026-09-07""]",Unreliable,0,,10,17-07-2026 13:17
8290131,91,13,ADIDA_4,77.149,96.046,34.73235821,"[2.6717198622720004, 2.6717198622720004, 2.6717198622720004, 2.6717198622720004, 2.6717198622720004, 2.6717198622720004, 2.6717198622720004, 2.6717198622720004, 2.6717198622720004, 2.6717198622720004, 2.6717198622720004, 2.6717198622720004, 2.6717198622720004]","[""2026-07-20"", ""2026-07-27"", ""2026-08-03"", ""2026-08-10"", ""2026-08-17"", ""2026-08-24"", ""2026-08-31"", ""2026-09-07"", ""2026-09-14"", ""2026-09-21"", ""2026-09-28"", ""2026-10-05"", ""2026-10-12""]",Unreliable,0,,10,17-07-2026 13:17
8290133,7,1,SBA_alpha_01,70.932,80.755,3.311097848,[3.311097848311285],"[""2026-07-20""]",Poor,0,,10,17-07-2026 13:17
8290133,14,2,ZeroForecast,100,139.842,0,"[0.0, 0.0]","[""2026-07-20"", ""2026-07-27""]",Unreliable,0,,10,17-07-2026 13:17
8290133,28,4,SBA_alpha_01,93.341,120.987,13.24439139,"[3.311097848311285, 3.311097848311285, 3.311097848311285, 3.311097848311285]","[""2026-07-20"", ""2026-07-27"", ""2026-08-03"", ""2026-08-10""]",Unreliable,0,,10,17-07-2026 13:17
8290133,56,8,SBA_alpha_01,81.318,106.53,26.48878279,"[3.311097848311285, 3.311097848311285, 3.311097848311285, 3.311097848311285, 3.311097848311285, 3.311097848311285, 3.311097848311285, 3.311097848311285]","[""2026-07-20"", ""2026-07-27"", ""2026-08-03"", ""2026-08-10"", ""2026-08-17"", ""2026-08-24"", ""2026-08-31"", ""2026-09-07""]",Unreliable,0,,10,17-07-2026 13:17
8290133,91,13,SES,68.585,82.848,39.53805328,"[3.0413887139067723, 3.0413887139067723, 3.0413887139067723, 3.0413887139067723, 3.0413887139067723, 3.0413887139067723, 3.0413887139067723, 3.0413887139067723, 3.0413887139067723, 3.0413887139067723, 3.0413887139067723, 3.0413887139067723, 3.0413887139067723]","[""2026-07-20"", ""2026-07-27"", ""2026-08-03"", ""2026-08-10"", ""2026-08-17"", ""2026-08-24"", ""2026-08-31"", ""2026-09-07"", ""2026-09-14"", ""2026-09-21"", ""2026-09-28"", ""2026-10-05"", ""2026-10-12""]",Poor,0,,10,17-07-2026 13:17
8290140,7,1,MovingAverage_8,33.673,37.782,4,[4.0],"[""2026-07-20""]",Good,0,,10,17-07-2026 13:17
8290140,14,2,MovingAverage_8,48.034,58.419,8,"[4.0, 4.0]","[""2026-07-20"", ""2026-07-27""]",Fair,0,,10,17-07-2026 13:17
8290140,28,4,arima,53.475,62.867,23.58436318,"[5.8960907951367565, 5.896090795166335, 5.896090795169138, 5.896090795169403]","[""2026-07-20"", ""2026-07-27"", ""2026-08-03"", ""2026-08-10""]",Fair,0,,10,17-07-2026 13:17
8290140,56,8,ADIDA_8,81.428,96.796,45.1039232,"[5.637990400000001, 5.637990400000001, 5.637990400000001, 5.637990400000001, 5.637990400000001, 5.637990400000001, 5.637990400000001, 5.637990400000001]","[""2026-07-20"", ""2026-07-27"", ""2026-08-03"", ""2026-08-10"", ""2026-08-17"", ""2026-08-24"", ""2026-08-31"", ""2026-09-07""]",Unreliable,0,,10,17-07-2026 13:17
8290140,91,13,ADIDA_4,68.138,84.417,76.46816289,"[5.8821663760056335, 5.8821663760056335, 5.8821663760056335, 5.8821663760056335, 5.8821663760056335, 5.8821663760056335, 5.8821663760056335, 5.8821663760056335, 5.8821663760056335, 5.8821663760056335, 5.8821663760056335, 5.8821663760056335, 5.8821663760056335]","[""2026-07-20"", ""2026-07-27"", ""2026-08-03"", ""2026-08-10"", ""2026-08-17"", ""2026-08-24"", ""2026-08-31"", ""2026-09-07"", ""2026-09-14"", ""2026-09-21"", ""2026-09-28"", ""2026-10-05"", ""2026-10-12""]",Poor,0,,10,17-07-2026 13:17
8290077,7,1,TwoStage_ET_ET,38.642,43.504,3.813016305,[3.8130163054572477],"[""2026-07-20""]",Fair,0,,10,17-07-2026 13:17
8290077,14,2,TwoStage_RF_Ridge,57.412,93.602,4.03712973,"[3.0084669243394724, 1.028662805202247]","[""2026-07-20"", ""2026-07-27""]",Poor,0,,10,17-07-2026 13:17
8290077,28,4,TwoStage_RF_Ridge,81.041,132.313,11.73375975,"[3.0084669243394724, 1.028662805202247, 1.5172330776488039, 6.179396943210953]","[""2026-07-20"", ""2026-07-27"", ""2026-08-03"", ""2026-08-10""]",Unreliable,0,,10,17-07-2026 13:17
8290077,56,8,ZeroForecast,100,74.98,0,"[0.0, 0.0, 0.0, 0.0, 0.0, 0.0, 0.0, 0.0]","[""2026-07-20"", ""2026-07-27"", ""2026-08-03"", ""2026-08-10"", ""2026-08-17"", ""2026-08-24"", ""2026-08-31"", ""2026-09-07""]",Unreliable,0,,10,17-07-2026 13:17
8290077,91,13,ZeroForecast,100,64.596,0,"[0.0, 0.0, 0.0, 0.0, 0.0, 0.0, 0.0, 0.0, 0.0, 0.0, 0.0, 0.0, 0.0]","[""2026-07-20"", ""2026-07-27"", ""2026-08-03"", ""2026-08-10"", ""2026-08-17"", ""2026-08-24"", ""2026-08-31"", ""2026-09-07"", ""2026-09-14"", ""2026-09-21"", ""2026-09-28"", ""2026-10-05"", ""2026-10-12""]",Unreliable,0,,10,17-07-2026 13:17
8290144,7,1,TwoStage_RF_RF,24.097,27.47,4.210419678,[4.210419678243568],"[""2026-07-20""]",Good,0,,10,17-07-2026 13:17
8290144,14,2,SBA_alpha_02,42.857,51.819,4.039959886,"[2.019979942902357, 2.019979942902357]","[""2026-07-20"", ""2026-07-27""]",Fair,0,,10,17-07-2026 13:17
8290144,28,4,SBA_alpha_02,49.929,51.735,8.079919772,"[2.019979942902357, 2.019979942902357, 2.019979942902357, 2.019979942902357]","[""2026-07-20"", ""2026-07-27"", ""2026-08-03"", ""2026-08-10""]",Fair,0,,10,17-07-2026 13:17
8290144,56,8,ExtraTreesRegressor,99.776,80.496,85.0836,"[12.500880000000011, 12.789000000000009, 14.217839999999999, 14.600040000000005, 9.590280000000003, 6.909000000000001, 8.143800000000004, 6.3327599999999995]","[""2026-07-20"", ""2026-07-27"", ""2026-08-03"", ""2026-08-10"", ""2026-08-17"", ""2026-08-24"", ""2026-08-31"", ""2026-09-07""]",Unreliable,0,,10,17-07-2026 13:17
8290144,91,13,SBA_alpha_02,90.914,115.569,26.25973926,"[2.019979942902357, 2.019979942902357, 2.019979942902357, 2.019979942902357, 2.019979942902357, 2.019979942902357, 2.019979942902357, 2.019979942902357, 2.019979942902357, 2.019979942902357, 2.019979942902357, 2.019979942902357, 2.019979942902357]","[""2026-07-20"", ""2026-07-27"", ""2026-08-03"", ""2026-08-10"", ""2026-08-17"", ""2026-08-24"", ""2026-08-31"", ""2026-09-07"", ""2026-09-14"", ""2026-09-21"", ""2026-09-28"", ""2026-10-05"", ""2026-10-12""]",Unreliable,0,,10,17-07-2026 13:17
8290150,7,1,MovingAverage_8,43.132,49.565,9.28,[9.28],"[""2026-07-20""]",Fair,0,,10,17-07-2026 13:17
8290150,14,2,MovingAverage_8,56.588,66.06,18.56,"[9.28, 9.28]","[""2026-07-20"", ""2026-07-27""]",Poor,0,,10,17-07-2026 13:17
8290150,28,4,ADIDAStyle_4,51.667,57.507,36.90304,"[9.22576, 9.22576, 9.22576, 9.22576]","[""2026-07-20"", ""2026-07-27"", ""2026-08-03"", ""2026-08-10""]",Fair,0,,10,17-07-2026 13:17
8290150,56,8,ETS,51.498,57.756,54.04067532,"[6.755084414685022, 6.755084414685022, 6.755084414685022, 6.755084414685022, 6.755084414685022, 6.755084414685022, 6.755084414685022, 6.755084414685022]","[""2026-07-20"", ""2026-07-27"", ""2026-08-03"", ""2026-08-10"", ""2026-08-17"", ""2026-08-24"", ""2026-08-31"", ""2026-09-07""]",Fair,0,,10,17-07-2026 13:17
8290150,91,13,ADIDA_8,60.562,70.303,151.2695808,"[11.636121600000001, 11.636121600000001, 11.636121600000001, 11.636121600000001, 11.636121600000001, 11.636121600000001, 11.636121600000001, 11.636121600000001, 11.636121600000001, 11.636121600000001, 11.636121600000001, 11.636121600000001, 11.636121600000001]","[""2026-07-20"", ""2026-07-27"", ""2026-08-03"", ""2026-08-10"", ""2026-08-17"", ""2026-08-24"", ""2026-08-31"", ""2026-09-07"", ""2026-09-14"", ""2026-09-21"", ""2026-09-28"", ""2026-10-05"", ""2026-10-12""]",Poor,0,,10,17-07-2026 13:17
8290159,7,1,NaiveLastValue,44.34,59.815,0,[0.0],"[""2026-07-20""]",Fair,0,,10,17-07-2026 13:17
8290159,14,2,GradientBoostingRegressor,66.407,120.6,3.393278034,"[1.8362135635642949, 1.5570644704149892]","[""2026-07-20"", ""2026-07-27""]",Poor,0,,10,17-07-2026 13:17
8290159,28,4,GradientBoostingRegressor,78.376,154.847,6.275649718,"[1.8362135635642949, 1.5570644704149892, 1.534275100919963, 1.348096582888167]","[""2026-07-20"", ""2026-07-27"", ""2026-08-03"", ""2026-08-10""]",Unreliable,0,,10,17-07-2026 13:17
8290159,56,8,GradientBoostingRegressor,96.394,168.397,9.173053119,"[1.8362135635642949, 1.5570644704149892, 1.534275100919963, 1.348096582888167, 0.8861430962546271, 0.7088306579290156, 0.7124471290930492, 0.589982517877297]","[""2026-07-20"", ""2026-07-27"", ""2026-08-03"", ""2026-08-10"", ""2026-08-17"", ""2026-08-24"", ""2026-08-31"", ""2026-09-07""]",Unreliable,0,,10,17-07-2026 13:17
8290159,91,13,ZeroForecast,100,85.99,0,"[0.0, 0.0, 0.0, 0.0, 0.0, 0.0, 0.0, 0.0, 0.0, 0.0, 0.0, 0.0, 0.0]","[""2026-07-20"", ""2026-07-27"", ""2026-08-03"", ""2026-08-10"", ""2026-08-17"", ""2026-08-24"", ""2026-08-31"", ""2026-09-07"", ""2026-09-14"", ""2026-09-21"", ""2026-09-28"", ""2026-10-05"", ""2026-10-12""]",Unreliable,0,,10,17-07-2026 13:17
8290219,7,1,SeasonalNaive_52,63.636,103.357,1.8,[1.7999999999999998],"[""2026-07-20""]",Poor,0,,10,17-07-2026 13:17
8290219,14,2,RollingMedian_8,90.278,136.2,6,"[3.0, 3.0]","[""2026-07-20"", ""2026-07-27""]",Unreliable,0,,10,17-07-2026 13:17
8290219,28,4,SeasonalNaive_52,84.406,103.229,7.8,"[1.7999999999999998, 1.2, 0.0, 4.8]","[""2026-07-20"", ""2026-07-27"", ""2026-08-03"", ""2026-08-10""]",Unreliable,0,,10,17-07-2026 13:17
8290219,56,8,ExtraTreesRegressor,93.214,104.946,61.356,"[11.039999999999994, 11.027999999999999, 11.411999999999995, 7.097999999999997, 4.026, 2.268, 6.161999999999998, 8.321999999999992]","[""2026-07-20"", ""2026-07-27"", ""2026-08-03"", ""2026-08-10"", ""2026-08-17"", ""2026-08-24"", ""2026-08-31"", ""2026-09-07""]",Unreliable,0,,10,17-07-2026 13:17
8290219,91,13,ADIDA_4,90.752,119.638,64.68033132,"[4.97541010120704, 4.97541010120704, 4.97541010120704, 4.97541010120704, 4.97541010120704, 4.97541010120704, 4.97541010120704, 4.97541010120704, 4.97541010120704, 4.97541010120704, 4.97541010120704, 4.97541010120704, 4.97541010120704]","[""2026-07-20"", ""2026-07-27"", ""2026-08-03"", ""2026-08-10"", ""2026-08-17"", ""2026-08-24"", ""2026-08-31"", ""2026-09-07"", ""2026-09-14"", ""2026-09-21"", ""2026-09-28"", ""2026-10-05"", ""2026-10-12""]",Unreliable,0,,10,17-07-2026 13:17
8290221,7,1,ETS,40.296,42.947,0.913411804,[0.9134118043465942],"[""2026-07-20""]",Fair,0,,10,17-07-2026 13:17
8290221,14,2,SBA_alpha_01,48.033,56.747,2.315879912,"[1.1579399561157964, 1.1579399561157964]","[""2026-07-20"", ""2026-07-27""]",Fair,0,,10,17-07-2026 13:17
8290221,28,4,ETS,51.287,59.046,3.653647217,"[0.9134118043465942, 0.9134118043465942, 0.9134118043465942, 0.9134118043465942]","[""2026-07-20"", ""2026-07-27"", ""2026-08-03"", ""2026-08-10""]",Fair,0,,10,17-07-2026 13:17
8290221,56,8,ZeroForecast,100,99.807,0,"[0.0, 0.0, 0.0, 0.0, 0.0, 0.0, 0.0, 0.0]","[""2026-07-20"", ""2026-07-27"", ""2026-08-03"", ""2026-08-10"", ""2026-08-17"", ""2026-08-24"", ""2026-08-31"", ""2026-09-07""]",Unreliable,0,,10,17-07-2026 13:17
8290221,91,13,SBA_alpha_02,96.923,128.348,11.8219905,"[0.9093838845091059, 0.9093838845091059, 0.9093838845091059, 0.9093838845091059, 0.9093838845091059, 0.9093838845091059, 0.9093838845091059, 0.9093838845091059, 0.9093838845091059, 0.9093838845091059, 0.9093838845091059, 0.9093838845091059, 0.9093838845091059]","[""2026-07-20"", ""2026-07-27"", ""2026-08-03"", ""2026-08-10"", ""2026-08-17"", ""2026-08-24"", ""2026-08-31"", ""2026-09-07"", ""2026-09-14"", ""2026-09-21"", ""2026-09-28"", ""2026-10-05"", ""2026-10-12""]",Unreliable,0,,10,17-07-2026 13:17
997842,7,1,SBA_alpha_01,36.603,47.865,3.251706072,[3.251706071846956],"[""2026-07-20""]",Fair,0,,10,17-07-2026 13:17
997842,14,2,SBA_alpha_01,47.595,64.024,6.503412144,"[3.251706071846956, 3.251706071846956]","[""2026-07-20"", ""2026-07-27""]",Fair,0,,10,17-07-2026 13:17
997842,28,4,SBA_alpha_01,38.43,49.264,13.00682429,"[3.251706071846956, 3.251706071846956, 3.251706071846956, 3.251706071846956]","[""2026-07-20"", ""2026-07-27"", ""2026-08-03"", ""2026-08-10""]",Fair,0,,10,17-07-2026 13:17
997842,56,8,,,,,,,No Model,0,,,17-07-2026 13:17
997842,91,13,,,,,,,No Model,0,,,17-07-2026 13:17
998196,7,1,TSBStyle_01_01,24.555,24.933,3.663557238,[3.663557238488757],"[""2026-07-20""]",Good,0,,10,17-07-2026 13:17
998196,14,2,TSB_01_01,36.842,44.047,6.95254339,"[3.476271694920417, 3.476271694920417]","[""2026-07-20"", ""2026-07-27""]",Fair,0,,10,17-07-2026 13:17
998196,28,4,TSBStyle_01_01,37.698,41.986,14.65422895,"[3.663557238488757, 3.663557238488757, 3.663557238488757, 3.663557238488757]","[""2026-07-20"", ""2026-07-27"", ""2026-08-03"", ""2026-08-10""]",Fair,0,,10,17-07-2026 13:17
998196,56,8,ADIDAStyle_4,38.522,41.845,32.14944,"[4.01868, 4.01868, 4.01868, 4.01868, 4.01868, 4.01868, 4.01868, 4.01868]","[""2026-07-20"", ""2026-07-27"", ""2026-08-03"", ""2026-08-10"", ""2026-08-17"", ""2026-08-24"", ""2026-08-31"", ""2026-09-07""]",Fair,0,,10,17-07-2026 13:17
998196,91,13,MovingAverage_8,43.487,50.048,56.94,"[4.38, 4.38, 4.38, 4.38, 4.38, 4.38, 4.38, 4.38, 4.38, 4.38, 4.38, 4.38, 4.38]","[""2026-07-20"", ""2026-07-27"", ""2026-08-03"", ""2026-08-10"", ""2026-08-17"", ""2026-08-24"", ""2026-08-31"", ""2026-09-07"", ""2026-09-14"", ""2026-09-21"", ""2026-09-28"", ""2026-10-05"", ""2026-10-12""]",Fair,0,,10,17-07-2026 13:17
8290243,7,1,TSB_01_01,69.339,94.653,3.759537463,[3.7595374633523493],"[""2026-07-20""]",Poor,0,,10,17-07-2026 13:17
8290243,14,2,TwoStage_Logistic_Huber,66.17,93.754,9.934506499,"[3.3471347267968006, 6.587371772526309]","[""2026-07-20"", ""2026-07-27""]",Poor,0,,10,17-07-2026 13:17
8290243,28,4,TwoStage_Logistic_Huber,78.198,80.198,26.39327484,"[3.3471347267968006, 6.587371772526309, 7.8247176888349035, 8.634050656724076]","[""2026-07-20"", ""2026-07-27"", ""2026-08-03"", ""2026-08-10""]",Unreliable,0,,10,17-07-2026 13:17
8290243,56,8,ZeroForecast,100,99.911,0,"[0.0, 0.0, 0.0, 0.0, 0.0, 0.0, 0.0, 0.0]","[""2026-07-20"", ""2026-07-27"", ""2026-08-03"", ""2026-08-10"", ""2026-08-17"", ""2026-08-24"", ""2026-08-31"", ""2026-09-07""]",Unreliable,0,,10,17-07-2026 13:17
8290243,91,13,TwoStage_ET_ET,91.779,139.414,56.12363725,"[4.152992650150862, 1.2364815868905994, 0.6522083152393577, 0.9921671221533872, 1.750137480502983, 1.8345396684982997, 2.8856832342159633, 3.9310311573715637, 4.705571199986943, 5.674951948697385, 8.160380067742967, 10.497624294046737, 9.649868528856503]","[""2026-07-20"", ""2026-07-27"", ""2026-08-03"", ""2026-08-10"", ""2026-08-17"", ""2026-08-24"", ""2026-08-31"", ""2026-09-07"", ""2026-09-14"", ""2026-09-21"", ""2026-09-28"", ""2026-10-05"", ""2026-10-12""]",Unreliable,0,,10,17-07-2026 13:17
999982,7,1,ADIDA_8,46.625,52.159,2.672,[2.6719999999999997],"[""2026-07-20""]",Fair,0,,10,17-07-2026 13:17
999982,14,2,SBA_alpha_01,64.1,78.284,3.117284641,"[1.5586423205299558, 1.5586423205299558]","[""2026-07-20"", ""2026-07-27""]",Poor,0,,10,17-07-2026 13:17
999982,28,4,SBA_alpha_01,61.103,74.813,6.234569282,"[1.5586423205299558, 1.5586423205299558, 1.5586423205299558, 1.5586423205299558]","[""2026-07-20"", ""2026-07-27"", ""2026-08-03"", ""2026-08-10""]",Poor,0,,10,17-07-2026 13:17
999982,56,8,SBA_alpha_01,58.195,73.147,12.46913856,"[1.5586423205299558, 1.5586423205299558, 1.5586423205299558, 1.5586423205299558, 1.5586423205299558, 1.5586423205299558, 1.5586423205299558, 1.5586423205299558]","[""2026-07-20"", ""2026-07-27"", ""2026-08-03"", ""2026-08-10"", ""2026-08-17"", ""2026-08-24"", ""2026-08-31"", ""2026-09-07""]",Poor,0,,10,17-07-2026 13:17
999982,91,13,TSB_02_02,56.569,69.172,25.72555817,"[1.9788890896586984, 1.9788890896586984, 1.9788890896586984, 1.9788890896586984, 1.9788890896586984, 1.9788890896586984, 1.9788890896586984, 1.9788890896586984, 1.9788890896586984, 1.9788890896586984, 1.9788890896586984, 1.9788890896586984, 1.9788890896586984]","[""2026-07-20"", ""2026-07-27"", ""2026-08-03"", ""2026-08-10"", ""2026-08-17"", ""2026-08-24"", ""2026-08-31"", ""2026-09-07"", ""2026-09-14"", ""2026-09-21"", ""2026-09-28"", ""2026-10-05"", ""2026-10-12""]",Poor,0,,10,17-07-2026 13:17
8290268,7,1,TwoStage_RF_RF,35.514,44.567,4.854591054,[4.8545910543001005],"[""2026-07-20""]",Fair,0,,10,17-07-2026 13:17
8290268,14,2,ETS,56.656,66.908,9.900607613,"[4.950303806648035, 4.950303806648035]","[""2026-07-20"", ""2026-07-27""]",Poor,0,,10,17-07-2026 13:17
8290268,28,4,SBA_alpha_01,64.467,71.53,15.3525013,"[3.83812532478121, 3.83812532478121, 3.83812532478121, 3.83812532478121]","[""2026-07-20"", ""2026-07-27"", ""2026-08-03"", ""2026-08-10""]",Poor,0,,10,17-07-2026 13:17
8290268,56,8,RollingMedian_8,60.841,64.228,40.96,"[5.12, 5.12, 5.12, 5.12, 5.12, 5.12, 5.12, 5.12]","[""2026-07-20"", ""2026-07-27"", ""2026-08-03"", ""2026-08-10"", ""2026-08-17"", ""2026-08-24"", ""2026-08-31"", ""2026-09-07""]",Poor,0,,10,17-07-2026 13:17
8290268,91,13,arima,59.471,61.3,100.1335259,"[7.702578948451066, 7.702578907770018, 7.7025789148588295, 7.70257891362358, 7.702578913838827, 7.702578913801319, 7.702578913807855, 7.702578913806716, 7.7025789138069145, 7.70257891380688, 7.702578913806886, 7.702578913806885, 7.702578913806885]","[""2026-07-20"", ""2026-07-27"", ""2026-08-03"", ""2026-08-10"", ""2026-08-17"", ""2026-08-24"", ""2026-08-31"", ""2026-09-07"", ""2026-09-14"", ""2026-09-21"", ""2026-09-28"", ""2026-10-05"", ""2026-10-12""]",Poor,0,,10,17-07-2026 13:17
8290237,7,1,sarima,42.895,47.111,0,[0.0],"[""2026-07-20""]",Fair,0,,10,17-07-2026 13:17
8290237,14,2,HistGradientBoostingRegressor,51.719,71.06,26.12460577,"[19.720186321815664, 6.404419449525638]","[""2026-07-20"", ""2026-07-27""]",Fair,0,,10,17-07-2026 13:17
8290237,28,4,ADIDA_8,59.337,76.447,101.4089594,"[25.352239852800004, 25.352239852800004, 25.352239852800004, 25.352239852800004]","[""2026-07-20"", ""2026-07-27"", ""2026-08-03"", ""2026-08-10""]",Poor,0,,10,17-07-2026 13:17
8290237,56,8,RandomForestRegressor,57.614,77.737,139.86315,"[15.318450000000007, 12.6882, 12.8205, 15.075899999999999, 21.249900000000004, 20.481299999999997, 21.924, 20.304900000000004]","[""2026-07-20"", ""2026-07-27"", ""2026-08-03"", ""2026-08-10"", ""2026-08-17"", ""2026-08-24"", ""2026-08-31"", ""2026-09-07""]",Poor,0,,10,17-07-2026 13:17
8290237,91,13,TwoStage_Logistic_Ridge,72.803,87.777,240.3577288,"[17.94128508296261, 19.52284279069981, 20.77668167456056, 22.227023699417504, 21.792140623723707, 20.31353875668355, 17.809299511726486, 16.551828668678265, 15.876325690937167, 16.387614704449327, 16.845319392057934, 17.30324314957501, 17.010585026195418]","[""2026-07-20"", ""2026-07-27"", ""2026-08-03"", ""2026-08-10"", ""2026-08-17"", ""2026-08-24"", ""2026-08-31"", ""2026-09-07"", ""2026-09-14"", ""2026-09-21"", ""2026-09-28"", ""2026-10-05"", ""2026-10-12""]",Poor,0,,10,17-07-2026 13:17
ABFNATUREADULT80,7,1,RandomForestRegressor,0,0,0,[0.0],"[""2026-07-20""]",Excellent,1,NaiveLastValue,10,17-07-2026 13:17
ABFNATUREADULT80,14,2,ExtraTreesRegressor,0,0,0,"[0.0, 0.0]","[""2026-07-20"", ""2026-07-27""]",Excellent,1,NaiveLastValue,10,17-07-2026 13:17
ABFNATUREADULT80,28,4,ExtraTreesRegressor,0,0,0,"[0.0, 0.0, 0.0, 0.0]","[""2026-07-20"", ""2026-07-27"", ""2026-08-03"", ""2026-08-10""]",Excellent,1,NaiveLastValue,10,17-07-2026 13:17
ABFNATUREADULT80,56,8,ExtraTreesRegressor,0,0,0,"[0.0, 0.0, 0.0, 0.0, 0.0, 0.0, 0.0, 0.0]","[""2026-07-20"", ""2026-07-27"", ""2026-08-03"", ""2026-08-10"", ""2026-08-17"", ""2026-08-24"", ""2026-08-31"", ""2026-09-07""]",Excellent,1,NaiveLastValue,10,17-07-2026 13:17
ABFNATUREADULT80,91,13,RandomForestRegressor,0,0,0,"[0.0, 0.0, 0.0, 0.0, 0.0, 0.0, 0.0, 0.0, 0.0, 0.0, 0.0, 0.0, 0.0]","[""2026-07-20"", ""2026-07-27"", ""2026-08-03"", ""2026-08-10"", ""2026-08-17"", ""2026-08-24"", ""2026-08-31"", ""2026-09-07"", ""2026-09-14"", ""2026-09-21"", ""2026-09-28"", ""2026-10-05"", ""2026-10-12""]",Excellent,1,NaiveLastValue,10,17-07-2026 13:17
8290240,7,1,MovingAverage_8,22.768,24.195,4.5,[4.5],"[""2026-07-20""]",Good,0,,10,17-07-2026 13:17
8290240,14,2,MovingAverage_4,31.633,39.101,8.4,"[4.2, 4.2]","[""2026-07-20"", ""2026-07-27""]",Good,0,,10,17-07-2026 13:17
8290240,28,4,arima,37.208,42.033,28.6900343,"[7.1725085738590915, 7.1725085738590915, 7.1725085738590915, 7.1725085738590915]","[""2026-07-20"", ""2026-07-27"", ""2026-08-03"", ""2026-08-10""]",Fair,0,,10,17-07-2026 13:17
8290240,56,8,arima,61.781,67.713,57.38006859,"[7.1725085738590915, 7.1725085738590915, 7.1725085738590915, 7.1725085738590915, 7.1725085738590915, 7.1725085738590915, 7.1725085738590915, 7.1725085738590915]","[""2026-07-20"", ""2026-07-27"", ""2026-08-03"", ""2026-08-10"", ""2026-08-17"", ""2026-08-24"", ""2026-08-31"", ""2026-09-07""]",Poor,0,,10,17-07-2026 13:17
8290240,91,13,ADIDAStyle_4,51.219,57.678,76.8768,"[5.913599999999999, 5.913599999999999, 5.913599999999999, 5.913599999999999, 5.913599999999999, 5.913599999999999, 5.913599999999999, 5.913599999999999, 5.913599999999999, 5.913599999999999, 5.913599999999999, 5.913599999999999, 5.913599999999999]","[""2026-07-20"", ""2026-07-27"", ""2026-08-03"", ""2026-08-10"", ""2026-08-17"", ""2026-08-24"", ""2026-08-31"", ""2026-09-07"", ""2026-09-14"", ""2026-09-21"", ""2026-09-28"", ""2026-10-05"", ""2026-10-12""]",Fair,0,,10,17-07-2026 13:17
ABFNATUREAE80,7,1,RandomForestRegressor,0,0,0,[0.0],"[""2026-07-20""]",Excellent,1,NaiveLastValue,10,17-07-2026 13:17
ABFNATUREAE80,14,2,ExtraTreesRegressor,0,0,0,"[0.0, 0.0]","[""2026-07-20"", ""2026-07-27""]",Excellent,1,NaiveLastValue,10,17-07-2026 13:17
ABFNATUREAE80,28,4,ExtraTreesRegressor,0,0,0,"[0.0, 0.0, 0.0, 0.0]","[""2026-07-20"", ""2026-07-27"", ""2026-08-03"", ""2026-08-10""]",Excellent,1,NaiveLastValue,10,17-07-2026 13:17
ABFNATUREAE80,56,8,ExtraTreesRegressor,0,0,0,"[0.0, 0.0, 0.0, 0.0, 0.0, 0.0, 0.0, 0.0]","[""2026-07-20"", ""2026-07-27"", ""2026-08-03"", ""2026-08-10"", ""2026-08-17"", ""2026-08-24"", ""2026-08-31"", ""2026-09-07""]",Excellent,1,NaiveLastValue,10,17-07-2026 13:17
ABFNATUREAE80,91,13,RandomForestRegressor,0,0,0,"[0.0, 0.0, 0.0, 0.0, 0.0, 0.0, 0.0, 0.0, 0.0, 0.0, 0.0, 0.0, 0.0]","[""2026-07-20"", ""2026-07-27"", ""2026-08-03"", ""2026-08-10"", ""2026-08-17"", ""2026-08-24"", ""2026-08-31"", ""2026-09-07"", ""2026-09-14"", ""2026-09-21"", ""2026-09-28"", ""2026-10-05"", ""2026-10-12""]",Excellent,1,NaiveLastValue,10,17-07-2026 13:17
ABFNATURECAT80,7,1,RandomForestRegressor,0,0,0,[0.0],"[""2026-07-20""]",Excellent,1,NaiveLastValue,10,17-07-2026 13:17
ABFNATURECAT80,14,2,ExtraTreesRegressor,0,0,0,"[0.0, 0.0]","[""2026-07-20"", ""2026-07-27""]",Excellent,1,NaiveLastValue,10,17-07-2026 13:17
ABFNATURECAT80,28,4,ExtraTreesRegressor,0,0,0,"[0.0, 0.0, 0.0, 0.0]","[""2026-07-20"", ""2026-07-27"", ""2026-08-03"", ""2026-08-10""]",Excellent,1,NaiveLastValue,10,17-07-2026 13:17
ABFNATURECAT80,56,8,ExtraTreesRegressor,0,0,0,"[0.0, 0.0, 0.0, 0.0, 0.0, 0.0, 0.0, 0.0]","[""2026-07-20"", ""2026-07-27"", ""2026-08-03"", ""2026-08-10"", ""2026-08-17"", ""2026-08-24"", ""2026-08-31"", ""2026-09-07""]",Excellent,1,NaiveLastValue,10,17-07-2026 13:17
ABFNATURECAT80,91,13,RandomForestRegressor,0,0,0,"[0.0, 0.0, 0.0, 0.0, 0.0, 0.0, 0.0, 0.0, 0.0, 0.0, 0.0, 0.0, 0.0]","[""2026-07-20"", ""2026-07-27"", ""2026-08-03"", ""2026-08-10"", ""2026-08-17"", ""2026-08-24"", ""2026-08-31"", ""2026-09-07"", ""2026-09-14"", ""2026-09-21"", ""2026-09-28"", ""2026-10-05"", ""2026-10-12""]",Excellent,1,NaiveLastValue,10,17-07-2026 13:17
ABFNATUREJR80,7,1,RandomForestRegressor,0,0,0,[0.0],"[""2026-07-20""]",Excellent,1,NaiveLastValue,10,17-07-2026 13:17
ABFNATUREJR80,14,2,ExtraTreesRegressor,0,0,0,"[0.0, 0.0]","[""2026-07-20"", ""2026-07-27""]",Excellent,1,NaiveLastValue,10,17-07-2026 13:17
ABFNATUREJR80,28,4,ExtraTreesRegressor,0,0,0,"[0.0, 0.0, 0.0, 0.0]","[""2026-07-20"", ""2026-07-27"", ""2026-08-03"", ""2026-08-10""]",Excellent,1,NaiveLastValue,10,17-07-2026 13:17
ABFNATUREJR80,56,8,ExtraTreesRegressor,0,0,0,"[0.0, 0.0, 0.0, 0.0, 0.0, 0.0, 0.0, 0.0]","[""2026-07-20"", ""2026-07-27"", ""2026-08-03"", ""2026-08-10"", ""2026-08-17"", ""2026-08-24"", ""2026-08-31"", ""2026-09-07""]",Excellent,1,NaiveLastValue,10,17-07-2026 13:17
ABFNATUREJR80,91,13,RandomForestRegressor,0,0,0,"[0.0, 0.0, 0.0, 0.0, 0.0, 0.0, 0.0, 0.0, 0.0, 0.0, 0.0, 0.0, 0.0]","[""2026-07-20"", ""2026-07-27"", ""2026-08-03"", ""2026-08-10"", ""2026-08-17"", ""2026-08-24"", ""2026-08-31"", ""2026-09-07"", ""2026-09-14"", ""2026-09-21"", ""2026-09-28"", ""2026-10-05"", ""2026-10-12""]",Excellent,1,NaiveLastValue,10,17-07-2026 13:17
900483,7,1,TwoStage_RF_RF,33.119,31.797,0.022242838,[0.022242837993328733],"[""2026-07-20""]",Good,0,,10,17-07-2026 13:17
900483,14,2,SBA_alpha_02,48.533,58.305,4.46917849,"[2.2345892450542513, 2.2345892450542513]","[""2026-07-20"", ""2026-07-27""]",Fair,0,,10,17-07-2026 13:17
900483,28,4,SBA_alpha_02,66.691,86.222,8.93835698,"[2.2345892450542513, 2.2345892450542513, 2.2345892450542513, 2.2345892450542513]","[""2026-07-20"", ""2026-07-27"", ""2026-08-03"", ""2026-08-10""]",Poor,0,,10,17-07-2026 13:17
900483,56,8,ZeroForecast,100,74.947,0,"[0.0, 0.0, 0.0, 0.0, 0.0, 0.0, 0.0, 0.0]","[""2026-07-20"", ""2026-07-27"", ""2026-08-03"", ""2026-08-10"", ""2026-08-17"", ""2026-08-24"", ""2026-08-31"", ""2026-09-07""]",Unreliable,0,,10,17-07-2026 13:17
900483,91,13,ZeroForecast,100,46.121,0,"[0.0, 0.0, 0.0, 0.0, 0.0, 0.0, 0.0, 0.0, 0.0, 0.0, 0.0, 0.0, 0.0]","[""2026-07-20"", ""2026-07-27"", ""2026-08-03"", ""2026-08-10"", ""2026-08-17"", ""2026-08-24"", ""2026-08-31"", ""2026-09-07"", ""2026-09-14"", ""2026-09-21"", ""2026-09-28"", ""2026-10-05"", ""2026-10-12""]",Unreliable,0,,10,17-07-2026 13:17
ABFPREMIUMCF80,7,1,RandomForestRegressor,0,0,0,[0.0],"[""2026-07-20""]",Excellent,1,NaiveLastValue,10,17-07-2026 13:17
ABFPREMIUMCF80,14,2,ExtraTreesRegressor,0,0,0,"[0.0, 0.0]","[""2026-07-20"", ""2026-07-27""]",Excellent,1,NaiveLastValue,10,17-07-2026 13:17
ABFPREMIUMCF80,28,4,ExtraTreesRegressor,0,0,0,"[0.0, 0.0, 0.0, 0.0]","[""2026-07-20"", ""2026-07-27"", ""2026-08-03"", ""2026-08-10""]",Excellent,1,NaiveLastValue,10,17-07-2026 13:17
ABFPREMIUMCF80,56,8,ExtraTreesRegressor,0,0,0,"[0.0, 0.0, 0.0, 0.0, 0.0, 0.0, 0.0, 0.0]","[""2026-07-20"", ""2026-07-27"", ""2026-08-03"", ""2026-08-10"", ""2026-08-17"", ""2026-08-24"", ""2026-08-31"", ""2026-09-07""]",Excellent,1,NaiveLastValue,10,17-07-2026 13:17
ABFPREMIUMCF80,91,13,RandomForestRegressor,0,0,0,"[0.0, 0.0, 0.0, 0.0, 0.0, 0.0, 0.0, 0.0, 0.0, 0.0, 0.0, 0.0, 0.0]","[""2026-07-20"", ""2026-07-27"", ""2026-08-03"", ""2026-08-10"", ""2026-08-17"", ""2026-08-24"", ""2026-08-31"", ""2026-09-07"", ""2026-09-14"", ""2026-09-21"", ""2026-09-28"", ""2026-10-05"", ""2026-10-12""]",Excellent,1,NaiveLastValue,10,17-07-2026 13:17
ABFPREMIUMGF80,7,1,RandomForestRegressor,0,0,0,[0.0],"[""2026-07-20""]",Excellent,1,NaiveLastValue,10,17-07-2026 13:17
ABFPREMIUMGF80,14,2,ExtraTreesRegressor,0,0,0,"[0.0, 0.0]","[""2026-07-20"", ""2026-07-27""]",Excellent,1,NaiveLastValue,10,17-07-2026 13:17
ABFPREMIUMGF80,28,4,ExtraTreesRegressor,0,0,0,"[0.0, 0.0, 0.0, 0.0]","[""2026-07-20"", ""2026-07-27"", ""2026-08-03"", ""2026-08-10""]",Excellent,1,NaiveLastValue,10,17-07-2026 13:17
ABFPREMIUMGF80,56,8,ExtraTreesRegressor,0,0,0,"[0.0, 0.0, 0.0, 0.0, 0.0, 0.0, 0.0, 0.0]","[""2026-07-20"", ""2026-07-27"", ""2026-08-03"", ""2026-08-10"", ""2026-08-17"", ""2026-08-24"", ""2026-08-31"", ""2026-09-07""]",Excellent,1,NaiveLastValue,10,17-07-2026 13:17
ABFPREMIUMGF80,91,13,RandomForestRegressor,0,0,0,"[0.0, 0.0, 0.0, 0.0, 0.0, 0.0, 0.0, 0.0, 0.0, 0.0, 0.0, 0.0, 0.0]","[""2026-07-20"", ""2026-07-27"", ""2026-08-03"", ""2026-08-10"", ""2026-08-17"", ""2026-08-24"", ""2026-08-31"", ""2026-09-07"", ""2026-09-14"", ""2026-09-21"", ""2026-09-28"", ""2026-10-05"", ""2026-10-12""]",Excellent,1,NaiveLastValue,10,17-07-2026 13:17
ABFPREMIUMHIPO80,7,1,RandomForestRegressor,0,0,0,[0.0],"[""2026-07-20""]",Excellent,1,NaiveLastValue,10,17-07-2026 13:17
ABFPREMIUMHIPO80,14,2,ExtraTreesRegressor,0,0,0,"[0.0, 0.0]","[""2026-07-20"", ""2026-07-27""]",Excellent,1,NaiveLastValue,10,17-07-2026 13:17
ABFPREMIUMHIPO80,28,4,ExtraTreesRegressor,0,0,0,"[0.0, 0.0, 0.0, 0.0]","[""2026-07-20"", ""2026-07-27"", ""2026-08-03"", ""2026-08-10""]",Excellent,1,NaiveLastValue,10,17-07-2026 13:17
ABFPREMIUMHIPO80,56,8,ExtraTreesRegressor,0,0,0,"[0.0, 0.0, 0.0, 0.0, 0.0, 0.0, 0.0, 0.0]","[""2026-07-20"", ""2026-07-27"", ""2026-08-03"", ""2026-08-10"", ""2026-08-17"", ""2026-08-24"", ""2026-08-31"", ""2026-09-07""]",Excellent,1,NaiveLastValue,10,17-07-2026 13:17
ABFPREMIUMHIPO80,91,13,RandomForestRegressor,0,0,0,"[0.0, 0.0, 0.0, 0.0, 0.0, 0.0, 0.0, 0.0, 0.0, 0.0, 0.0, 0.0, 0.0]","[""2026-07-20"", ""2026-07-27"", ""2026-08-03"", ""2026-08-10"", ""2026-08-17"", ""2026-08-24"", ""2026-08-31"", ""2026-09-07"", ""2026-09-14"", ""2026-09-21"", ""2026-09-28"", ""2026-10-05"", ""2026-10-12""]",Excellent,1,NaiveLastValue,10,17-07-2026 13:17
ABFPREMIUMRGCF80,7,1,RandomForestRegressor,0,0,0,[0.0],"[""2026-07-20""]",Excellent,1,NaiveLastValue,10,17-07-2026 13:17
ABFPREMIUMRGCF80,14,2,ExtraTreesRegressor,0,0,0,"[0.0, 0.0]","[""2026-07-20"", ""2026-07-27""]",Excellent,1,NaiveLastValue,10,17-07-2026 13:17
ABFPREMIUMRGCF80,28,4,ExtraTreesRegressor,0,0,0,"[0.0, 0.0, 0.0, 0.0]","[""2026-07-20"", ""2026-07-27"", ""2026-08-03"", ""2026-08-10""]",Excellent,1,NaiveLastValue,10,17-07-2026 13:17
ABFPREMIUMRGCF80,56,8,ExtraTreesRegressor,0,0,0,"[0.0, 0.0, 0.0, 0.0, 0.0, 0.0, 0.0, 0.0]","[""2026-07-20"", ""2026-07-27"", ""2026-08-03"", ""2026-08-10"", ""2026-08-17"", ""2026-08-24"", ""2026-08-31"", ""2026-09-07""]",Excellent,1,NaiveLastValue,10,17-07-2026 13:17
ABFPREMIUMRGCF80,91,13,RandomForestRegressor,0,0,0,"[0.0, 0.0, 0.0, 0.0, 0.0, 0.0, 0.0, 0.0, 0.0, 0.0, 0.0, 0.0, 0.0]","[""2026-07-20"", ""2026-07-27"", ""2026-08-03"", ""2026-08-10"", ""2026-08-17"", ""2026-08-24"", ""2026-08-31"", ""2026-09-07"", ""2026-09-14"", ""2026-09-21"", ""2026-09-28"", ""2026-10-05"", ""2026-10-12""]",Excellent,1,NaiveLastValue,10,17-07-2026 13:17
ABFPREMIUMSA80,7,1,RandomForestRegressor,0,0,0,[0.0],"[""2026-07-20""]",Excellent,1,NaiveLastValue,10,17-07-2026 13:17
ABFPREMIUMSA80,14,2,ExtraTreesRegressor,0,0,0,"[0.0, 0.0]","[""2026-07-20"", ""2026-07-27""]",Excellent,1,NaiveLastValue,10,17-07-2026 13:17
ABFPREMIUMSA80,28,4,ExtraTreesRegressor,0,0,0,"[0.0, 0.0, 0.0, 0.0]","[""2026-07-20"", ""2026-07-27"", ""2026-08-03"", ""2026-08-10""]",Excellent,1,NaiveLastValue,10,17-07-2026 13:17
ABFPREMIUMSA80,56,8,ExtraTreesRegressor,0,0,0,"[0.0, 0.0, 0.0, 0.0, 0.0, 0.0, 0.0, 0.0]","[""2026-07-20"", ""2026-07-27"", ""2026-08-03"", ""2026-08-10"", ""2026-08-17"", ""2026-08-24"", ""2026-08-31"", ""2026-09-07""]",Excellent,1,NaiveLastValue,10,17-07-2026 13:17
ABFPREMIUMSA80,91,13,RandomForestRegressor,0,0,0,"[0.0, 0.0, 0.0, 0.0, 0.0, 0.0, 0.0, 0.0, 0.0, 0.0, 0.0, 0.0, 0.0]","[""2026-07-20"", ""2026-07-27"", ""2026-08-03"", ""2026-08-10"", ""2026-08-17"", ""2026-08-24"", ""2026-08-31"", ""2026-09-07"", ""2026-09-14"", ""2026-09-21"", ""2026-09-28"", ""2026-10-05"", ""2026-10-12""]",Excellent,1,NaiveLastValue,10,17-07-2026 13:17
873824,7,1,TwoStage_RF_Ridge,17.261,19.185,19.82704079,[19.82704079316052],"[""2026-07-20""]",Excellent,0,,10,17-07-2026 13:17
873824,14,2,GradientBoostingRegressor,67.127,90.692,5.823194632,"[2.9115973161106066, 2.9115973161106066]","[""2026-07-20"", ""2026-07-27""]",Poor,0,,10,17-07-2026 13:17
873824,28,4,ZeroForecast,100,79.971,0,"[0.0, 0.0, 0.0, 0.0]","[""2026-07-20"", ""2026-07-27"", ""2026-08-03"", ""2026-08-10""]",Unreliable,0,,10,17-07-2026 13:17
873824,56,8,ZeroForecast,100,89.973,0,"[0.0, 0.0, 0.0, 0.0, 0.0, 0.0, 0.0, 0.0]","[""2026-07-20"", ""2026-07-27"", ""2026-08-03"", ""2026-08-10"", ""2026-08-17"", ""2026-08-24"", ""2026-08-31"", ""2026-09-07""]",Unreliable,0,,10,17-07-2026 13:17
873824,91,13,sarima,98.666,128.923,20.26811274,"[1.4492095023846434, 1.114177930075178, 1.148693202543405, 2.2792716796760173, 0.8156644128945192, 1.7803582732171976, 2.0133660967512865, 2.1463980598294246, 2.079884192470149, 2.212955911556896, 1.9467888186729663, 1.2813446569913043, 0.0]","[""2026-07-20"", ""2026-07-27"", ""2026-08-03"", ""2026-08-10"", ""2026-08-17"", ""2026-08-24"", ""2026-08-31"", ""2026-09-07"", ""2026-09-14"", ""2026-09-21"", ""2026-09-28"", ""2026-10-05"", ""2026-10-12""]",Unreliable,0,,10,17-07-2026 13:17
AENERGYPETPLUS80,7,1,LastNonZero,63.309,44.922,0.00016,[0.00016],"[""2026-07-20""]",Poor,0,,10,17-07-2026 13:17
AENERGYPETPLUS80,14,2,sarima,61.411,21.784,2.83E-11,"[1.8279938797906497e-11, 9.986128747569941e-12]","[""2026-07-20"", ""2026-07-27""]",Poor,0,,10,17-07-2026 13:17
AENERGYPETPLUS80,28,4,NaiveLastValue,100,9.63,0,"[0.0, 0.0, 0.0, 0.0]","[""2026-07-20"", ""2026-07-27"", ""2026-08-03"", ""2026-08-10""]",Unreliable,0,,10,17-07-2026 13:17
AENERGYPETPLUS80,56,8,NaiveLastValue,100,1.852,0,"[0.0, 0.0, 0.0, 0.0, 0.0, 0.0, 0.0, 0.0]","[""2026-07-20"", ""2026-07-27"", ""2026-08-03"", ""2026-08-10"", ""2026-08-17"", ""2026-08-24"", ""2026-08-31"", ""2026-09-07""]",Unreliable,0,,10,17-07-2026 13:17
AENERGYPETPLUS80,91,13,NaiveLastValue,100,1.14,0,"[0.0, 0.0, 0.0, 0.0, 0.0, 0.0, 0.0, 0.0, 0.0, 0.0, 0.0, 0.0, 0.0]","[""2026-07-20"", ""2026-07-27"", ""2026-08-03"", ""2026-08-10"", ""2026-08-17"", ""2026-08-24"", ""2026-08-31"", ""2026-09-07"", ""2026-09-14"", ""2026-09-21"", ""2026-09-28"", ""2026-10-05"", ""2026-10-12""]",Unreliable,0,,10,17-07-2026 13:17
AGRIBARADULTO4,7,1,LastNonZero,50,53.306,2.56,[2.56],"[""2026-07-20""]",Fair,0,,10,17-07-2026 13:17
AGRIBARADULTO4,14,2,ExtraTreesRegressor,61.6,67.269,0.0512,"[0.0256, 0.0256]","[""2026-07-20"", ""2026-07-27""]",Poor,0,,10,17-07-2026 13:17
AGRIBARADULTO4,28,4,ExtraTreesRegressor,2.667,0.677,0.1024,"[0.0256, 0.0256, 0.0256, 0.0256]","[""2026-07-20"", ""2026-07-27"", ""2026-08-03"", ""2026-08-10""]",Excellent,0,,10,17-07-2026 13:17
AGRIBARADULTO4,56,8,GradientBoostingRegressor,82.301,135.746,3.080304971,"[0.20205679103713783, 0.45381405345012954, 0.45381405345012954, 0.45381405345012954, 0.45381405345012954, 0.45381405345012954, 0.3045889566032934, 0.3045889566032934]","[""2026-07-20"", ""2026-07-27"", ""2026-08-03"", ""2026-08-10"", ""2026-08-17"", ""2026-08-24"", ""2026-08-31"", ""2026-09-07""]",Unreliable,0,,10,17-07-2026 13:17
AGRIBARADULTO4,91,13,ExtraTreesRegressor,84,149.634,1.9456,"[0.0256, 0.0256, 0.0256, 0.0256, 0.0256, 0.0512, 0.0512, 0.128, 0.6656000000000002, 0.7680000000000002, 0.0768, 0.0256, 0.0512]","[""2026-07-20"", ""2026-07-27"", ""2026-08-03"", ""2026-08-10"", ""2026-08-17"", ""2026-08-24"", ""2026-08-31"", ""2026-09-07"", ""2026-09-14"", ""2026-09-21"", ""2026-09-28"", ""2026-10-05"", ""2026-10-12""]",Unreliable,0,,10,17-07-2026 13:17
AGRIBARAE20,7,1,LastNonZero,55.043,65.111,6.6,[6.6000000000000005],"[""2026-07-20""]",Poor,0,,10,17-07-2026 13:17
AGRIBARAE20,14,2,arima,99.947,191.687,0.675506944,"[0.33775347202551387, 0.3377534720255137]","[""2026-07-20"", ""2026-07-27""]",Unreliable,0,,10,17-07-2026 13:17
AGRIBARAE20,28,4,NaiveLastValue,100,49.986,0,"[0.0, 0.0, 0.0, 0.0]","[""2026-07-20"", ""2026-07-27"", ""2026-08-03"", ""2026-08-10""]",Unreliable,0,,10,17-07-2026 13:17
AGRIBARAE20,56,8,NaiveLastValue,100,24.993,0,"[0.0, 0.0, 0.0, 0.0, 0.0, 0.0, 0.0, 0.0]","[""2026-07-20"", ""2026-07-27"", ""2026-08-03"", ""2026-08-10"", ""2026-08-17"", ""2026-08-24"", ""2026-08-31"", ""2026-09-07""]",Unreliable,0,,10,17-07-2026 13:17
AGRIBARAE20,91,13,NaiveLastValue,100,15.38,0,"[0.0, 0.0, 0.0, 0.0, 0.0, 0.0, 0.0, 0.0, 0.0, 0.0, 0.0, 0.0, 0.0]","[""2026-07-20"", ""2026-07-27"", ""2026-08-03"", ""2026-08-10"", ""2026-08-17"", ""2026-08-24"", ""2026-08-31"", ""2026-09-07"", ""2026-09-14"", ""2026-09-21"", ""2026-09-28"", ""2026-10-05"", ""2026-10-12""]",Unreliable,0,,10,17-07-2026 13:17
AGRIBARAEPREMIUM20,7,1,LastNonZero,47.61,47.034,3.96,[3.96],"[""2026-07-20""]",Fair,0,,10,17-07-2026 13:17
AGRIBARAEPREMIUM20,14,2,SeasonalNaive_52,95.481,89.621,0,"[0.0, 0.0]","[""2026-07-20"", ""2026-07-27""]",Unreliable,0,,10,17-07-2026 13:17
AGRIBARAEPREMIUM20,28,4,NaiveLastValue,100,49.976,0,"[0.0, 0.0, 0.0, 0.0]","[""2026-07-20"", ""2026-07-27"", ""2026-08-03"", ""2026-08-10""]",Unreliable,0,,10,17-07-2026 13:17
AGRIBARAEPREMIUM20,56,8,NaiveLastValue,100,24.988,0,"[0.0, 0.0, 0.0, 0.0, 0.0, 0.0, 0.0, 0.0]","[""2026-07-20"", ""2026-07-27"", ""2026-08-03"", ""2026-08-10"", ""2026-08-17"", ""2026-08-24"", ""2026-08-31"", ""2026-09-07""]",Unreliable,0,,10,17-07-2026 13:17
AGRIBARAEPREMIUM20,91,13,NaiveLastValue,100,15.377,0,"[0.0, 0.0, 0.0, 0.0, 0.0, 0.0, 0.0, 0.0, 0.0, 0.0, 0.0, 0.0, 0.0]","[""2026-07-20"", ""2026-07-27"", ""2026-08-03"", ""2026-08-10"", ""2026-08-17"", ""2026-08-24"", ""2026-08-31"", ""2026-09-07"", ""2026-09-14"", ""2026-09-21"", ""2026-09-28"", ""2026-10-05"", ""2026-10-12""]",Unreliable,0,,10,17-07-2026 13:17
AGRIBARADULTO20,7,1,LastNonZero,60.759,56.081,7.92,[7.92],"[""2026-07-20""]",Poor,0,,10,17-07-2026 13:17
AGRIBARADULTO20,14,2,HistGradientBoostingRegressor,81.579,132.376,3.989791462,"[1.1134397863368024, 2.8763516752161187]","[""2026-07-20"", ""2026-07-27""]",Unreliable,0,,10,17-07-2026 13:17
AGRIBARADULTO20,28,4,HistGradientBoostingRegressor,80.913,157.005,7.145873366,"[1.1134397863368024, 2.8763516752161187, 2.3826474556341948, 0.7734344484600459]","[""2026-07-20"", ""2026-07-27"", ""2026-08-03"", ""2026-08-10""]",Unreliable,0,,10,17-07-2026 13:17
AGRIBARADULTO20,56,8,NaiveLastValue,100,39.991,0,"[0.0, 0.0, 0.0, 0.0, 0.0, 0.0, 0.0, 0.0]","[""2026-07-20"", ""2026-07-27"", ""2026-08-03"", ""2026-08-10"", ""2026-08-17"", ""2026-08-24"", ""2026-08-31"", ""2026-09-07""]",Unreliable,0,,10,17-07-2026 13:17
AGRIBARADULTO20,91,13,ZeroForecast,100,30.763,0,"[0.0, 0.0, 0.0, 0.0, 0.0, 0.0, 0.0, 0.0, 0.0, 0.0, 0.0, 0.0, 0.0]","[""2026-07-20"", ""2026-07-27"", ""2026-08-03"", ""2026-08-10"", ""2026-08-17"", ""2026-08-24"", ""2026-08-31"", ""2026-09-07"", ""2026-09-14"", ""2026-09-21"", ""2026-09-28"", ""2026-10-05"", ""2026-10-12""]",Unreliable,0,,10,17-07-2026 13:17
AGRIBARGATO4,7,1,LastNonZero,40.679,40.651,10.24,[10.24],"[""2026-07-20""]",Fair,0,,10,17-07-2026 13:17
AGRIBARGATO4,14,2,SeasonalNaive_52,86.275,98.923,0,"[0.0, 0.0]","[""2026-07-20"", ""2026-07-27""]",Unreliable,0,,10,17-07-2026 13:17
AGRIBARGATO4,28,4,NaiveLastValue,100,49.991,0,"[0.0, 0.0, 0.0, 0.0]","[""2026-07-20"", ""2026-07-27"", ""2026-08-03"", ""2026-08-10""]",Unreliable,0,,10,17-07-2026 13:17
AGRIBARGATO4,56,8,NaiveLastValue,100,24.995,0,"[0.0, 0.0, 0.0, 0.0, 0.0, 0.0, 0.0, 0.0]","[""2026-07-20"", ""2026-07-27"", ""2026-08-03"", ""2026-08-10"", ""2026-08-17"", ""2026-08-24"", ""2026-08-31"", ""2026-09-07""]",Unreliable,0,,10,17-07-2026 13:17
AGRIBARGATO4,91,13,NaiveLastValue,100,15.382,0,"[0.0, 0.0, 0.0, 0.0, 0.0, 0.0, 0.0, 0.0, 0.0, 0.0, 0.0, 0.0, 0.0]","[""2026-07-20"", ""2026-07-27"", ""2026-08-03"", ""2026-08-10"", ""2026-08-17"", ""2026-08-24"", ""2026-08-31"", ""2026-09-07"", ""2026-09-14"", ""2026-09-21"", ""2026-09-28"", ""2026-10-05"", ""2026-10-12""]",Unreliable,0,,10,17-07-2026 13:17
AGRIBARJR20,7,1,LastNonZero,34.266,31.74,6.6,[6.6000000000000005],"[""2026-07-20""]",Good,0,,10,17-07-2026 13:17
AGRIBARJR20,14,2,arima,99.928,190.486,0.430178955,"[0.21508947754899596, 0.21508947754899116]","[""2026-07-20"", ""2026-07-27""]",Unreliable,0,,10,17-07-2026 13:17
AGRIBARJR20,28,4,NaiveLastValue,100,49.98,0,"[0.0, 0.0, 0.0, 0.0]","[""2026-07-20"", ""2026-07-27"", ""2026-08-03"", ""2026-08-10""]",Unreliable,0,,10,17-07-2026 13:17
AGRIBARJR20,56,8,NaiveLastValue,100,24.992,0,"[0.0, 0.0, 0.0, 0.0, 0.0, 0.0, 0.0, 0.0]","[""2026-07-20"", ""2026-07-27"", ""2026-08-03"", ""2026-08-10"", ""2026-08-17"", ""2026-08-24"", ""2026-08-31"", ""2026-09-07""]",Unreliable,0,,10,17-07-2026 13:17
AGRIBARJR20,91,13,NaiveLastValue,100,15.38,0,"[0.0, 0.0, 0.0, 0.0, 0.0, 0.0, 0.0, 0.0, 0.0, 0.0, 0.0, 0.0, 0.0]","[""2026-07-20"", ""2026-07-27"", ""2026-08-03"", ""2026-08-10"", ""2026-08-17"", ""2026-08-24"", ""2026-08-31"", ""2026-09-07"", ""2026-09-14"", ""2026-09-21"", ""2026-09-28"", ""2026-10-05"", ""2026-10-12""]",Unreliable,0,,10,17-07-2026 13:17
AGRIBARJR4,7,1,LastNonZero,22.222,26.653,2.56,[2.56],"[""2026-07-20""]",Good,0,,10,17-07-2026 13:17
AGRIBARJR4,14,2,arima,99.934,187.922,0.231995656,"[0.11599782822029825, 0.11599782822029726]","[""2026-07-20"", ""2026-07-27""]",Unreliable,0,,10,17-07-2026 13:17
AGRIBARJR4,28,4,NaiveLastValue,100,49.945,0,"[0.0, 0.0, 0.0, 0.0]","[""2026-07-20"", ""2026-07-27"", ""2026-08-03"", ""2026-08-10""]",Unreliable,0,,10,17-07-2026 13:17
AGRIBARJR4,56,8,NaiveLastValue,100,24.973,0,"[0.0, 0.0, 0.0, 0.0, 0.0, 0.0, 0.0, 0.0]","[""2026-07-20"", ""2026-07-27"", ""2026-08-03"", ""2026-08-10"", ""2026-08-17"", ""2026-08-24"", ""2026-08-31"", ""2026-09-07""]",Unreliable,0,,10,17-07-2026 13:17
AGRIBARJR4,91,13,NaiveLastValue,100,24.584,0,"[0.0, 0.0, 0.0, 0.0, 0.0, 0.0, 0.0, 0.0, 0.0, 0.0, 0.0, 0.0, 0.0]","[""2026-07-20"", ""2026-07-27"", ""2026-08-03"", ""2026-08-10"", ""2026-08-17"", ""2026-08-24"", ""2026-08-31"", ""2026-09-07"", ""2026-09-14"", ""2026-09-21"", ""2026-09-28"", ""2026-10-05"", ""2026-10-12""]",Unreliable,0,,10,17-07-2026 13:17
AGUILARAE20,7,1,LastNonZero,45.725,58.938,12.48,[12.48],"[""2026-07-20""]",Fair,0,,10,17-07-2026 13:17
AGUILARAE20,14,2,TwoStage_Logistic_Huber,95.636,171.175,4.828652354,"[2.6100146477956683, 2.2186377063079017]","[""2026-07-20"", ""2026-07-27""]",Unreliable,0,,10,17-07-2026 13:17
AGUILARAE20,28,4,NaiveLastValue,100,49.989,0,"[0.0, 0.0, 0.0, 0.0]","[""2026-07-20"", ""2026-07-27"", ""2026-08-03"", ""2026-08-10""]",Unreliable,0,,10,17-07-2026 13:17
AGUILARAE20,56,8,ZeroForecast,100,24.996,0,"[0.0, 0.0, 0.0, 0.0, 0.0, 0.0, 0.0, 0.0]","[""2026-07-20"", ""2026-07-27"", ""2026-08-03"", ""2026-08-10"", ""2026-08-17"", ""2026-08-24"", ""2026-08-31"", ""2026-09-07""]",Unreliable,0,,10,17-07-2026 13:17
AGUILARAE20,91,13,ZeroForecast,100,18.458,0,"[0.0, 0.0, 0.0, 0.0, 0.0, 0.0, 0.0, 0.0, 0.0, 0.0, 0.0, 0.0, 0.0]","[""2026-07-20"", ""2026-07-27"", ""2026-08-03"", ""2026-08-10"", ""2026-08-17"", ""2026-08-24"", ""2026-08-31"", ""2026-09-07"", ""2026-09-14"", ""2026-09-21"", ""2026-09-28"", ""2026-10-05"", ""2026-10-12""]",Unreliable,0,,10,17-07-2026 13:17
AHAPPYMEDADULTOSARDINHA70,7,1,HistGradientBoostingRegressor,86.076,60.059,4.41E-09,[4.405237640989172e-09],"[""2026-07-20""]",Unreliable,0,,10,17-07-2026 13:17
AHAPPYMEDADULTOSARDINHA70,14,2,SBA_alpha_02,98.098,51.234,0.000960707,"[0.0004803535822895396, 0.0004803535822895396]","[""2026-07-20"", ""2026-07-27""]",Unreliable,0,,10,17-07-2026 13:17
AHAPPYMEDADULTOSARDINHA70,28,4,ZeroForecast,100,33.794,0,"[0.0, 0.0, 0.0, 0.0]","[""2026-07-20"", ""2026-07-27"", ""2026-08-03"", ""2026-08-10""]",Unreliable,0,,10,17-07-2026 13:17
AHAPPYMEDADULTOSARDINHA70,56,8,ZeroForecast,100,18.618,0,"[0.0, 0.0, 0.0, 0.0, 0.0, 0.0, 0.0, 0.0]","[""2026-07-20"", ""2026-07-27"", ""2026-08-03"", ""2026-08-10"", ""2026-08-17"", ""2026-08-24"", ""2026-08-31"", ""2026-09-07""]",Unreliable,0,,10,17-07-2026 13:17
AHAPPYMEDADULTOSARDINHA70,91,13,ZeroForecast,100,11.457,0,"[0.0, 0.0, 0.0, 0.0, 0.0, 0.0, 0.0, 0.0, 0.0, 0.0, 0.0, 0.0, 0.0]","[""2026-07-20"", ""2026-07-27"", ""2026-08-03"", ""2026-08-10"", ""2026-08-17"", ""2026-08-24"", ""2026-08-31"", ""2026-09-07"", ""2026-09-14"", ""2026-09-21"", ""2026-09-28"", ""2026-10-05"", ""2026-10-12""]",Unreliable,0,,10,17-07-2026 13:17
AGRIVILMIX20,7,1,TwoStage_Logistic_Huber,81.059,136.69,1.69E-06,[1.686011763766184e-06],"[""2026-07-20""]",Unreliable,1,LastNonZero,10,17-07-2026 13:17
AGRIVILMIX20,14,2,SeasonalNaive_52,40,39.994,12.48,"[0.0, 12.48]","[""2026-07-20"", ""2026-07-27""]",Fair,0,,10,17-07-2026 13:17
AGRIVILMIX20,28,4,ExtraTreesRegressor,67.878,50.274,0,"[0.0, 0.0, 0.0, 0.0]","[""2026-07-20"", ""2026-07-27"", ""2026-08-03"", ""2026-08-10""]",Poor,0,,10,17-07-2026 13:17
AGRIVILMIX20,56,8,ExtraTreesRegressor,67.878,25.137,0.2496,"[0.0, 0.0, 0.0, 0.0, 0.0, 0.0, 0.0, 0.24960000000000002]","[""2026-07-20"", ""2026-07-27"", ""2026-08-03"", ""2026-08-10"", ""2026-08-17"", ""2026-08-24"", ""2026-08-31"", ""2026-09-07""]",Poor,0,,10,17-07-2026 13:17
AGRIVILMIX20,91,13,SeasonalNaive_52,50,12.306,12.48,"[0.0, 12.48, 0.0, 0.0, 0.0, 0.0, 0.0, 0.0, 0.0, 0.0, 0.0, 0.0, 0.0]","[""2026-07-20"", ""2026-07-27"", ""2026-08-03"", ""2026-08-10"", ""2026-08-17"", ""2026-08-24"", ""2026-08-31"", ""2026-09-07"", ""2026-09-14"", ""2026-09-21"", ""2026-09-28"", ""2026-10-05"", ""2026-10-12""]",Fair,0,,10,17-07-2026 13:17
AGRIBARREGULAR20,7,1,LastNonZero,50.485,48.657,7.92,[7.92],"[""2026-07-20""]",Fair,0,,10,17-07-2026 13:17
AGRIBARREGULAR20,14,2,TwoStage_Logistic_Huber,70.822,133.089,0.000897374,"[0.0, 0.0008973738500557392]","[""2026-07-20"", ""2026-07-27""]",Poor,0,,10,17-07-2026 13:17
AGRIBARREGULAR20,28,4,ETS,100,184.84,9.474973872,"[2.368743468093899, 2.368743468093899, 2.368743468093899, 2.368743468093899]","[""2026-07-20"", ""2026-07-27"", ""2026-08-03"", ""2026-08-10""]",Unreliable,0,,10,17-07-2026 13:17
AGRIBARREGULAR20,56,8,ZeroForecast,100,39.992,0,"[0.0, 0.0, 0.0, 0.0, 0.0, 0.0, 0.0, 0.0]","[""2026-07-20"", ""2026-07-27"", ""2026-08-03"", ""2026-08-10"", ""2026-08-17"", ""2026-08-24"", ""2026-08-31"", ""2026-09-07""]",Unreliable,0,,10,17-07-2026 13:17
AGRIBARREGULAR20,91,13,NaiveLastValue,100,36.917,0,"[0.0, 0.0, 0.0, 0.0, 0.0, 0.0, 0.0, 0.0, 0.0, 0.0, 0.0, 0.0, 0.0]","[""2026-07-20"", ""2026-07-27"", ""2026-08-03"", ""2026-08-10"", ""2026-08-17"", ""2026-08-24"", ""2026-08-31"", ""2026-09-07"", ""2026-09-14"", ""2026-09-21"", ""2026-09-28"", ""2026-10-05"", ""2026-10-12""]",Unreliable,0,,10,17-07-2026 13:17
ALIMERKAADULTO10,7,1,arima,44.332,55.576,1.704369691,[1.7043696912715363],"[""2026-07-20""]",Fair,0,,10,17-07-2026 13:17
ALIMERKAADULTO10,14,2,arima,81.507,123.834,3.408738227,"[1.7043696912715363, 1.7043685356679095]","[""2026-07-20"", ""2026-07-27""]",Unreliable,0,,10,17-07-2026 13:17
ALIMERKAADULTO10,28,4,ZeroForecast,100,79.956,0,"[0.0, 0.0, 0.0, 0.0]","[""2026-07-20"", ""2026-07-27"", ""2026-08-03"", ""2026-08-10""]",Unreliable,0,,10,17-07-2026 13:17
ALIMERKAADULTO10,56,8,ZeroForecast,100,79.962,0,"[0.0, 0.0, 0.0, 0.0, 0.0, 0.0, 0.0, 0.0]","[""2026-07-20"", ""2026-07-27"", ""2026-08-03"", ""2026-08-10"", ""2026-08-17"", ""2026-08-24"", ""2026-08-31"", ""2026-09-07""]",Unreliable,0,,10,17-07-2026 13:17
ALIMERKAADULTO10,91,13,ZeroForecast,100,67.628,0,"[0.0, 0.0, 0.0, 0.0, 0.0, 0.0, 0.0, 0.0, 0.0, 0.0, 0.0, 0.0, 0.0]","[""2026-07-20"", ""2026-07-27"", ""2026-08-03"", ""2026-08-10"", ""2026-08-17"", ""2026-08-24"", ""2026-08-31"", ""2026-09-07"", ""2026-09-14"", ""2026-09-21"", ""2026-09-28"", ""2026-10-05"", ""2026-10-12""]",Unreliable,0,,10,17-07-2026 13:17
ALIPETADULTOMBVG10,7,1,LastNonZero,1.887,1.905,26.5,[26.5],"[""2026-07-20""]",Excellent,0,,10,17-07-2026 13:17
ALIPETADULTOMBVG10,14,2,NaiveLastValue,100,99.992,0,"[0.0, 0.0]","[""2026-07-20"", ""2026-07-27""]",Unreliable,0,,10,17-07-2026 13:17
ALIPETADULTOMBVG10,28,4,NaiveLastValue,100,49.996,0,"[0.0, 0.0, 0.0, 0.0]","[""2026-07-20"", ""2026-07-27"", ""2026-08-03"", ""2026-08-10""]",Unreliable,0,,10,17-07-2026 13:17
ALIPETADULTOMBVG10,56,8,NaiveLastValue,100,24.998,0,"[0.0, 0.0, 0.0, 0.0, 0.0, 0.0, 0.0, 0.0]","[""2026-07-20"", ""2026-07-27"", ""2026-08-03"", ""2026-08-10"", ""2026-08-17"", ""2026-08-24"", ""2026-08-31"", ""2026-09-07""]",Unreliable,0,,10,17-07-2026 13:17
ALIPETADULTOMBVG10,91,13,NaiveLastValue,100,15.383,0,"[0.0, 0.0, 0.0, 0.0, 0.0, 0.0, 0.0, 0.0, 0.0, 0.0, 0.0, 0.0, 0.0]","[""2026-07-20"", ""2026-07-27"", ""2026-08-03"", ""2026-08-10"", ""2026-08-17"", ""2026-08-24"", ""2026-08-31"", ""2026-09-07"", ""2026-09-14"", ""2026-09-21"", ""2026-09-28"", ""2026-10-05"", ""2026-10-12""]",Unreliable,0,,10,17-07-2026 13:17
ALIPETADULTOCH20,7,1,ExtraTreesRegressor,0,0,0,[0.0],"[""2026-07-20""]",Excellent,1,NaiveLastValue,10,17-07-2026 13:17
ALIPETADULTOCH20,14,2,ExtraTreesRegressor,0,0,0,"[0.0, 0.0]","[""2026-07-20"", ""2026-07-27""]",Excellent,1,NaiveLastValue,10,17-07-2026 13:17
ALIPETADULTOCH20,28,4,ExtraTreesRegressor,0,0,0,"[0.0, 0.0, 0.0, 0.0]","[""2026-07-20"", ""2026-07-27"", ""2026-08-03"", ""2026-08-10""]",Excellent,1,NaiveLastValue,10,17-07-2026 13:17
ALIPETADULTOCH20,56,8,ExtraTreesRegressor,0,0,0,"[0.0, 0.0, 0.0, 0.0, 0.0, 0.0, 0.0, 0.0]","[""2026-07-20"", ""2026-07-27"", ""2026-08-03"", ""2026-08-10"", ""2026-08-17"", ""2026-08-24"", ""2026-08-31"", ""2026-09-07""]",Excellent,1,NaiveLastValue,10,17-07-2026 13:17
ALIPETADULTOCH20,91,13,ExtraTreesRegressor,0,0,0,"[0.0, 0.0, 0.0, 0.0, 0.0, 0.0, 0.0, 0.0, 0.0, 0.0, 0.0, 0.0, 0.0]","[""2026-07-20"", ""2026-07-27"", ""2026-08-03"", ""2026-08-10"", ""2026-08-17"", ""2026-08-24"", ""2026-08-31"", ""2026-09-07"", ""2026-09-14"", ""2026-09-21"", ""2026-09-28"", ""2026-10-05"", ""2026-10-12""]",Excellent,1,NaiveLastValue,10,17-07-2026 13:17
ALIMERKAADULTO4,7,1,arima,36.14,43.401,1.042687487,[1.0426874874673686],"[""2026-07-20""]",Fair,0,,10,17-07-2026 13:17
ALIMERKAADULTO4,14,2,arima,68.33,120.026,2.08523692,"[1.0426874874673686, 1.0425494322746398]","[""2026-07-20"", ""2026-07-27""]",Poor,0,,10,17-07-2026 13:17
ALIMERKAADULTO4,28,4,ZeroForecast,100,79.93,0,"[0.0, 0.0, 0.0, 0.0]","[""2026-07-20"", ""2026-07-27"", ""2026-08-03"", ""2026-08-10""]",Unreliable,0,,10,17-07-2026 13:17
ALIMERKAADULTO4,56,8,ZeroForecast,100,79.906,0,"[0.0, 0.0, 0.0, 0.0, 0.0, 0.0, 0.0, 0.0]","[""2026-07-20"", ""2026-07-27"", ""2026-08-03"", ""2026-08-10"", ""2026-08-17"", ""2026-08-24"", ""2026-08-31"", ""2026-09-07""]",Unreliable,0,,10,17-07-2026 13:17
ALIMERKAADULTO4,91,13,ZeroForecast,100,82.975,0,"[0.0, 0.0, 0.0, 0.0, 0.0, 0.0, 0.0, 0.0, 0.0, 0.0, 0.0, 0.0, 0.0]","[""2026-07-20"", ""2026-07-27"", ""2026-08-03"", ""2026-08-10"", ""2026-08-17"", ""2026-08-24"", ""2026-08-31"", ""2026-09-07"", ""2026-09-14"", ""2026-09-21"", ""2026-09-28"", ""2026-10-05"", ""2026-10-12""]",Unreliable,0,,10,17-07-2026 13:17
AHAPPYAE80,7,1,SBA_alpha_01,89.136,41.586,7.81E-05,[7.80680018065316e-05],"[""2026-07-20""]",Unreliable,0,,10,17-07-2026 13:17
AHAPPYAE80,14,2,MovingAverage_4,100,24.185,0,"[0.0, 0.0]","[""2026-07-20"", ""2026-07-27""]",Unreliable,0,,10,17-07-2026 13:17
AHAPPYAE80,28,4,ZeroForecast,100,10.236,0,"[0.0, 0.0, 0.0, 0.0]","[""2026-07-20"", ""2026-07-27"", ""2026-08-03"", ""2026-08-10""]",Unreliable,0,,10,17-07-2026 13:17
AHAPPYAE80,56,8,ZeroForecast,100,5.488,0,"[0.0, 0.0, 0.0, 0.0, 0.0, 0.0, 0.0, 0.0]","[""2026-07-20"", ""2026-07-27"", ""2026-08-03"", ""2026-08-10"", ""2026-08-17"", ""2026-08-24"", ""2026-08-31"", ""2026-09-07""]",Unreliable,0,,10,17-07-2026 13:17
AHAPPYAE80,91,13,ZeroForecast,100,3.377,0,"[0.0, 0.0, 0.0, 0.0, 0.0, 0.0, 0.0, 0.0, 0.0, 0.0, 0.0, 0.0, 0.0]","[""2026-07-20"", ""2026-07-27"", ""2026-08-03"", ""2026-08-10"", ""2026-08-17"", ""2026-08-24"", ""2026-08-31"", ""2026-09-07"", ""2026-09-14"", ""2026-09-21"", ""2026-09-28"", ""2026-10-05"", ""2026-10-12""]",Unreliable,0,,10,17-07-2026 13:17
ALIPETGATOP20,7,1,ExtraTreesRegressor,0,0,0,[0.0],"[""2026-07-20""]",Excellent,1,NaiveLastValue,10,17-07-2026 13:17
ALIPETGATOP20,14,2,ExtraTreesRegressor,0,0,0,"[0.0, 0.0]","[""2026-07-20"", ""2026-07-27""]",Excellent,1,NaiveLastValue,10,17-07-2026 13:17
ALIPETGATOP20,28,4,ExtraTreesRegressor,0,0,0,"[0.0, 0.0, 0.0, 0.0]","[""2026-07-20"", ""2026-07-27"", ""2026-08-03"", ""2026-08-10""]",Excellent,1,NaiveLastValue,10,17-07-2026 13:17
ALIPETGATOP20,56,8,TwoStage_ET_ET,0,0.007,3.14E-08,"[3.927677498814836e-09, 3.927677498814836e-09, 3.927677498814836e-09, 3.927677498814836e-09, 3.927677498814836e-09, 3.927677498814836e-09, 3.927677498814836e-09, 3.927677498814836e-09]","[""2026-07-20"", ""2026-07-27"", ""2026-08-03"", ""2026-08-10"", ""2026-08-17"", ""2026-08-24"", ""2026-08-31"", ""2026-09-07""]",Excellent,1,NaiveLastValue,10,17-07-2026 13:17
ALIPETGATOP20,91,13,GradientBoostingRegressor,0,0,0,"[0.0, 0.0, 0.0, 0.0, 0.0, 0.0, 0.0, 0.0, 0.0, 0.0, 0.0, 0.0, 0.0]","[""2026-07-20"", ""2026-07-27"", ""2026-08-03"", ""2026-08-10"", ""2026-08-17"", ""2026-08-24"", ""2026-08-31"", ""2026-09-07"", ""2026-09-14"", ""2026-09-21"", ""2026-09-28"", ""2026-10-05"", ""2026-10-12""]",Excellent,1,NaiveLastValue,10,17-07-2026 13:17
ALIPETGATOMB18,7,1,LastNonZero,13,12.421,25.704,[25.703999999999997],"[""2026-07-20""]",Excellent,0,,10,17-07-2026 13:17
ALIPETGATOMB18,14,2,GradientBoostingRegressor,69.219,133.259,0.066813016,"[0.033406507924478246, 0.033406507924478246]","[""2026-07-20"", ""2026-07-27""]",Poor,0,,10,17-07-2026 13:17
ALIPETGATOMB18,28,4,NaiveLastValue,100,49.996,0,"[0.0, 0.0, 0.0, 0.0]","[""2026-07-20"", ""2026-07-27"", ""2026-08-03"", ""2026-08-10""]",Unreliable,0,,10,17-07-2026 13:17
ALIPETGATOMB18,56,8,NaiveLastValue,100,24.998,0,"[0.0, 0.0, 0.0, 0.0, 0.0, 0.0, 0.0, 0.0]","[""2026-07-20"", ""2026-07-27"", ""2026-08-03"", ""2026-08-10"", ""2026-08-17"", ""2026-08-24"", ""2026-08-31"", ""2026-09-07""]",Unreliable,0,,10,17-07-2026 13:17
ALIPETGATOMB18,91,13,NaiveLastValue,100,15.383,0,"[0.0, 0.0, 0.0, 0.0, 0.0, 0.0, 0.0, 0.0, 0.0, 0.0, 0.0, 0.0, 0.0]","[""2026-07-20"", ""2026-07-27"", ""2026-08-03"", ""2026-08-10"", ""2026-08-17"", ""2026-08-24"", ""2026-08-31"", ""2026-09-07"", ""2026-09-14"", ""2026-09-21"", ""2026-09-28"", ""2026-10-05"", ""2026-10-12""]",Unreliable,0,,10,17-07-2026 13:17
ALIPETMIX20,7,1,CrostonStyle_alpha_02,64.982,88.583,0.278744354,[0.2787443542868315],"[""2026-07-20""]",Poor,0,,10,17-07-2026 13:17
ALIPETMIX20,14,2,arima,99.611,142.336,0.23159315,"[0.11579657517630404, 0.11579657517630404]","[""2026-07-20"", ""2026-07-27""]",Unreliable,0,,10,17-07-2026 13:17
ALIPETMIX20,28,4,NaiveLastValue,100,49.784,0,"[0.0, 0.0, 0.0, 0.0]","[""2026-07-20"", ""2026-07-27"", ""2026-08-03"", ""2026-08-10""]",Unreliable,0,,10,17-07-2026 13:17
ALIPETMIX20,56,8,NaiveLastValue,100,24.869,0,"[0.0, 0.0, 0.0, 0.0, 0.0, 0.0, 0.0, 0.0]","[""2026-07-20"", ""2026-07-27"", ""2026-08-03"", ""2026-08-10"", ""2026-08-17"", ""2026-08-24"", ""2026-08-31"", ""2026-09-07""]",Unreliable,0,,10,17-07-2026 13:17
ALIPETMIX20,91,13,NaiveLastValue,100,15.304,0,"[0.0, 0.0, 0.0, 0.0, 0.0, 0.0, 0.0, 0.0, 0.0, 0.0, 0.0, 0.0, 0.0]","[""2026-07-20"", ""2026-07-27"", ""2026-08-03"", ""2026-08-10"", ""2026-08-17"", ""2026-08-24"", ""2026-08-31"", ""2026-09-07"", ""2026-09-14"", ""2026-09-21"", ""2026-09-28"", ""2026-10-05"", ""2026-10-12""]",Unreliable,0,,10,17-07-2026 13:17
AMIGO10,7,1,SeasonalNaive_52,36.585,37.999,15.36,[15.36],"[""2026-07-20""]",Fair,0,,10,17-07-2026 13:17
AMIGO10,14,2,SeasonalNaive_52,50.472,56.745,24,"[15.36, 8.64]","[""2026-07-20"", ""2026-07-27""]",Fair,0,,10,17-07-2026 13:17
AMIGO10,28,4,SeasonalNaive_52,42.731,48.198,44.64,"[15.36, 8.64, 2.4, 18.24]","[""2026-07-20"", ""2026-07-27"", ""2026-08-03"", ""2026-08-10""]",Fair,0,,10,17-07-2026 13:17
AMIGO10,56,8,SeasonalNaive_52,47.5,47.666,72.96,"[15.36, 8.64, 2.4, 18.24, 5.279999999999999, 9.120000000000001, 3.84, 10.08]","[""2026-07-20"", ""2026-07-27"", ""2026-08-03"", ""2026-08-10"", ""2026-08-17"", ""2026-08-24"", ""2026-08-31"", ""2026-09-07""]",Fair,0,,10,17-07-2026 13:17
AMIGO10,91,13,ADIDA_8,52.869,59.162,140.9800904,"[10.844622336000004, 10.844622336000004, 10.844622336000004, 10.844622336000004, 10.844622336000004, 10.844622336000004, 10.844622336000004, 10.844622336000004, 10.844622336000004, 10.844622336000004, 10.844622336000004, 10.844622336000004, 10.844622336000004]","[""2026-07-20"", ""2026-07-27"", ""2026-08-03"", ""2026-08-10"", ""2026-08-17"", ""2026-08-24"", ""2026-08-31"", ""2026-09-07"", ""2026-09-14"", ""2026-09-21"", ""2026-09-28"", ""2026-10-05"", ""2026-10-12""]",Fair,0,,10,17-07-2026 13:17
ALIPETADULTO20,7,1,HistGradientBoostingRegressor,17.261,19.2,8.359393071,[8.359393070759799],"[""2026-07-20""]",Excellent,0,,10,17-07-2026 13:17
ALIPETADULTO20,14,2,SBA_alpha_02,33.796,42.756,13.69289868,"[6.8464493410427885, 6.8464493410427885]","[""2026-07-20"", ""2026-07-27""]",Good,0,,10,17-07-2026 13:17
ALIPETADULTO20,28,4,SBA_alpha_02,39.125,39.57,27.38579736,"[6.8464493410427885, 6.8464493410427885, 6.8464493410427885, 6.8464493410427885]","[""2026-07-20"", ""2026-07-27"", ""2026-08-03"", ""2026-08-10""]",Fair,0,,10,17-07-2026 13:17
ALIPETADULTO20,56,8,RollingMedian_8,48.317,51.832,78,"[9.75, 9.75, 9.75, 9.75, 9.75, 9.75, 9.75, 9.75]","[""2026-07-20"", ""2026-07-27"", ""2026-08-03"", ""2026-08-10"", ""2026-08-17"", ""2026-08-24"", ""2026-08-31"", ""2026-09-07""]",Fair,0,,10,17-07-2026 13:17
ALIPETADULTO20,91,13,MovingAverage_4,44.729,47.751,107.38,"[8.260000000000002, 8.260000000000002, 8.260000000000002, 8.260000000000002, 8.260000000000002, 8.260000000000002, 8.260000000000002, 8.260000000000002, 8.260000000000002, 8.260000000000002, 8.260000000000002, 8.260000000000002, 8.260000000000002]","[""2026-07-20"", ""2026-07-27"", ""2026-08-03"", ""2026-08-10"", ""2026-08-17"", ""2026-08-24"", ""2026-08-31"", ""2026-09-07"", ""2026-09-14"", ""2026-09-21"", ""2026-09-28"", ""2026-10-05"", ""2026-10-12""]",Fair,0,,10,17-07-2026 13:17
AMISTADCATMEAT20,7,1,TwoStage_Logistic_Huber,99.998,199.974,1.23E-20,[1.2288455857968354e-20],"[""2026-07-20""]",Unreliable,1,LastNonZero,10,17-07-2026 13:17
AMISTADCATMEAT20,14,2,NaiveLastValue,100,99.991,0,"[0.0, 0.0]","[""2026-07-20"", ""2026-07-27""]",Unreliable,0,,10,17-07-2026 13:17
AMISTADCATMEAT20,28,4,NaiveLastValue,100,49.996,0,"[0.0, 0.0, 0.0, 0.0]","[""2026-07-20"", ""2026-07-27"", ""2026-08-03"", ""2026-08-10""]",Unreliable,0,,10,17-07-2026 13:17
AMISTADCATMEAT20,56,8,NaiveLastValue,100,24.998,0,"[0.0, 0.0, 0.0, 0.0, 0.0, 0.0, 0.0, 0.0]","[""2026-07-20"", ""2026-07-27"", ""2026-08-03"", ""2026-08-10"", ""2026-08-17"", ""2026-08-24"", ""2026-08-31"", ""2026-09-07""]",Unreliable,0,,10,17-07-2026 13:17
AMISTADCATMEAT20,91,13,NaiveLastValue,100,15.383,0,"[0.0, 0.0, 0.0, 0.0, 0.0, 0.0, 0.0, 0.0, 0.0, 0.0, 0.0, 0.0, 0.0]","[""2026-07-20"", ""2026-07-27"", ""2026-08-03"", ""2026-08-10"", ""2026-08-17"", ""2026-08-24"", ""2026-08-31"", ""2026-09-07"", ""2026-09-14"", ""2026-09-21"", ""2026-09-28"", ""2026-10-05"", ""2026-10-12""]",Unreliable,0,,10,17-07-2026 13:17
AMIGO18,7,1,ADIDA_8,31.21,36.129,39.63092538,[39.6309253824],"[""2026-07-20""]",Good,0,,10,17-07-2026 13:17
AMIGO18,14,2,ADIDA_4,44.34,53.26,83.39831051,"[41.69915525626183, 41.69915525626183]","[""2026-07-20"", ""2026-07-27""]",Fair,0,,10,17-07-2026 13:17
AMIGO18,28,4,arima,35.378,45.455,168.2732899,"[42.06830861604452, 42.06832398387783, 42.06832809236021, 42.06832919073414]","[""2026-07-20"", ""2026-07-27"", ""2026-08-03"", ""2026-08-10""]",Fair,0,,10,17-07-2026 13:17
AMIGO18,56,8,ADIDA_8,44.958,49.494,317.0474031,"[39.6309253824, 39.6309253824, 39.6309253824, 39.6309253824, 39.6309253824, 39.6309253824, 39.6309253824, 39.6309253824]","[""2026-07-20"", ""2026-07-27"", ""2026-08-03"", ""2026-08-10"", ""2026-08-17"", ""2026-08-24"", ""2026-08-31"", ""2026-09-07""]",Fair,0,,10,17-07-2026 13:17
AMIGO18,91,13,ADIDA_4,49.015,54.042,542.0890183,"[41.69915525626183, 41.69915525626183, 41.69915525626183, 41.69915525626183, 41.69915525626183, 41.69915525626183, 41.69915525626183, 41.69915525626183, 41.69915525626183, 41.69915525626183, 41.69915525626183, 41.69915525626183, 41.69915525626183]","[""2026-07-20"", ""2026-07-27"", ""2026-08-03"", ""2026-08-10"", ""2026-08-17"", ""2026-08-24"", ""2026-08-31"", ""2026-09-07"", ""2026-09-14"", ""2026-09-21"", ""2026-09-28"", ""2026-10-05"", ""2026-10-12""]",Fair,0,,10,17-07-2026 13:17
ALIPETGATO20,7,1,HistGradientBoostingRegressor,11.685,14.099,30.69162669,[30.691626686268624],"[""2026-07-20""]",Excellent,0,,10,17-07-2026 13:17
ALIPETGATO20,14,2,HistGradientBoostingRegressor,30.468,42.333,76.43275251,"[30.691626686268624, 45.74112582447087]","[""2026-07-20"", ""2026-07-27""]",Good,0,,10,17-07-2026 13:17
ALIPETGATO20,28,4,HistGradientBoostingRegressor,29.073,36.335,142.5478912,"[30.691626686268624, 45.74112582447087, 44.82782010733854, 21.287318617446267]","[""2026-07-20"", ""2026-07-27"", ""2026-08-03"", ""2026-08-10""]",Good,0,,10,17-07-2026 13:17
ALIPETGATO20,56,8,arima,28.903,33.382,318.0308719,"[39.75385903141481, 39.753858975755804, 39.753858984364996, 39.753858983033346, 39.753858983239326, 39.753858983207465, 39.753858983212396, 39.753858983211636]","[""2026-07-20"", ""2026-07-27"", ""2026-08-03"", ""2026-08-10"", ""2026-08-17"", ""2026-08-24"", ""2026-08-31"", ""2026-09-07""]",Good,0,,10,17-07-2026 13:17
ALIPETGATO20,91,13,RandomForestRegressor,25.642,31.177,431.9444,"[33.44660000000002, 39.43360000000003, 25.578600000000005, 28.90340000000002, 31.061799999999998, 37.84779999999999, 43.1114, 44.40900000000002, 33.61700000000001, 25.974600000000006, 26.5604, 25.5578, 36.44239999999999]","[""2026-07-20"", ""2026-07-27"", ""2026-08-03"", ""2026-08-10"", ""2026-08-17"", ""2026-08-24"", ""2026-08-31"", ""2026-09-07"", ""2026-09-14"", ""2026-09-21"", ""2026-09-28"", ""2026-10-05"", ""2026-10-12""]",Good,0,,10,17-07-2026 13:17
ANANDABASICHM18,7,1,GradientBoostingRegressor,0,0,0,[0.0],"[""2026-07-20""]",Excellent,1,NaiveLastValue,10,17-07-2026 13:17
ANANDABASICHM18,14,2,GradientBoostingRegressor,0,0,0,"[0.0, 0.0]","[""2026-07-20"", ""2026-07-27""]",Excellent,1,NaiveLastValue,10,17-07-2026 13:17
ANANDABASICHM18,28,4,GradientBoostingRegressor,0,0,0,"[0.0, 0.0, 0.0, 0.0]","[""2026-07-20"", ""2026-07-27"", ""2026-08-03"", ""2026-08-10""]",Excellent,1,NaiveLastValue,10,17-07-2026 13:17
ANANDABASICHM18,56,8,GradientBoostingRegressor,0,0,0,"[0.0, 0.0, 0.0, 0.0, 0.0, 0.0, 0.0, 0.0]","[""2026-07-20"", ""2026-07-27"", ""2026-08-03"", ""2026-08-10"", ""2026-08-17"", ""2026-08-24"", ""2026-08-31"", ""2026-09-07""]",Excellent,1,NaiveLastValue,10,17-07-2026 13:17
ANANDABASICHM18,91,13,GradientBoostingRegressor,0,0,0,"[0.0, 0.0, 0.0, 0.0, 0.0, 0.0, 0.0, 0.0, 0.0, 0.0, 0.0, 0.0, 0.0]","[""2026-07-20"", ""2026-07-27"", ""2026-08-03"", ""2026-08-10"", ""2026-08-17"", ""2026-08-24"", ""2026-08-31"", ""2026-09-07"", ""2026-09-14"", ""2026-09-21"", ""2026-09-28"", ""2026-10-05"", ""2026-10-12""]",Excellent,1,NaiveLastValue,10,17-07-2026 13:17
ALIPETGATOMIX20,7,1,Ridge,19.162,19.475,16.51804991,[16.518049908326887],"[""2026-07-20""]",Excellent,0,,10,17-07-2026 13:17
ALIPETGATOMIX20,14,2,Ridge,46.554,81.737,35.55632487,"[16.518049908326887, 19.03827496026677]","[""2026-07-20"", ""2026-07-27""]",Fair,0,,10,17-07-2026 13:17
ALIPETGATOMIX20,28,4,HistGradientBoostingRegressor,65.662,133.158,102.3183031,"[27.987867935868316, 23.717432982300892, 26.37091042294628, 24.242091733785774]","[""2026-07-20"", ""2026-07-27"", ""2026-08-03"", ""2026-08-10""]",Poor,0,,10,17-07-2026 13:17
ALIPETGATOMIX20,56,8,TwoStage_RF_Ridge,84.823,128.639,159.6955324,"[16.336885788370797, 17.297002986043296, 27.03900604542572, 25.064004773197563, 21.184281606082713, 20.38492798374355, 16.819767441158568, 15.569655811676002]","[""2026-07-20"", ""2026-07-27"", ""2026-08-03"", ""2026-08-10"", ""2026-08-17"", ""2026-08-24"", ""2026-08-31"", ""2026-09-07""]",Unreliable,0,,10,17-07-2026 13:17
ALIPETGATOMIX20,91,13,SBA_alpha_02,94.604,133.346,136.0222825,"[10.463252502145664, 10.463252502145664, 10.463252502145664, 10.463252502145664, 10.463252502145664, 10.463252502145664, 10.463252502145664, 10.463252502145664, 10.463252502145664, 10.463252502145664, 10.463252502145664, 10.463252502145664, 10.463252502145664]","[""2026-07-20"", ""2026-07-27"", ""2026-08-03"", ""2026-08-10"", ""2026-08-17"", ""2026-08-24"", ""2026-08-31"", ""2026-09-07"", ""2026-09-14"", ""2026-09-21"", ""2026-09-28"", ""2026-10-05"", ""2026-10-12""]",Unreliable,0,,10,17-07-2026 13:17
ANANDABASICMB18LCG,7,1,TSB_01_01,87.409,155.169,1.365637386,[1.36563738562062],"[""2026-07-20""]",Unreliable,0,,10,17-07-2026 13:17
ANANDABASICMB18LCG,14,2,NaiveLastValue,100,99.928,0,"[0.0, 0.0]","[""2026-07-20"", ""2026-07-27""]",Unreliable,0,,10,17-07-2026 13:17
ANANDABASICMB18LCG,28,4,NaiveLastValue,100,49.964,0,"[0.0, 0.0, 0.0, 0.0]","[""2026-07-20"", ""2026-07-27"", ""2026-08-03"", ""2026-08-10""]",Unreliable,0,,10,17-07-2026 13:17
ANANDABASICMB18LCG,56,8,NaiveLastValue,100,24.982,0,"[0.0, 0.0, 0.0, 0.0, 0.0, 0.0, 0.0, 0.0]","[""2026-07-20"", ""2026-07-27"", ""2026-08-03"", ""2026-08-10"", ""2026-08-17"", ""2026-08-24"", ""2026-08-31"", ""2026-09-07""]",Unreliable,0,,10,17-07-2026 13:17
ANANDABASICMB18LCG,91,13,NaiveLastValue,100,15.374,0,"[0.0, 0.0, 0.0, 0.0, 0.0, 0.0, 0.0, 0.0, 0.0, 0.0, 0.0, 0.0, 0.0]","[""2026-07-20"", ""2026-07-27"", ""2026-08-03"", ""2026-08-10"", ""2026-08-17"", ""2026-08-24"", ""2026-08-31"", ""2026-09-07"", ""2026-09-14"", ""2026-09-21"", ""2026-09-28"", ""2026-10-05"", ""2026-10-12""]",Unreliable,0,,10,17-07-2026 13:17
AMIGO4,7,1,HuberRegressor,3.013,2.936,9.302668273,[9.302668272518867],"[""2026-07-20""]",Excellent,0,,10,17-07-2026 13:17
AMIGO4,14,2,HuberRegressor,23.936,35.511,17.18224245,"[9.302668272518867, 7.879574175164856]","[""2026-07-20"", ""2026-07-27""]",Good,0,,10,17-07-2026 13:17
AMIGO4,28,4,Ridge,17.518,24.561,36.72167245,"[10.295024500523024, 8.859181696176984, 9.159466893436626, 8.407999359913473]","[""2026-07-20"", ""2026-07-27"", ""2026-08-03"", ""2026-08-10""]",Excellent,0,,10,17-07-2026 13:17
AMIGO4,56,8,Ridge,31.33,35.341,73.81245333,"[10.295024500523024, 8.859181696176984, 9.159466893436626, 8.407999359913473, 9.282470137159137, 9.08250050458842, 9.626140696027097, 9.099669538980242]","[""2026-07-20"", ""2026-07-27"", ""2026-08-03"", ""2026-08-10"", ""2026-08-17"", ""2026-08-24"", ""2026-08-31"", ""2026-09-07""]",Good,0,,10,17-07-2026 13:17
AMIGO4,91,13,RandomForestRegressor,43.035,46.184,103.0568,"[7.985599999999998, 6.075999999999999, 9.3296, 9.256800000000002, 8.8032, 8.920800000000002, 9.0664, 6.574399999999997, 6.518399999999998, 6.966399999999997, 6.966399999999998, 7.167999999999998, 9.424800000000003]","[""2026-07-20"", ""2026-07-27"", ""2026-08-03"", ""2026-08-10"", ""2026-08-17"", ""2026-08-24"", ""2026-08-31"", ""2026-09-07"", ""2026-09-14"", ""2026-09-21"", ""2026-09-28"", ""2026-10-05"", ""2026-10-12""]",Fair,0,,10,17-07-2026 13:17
ANANDABASICMV18LCG,7,1,LastNonZero,30,35.288,7.02,[7.02],"[""2026-07-20""]",Good,0,,10,17-07-2026 13:17
ANANDABASICMV18LCG,14,2,NaiveLastValue,100,99.972,0,"[0.0, 0.0]","[""2026-07-20"", ""2026-07-27""]",Unreliable,0,,10,17-07-2026 13:17
ANANDABASICMV18LCG,28,4,NaiveLastValue,100,49.986,0,"[0.0, 0.0, 0.0, 0.0]","[""2026-07-20"", ""2026-07-27"", ""2026-08-03"", ""2026-08-10""]",Unreliable,0,,10,17-07-2026 13:17
ANANDABASICMV18LCG,56,8,NaiveLastValue,100,24.993,0,"[0.0, 0.0, 0.0, 0.0, 0.0, 0.0, 0.0, 0.0]","[""2026-07-20"", ""2026-07-27"", ""2026-08-03"", ""2026-08-10"", ""2026-08-17"", ""2026-08-24"", ""2026-08-31"", ""2026-09-07""]",Unreliable,0,,10,17-07-2026 13:17
ANANDABASICMV18LCG,91,13,NaiveLastValue,100,15.38,0,"[0.0, 0.0, 0.0, 0.0, 0.0, 0.0, 0.0, 0.0, 0.0, 0.0, 0.0, 0.0, 0.0]","[""2026-07-20"", ""2026-07-27"", ""2026-08-03"", ""2026-08-10"", ""2026-08-17"", ""2026-08-24"", ""2026-08-31"", ""2026-09-07"", ""2026-09-14"", ""2026-09-21"", ""2026-09-28"", ""2026-10-05"", ""2026-10-12""]",Unreliable,0,,10,17-07-2026 13:17
ANANDABASICMV20JCR,7,1,RandomForestRegressor,100,199.957,0,[0.0],"[""2026-07-20""]",Unreliable,1,LastNonZero,10,17-07-2026 13:17
ANANDABASICMV20JCR,14,2,NaiveLastValue,100,99.979,0,"[0.0, 0.0]","[""2026-07-20"", ""2026-07-27""]",Unreliable,0,,10,17-07-2026 13:17
ANANDABASICMV20JCR,28,4,NaiveLastValue,100,49.989,0,"[0.0, 0.0, 0.0, 0.0]","[""2026-07-20"", ""2026-07-27"", ""2026-08-03"", ""2026-08-10""]",Unreliable,0,,10,17-07-2026 13:17
ANANDABASICMV20JCR,56,8,NaiveLastValue,100,24.995,0,"[0.0, 0.0, 0.0, 0.0, 0.0, 0.0, 0.0, 0.0]","[""2026-07-20"", ""2026-07-27"", ""2026-08-03"", ""2026-08-10"", ""2026-08-17"", ""2026-08-24"", ""2026-08-31"", ""2026-09-07""]",Unreliable,0,,10,17-07-2026 13:17
ANANDABASICMV20JCR,91,13,,,,,,,No Model,0,,,17-07-2026 13:17
ANANDABASICMB18,7,1,RandomForestRegressor,0,0,0,[0.0],"[""2026-07-20""]",Excellent,1,NaiveLastValue,10,17-07-2026 13:17
ANANDABASICMB18,14,2,RandomForestRegressor,0,0,0,"[0.0, 0.0]","[""2026-07-20"", ""2026-07-27""]",Excellent,1,NaiveLastValue,10,17-07-2026 13:17
ANANDABASICMB18,28,4,HistGradientBoostingRegressor,0,0,0,"[0.0, 0.0, 0.0, 0.0]","[""2026-07-20"", ""2026-07-27"", ""2026-08-03"", ""2026-08-10""]",Excellent,1,NaiveLastValue,10,17-07-2026 13:17
ANANDABASICMB18,56,8,RandomForestRegressor,0,0,0,"[0.0, 0.0, 0.0, 0.0, 0.0, 0.0, 0.0, 0.0]","[""2026-07-20"", ""2026-07-27"", ""2026-08-03"", ""2026-08-10"", ""2026-08-17"", ""2026-08-24"", ""2026-08-31"", ""2026-09-07""]",Excellent,1,NaiveLastValue,10,17-07-2026 13:17
ANANDABASICMB18,91,13,RandomForestRegressor,0,0,0,"[0.0, 0.0, 0.0, 0.0, 0.0, 0.0, 0.0, 0.0, 0.0, 0.0, 0.0, 0.0, 0.0]","[""2026-07-20"", ""2026-07-27"", ""2026-08-03"", ""2026-08-10"", ""2026-08-17"", ""2026-08-24"", ""2026-08-31"", ""2026-09-07"", ""2026-09-14"", ""2026-09-21"", ""2026-09-28"", ""2026-10-05"", ""2026-10-12""]",Excellent,1,NaiveLastValue,10,17-07-2026 13:17
ANANDAAEMV20HON,7,1,LastNonZero,23.606,20.768,7.8,[7.8],"[""2026-07-20""]",Good,0,,10,17-07-2026 13:17
ANANDAAEMV20HON,14,2,SeasonalNaive_52,61.538,61.889,0,"[0.0, 0.0]","[""2026-07-20"", ""2026-07-27""]",Poor,0,,10,17-07-2026 13:17
ANANDAAEMV20HON,28,4,ExtraTreesRegressor,68.1,124.715,0,"[0.0, 0.0, 0.0, 0.0]","[""2026-07-20"", ""2026-07-27"", ""2026-08-03"", ""2026-08-10""]",Poor,0,,10,17-07-2026 13:17
ANANDAAEMV20HON,56,8,ZeroForecast,100,24.994,0,"[0.0, 0.0, 0.0, 0.0, 0.0, 0.0, 0.0, 0.0]","[""2026-07-20"", ""2026-07-27"", ""2026-08-03"", ""2026-08-10"", ""2026-08-17"", ""2026-08-24"", ""2026-08-31"", ""2026-09-07""]",Unreliable,0,,10,17-07-2026 13:17
ANANDAAEMV20HON,91,13,ZeroForecast,100,15.381,0,"[0.0, 0.0, 0.0, 0.0, 0.0, 0.0, 0.0, 0.0, 0.0, 0.0, 0.0, 0.0, 0.0]","[""2026-07-20"", ""2026-07-27"", ""2026-08-03"", ""2026-08-10"", ""2026-08-17"", ""2026-08-24"", ""2026-08-31"", ""2026-09-07"", ""2026-09-14"", ""2026-09-21"", ""2026-09-28"", ""2026-10-05"", ""2026-10-12""]",Unreliable,0,,10,17-07-2026 13:17
ANANDAAEMB20PLM,7,1,LastNonZero,14.815,14.542,4.68,[4.68],"[""2026-07-20""]",Excellent,0,,10,17-07-2026 13:17
ANANDAAEMB20PLM,14,2,TwoStage_Logistic_Huber,95.53,128.962,0.203498324,"[0.14386949677169056, 0.05962882696618364]","[""2026-07-20"", ""2026-07-27""]",Unreliable,0,,10,17-07-2026 13:17
ANANDAAEMB20PLM,28,4,ZeroForecast,100,49.976,0,"[0.0, 0.0, 0.0, 0.0]","[""2026-07-20"", ""2026-07-27"", ""2026-08-03"", ""2026-08-10""]",Unreliable,0,,10,17-07-2026 13:17
ANANDAAEMB20PLM,56,8,HuberRegressor,91.209,86.372,9.514678875,"[1.6906224722501246, 3.237107871677401, 2.000424585586865, 2.5865239459628153, 0.0, 0.0, 0.0, 0.0]","[""2026-07-20"", ""2026-07-27"", ""2026-08-03"", ""2026-08-10"", ""2026-08-17"", ""2026-08-24"", ""2026-08-31"", ""2026-09-07""]",Unreliable,0,,10,17-07-2026 13:17
ANANDAAEMB20PLM,91,13,ZeroForecast,100,46.132,0,"[0.0, 0.0, 0.0, 0.0, 0.0, 0.0, 0.0, 0.0, 0.0, 0.0, 0.0, 0.0, 0.0]","[""2026-07-20"", ""2026-07-27"", ""2026-08-03"", ""2026-08-10"", ""2026-08-17"", ""2026-08-24"", ""2026-08-31"", ""2026-09-07"", ""2026-09-14"", ""2026-09-21"", ""2026-09-28"", ""2026-10-05"", ""2026-10-12""]",Unreliable,0,,10,17-07-2026 13:17
ANANDAAE18,7,1,HuberRegressor,55.532,52.507,3.23539291,[3.2353929097907743],"[""2026-07-20""]",Poor,0,,10,17-07-2026 13:17
ANANDAAE18,14,2,SBA_alpha_02,63.52,72.622,3.701326236,"[1.8506631180447206, 1.8506631180447206]","[""2026-07-20"", ""2026-07-27""]",Poor,0,,10,17-07-2026 13:17
ANANDAAE18,28,4,SBA_alpha_02,59.756,70.906,7.402652472,"[1.8506631180447206, 1.8506631180447206, 1.8506631180447206, 1.8506631180447206]","[""2026-07-20"", ""2026-07-27"", ""2026-08-03"", ""2026-08-10""]",Poor,0,,10,17-07-2026 13:17
ANANDAAE18,56,8,HuberRegressor,59.73,66.896,26.34381466,"[3.2353929097907743, 3.3319496465099805, 3.3781830309759306, 3.2227216190694805, 3.2122266136444635, 3.2926163459838627, 3.3283146799296697, 3.342409814465217]","[""2026-07-20"", ""2026-07-27"", ""2026-08-03"", ""2026-08-10"", ""2026-08-17"", ""2026-08-24"", ""2026-08-31"", ""2026-09-07""]",Poor,0,,10,17-07-2026 13:17
ANANDAAE18,91,13,TwoStage_RF_Ridge,59.055,64.972,53.27787704,"[3.989428818840155, 4.250317537939249, 4.156529446163717, 3.937575366555598, 3.924089022906658, 4.057280148122445, 4.160699857742227, 4.127569136413941, 4.06091667344613, 4.075596605554911, 4.142583323985279, 4.1957751661402884, 4.199515941105209]","[""2026-07-20"", ""2026-07-27"", ""2026-08-03"", ""2026-08-10"", ""2026-08-17"", ""2026-08-24"", ""2026-08-31"", ""2026-09-07"", ""2026-09-14"", ""2026-09-21"", ""2026-09-28"", ""2026-10-05"", ""2026-10-12""]",Poor,0,,10,17-07-2026 13:17
ANANDABASICMB20HON,7,1,LastNonZero,12.903,19.046,24.18,[24.18],"[""2026-07-20""]",Excellent,0,,10,17-07-2026 13:17
ANANDABASICMB20HON,14,2,SeasonalNaive_52,38.065,31.664,0,"[0.0, 0.0]","[""2026-07-20"", ""2026-07-27""]",Fair,0,,10,17-07-2026 13:17
ANANDABASICMB20HON,28,4,SeasonalNaive_52,16.129,12.914,8.58,"[0.0, 0.0, 0.0, 8.58]","[""2026-07-20"", ""2026-07-27"", ""2026-08-03"", ""2026-08-10""]",Excellent,0,,10,17-07-2026 13:17
ANANDABASICMB20HON,56,8,SeasonalNaive_52,38.172,26.453,32.74,"[0.0, 0.0, 0.0, 8.58, 0.0, 24.16, 0.0, 0.0]","[""2026-07-20"", ""2026-07-27"", ""2026-08-03"", ""2026-08-10"", ""2026-08-17"", ""2026-08-24"", ""2026-08-31"", ""2026-09-07""]",Fair,0,,10,17-07-2026 13:17
ANANDABASICMB20HON,91,13,SeasonalNaive_52,52.786,29.097,41.32,"[0.0, 0.0, 0.0, 8.58, 0.0, 24.16, 0.0, 0.0, 0.0, 0.0, 0.0, 0.0, 8.58]","[""2026-07-20"", ""2026-07-27"", ""2026-08-03"", ""2026-08-10"", ""2026-08-17"", ""2026-08-24"", ""2026-08-31"", ""2026-09-07"", ""2026-09-14"", ""2026-09-21"", ""2026-09-28"", ""2026-10-05"", ""2026-10-12""]",Fair,0,,10,17-07-2026 13:17
ANANDABASICMV20PLM,7,1,LastNonZero,11.538,10.907,3.9,[3.9],"[""2026-07-20""]",Excellent,0,,10,17-07-2026 13:17
ANANDABASICMV20PLM,14,2,TwoStage_Logistic_Huber,89.975,128.946,0.717833681,"[0.6894948283122065, 0.028338853012418817]","[""2026-07-20"", ""2026-07-27""]",Unreliable,0,,10,17-07-2026 13:17
ANANDABASICMV20PLM,28,4,ZeroForecast,100,49.974,0,"[0.0, 0.0, 0.0, 0.0]","[""2026-07-20"", ""2026-07-27"", ""2026-08-03"", ""2026-08-10""]",Unreliable,0,,10,17-07-2026 13:17
ANANDABASICMV20PLM,56,8,ZeroForecast,100,39.98,0,"[0.0, 0.0, 0.0, 0.0, 0.0, 0.0, 0.0, 0.0]","[""2026-07-20"", ""2026-07-27"", ""2026-08-03"", ""2026-08-10"", ""2026-08-17"", ""2026-08-24"", ""2026-08-31"", ""2026-09-07""]",Unreliable,0,,10,17-07-2026 13:17
ANANDABASICMV20PLM,91,13,ZeroForecast,100,46.132,0,"[0.0, 0.0, 0.0, 0.0, 0.0, 0.0, 0.0, 0.0, 0.0, 0.0, 0.0, 0.0, 0.0]","[""2026-07-20"", ""2026-07-27"", ""2026-08-03"", ""2026-08-10"", ""2026-08-17"", ""2026-08-24"", ""2026-08-31"", ""2026-09-07"", ""2026-09-14"", ""2026-09-21"", ""2026-09-28"", ""2026-10-05"", ""2026-10-12""]",Unreliable,0,,10,17-07-2026 13:17
ARTIFACTCATKITTENMB20,7,1,ExtraTreesRegressor,0,0,0,[0.0],"[""2026-07-20""]",Excellent,1,NaiveLastValue,10,17-07-2026 13:17
ARTIFACTCATKITTENMB20,14,2,ExtraTreesRegressor,0,0,0,"[0.0, 0.0]","[""2026-07-20"", ""2026-07-27""]",Excellent,1,NaiveLastValue,10,17-07-2026 13:17
ARTIFACTCATKITTENMB20,28,4,ExtraTreesRegressor,0,0,0,"[0.0, 0.0, 0.0, 0.0]","[""2026-07-20"", ""2026-07-27"", ""2026-08-03"", ""2026-08-10""]",Excellent,1,NaiveLastValue,10,17-07-2026 13:17
ARTIFACTCATKITTENMB20,56,8,RandomForestRegressor,0,0,0,"[0.0, 0.0, 0.0, 0.0, 0.0, 0.0, 0.0, 0.0]","[""2026-07-20"", ""2026-07-27"", ""2026-08-03"", ""2026-08-10"", ""2026-08-17"", ""2026-08-24"", ""2026-08-31"", ""2026-09-07""]",Excellent,1,NaiveLastValue,10,17-07-2026 13:17
ARTIFACTCATKITTENMB20,91,13,GradientBoostingRegressor,0,0,0,"[0.0, 0.0, 0.0, 0.0, 0.0, 0.0, 0.0, 0.0, 0.0, 0.0, 0.0, 0.0, 0.0]","[""2026-07-20"", ""2026-07-27"", ""2026-08-03"", ""2026-08-10"", ""2026-08-17"", ""2026-08-24"", ""2026-08-31"", ""2026-09-07"", ""2026-09-14"", ""2026-09-21"", ""2026-09-28"", ""2026-10-05"", ""2026-10-12""]",Excellent,1,NaiveLastValue,10,17-07-2026 13:17
ANANDAGATOMB20HON,7,1,LastNonZero,9.677,9.332,7.8,[7.8],"[""2026-07-20""]",Excellent,0,,10,17-07-2026 13:17
ANANDAGATOMB20HON,14,2,arima,99.461,174.639,1.097402464,"[0.5487012321942184, 0.5487012321831191]","[""2026-07-20"", ""2026-07-27""]",Unreliable,0,,10,17-07-2026 13:17
ANANDAGATOMB20HON,28,4,NaiveLastValue,100,49.987,0,"[0.0, 0.0, 0.0, 0.0]","[""2026-07-20"", ""2026-07-27"", ""2026-08-03"", ""2026-08-10""]",Unreliable,0,,10,17-07-2026 13:17
ANANDAGATOMB20HON,56,8,ZeroForecast,100,24.994,0,"[0.0, 0.0, 0.0, 0.0, 0.0, 0.0, 0.0, 0.0]","[""2026-07-20"", ""2026-07-27"", ""2026-08-03"", ""2026-08-10"", ""2026-08-17"", ""2026-08-24"", ""2026-08-31"", ""2026-09-07""]",Unreliable,0,,10,17-07-2026 13:17
ANANDAGATOMB20HON,91,13,ZeroForecast,100,15.381,0,"[0.0, 0.0, 0.0, 0.0, 0.0, 0.0, 0.0, 0.0, 0.0, 0.0, 0.0, 0.0, 0.0]","[""2026-07-20"", ""2026-07-27"", ""2026-08-03"", ""2026-08-10"", ""2026-08-17"", ""2026-08-24"", ""2026-08-31"", ""2026-09-07"", ""2026-09-14"", ""2026-09-21"", ""2026-09-28"", ""2026-10-05"", ""2026-10-12""]",Unreliable,0,,10,17-07-2026 13:17
ANANDAGATO18,7,1,ETS,28.168,29.85,2.569448162,[2.5694481617201337],"[""2026-07-20""]",Good,0,,10,17-07-2026 13:17
ANANDAGATO18,14,2,ETS,50,59.102,5.138896323,"[2.5694481617201337, 2.5694481617201337]","[""2026-07-20"", ""2026-07-27""]",Fair,0,,10,17-07-2026 13:17
ANANDAGATO18,28,4,SeasonalNaive_52,48.354,117.947,3.816,"[2.106, 1.404, 0.306, 0.0]","[""2026-07-20"", ""2026-07-27"", ""2026-08-03"", ""2026-08-10""]",Fair,0,,10,17-07-2026 13:17
ANANDAGATO18,56,8,arima,62.791,78.677,25.82512312,"[3.2281403905412214, 3.2281403905412214, 3.2281403905412214, 3.2281403905412214, 3.2281403905412214, 3.2281403905412214, 3.2281403905412214, 3.2281403905412214]","[""2026-07-20"", ""2026-07-27"", ""2026-08-03"", ""2026-08-10"", ""2026-08-17"", ""2026-08-24"", ""2026-08-31"", ""2026-09-07""]",Poor,0,,10,17-07-2026 13:17
ANANDAGATO18,91,13,TwoStage_RF_Ridge,71.532,92.479,45.77472924,"[3.953968968439952, 3.4842054203048027, 4.482734894353395, 3.8525219285749333, 3.70745131032611, 3.5315751678345437, 3.1649890482275564, 3.2281401346000638, 3.2366836461336326, 3.625806807246622, 3.2985454107375, 2.9002827228437313, 3.3078237840793903]","[""2026-07-20"", ""2026-07-27"", ""2026-08-03"", ""2026-08-10"", ""2026-08-17"", ""2026-08-24"", ""2026-08-31"", ""2026-09-07"", ""2026-09-14"", ""2026-09-21"", ""2026-09-28"", ""2026-10-05"", ""2026-10-12""]",Poor,0,,10,17-07-2026 13:17
ARTIFACTGATOCARNE10,7,1,SBA_alpha_02,28.392,24.857,0.80915625,[0.80915625],"[""2026-07-20""]",Good,0,,10,17-07-2026 13:17
ARTIFACTGATOCARNE10,14,2,NaiveLastValue,100,99.953,0,"[0.0, 0.0]","[""2026-07-20"", ""2026-07-27""]",Unreliable,0,,10,17-07-2026 13:17
ARTIFACTGATOCARNE10,28,4,NaiveLastValue,100,49.977,0,"[0.0, 0.0, 0.0, 0.0]","[""2026-07-20"", ""2026-07-27"", ""2026-08-03"", ""2026-08-10""]",Unreliable,0,,10,17-07-2026 13:17
ARTIFACTGATOCARNE10,56,8,NaiveLastValue,100,24.988,0,"[0.0, 0.0, 0.0, 0.0, 0.0, 0.0, 0.0, 0.0]","[""2026-07-20"", ""2026-07-27"", ""2026-08-03"", ""2026-08-10"", ""2026-08-17"", ""2026-08-24"", ""2026-08-31"", ""2026-09-07""]",Unreliable,0,,10,17-07-2026 13:17
ARTIFACTGATOCARNE10,91,13,NaiveLastValue,100,15.377,0,"[0.0, 0.0, 0.0, 0.0, 0.0, 0.0, 0.0, 0.0, 0.0, 0.0, 0.0, 0.0, 0.0]","[""2026-07-20"", ""2026-07-27"", ""2026-08-03"", ""2026-08-10"", ""2026-08-17"", ""2026-08-24"", ""2026-08-31"", ""2026-09-07"", ""2026-09-14"", ""2026-09-21"", ""2026-09-28"", ""2026-10-05"", ""2026-10-12""]",Unreliable,0,,10,17-07-2026 13:17
ANANDABASIC18,7,1,MovingAverage_4,45.116,54.56,7.722,[7.7219999999999995],"[""2026-07-20""]",Fair,0,,10,17-07-2026 13:17
ANANDABASIC18,14,2,arima,84.743,98.064,19.86430896,"[9.932154482010375, 9.932154482010372]","[""2026-07-20"", ""2026-07-27""]",Unreliable,0,,10,17-07-2026 13:17
ANANDABASIC18,28,4,HuberRegressor,72.318,86.546,38.97061209,"[8.547823866417716, 10.49564238791797, 10.708767096564644, 9.218378742978196]","[""2026-07-20"", ""2026-07-27"", ""2026-08-03"", ""2026-08-10""]",Poor,0,,10,17-07-2026 13:17
ANANDABASIC18,56,8,ADIDA_8,75.429,97.04,79.24595016,"[9.905743770002791, 9.905743770002791, 9.905743770002791, 9.905743770002791, 9.905743770002791, 9.905743770002791, 9.905743770002791, 9.905743770002791]","[""2026-07-20"", ""2026-07-27"", ""2026-08-03"", ""2026-08-10"", ""2026-08-17"", ""2026-08-24"", ""2026-08-31"", ""2026-09-07""]",Unreliable,0,,10,17-07-2026 13:17
ANANDABASIC18,91,13,GradientBoostingRegressor,66.611,84.571,141.8500894,"[10.452903949210073, 10.491778806444064, 9.744296811042192, 14.599773080681627, 15.399072640495271, 11.98808940943873, 10.769036713489326, 7.386152788063892, 10.353354246871467, 7.595992910550156, 12.19318601351101, 11.778853173095461, 9.097598866119906]","[""2026-07-20"", ""2026-07-27"", ""2026-08-03"", ""2026-08-10"", ""2026-08-17"", ""2026-08-24"", ""2026-08-31"", ""2026-09-07"", ""2026-09-14"", ""2026-09-21"", ""2026-09-28"", ""2026-10-05"", ""2026-10-12""]",Poor,0,,10,17-07-2026 13:17
ARTIFACTMANUTENCAO18,7,1,LastNonZero,33.333,39.997,16.848,[16.848],"[""2026-07-20""]",Good,0,,10,17-07-2026 13:17
ARTIFACTMANUTENCAO18,14,2,NaiveLastValue,100,99.988,0,"[0.0, 0.0]","[""2026-07-20"", ""2026-07-27""]",Unreliable,0,,10,17-07-2026 13:17
ARTIFACTMANUTENCAO18,28,4,NaiveLastValue,100,49.994,0,"[0.0, 0.0, 0.0, 0.0]","[""2026-07-20"", ""2026-07-27"", ""2026-08-03"", ""2026-08-10""]",Unreliable,0,,10,17-07-2026 13:17
ARTIFACTMANUTENCAO18,56,8,NaiveLastValue,100,24.997,0,"[0.0, 0.0, 0.0, 0.0, 0.0, 0.0, 0.0, 0.0]","[""2026-07-20"", ""2026-07-27"", ""2026-08-03"", ""2026-08-10"", ""2026-08-17"", ""2026-08-24"", ""2026-08-31"", ""2026-09-07""]",Unreliable,0,,10,17-07-2026 13:17
ARTIFACTMANUTENCAO18,91,13,NaiveLastValue,100,15.383,0,"[0.0, 0.0, 0.0, 0.0, 0.0, 0.0, 0.0, 0.0, 0.0, 0.0, 0.0, 0.0, 0.0]","[""2026-07-20"", ""2026-07-27"", ""2026-08-03"", ""2026-08-10"", ""2026-08-17"", ""2026-08-24"", ""2026-08-31"", ""2026-09-07"", ""2026-09-14"", ""2026-09-21"", ""2026-09-28"", ""2026-10-05"", ""2026-10-12""]",Unreliable,0,,10,17-07-2026 13:17
ANANDAJRMV20HON,7,1,RandomForestRegressor,90.667,169.831,0,[0.0],"[""2026-07-20""]",Unreliable,1,LastNonZero,10,17-07-2026 13:17
ANANDAJRMV20HON,14,2,Ridge,97.284,153.631,0,"[0.0, 0.0]","[""2026-07-20"", ""2026-07-27""]",Unreliable,0,,10,17-07-2026 13:17
ANANDAJRMV20HON,28,4,ZeroForecast,100,49.987,0,"[0.0, 0.0, 0.0, 0.0]","[""2026-07-20"", ""2026-07-27"", ""2026-08-03"", ""2026-08-10""]",Unreliable,0,,10,17-07-2026 13:17
ANANDAJRMV20HON,56,8,ZeroForecast,100,29.992,0,"[0.0, 0.0, 0.0, 0.0, 0.0, 0.0, 0.0, 0.0]","[""2026-07-20"", ""2026-07-27"", ""2026-08-03"", ""2026-08-10"", ""2026-08-17"", ""2026-08-24"", ""2026-08-31"", ""2026-09-07""]",Unreliable,0,,10,17-07-2026 13:17
ANANDAJRMV20HON,91,13,ZeroForecast,100,18.457,0,"[0.0, 0.0, 0.0, 0.0, 0.0, 0.0, 0.0, 0.0, 0.0, 0.0, 0.0, 0.0, 0.0]","[""2026-07-20"", ""2026-07-27"", ""2026-08-03"", ""2026-08-10"", ""2026-08-17"", ""2026-08-24"", ""2026-08-31"", ""2026-09-07"", ""2026-09-14"", ""2026-09-21"", ""2026-09-28"", ""2026-10-05"", ""2026-10-12""]",Unreliable,0,,10,17-07-2026 13:17
ARTIFACTGATOMIX10,7,1,SBA_alpha_01,33.16,19.235,0.957208103,[0.957208103130755],"[""2026-07-20""]",Good,0,,10,17-07-2026 13:17
ARTIFACTGATOMIX10,14,2,Ridge,99.99,154.912,0,"[0.0, 0.0]","[""2026-07-20"", ""2026-07-27""]",Unreliable,0,,10,17-07-2026 13:17
ARTIFACTGATOMIX10,28,4,HuberRegressor,100,49.935,0,"[0.0, 0.0, 0.0, 0.0]","[""2026-07-20"", ""2026-07-27"", ""2026-08-03"", ""2026-08-10""]",Unreliable,0,,10,17-07-2026 13:17
ARTIFACTGATOMIX10,56,8,HuberRegressor,100,24.968,0,"[0.0, 0.0, 0.0, 0.0, 0.0, 0.0, 0.0, 0.0]","[""2026-07-20"", ""2026-07-27"", ""2026-08-03"", ""2026-08-10"", ""2026-08-17"", ""2026-08-24"", ""2026-08-31"", ""2026-09-07""]",Unreliable,0,,10,17-07-2026 13:17
ARTIFACTGATOMIX10,91,13,NaiveLastValue,100,15.365,0,"[0.0, 0.0, 0.0, 0.0, 0.0, 0.0, 0.0, 0.0, 0.0, 0.0, 0.0, 0.0, 0.0]","[""2026-07-20"", ""2026-07-27"", ""2026-08-03"", ""2026-08-10"", ""2026-08-17"", ""2026-08-24"", ""2026-08-31"", ""2026-09-07"", ""2026-09-14"", ""2026-09-21"", ""2026-09-28"", ""2026-10-05"", ""2026-10-12""]",Unreliable,0,,10,17-07-2026 13:17
ANANDAJR18,7,1,arima,37.779,39.61,2.430973776,[2.4309737760511965],"[""2026-07-20""]",Fair,0,,10,17-07-2026 13:17
ANANDAJR18,14,2,TwoStage_RF_Ridge,58.685,65.652,5.76183683,"[2.8236298307238763, 2.938206999433988]","[""2026-07-20"", ""2026-07-27""]",Poor,0,,10,17-07-2026 13:17
ANANDAJR18,28,4,TwoStage_RF_Ridge,53.2,60.668,11.03136542,"[2.8236298307238763, 2.938206999433988, 2.610422633331363, 2.659105960618987]","[""2026-07-20"", ""2026-07-27"", ""2026-08-03"", ""2026-08-10""]",Fair,0,,10,17-07-2026 13:17
ANANDAJR18,56,8,TwoStage_Logistic_Huber,74.533,94.629,17.00975198,"[2.222415507907751, 2.576816655011937, 1.5627027568282608, 1.771785543300036, 1.9287184222525213, 2.220616059673858, 2.380402739186908, 2.3462942932879867]","[""2026-07-20"", ""2026-07-27"", ""2026-08-03"", ""2026-08-10"", ""2026-08-17"", ""2026-08-24"", ""2026-08-31"", ""2026-09-07""]",Poor,0,,10,17-07-2026 13:17
ANANDAJR18,91,13,CrostonStyle,79.388,103.002,19.68830105,"[1.51448469623513, 1.51448469623513, 1.51448469623513, 1.51448469623513, 1.51448469623513, 1.51448469623513, 1.51448469623513, 1.51448469623513, 1.51448469623513, 1.51448469623513, 1.51448469623513, 1.51448469623513, 1.51448469623513]","[""2026-07-20"", ""2026-07-27"", ""2026-08-03"", ""2026-08-10"", ""2026-08-17"", ""2026-08-24"", ""2026-08-31"", ""2026-09-07"", ""2026-09-14"", ""2026-09-21"", ""2026-09-28"", ""2026-10-05"", ""2026-10-12""]",Unreliable,0,,10,17-07-2026 13:17
ARTIFACTMIX20,7,1,LastNonZero,66.376,99.332,12.24,[12.240000000000002],"[""2026-07-20""]",Poor,0,,10,17-07-2026 13:17
ARTIFACTMIX20,14,2,Ridge,99.97,194.885,0.103546586,"[0.0, 0.10354658646804371]","[""2026-07-20"", ""2026-07-27""]",Unreliable,0,,10,17-07-2026 13:17
ARTIFACTMIX20,28,4,NaiveLastValue,100,49.992,0,"[0.0, 0.0, 0.0, 0.0]","[""2026-07-20"", ""2026-07-27"", ""2026-08-03"", ""2026-08-10""]",Unreliable,0,,10,17-07-2026 13:17
ARTIFACTMIX20,56,8,ZeroForecast,100,24.996,0,"[0.0, 0.0, 0.0, 0.0, 0.0, 0.0, 0.0, 0.0]","[""2026-07-20"", ""2026-07-27"", ""2026-08-03"", ""2026-08-10"", ""2026-08-17"", ""2026-08-24"", ""2026-08-31"", ""2026-09-07""]",Unreliable,0,,10,17-07-2026 13:17
ARTIFACTMIX20,91,13,ZeroForecast,100,15.382,0,"[0.0, 0.0, 0.0, 0.0, 0.0, 0.0, 0.0, 0.0, 0.0, 0.0, 0.0, 0.0, 0.0]","[""2026-07-20"", ""2026-07-27"", ""2026-08-03"", ""2026-08-10"", ""2026-08-17"", ""2026-08-24"", ""2026-08-31"", ""2026-09-07"", ""2026-09-14"", ""2026-09-21"", ""2026-09-28"", ""2026-10-05"", ""2026-10-12""]",Unreliable,0,,10,17-07-2026 13:17
ARTIFACTGATOCARNE20,7,1,ADIDA_8,63.049,63.089,9.318833245,[9.318833245375673],"[""2026-07-20""]",Poor,0,,10,17-07-2026 13:17
ARTIFACTGATOCARNE20,14,2,HistGradientBoostingRegressor,92.512,114.824,0.044513081,"[0.0, 0.044513081284930284]","[""2026-07-20"", ""2026-07-27""]",Unreliable,0,,10,17-07-2026 13:17
ARTIFACTGATOCARNE20,28,4,ZeroForecast,100,79.989,0,"[0.0, 0.0, 0.0, 0.0]","[""2026-07-20"", ""2026-07-27"", ""2026-08-03"", ""2026-08-10""]",Unreliable,0,,10,17-07-2026 13:17
ARTIFACTGATOCARNE20,56,8,ZeroForecast,100,89.989,0,"[0.0, 0.0, 0.0, 0.0, 0.0, 0.0, 0.0, 0.0]","[""2026-07-20"", ""2026-07-27"", ""2026-08-03"", ""2026-08-10"", ""2026-08-17"", ""2026-08-24"", ""2026-08-31"", ""2026-09-07""]",Unreliable,0,,10,17-07-2026 13:17
ARTIFACTGATOCARNE20,91,13,ZeroForecast,100,83.061,0,"[0.0, 0.0, 0.0, 0.0, 0.0, 0.0, 0.0, 0.0, 0.0, 0.0, 0.0, 0.0, 0.0]","[""2026-07-20"", ""2026-07-27"", ""2026-08-03"", ""2026-08-10"", ""2026-08-17"", ""2026-08-24"", ""2026-08-31"", ""2026-09-07"", ""2026-09-14"", ""2026-09-21"", ""2026-09-28"", ""2026-10-05"", ""2026-10-12""]",Unreliable,0,,10,17-07-2026 13:17
AVICANADULTOMIX20,7,1,LastNonZero,30,23.072,3.9,[3.9],"[""2026-07-20""]",Good,0,,10,17-07-2026 13:17
AVICANADULTOMIX20,14,2,arima,99.996,193.249,0.118305663,"[0.05915236767947901, 0.05915329497583428]","[""2026-07-20"", ""2026-07-27""]",Unreliable,0,,10,17-07-2026 13:17
AVICANADULTOMIX20,28,4,NaiveLastValue,100,49.974,0,"[0.0, 0.0, 0.0, 0.0]","[""2026-07-20"", ""2026-07-27"", ""2026-08-03"", ""2026-08-10""]",Unreliable,0,,10,17-07-2026 13:17
AVICANADULTOMIX20,56,8,NaiveLastValue,100,24.987,0,"[0.0, 0.0, 0.0, 0.0, 0.0, 0.0, 0.0, 0.0]","[""2026-07-20"", ""2026-07-27"", ""2026-08-03"", ""2026-08-10"", ""2026-08-17"", ""2026-08-24"", ""2026-08-31"", ""2026-09-07""]",Unreliable,0,,10,17-07-2026 13:17
AVICANADULTOMIX20,91,13,NaiveLastValue,100,15.377,0,"[0.0, 0.0, 0.0, 0.0, 0.0, 0.0, 0.0, 0.0, 0.0, 0.0, 0.0, 0.0, 0.0]","[""2026-07-20"", ""2026-07-27"", ""2026-08-03"", ""2026-08-10"", ""2026-08-17"", ""2026-08-24"", ""2026-08-31"", ""2026-09-07"", ""2026-09-14"", ""2026-09-21"", ""2026-09-28"", ""2026-10-05"", ""2026-10-12""]",Unreliable,0,,10,17-07-2026 13:17
ARTIFACTGATOPEIXE20,7,1,LastNonZero,59.091,66.797,6.24,[6.24],"[""2026-07-20""]",Poor,0,,10,17-07-2026 13:17
ARTIFACTGATOPEIXE20,14,2,HistGradientBoostingRegressor,57.999,68.687,0.859885682,"[0.4087512170711677, 0.4511344650824388]","[""2026-07-20"", ""2026-07-27""]",Poor,0,,10,17-07-2026 13:17
ARTIFACTGATOPEIXE20,28,4,HistGradientBoostingRegressor,67.882,51.005,1.762154612,"[0.4087512170711677, 0.4511344650824388, 0.4511344650824388, 0.4511344650824388]","[""2026-07-20"", ""2026-07-27"", ""2026-08-03"", ""2026-08-10""]",Poor,0,,10,17-07-2026 13:17
ARTIFACTGATOPEIXE20,56,8,NaiveLastValue,100,49.979,0,"[0.0, 0.0, 0.0, 0.0, 0.0, 0.0, 0.0, 0.0]","[""2026-07-20"", ""2026-07-27"", ""2026-08-03"", ""2026-08-10"", ""2026-08-17"", ""2026-08-24"", ""2026-08-31"", ""2026-09-07""]",Unreliable,0,,10,17-07-2026 13:17
ARTIFACTGATOPEIXE20,91,13,ZeroForecast,100,30.756,0,"[0.0, 0.0, 0.0, 0.0, 0.0, 0.0, 0.0, 0.0, 0.0, 0.0, 0.0, 0.0, 0.0]","[""2026-07-20"", ""2026-07-27"", ""2026-08-03"", ""2026-08-10"", ""2026-08-17"", ""2026-08-24"", ""2026-08-31"", ""2026-09-07"", ""2026-09-14"", ""2026-09-21"", ""2026-09-28"", ""2026-10-05"", ""2026-10-12""]",Unreliable,0,,10,17-07-2026 13:17
ARTIFACTGATOMIX20,7,1,arima,47.552,53.948,10.59996873,[10.599968727324894],"[""2026-07-20""]",Fair,0,,10,17-07-2026 13:17
ARTIFACTGATOMIX20,14,2,CrostonStyle_alpha_02,77.243,105.125,11.85194675,"[5.925973372564752, 5.925973372564752]","[""2026-07-20"", ""2026-07-27""]",Unreliable,0,,10,17-07-2026 13:17
ARTIFACTGATOMIX20,28,4,SBA_alpha_02,91.647,120.886,21.33350414,"[5.3333760353082775, 5.3333760353082775, 5.3333760353082775, 5.3333760353082775]","[""2026-07-20"", ""2026-07-27"", ""2026-08-03"", ""2026-08-10""]",Unreliable,0,,10,17-07-2026 13:17
ARTIFACTGATOMIX20,56,8,SBA_alpha_01,84.211,106.079,46.13123579,"[5.766404473711043, 5.766404473711043, 5.766404473711043, 5.766404473711043, 5.766404473711043, 5.766404473711043, 5.766404473711043, 5.766404473711043]","[""2026-07-20"", ""2026-07-27"", ""2026-08-03"", ""2026-08-10"", ""2026-08-17"", ""2026-08-24"", ""2026-08-31"", ""2026-09-07""]",Unreliable,0,,10,17-07-2026 13:17
ARTIFACTGATOMIX20,91,13,TSBStyle_01_01,78.326,87.129,111.0038105,"[8.53875465628781, 8.53875465628781, 8.53875465628781, 8.53875465628781, 8.53875465628781, 8.53875465628781, 8.53875465628781, 8.53875465628781, 8.53875465628781, 8.53875465628781, 8.53875465628781, 8.53875465628781, 8.53875465628781]","[""2026-07-20"", ""2026-07-27"", ""2026-08-03"", ""2026-08-10"", ""2026-08-17"", ""2026-08-24"", ""2026-08-31"", ""2026-09-07"", ""2026-09-14"", ""2026-09-21"", ""2026-09-28"", ""2026-10-05"", ""2026-10-12""]",Unreliable,0,,10,17-07-2026 13:17
AVICANAE20,7,1,LastNonZero,70,73.321,9.1,[9.100000000000001],"[""2026-07-20""]",Poor,0,,10,17-07-2026 13:17
AVICANAE20,14,2,TSBStyle_01_01,100,185.898,9.37E-09,"[4.684586025111298e-09, 4.684586025111298e-09]","[""2026-07-20"", ""2026-07-27""]",Unreliable,0,,10,17-07-2026 13:17
AVICANAE20,28,4,NaiveLastValue,100,49.986,0,"[0.0, 0.0, 0.0, 0.0]","[""2026-07-20"", ""2026-07-27"", ""2026-08-03"", ""2026-08-10""]",Unreliable,0,,10,17-07-2026 13:17
AVICANAE20,56,8,NaiveLastValue,100,24.995,0,"[0.0, 0.0, 0.0, 0.0, 0.0, 0.0, 0.0, 0.0]","[""2026-07-20"", ""2026-07-27"", ""2026-08-03"", ""2026-08-10"", ""2026-08-17"", ""2026-08-24"", ""2026-08-31"", ""2026-09-07""]",Unreliable,0,,10,17-07-2026 13:17
AVICANAE20,91,13,NaiveLastValue,100,15.381,0,"[0.0, 0.0, 0.0, 0.0, 0.0, 0.0, 0.0, 0.0, 0.0, 0.0, 0.0, 0.0, 0.0]","[""2026-07-20"", ""2026-07-27"", ""2026-08-03"", ""2026-08-10"", ""2026-08-17"", ""2026-08-24"", ""2026-08-31"", ""2026-09-07"", ""2026-09-14"", ""2026-09-21"", ""2026-09-28"", ""2026-10-05"", ""2026-10-12""]",Unreliable,0,,10,17-07-2026 13:17
BALAAE20,7,1,RandomForestRegressor,0,0,0,[0.0],"[""2026-07-20""]",Excellent,1,NaiveLastValue,10,17-07-2026 13:17
BALAAE20,14,2,,,,,,,No Model,0,,,17-07-2026 13:17
BALAAE20,28,4,,,,,,,No Model,0,,,17-07-2026 13:17
BALAAE20,56,8,,,,,,,No Model,0,,,17-07-2026 13:17
BALAAE20,91,13,,,,,,,No Model,0,,,17-07-2026 13:17
ARTIFACTMANUTENCAO20,7,1,LastNonZero,44.891,37.13,4.08,[4.08],"[""2026-07-20""]",Fair,0,,10,17-07-2026 13:17
ARTIFACTMANUTENCAO20,14,2,CrostonStyle,84.864,107.51,6.583820329,"[3.291910164595013, 3.291910164595013]","[""2026-07-20"", ""2026-07-27""]",Unreliable,0,,10,17-07-2026 13:17
ARTIFACTMANUTENCAO20,28,4,ZeroForecast,100,49.976,0,"[0.0, 0.0, 0.0, 0.0]","[""2026-07-20"", ""2026-07-27"", ""2026-08-03"", ""2026-08-10""]",Unreliable,0,,10,17-07-2026 13:17
ARTIFACTMANUTENCAO20,56,8,ZeroForecast,100,74.975,0,"[0.0, 0.0, 0.0, 0.0, 0.0, 0.0, 0.0, 0.0]","[""2026-07-20"", ""2026-07-27"", ""2026-08-03"", ""2026-08-10"", ""2026-08-17"", ""2026-08-24"", ""2026-08-31"", ""2026-09-07""]",Unreliable,0,,10,17-07-2026 13:17
ARTIFACTMANUTENCAO20,91,13,ZeroForecast,100,79.98,0,"[0.0, 0.0, 0.0, 0.0, 0.0, 0.0, 0.0, 0.0, 0.0, 0.0, 0.0, 0.0, 0.0]","[""2026-07-20"", ""2026-07-27"", ""2026-08-03"", ""2026-08-10"", ""2026-08-17"", ""2026-08-24"", ""2026-08-31"", ""2026-09-07"", ""2026-09-14"", ""2026-09-21"", ""2026-09-28"", ""2026-10-05"", ""2026-10-12""]",Unreliable,0,,10,17-07-2026 13:17
BALAAEMB20,7,1,GradientBoostingRegressor,0,0,0,[0.0],"[""2026-07-20""]",Excellent,1,NaiveLastValue,10,17-07-2026 13:17
BALAAEMB20,14,2,ExtraTreesRegressor,0,0,0,"[0.0, 0.0]","[""2026-07-20"", ""2026-07-27""]",Excellent,1,NaiveLastValue,10,17-07-2026 13:17
BALAAEMB20,28,4,RandomForestRegressor,0,0,0,"[0.0, 0.0, 0.0, 0.0]","[""2026-07-20"", ""2026-07-27"", ""2026-08-03"", ""2026-08-10""]",Excellent,1,NaiveLastValue,10,17-07-2026 13:17
BALAAEMB20,56,8,RandomForestRegressor,0,0,0,"[0.0, 0.0, 0.0, 0.0, 0.0, 0.0, 0.0, 0.0]","[""2026-07-20"", ""2026-07-27"", ""2026-08-03"", ""2026-08-10"", ""2026-08-17"", ""2026-08-24"", ""2026-08-31"", ""2026-09-07""]",Excellent,1,NaiveLastValue,10,17-07-2026 13:17
BALAAEMB20,91,13,RandomForestRegressor,0,0,0,"[0.0, 0.0, 0.0, 0.0, 0.0, 0.0, 0.0, 0.0, 0.0, 0.0, 0.0, 0.0, 0.0]","[""2026-07-20"", ""2026-07-27"", ""2026-08-03"", ""2026-08-10"", ""2026-08-17"", ""2026-08-24"", ""2026-08-31"", ""2026-09-07"", ""2026-09-14"", ""2026-09-21"", ""2026-09-28"", ""2026-10-05"", ""2026-10-12""]",Excellent,1,NaiveLastValue,10,17-07-2026 13:17
AVICANJR20,7,1,ExtraTreesRegressor,0,0,0,[0.0],"[""2026-07-20""]",Excellent,1,NaiveLastValue,10,17-07-2026 13:17
AVICANJR20,14,2,ExtraTreesRegressor,0,0,0,"[0.0, 0.0]","[""2026-07-20"", ""2026-07-27""]",Excellent,1,NaiveLastValue,10,17-07-2026 13:17
AVICANJR20,28,4,RandomForestRegressor,0,0,0,"[0.0, 0.0, 0.0, 0.0]","[""2026-07-20"", ""2026-07-27"", ""2026-08-03"", ""2026-08-10""]",Excellent,1,NaiveLastValue,10,17-07-2026 13:17
AVICANJR20,56,8,RandomForestRegressor,0,0,0,"[0.0, 0.0, 0.0, 0.0, 0.0, 0.0, 0.0, 0.0]","[""2026-07-20"", ""2026-07-27"", ""2026-08-03"", ""2026-08-10"", ""2026-08-17"", ""2026-08-24"", ""2026-08-31"", ""2026-09-07""]",Excellent,1,NaiveLastValue,10,17-07-2026 13:17
AVICANJR20,91,13,RandomForestRegressor,0,0,0,"[0.0, 0.0, 0.0, 0.0, 0.0, 0.0, 0.0, 0.0, 0.0, 0.0, 0.0, 0.0, 0.0]","[""2026-07-20"", ""2026-07-27"", ""2026-08-03"", ""2026-08-10"", ""2026-08-17"", ""2026-08-24"", ""2026-08-31"", ""2026-09-07"", ""2026-09-14"", ""2026-09-21"", ""2026-09-28"", ""2026-10-05"", ""2026-10-12""]",Excellent,1,NaiveLastValue,10,17-07-2026 13:17
AVICANGATO20,7,1,LastNonZero,22.148,23.276,3.84,[3.84],"[""2026-07-20""]",Good,0,,10,17-07-2026 13:17
AVICANGATO20,14,2,SBA_alpha_01,65.101,99.761,3.357868613,"[1.6789343065693434, 1.6789343065693434]","[""2026-07-20"", ""2026-07-27""]",Poor,0,,10,17-07-2026 13:17
AVICANGATO20,28,4,ZeroForecast,100,49.976,0,"[0.0, 0.0, 0.0, 0.0]","[""2026-07-20"", ""2026-07-27"", ""2026-08-03"", ""2026-08-10""]",Unreliable,0,,10,17-07-2026 13:17
AVICANGATO20,56,8,NaiveLastValue,100,24.987,0,"[0.0, 0.0, 0.0, 0.0, 0.0, 0.0, 0.0, 0.0]","[""2026-07-20"", ""2026-07-27"", ""2026-08-03"", ""2026-08-10"", ""2026-08-17"", ""2026-08-24"", ""2026-08-31"", ""2026-09-07""]",Unreliable,0,,10,17-07-2026 13:17
AVICANGATO20,91,13,NaiveLastValue,100,15.377,0,"[0.0, 0.0, 0.0, 0.0, 0.0, 0.0, 0.0, 0.0, 0.0, 0.0, 0.0, 0.0, 0.0]","[""2026-07-20"", ""2026-07-27"", ""2026-08-03"", ""2026-08-10"", ""2026-08-17"", ""2026-08-24"", ""2026-08-31"", ""2026-09-07"", ""2026-09-14"", ""2026-09-21"", ""2026-09-28"", ""2026-10-05"", ""2026-10-12""]",Unreliable,0,,10,17-07-2026 13:17
AVICANADULTO20,7,1,LastNonZero,38.041,40.917,24.18,[24.18],"[""2026-07-20""]",Fair,0,,10,17-07-2026 13:17
AVICANADULTO20,14,2,TwoStage_Logistic_Huber,99.99,197.332,0.009466963,"[0.004773774342598745, 0.004693188695021006]","[""2026-07-20"", ""2026-07-27""]",Unreliable,0,,10,17-07-2026 13:17
AVICANADULTO20,28,4,NaiveLastValue,100,49.996,0,"[0.0, 0.0, 0.0, 0.0]","[""2026-07-20"", ""2026-07-27"", ""2026-08-03"", ""2026-08-10""]",Unreliable,0,,10,17-07-2026 13:17
AVICANADULTO20,56,8,NaiveLastValue,100,24.998,0,"[0.0, 0.0, 0.0, 0.0, 0.0, 0.0, 0.0, 0.0]","[""2026-07-20"", ""2026-07-27"", ""2026-08-03"", ""2026-08-10"", ""2026-08-17"", ""2026-08-24"", ""2026-08-31"", ""2026-09-07""]",Unreliable,0,,10,17-07-2026 13:17
AVICANADULTO20,91,13,NaiveLastValue,100,15.383,0,"[0.0, 0.0, 0.0, 0.0, 0.0, 0.0, 0.0, 0.0, 0.0, 0.0, 0.0, 0.0, 0.0]","[""2026-07-20"", ""2026-07-27"", ""2026-08-03"", ""2026-08-10"", ""2026-08-17"", ""2026-08-24"", ""2026-08-31"", ""2026-09-07"", ""2026-09-14"", ""2026-09-21"", ""2026-09-28"", ""2026-10-05"", ""2026-10-12""]",Unreliable,0,,10,17-07-2026 13:17
BALICATPAL18,7,1,RandomForestRegressor,0,0,0,[0.0],"[""2026-07-20""]",Excellent,1,NaiveLastValue,10,17-07-2026 13:17
BALICATPAL18,14,2,RandomForestRegressor,0,0,0,"[0.0, 0.0]","[""2026-07-20"", ""2026-07-27""]",Excellent,1,NaiveLastValue,10,17-07-2026 13:17
BALICATPAL18,28,4,RandomForestRegressor,0,0,0,"[0.0, 0.0, 0.0, 0.0]","[""2026-07-20"", ""2026-07-27"", ""2026-08-03"", ""2026-08-10""]",Excellent,1,NaiveLastValue,10,17-07-2026 13:17
BALICATPAL18,56,8,HistGradientBoostingRegressor,0,0,0,"[0.0, 0.0, 0.0, 0.0, 0.0, 0.0, 0.0, 0.0]","[""2026-07-20"", ""2026-07-27"", ""2026-08-03"", ""2026-08-10"", ""2026-08-17"", ""2026-08-24"", ""2026-08-31"", ""2026-09-07""]",Excellent,1,NaiveLastValue,10,17-07-2026 13:17
BALICATPAL18,91,13,RandomForestRegressor,0,0,0,"[0.0, 0.0, 0.0, 0.0, 0.0, 0.0, 0.0, 0.0, 0.0, 0.0, 0.0, 0.0, 0.0]","[""2026-07-20"", ""2026-07-27"", ""2026-08-03"", ""2026-08-10"", ""2026-08-17"", ""2026-08-24"", ""2026-08-31"", ""2026-09-07"", ""2026-09-14"", ""2026-09-21"", ""2026-09-28"", ""2026-10-05"", ""2026-10-12""]",Excellent,1,NaiveLastValue,10,17-07-2026 13:17
AYALAADULTO18,7,1,MovingAverage_8,45.942,41.242,10.098,[10.097999999999999],"[""2026-07-20""]",Fair,0,,10,17-07-2026 13:17
AYALAADULTO18,14,2,arima,84.604,136.019,22.54619484,"[11.273176911684196, 11.273017932773334]","[""2026-07-20"", ""2026-07-27""]",Unreliable,0,,10,17-07-2026 13:17
AYALAADULTO18,28,4,RollingMedian_8,92.806,123.019,20.196,"[5.0489999999999995, 5.0489999999999995, 5.0489999999999995, 5.0489999999999995]","[""2026-07-20"", ""2026-07-27"", ""2026-08-03"", ""2026-08-10""]",Unreliable,0,,10,17-07-2026 13:17
AYALAADULTO18,56,8,TwoStage_RF_RF,77.089,126.829,85.16969133,"[12.761384538624434, 8.009481840322616, 11.702876966901451, 13.83580862629946, 4.961190840012522, 5.1936011058614815, 15.572805074241385, 13.132542333522562]","[""2026-07-20"", ""2026-07-27"", ""2026-08-03"", ""2026-08-10"", ""2026-08-17"", ""2026-08-24"", ""2026-08-31"", ""2026-09-07""]",Unreliable,0,,10,17-07-2026 13:17
AYALAADULTO18,91,13,TwoStage_ET_ET,74.788,130.545,134.2852852,"[10.54004069115366, 6.428173104785607, 10.92556349639595, 14.116997178005988, 7.577028763545177, 5.1329115405828185, 16.072822617413348, 16.974473239391425, 0.7141482999394237, 8.647892801481886, 17.842953430452752, 7.7197563893281975, 11.592523663662568]","[""2026-07-20"", ""2026-07-27"", ""2026-08-03"", ""2026-08-10"", ""2026-08-17"", ""2026-08-24"", ""2026-08-31"", ""2026-09-07"", ""2026-09-14"", ""2026-09-21"", ""2026-09-28"", ""2026-10-05"", ""2026-10-12""]",Poor,0,,10,17-07-2026 13:17
AYALAADULTO4,7,1,TwoStage_Logistic_Huber,19.314,27.091,0.31485846,[0.3148584599413842],"[""2026-07-20""]",Excellent,0,,10,17-07-2026 13:17
AYALAADULTO4,14,2,ExtraTreesRegressor,71.627,115.062,5.0064,"[1.8088000000000002, 3.1976]","[""2026-07-20"", ""2026-07-27""]",Poor,0,,10,17-07-2026 13:17
AYALAADULTO4,28,4,TwoStage_Logistic_Ridge,84.855,113.056,0.181808222,"[0.045246172604668206, 0.032502036207700064, 0.05083070178991601, 0.05322931128643851]","[""2026-07-20"", ""2026-07-27"", ""2026-08-03"", ""2026-08-10""]",Unreliable,0,,10,17-07-2026 13:17
AYALAADULTO4,56,8,TwoStage_Logistic_Ridge,75.533,121.297,0.454392296,"[0.045246172604668206, 0.032502036207700064, 0.05083070178991601, 0.05322931128643851, 0.059745288166715864, 0.06916159244669647, 0.07104573213869401, 0.07263146166605189]","[""2026-07-20"", ""2026-07-27"", ""2026-08-03"", ""2026-08-10"", ""2026-08-17"", ""2026-08-24"", ""2026-08-31"", ""2026-09-07""]",Unreliable,0,,10,17-07-2026 13:17
AYALAADULTO4,91,13,TwoStage_Logistic_Huber,65.076,121.739,12.71746586,"[0.3148584599413842, 4.971244388729276, 0.6851591878195277, 0.08277574599187765, 0.2861842858355313, 0.45416809225267424, 0.837678762647139, 0.0, 0.0, 0.0, 0.0, 1.0035799714429499, 4.081816969223202]","[""2026-07-20"", ""2026-07-27"", ""2026-08-03"", ""2026-08-10"", ""2026-08-17"", ""2026-08-24"", ""2026-08-31"", ""2026-09-07"", ""2026-09-14"", ""2026-09-21"", ""2026-09-28"", ""2026-10-05"", ""2026-10-12""]",Poor,0,,10,17-07-2026 13:17
BENDOGCOMP2.5,7,1,LastNonZero,18.519,18.249,3.24,[3.24],"[""2026-07-20""]",Excellent,0,,10,17-07-2026 13:17
BENDOGCOMP2.5,14,2,Ridge,100,161.609,0.130071438,"[0.0, 0.13007143774389568]","[""2026-07-20"", ""2026-07-27""]",Unreliable,0,,10,17-07-2026 13:17
BENDOGCOMP2.5,28,4,NaiveLastValue,100,49.97,0,"[0.0, 0.0, 0.0, 0.0]","[""2026-07-20"", ""2026-07-27"", ""2026-08-03"", ""2026-08-10""]",Unreliable,0,,10,17-07-2026 13:17
BENDOGCOMP2.5,56,8,NaiveLastValue,100,24.985,0,"[0.0, 0.0, 0.0, 0.0, 0.0, 0.0, 0.0, 0.0]","[""2026-07-20"", ""2026-07-27"", ""2026-08-03"", ""2026-08-10"", ""2026-08-17"", ""2026-08-24"", ""2026-08-31"", ""2026-09-07""]",Unreliable,0,,10,17-07-2026 13:17
BENDOGCOMP2.5,91,13,NaiveLastValue,100,15.375,0,"[0.0, 0.0, 0.0, 0.0, 0.0, 0.0, 0.0, 0.0, 0.0, 0.0, 0.0, 0.0, 0.0]","[""2026-07-20"", ""2026-07-27"", ""2026-08-03"", ""2026-08-10"", ""2026-08-17"", ""2026-08-24"", ""2026-08-31"", ""2026-09-07"", ""2026-09-14"", ""2026-09-21"", ""2026-09-28"", ""2026-10-05"", ""2026-10-12""]",Unreliable,0,,10,17-07-2026 13:17
CAMPEAOADULTO20A,7,1,RandomForestRegressor,0,0,0,[0.0],"[""2026-07-20""]",Excellent,1,NaiveLastValue,10,17-07-2026 13:17
CAMPEAOADULTO20A,14,2,,,,,,,No Model,0,,,17-07-2026 13:17
CAMPEAOADULTO20A,28,4,,,,,,,No Model,0,,,17-07-2026 13:17
CAMPEAOADULTO20A,56,8,,,,,,,No Model,0,,,17-07-2026 13:17
CAMPEAOADULTO20A,91,13,,,,,,,No Model,0,,,17-07-2026 13:17
BENCATFISH2,7,1,LastNonZero,28.872,28.669,5.184,[5.184],"[""2026-07-20""]",Good,0,,10,17-07-2026 13:17
BENCATFISH2,14,2,arima,99.992,194.395,0.283060484,"[0.14153024216786964, 0.14153024216786964]","[""2026-07-20"", ""2026-07-27""]",Unreliable,0,,10,17-07-2026 13:17
BENCATFISH2,28,4,HuberRegressor,100,49.981,0,"[0.0, 0.0, 0.0, 0.0]","[""2026-07-20"", ""2026-07-27"", ""2026-08-03"", ""2026-08-10""]",Unreliable,0,,10,17-07-2026 13:17
BENCATFISH2,56,8,NaiveLastValue,100,24.99,0,"[0.0, 0.0, 0.0, 0.0, 0.0, 0.0, 0.0, 0.0]","[""2026-07-20"", ""2026-07-27"", ""2026-08-03"", ""2026-08-10"", ""2026-08-17"", ""2026-08-24"", ""2026-08-31"", ""2026-09-07""]",Unreliable,0,,10,17-07-2026 13:17
BENCATFISH2,91,13,NaiveLastValue,100,15.379,0,"[0.0, 0.0, 0.0, 0.0, 0.0, 0.0, 0.0, 0.0, 0.0, 0.0, 0.0, 0.0, 0.0]","[""2026-07-20"", ""2026-07-27"", ""2026-08-03"", ""2026-08-10"", ""2026-08-17"", ""2026-08-24"", ""2026-08-31"", ""2026-09-07"", ""2026-09-14"", ""2026-09-21"", ""2026-09-28"", ""2026-10-05"", ""2026-10-12""]",Unreliable,0,,10,17-07-2026 13:17
CAMPEAOADULTO4A,7,1,RandomForestRegressor,0,0,0,[0.0],"[""2026-07-20""]",Excellent,1,NaiveLastValue,10,17-07-2026 13:17
CAMPEAOADULTO4A,14,2,,,,,,,No Model,0,,,17-07-2026 13:17
CAMPEAOADULTO4A,28,4,,,,,,,No Model,0,,,17-07-2026 13:17
CAMPEAOADULTO4A,56,8,,,,,,,No Model,0,,,17-07-2026 13:17
CAMPEAOADULTO4A,91,13,,,,,,,No Model,0,,,17-07-2026 13:17
BALICAT18,7,1,Ridge,62.118,75.676,3.566979496,[3.5669794960951435],"[""2026-07-20""]",Poor,0,,10,17-07-2026 13:17
BALICAT18,14,2,sarima,94.718,90.868,10.77770972,"[5.394420579041498, 5.383289137753939]","[""2026-07-20"", ""2026-07-27""]",Unreliable,0,,10,17-07-2026 13:17
BALICAT18,28,4,ZeroForecast,100,59.987,0,"[0.0, 0.0, 0.0, 0.0]","[""2026-07-20"", ""2026-07-27"", ""2026-08-03"", ""2026-08-10""]",Unreliable,0,,10,17-07-2026 13:17
BALICAT18,56,8,ZeroForecast,100,49.986,0,"[0.0, 0.0, 0.0, 0.0, 0.0, 0.0, 0.0, 0.0]","[""2026-07-20"", ""2026-07-27"", ""2026-08-03"", ""2026-08-10"", ""2026-08-17"", ""2026-08-24"", ""2026-08-31"", ""2026-09-07""]",Unreliable,0,,10,17-07-2026 13:17
BALICAT18,91,13,ZeroForecast,100,39.988,0,"[0.0, 0.0, 0.0, 0.0, 0.0, 0.0, 0.0, 0.0, 0.0, 0.0, 0.0, 0.0, 0.0]","[""2026-07-20"", ""2026-07-27"", ""2026-08-03"", ""2026-08-10"", ""2026-08-17"", ""2026-08-24"", ""2026-08-31"", ""2026-09-07"", ""2026-09-14"", ""2026-09-21"", ""2026-09-28"", ""2026-10-05"", ""2026-10-12""]",Unreliable,0,,10,17-07-2026 13:17
CAMPEAOADULTOMV20PG,7,1,TwoStage_ET_ET,78.856,131.903,7.94E-16,[7.944724202911651e-16],"[""2026-07-20""]",Unreliable,1,LastNonZero,10,17-07-2026 13:17
CAMPEAOADULTOMV20PG,14,2,NaiveLastValue,100,99.936,0,"[0.0, 0.0]","[""2026-07-20"", ""2026-07-27""]",Unreliable,0,,10,17-07-2026 13:17
CAMPEAOADULTOMV20PG,28,4,NaiveLastValue,100,49.968,0,"[0.0, 0.0, 0.0, 0.0]","[""2026-07-20"", ""2026-07-27"", ""2026-08-03"", ""2026-08-10""]",Unreliable,0,,10,17-07-2026 13:17
CAMPEAOADULTOMV20PG,56,8,ZeroForecast,100,24.984,0,"[0.0, 0.0, 0.0, 0.0, 0.0, 0.0, 0.0, 0.0]","[""2026-07-20"", ""2026-07-27"", ""2026-08-03"", ""2026-08-10"", ""2026-08-17"", ""2026-08-24"", ""2026-08-31"", ""2026-09-07""]",Unreliable,0,,10,17-07-2026 13:17
CAMPEAOADULTOMV20PG,91,13,ZeroForecast,100,15.375,0,"[0.0, 0.0, 0.0, 0.0, 0.0, 0.0, 0.0, 0.0, 0.0, 0.0, 0.0, 0.0, 0.0]","[""2026-07-20"", ""2026-07-27"", ""2026-08-03"", ""2026-08-10"", ""2026-08-17"", ""2026-08-24"", ""2026-08-31"", ""2026-09-07"", ""2026-09-14"", ""2026-09-21"", ""2026-09-28"", ""2026-10-05"", ""2026-10-12""]",Unreliable,0,,10,17-07-2026 13:17
BENCATMEAT2,7,1,LastNonZero,5.965,5.946,6.48,[6.48],"[""2026-07-20""]",Excellent,0,,10,17-07-2026 13:17
BENCATMEAT2,14,2,arima,99.991,194.758,0.316780336,"[0.15839016815215762, 0.15839016815215762]","[""2026-07-20"", ""2026-07-27""]",Unreliable,0,,10,17-07-2026 13:17
BENCATMEAT2,28,4,HuberRegressor,100,49.985,0,"[0.0, 0.0, 0.0, 0.0]","[""2026-07-20"", ""2026-07-27"", ""2026-08-03"", ""2026-08-10""]",Unreliable,0,,10,17-07-2026 13:17
BENCATMEAT2,56,8,NaiveLastValue,100,24.992,0,"[0.0, 0.0, 0.0, 0.0, 0.0, 0.0, 0.0, 0.0]","[""2026-07-20"", ""2026-07-27"", ""2026-08-03"", ""2026-08-10"", ""2026-08-17"", ""2026-08-24"", ""2026-08-31"", ""2026-09-07""]",Unreliable,0,,10,17-07-2026 13:17
BENCATMEAT2,91,13,NaiveLastValue,100,15.38,0,"[0.0, 0.0, 0.0, 0.0, 0.0, 0.0, 0.0, 0.0, 0.0, 0.0, 0.0, 0.0, 0.0]","[""2026-07-20"", ""2026-07-27"", ""2026-08-03"", ""2026-08-10"", ""2026-08-17"", ""2026-08-24"", ""2026-08-31"", ""2026-09-07"", ""2026-09-14"", ""2026-09-21"", ""2026-09-28"", ""2026-10-05"", ""2026-10-12""]",Unreliable,0,,10,17-07-2026 13:17
BENCATMIX2,7,1,LastNonZero,38.837,38.458,6.48,[6.48],"[""2026-07-20""]",Fair,0,,10,17-07-2026 13:17
BENCATMIX2,14,2,arima,99.992,194.73,0.373136666,"[0.18656833296180705, 0.18656833296180705]","[""2026-07-20"", ""2026-07-27""]",Unreliable,0,,10,17-07-2026 13:17
BENCATMIX2,28,4,NaiveLastValue,100,49.986,0,"[0.0, 0.0, 0.0, 0.0]","[""2026-07-20"", ""2026-07-27"", ""2026-08-03"", ""2026-08-10""]",Unreliable,0,,10,17-07-2026 13:17
BENCATMIX2,56,8,NaiveLastValue,100,24.992,0,"[0.0, 0.0, 0.0, 0.0, 0.0, 0.0, 0.0, 0.0]","[""2026-07-20"", ""2026-07-27"", ""2026-08-03"", ""2026-08-10"", ""2026-08-17"", ""2026-08-24"", ""2026-08-31"", ""2026-09-07""]",Unreliable,0,,10,17-07-2026 13:17
BENCATMIX2,91,13,NaiveLastValue,100,15.38,0,"[0.0, 0.0, 0.0, 0.0, 0.0, 0.0, 0.0, 0.0, 0.0, 0.0, 0.0, 0.0, 0.0]","[""2026-07-20"", ""2026-07-27"", ""2026-08-03"", ""2026-08-10"", ""2026-08-17"", ""2026-08-24"", ""2026-08-31"", ""2026-09-07"", ""2026-09-14"", ""2026-09-21"", ""2026-09-28"", ""2026-10-05"", ""2026-10-12""]",Unreliable,0,,10,17-07-2026 13:17
BENMAINTMIX2.5,7,1,LastNonZero,20.729,21.656,3.24,[3.24],"[""2026-07-20""]",Good,0,,10,17-07-2026 13:17
BENMAINTMIX2.5,14,2,arima,99.994,192.254,0.108083001,"[0.05404150025170227, 0.05404150025170227]","[""2026-07-20"", ""2026-07-27""]",Unreliable,0,,10,17-07-2026 13:17
BENMAINTMIX2.5,28,4,NaiveLastValue,100,49.967,0,"[0.0, 0.0, 0.0, 0.0]","[""2026-07-20"", ""2026-07-27"", ""2026-08-03"", ""2026-08-10""]",Unreliable,0,,10,17-07-2026 13:17
BENMAINTMIX2.5,56,8,NaiveLastValue,100,24.985,0,"[0.0, 0.0, 0.0, 0.0, 0.0, 0.0, 0.0, 0.0]","[""2026-07-20"", ""2026-07-27"", ""2026-08-03"", ""2026-08-10"", ""2026-08-17"", ""2026-08-24"", ""2026-08-31"", ""2026-09-07""]",Unreliable,0,,10,17-07-2026 13:17
BENMAINTMIX2.5,91,13,NaiveLastValue,100,15.375,0,"[0.0, 0.0, 0.0, 0.0, 0.0, 0.0, 0.0, 0.0, 0.0, 0.0, 0.0, 0.0, 0.0]","[""2026-07-20"", ""2026-07-27"", ""2026-08-03"", ""2026-08-10"", ""2026-08-17"", ""2026-08-24"", ""2026-08-31"", ""2026-09-07"", ""2026-09-14"", ""2026-09-21"", ""2026-09-28"", ""2026-10-05"", ""2026-10-12""]",Unreliable,0,,10,17-07-2026 13:17
CAMPEAOADULTOR20,7,1,MovingAverage_8,37.5,26.727,0,[0.0],"[""2026-07-20""]",Fair,0,,10,17-07-2026 13:17
CAMPEAOADULTOR20,14,2,NaiveLastValue,100,99.856,0,"[0.0, 0.0]","[""2026-07-20"", ""2026-07-27""]",Unreliable,0,,10,17-07-2026 13:17
CAMPEAOADULTOR20,28,4,NaiveLastValue,100,49.894,0,"[0.0, 0.0, 0.0, 0.0]","[""2026-07-20"", ""2026-07-27"", ""2026-08-03"", ""2026-08-10""]",Unreliable,0,,10,17-07-2026 13:17
CAMPEAOADULTOR20,56,8,ZeroForecast,100,24.936,0,"[0.0, 0.0, 0.0, 0.0, 0.0, 0.0, 0.0, 0.0]","[""2026-07-20"", ""2026-07-27"", ""2026-08-03"", ""2026-08-10"", ""2026-08-17"", ""2026-08-24"", ""2026-08-31"", ""2026-09-07""]",Unreliable,0,,10,17-07-2026 13:17
CAMPEAOADULTOR20,91,13,ZeroForecast,100,25.598,0,"[0.0, 0.0, 0.0, 0.0, 0.0, 0.0, 0.0, 0.0, 0.0, 0.0, 0.0, 0.0, 0.0]","[""2026-07-20"", ""2026-07-27"", ""2026-08-03"", ""2026-08-10"", ""2026-08-17"", ""2026-08-24"", ""2026-08-31"", ""2026-09-07"", ""2026-09-14"", ""2026-09-21"", ""2026-09-28"", ""2026-10-05"", ""2026-10-12""]",Unreliable,0,,10,17-07-2026 13:17
CAMPEAOADULTOP20,7,1,CrostonStyle,53.272,58.852,18.46566336,[18.4656633580595],"[""2026-07-20""]",Fair,0,,10,17-07-2026 13:17
CAMPEAOADULTOP20,14,2,CrostonStyle,68.455,79.671,36.93132672,"[18.4656633580595, 18.4656633580595]","[""2026-07-20"", ""2026-07-27""]",Poor,0,,10,17-07-2026 13:17
CAMPEAOADULTOP20,28,4,ZeroForecast,100,139.978,0,"[0.0, 0.0, 0.0, 0.0]","[""2026-07-20"", ""2026-07-27"", ""2026-08-03"", ""2026-08-10""]",Unreliable,0,,10,17-07-2026 13:17
CAMPEAOADULTOP20,56,8,ZeroForecast,100,74.988,0,"[0.0, 0.0, 0.0, 0.0, 0.0, 0.0, 0.0, 0.0]","[""2026-07-20"", ""2026-07-27"", ""2026-08-03"", ""2026-08-10"", ""2026-08-17"", ""2026-08-24"", ""2026-08-31"", ""2026-09-07""]",Unreliable,0,,10,17-07-2026 13:17
CAMPEAOADULTOP20,91,13,ZeroForecast,100,46.146,0,"[0.0, 0.0, 0.0, 0.0, 0.0, 0.0, 0.0, 0.0, 0.0, 0.0, 0.0, 0.0, 0.0]","[""2026-07-20"", ""2026-07-27"", ""2026-08-03"", ""2026-08-10"", ""2026-08-17"", ""2026-08-24"", ""2026-08-31"", ""2026-09-07"", ""2026-09-14"", ""2026-09-21"", ""2026-09-28"", ""2026-10-05"", ""2026-10-12""]",Unreliable,0,,10,17-07-2026 13:17
CAMPEAOADULTOP4,7,1,ExtraTreesRegressor,0,0,0,[0.0],"[""2026-07-20""]",Excellent,1,NaiveLastValue,10,17-07-2026 13:17
CAMPEAOADULTOP4,14,2,ExtraTreesRegressor,0,0,0,"[0.0, 0.0]","[""2026-07-20"", ""2026-07-27""]",Excellent,1,NaiveLastValue,10,17-07-2026 13:17
CAMPEAOADULTOP4,28,4,TwoStage_ET_ET,0,0.004,3.93E-08,"[9.823435770380445e-09, 9.823435770380445e-09, 9.823435770380445e-09, 9.823435770380445e-09]","[""2026-07-20"", ""2026-07-27"", ""2026-08-03"", ""2026-08-10""]",Excellent,1,NaiveLastValue,10,17-07-2026 13:17
CAMPEAOADULTOP4,56,8,ExtraTreesRegressor,0,0,0,"[0.0, 0.0, 0.0, 0.0, 0.0, 0.0, 0.0, 0.0]","[""2026-07-20"", ""2026-07-27"", ""2026-08-03"", ""2026-08-10"", ""2026-08-17"", ""2026-08-24"", ""2026-08-31"", ""2026-09-07""]",Excellent,1,NaiveLastValue,10,17-07-2026 13:17
CAMPEAOADULTOP4,91,13,ExtraTreesRegressor,0,0,0,"[0.0, 0.0, 0.0, 0.0, 0.0, 0.0, 0.0, 0.0, 0.0, 0.0, 0.0, 0.0, 0.0]","[""2026-07-20"", ""2026-07-27"", ""2026-08-03"", ""2026-08-10"", ""2026-08-17"", ""2026-08-24"", ""2026-08-31"", ""2026-09-07"", ""2026-09-14"", ""2026-09-21"", ""2026-09-28"", ""2026-10-05"", ""2026-10-12""]",Excellent,1,NaiveLastValue,10,17-07-2026 13:17
CAMPEAOADULTO20,7,1,MovingAverage_8,24.032,25.031,111.8625,[111.86250000000001],"[""2026-07-20""]",Good,0,,10,17-07-2026 13:17
CAMPEAOADULTO20,14,2,RollingMedian_8,38.051,44.002,224.84,"[112.42, 112.42]","[""2026-07-20"", ""2026-07-27""]",Fair,0,,10,17-07-2026 13:17
CAMPEAOADULTO20,28,4,sarima,30.432,37.509,216.5090349,"[54.146796550970144, 54.037392571637845, 54.23322678698069, 54.09161902375425]","[""2026-07-20"", ""2026-07-27"", ""2026-08-03"", ""2026-08-10""]",Good,0,,10,17-07-2026 13:17
CAMPEAOADULTO20,56,8,HuberRegressor,31.449,35.545,961.2857467,"[118.72910900277039, 118.74853672912968, 124.61539023634211, 120.61922577110593, 119.7834622632441, 119.40512960363696, 120.22601802270766, 119.15887508125313]","[""2026-07-20"", ""2026-07-27"", ""2026-08-03"", ""2026-08-10"", ""2026-08-17"", ""2026-08-24"", ""2026-08-31"", ""2026-09-07""]",Good,0,,10,17-07-2026 13:17
CAMPEAOADULTO20,91,13,HistGradientBoostingRegressor,31.17,33.46,1509.536145,"[86.28997849597926, 128.01677115378675, 100.73532593497009, 100.29929520812244, 137.35419747158065, 133.82255880851955, 123.92125894565397, 115.11734904026432, 89.38394982855354, 99.2072230747982, 130.54362279630854, 128.28685288920462, 136.55776122247545]","[""2026-07-20"", ""2026-07-27"", ""2026-08-03"", ""2026-08-10"", ""2026-08-17"", ""2026-08-24"", ""2026-08-31"", ""2026-09-07"", ""2026-09-14"", ""2026-09-21"", ""2026-09-28"", ""2026-10-05"", ""2026-10-12""]",Good,0,,10,17-07-2026 13:17
CAMPEAOADULTOMV20,7,1,LastNonZero,54.167,57.095,5.46,[5.46],"[""2026-07-20""]",Fair,0,,10,17-07-2026 13:17
CAMPEAOADULTOMV20,14,2,GradientBoostingRegressor,82.259,164.601,0.964813741,"[0.48240687052551606, 0.48240687052551606]","[""2026-07-20"", ""2026-07-27""]",Unreliable,0,,10,17-07-2026 13:17
CAMPEAOADULTOMV20,28,4,ZeroForecast,100,79.951,0,"[0.0, 0.0, 0.0, 0.0]","[""2026-07-20"", ""2026-07-27"", ""2026-08-03"", ""2026-08-10""]",Unreliable,0,,10,17-07-2026 13:17
CAMPEAOADULTOMV20,56,8,ZeroForecast,100,44.974,0,"[0.0, 0.0, 0.0, 0.0, 0.0, 0.0, 0.0, 0.0]","[""2026-07-20"", ""2026-07-27"", ""2026-08-03"", ""2026-08-10"", ""2026-08-17"", ""2026-08-24"", ""2026-08-31"", ""2026-09-07""]",Unreliable,0,,10,17-07-2026 13:17
CAMPEAOADULTOMV20,91,13,ZeroForecast,100,27.676,0,"[0.0, 0.0, 0.0, 0.0, 0.0, 0.0, 0.0, 0.0, 0.0, 0.0, 0.0, 0.0, 0.0]","[""2026-07-20"", ""2026-07-27"", ""2026-08-03"", ""2026-08-10"", ""2026-08-17"", ""2026-08-24"", ""2026-08-31"", ""2026-09-07"", ""2026-09-14"", ""2026-09-21"", ""2026-09-28"", ""2026-10-05"", ""2026-10-12""]",Unreliable,0,,10,17-07-2026 13:17
CAMPEAOADULTO4,7,1,GradientBoostingRegressor,31.697,32.437,1.846486448,[1.846486447968035],"[""2026-07-20""]",Good,0,,10,17-07-2026 13:17
CAMPEAOADULTO4,14,2,MovingAverage_4,43.829,48.614,4.682,"[2.341, 2.341]","[""2026-07-20"", ""2026-07-27""]",Fair,0,,10,17-07-2026 13:17
CAMPEAOADULTO4,28,4,ETS,36.807,42.208,8.452250228,"[2.1130625568856956, 2.1130625568856956, 2.1130625568856956, 2.1130625568856956]","[""2026-07-20"", ""2026-07-27"", ""2026-08-03"", ""2026-08-10""]",Fair,0,,10,17-07-2026 13:17
CAMPEAOADULTO4,56,8,GradientBoostingRegressor,33.638,36.563,14.71606567,"[1.846486447968035, 1.7910003878018754, 0.8105543877207064, 0.7769768770042133, 1.6618010750564638, 3.0305831604724616, 2.956563176715716, 1.8421001530881456]","[""2026-07-20"", ""2026-07-27"", ""2026-08-03"", ""2026-08-10"", ""2026-08-17"", ""2026-08-24"", ""2026-08-31"", ""2026-09-07""]",Good,0,,10,17-07-2026 13:17
CAMPEAOADULTO4,91,13,Ridge,35.916,40.433,43.77333388,"[3.5501138632836238, 3.5792345106099894, 3.2773695743081626, 3.435279914229891, 3.4030111764953643, 3.4896005593404706, 3.476749844882204, 3.3402913785306065, 3.235992735755407, 3.1651550768317867, 3.200588433324728, 3.268699402156975, 3.3512474130867895]","[""2026-07-20"", ""2026-07-27"", ""2026-08-03"", ""2026-08-10"", ""2026-08-17"", ""2026-08-24"", ""2026-08-31"", ""2026-09-07"", ""2026-09-14"", ""2026-09-21"", ""2026-09-28"", ""2026-10-05"", ""2026-10-12""]",Fair,0,,10,17-07-2026 13:17
CAMPEAOADULTOOVO20,7,1,arima,55.893,48.23,5.344190534,[5.344190533732067],"[""2026-07-20""]",Poor,0,,10,17-07-2026 13:17
CAMPEAOADULTOOVO20,14,2,HuberRegressor,96.239,111.178,10.5625318,"[5.262351108236665, 5.300180689569485]","[""2026-07-20"", ""2026-07-27""]",Unreliable,0,,10,17-07-2026 13:17
CAMPEAOADULTOOVO20,28,4,HuberRegressor,92.448,122.837,20.84059739,"[5.262351108236665, 5.300180689569485, 5.108763493680191, 5.169302093661752]","[""2026-07-20"", ""2026-07-27"", ""2026-08-03"", ""2026-08-10""]",Unreliable,0,,10,17-07-2026 13:17
CAMPEAOADULTOOVO20,56,8,TwoStage_Logistic_Huber,85.867,111.409,40.03438312,"[4.836404992544272, 5.154227828045187, 4.859169551680683, 4.932082154718309, 4.976083223815624, 5.061398404126151, 5.032624091700926, 5.182392870176131]","[""2026-07-20"", ""2026-07-27"", ""2026-08-03"", ""2026-08-10"", ""2026-08-17"", ""2026-08-24"", ""2026-08-31"", ""2026-09-07""]",Unreliable,0,,10,17-07-2026 13:17
CAMPEAOADULTOOVO20,91,13,SBA_alpha_01,85.336,113.078,45.28824605,"[3.483711234272888, 3.483711234272888, 3.483711234272888, 3.483711234272888, 3.483711234272888, 3.483711234272888, 3.483711234272888, 3.483711234272888, 3.483711234272888, 3.483711234272888, 3.483711234272888, 3.483711234272888, 3.483711234272888]","[""2026-07-20"", ""2026-07-27"", ""2026-08-03"", ""2026-08-10"", ""2026-08-17"", ""2026-08-24"", ""2026-08-31"", ""2026-09-07"", ""2026-09-14"", ""2026-09-21"", ""2026-09-28"", ""2026-10-05"", ""2026-10-12""]",Unreliable,0,,10,17-07-2026 13:17
CAMPEAOAEMB20PLM,7,1,TwoStage_ET_ET,91.134,167.359,3.94E-14,[3.944865208607717e-14],"[""2026-07-20""]",Unreliable,1,LastNonZero,10,17-07-2026 14:02
CAMPEAOAEMB20PLM,14,2,NaiveLastValue,100,99.957,0,"[0.0, 0.0]","[""2026-07-20"", ""2026-07-27""]",Unreliable,0,,10,17-07-2026 14:02
CAMPEAOAEMB20PLM,28,4,NaiveLastValue,100,49.979,0,"[0.0, 0.0, 0.0, 0.0]","[""2026-07-20"", ""2026-07-27"", ""2026-08-03"", ""2026-08-10""]",Unreliable,0,,10,17-07-2026 14:02
CAMPEAOAEMB20PLM,56,8,ZeroForecast,100,24.989,0,"[0.0, 0.0, 0.0, 0.0, 0.0, 0.0, 0.0, 0.0]","[""2026-07-20"", ""2026-07-27"", ""2026-08-03"", ""2026-08-10"", ""2026-08-17"", ""2026-08-24"", ""2026-08-31"", ""2026-09-07""]",Unreliable,0,,10,17-07-2026 14:02
CAMPEAOAEMB20PLM,91,13,ZeroForecast,100,15.378,0,"[0.0, 0.0, 0.0, 0.0, 0.0, 0.0, 0.0, 0.0, 0.0, 0.0, 0.0, 0.0, 0.0]","[""2026-07-20"", ""2026-07-27"", ""2026-08-03"", ""2026-08-10"", ""2026-08-17"", ""2026-08-24"", ""2026-08-31"", ""2026-09-07"", ""2026-09-14"", ""2026-09-21"", ""2026-09-28"", ""2026-10-05"", ""2026-10-12""]",Unreliable,0,,10,17-07-2026 14:02
CAMPEAOAEMB20PG,7,1,ExtraTreesRegressor,36.667,86.243,0,[0.0],"[""2026-07-20""]",Fair,0,,10,17-07-2026 14:02
CAMPEAOAEMB20PG,14,2,TwoStage_ET_ET,80.89,114.239,0.271088849,"[0.13554442455363316, 0.13554442455363316]","[""2026-07-20"", ""2026-07-27""]",Unreliable,0,,10,17-07-2026 14:02
CAMPEAOAEMB20PG,28,4,HuberRegressor,97.591,130.279,0.184000967,"[0.0, 0.0, 0.14146481717360482, 0.04253614968041257]","[""2026-07-20"", ""2026-07-27"", ""2026-08-03"", ""2026-08-10""]",Unreliable,0,,10,17-07-2026 14:02
CAMPEAOAEMB20PG,56,8,ZeroForecast,100,49.985,0,"[0.0, 0.0, 0.0, 0.0, 0.0, 0.0, 0.0, 0.0]","[""2026-07-20"", ""2026-07-27"", ""2026-08-03"", ""2026-08-10"", ""2026-08-17"", ""2026-08-24"", ""2026-08-31"", ""2026-09-07""]",Unreliable,0,,10,17-07-2026 14:02
CAMPEAOAEMB20PG,91,13,ZeroForecast,100,46.141,0,"[0.0, 0.0, 0.0, 0.0, 0.0, 0.0, 0.0, 0.0, 0.0, 0.0, 0.0, 0.0, 0.0]","[""2026-07-20"", ""2026-07-27"", ""2026-08-03"", ""2026-08-10"", ""2026-08-17"", ""2026-08-24"", ""2026-08-31"", ""2026-09-07"", ""2026-09-14"", ""2026-09-21"", ""2026-09-28"", ""2026-10-05"", ""2026-10-12""]",Unreliable,0,,10,17-07-2026 14:02
CAMPEAOAEMB20,7,1,ADIDAStyle_4,50.845,50.138,0,[0.0],"[""2026-07-20""]",Fair,0,,10,17-07-2026 14:02
CAMPEAOAEMB20,14,2,arima,72.689,92.051,4.19E-06,"[2.0928248184640997e-06, 2.09282462201808e-06]","[""2026-07-20"", ""2026-07-27""]",Poor,0,,10,17-07-2026 14:02
CAMPEAOAEMB20,28,4,SBA_alpha_02,91.451,131.17,21.71536211,"[5.428840527164207, 5.428840527164207, 5.428840527164207, 5.428840527164207]","[""2026-07-20"", ""2026-07-27"", ""2026-08-03"", ""2026-08-10""]",Unreliable,0,,10,17-07-2026 14:02
CAMPEAOAEMB20,56,8,ZeroForecast,100,64.985,0,"[0.0, 0.0, 0.0, 0.0, 0.0, 0.0, 0.0, 0.0]","[""2026-07-20"", ""2026-07-27"", ""2026-08-03"", ""2026-08-10"", ""2026-08-17"", ""2026-08-24"", ""2026-08-31"", ""2026-09-07""]",Unreliable,0,,10,17-07-2026 14:02
CAMPEAOAEMB20,91,13,ZeroForecast,100,39.991,0,"[0.0, 0.0, 0.0, 0.0, 0.0, 0.0, 0.0, 0.0, 0.0, 0.0, 0.0, 0.0, 0.0]","[""2026-07-20"", ""2026-07-27"", ""2026-08-03"", ""2026-08-10"", ""2026-08-17"", ""2026-08-24"", ""2026-08-31"", ""2026-09-07"", ""2026-09-14"", ""2026-09-21"", ""2026-09-28"", ""2026-10-05"", ""2026-10-12""]",Unreliable,0,,10,17-07-2026 14:02
CAMPEAOESTERIL10,7,1,ETS,24.508,32.33,0.16896186,[0.16896185962324475],"[""2026-07-20""]",Good,0,,10,17-07-2026 14:02
CAMPEAOESTERIL10,14,2,TwoStage_Logistic_Huber,68.392,75.793,0.240483454,"[0.11691342504722758, 0.1235700291344935]","[""2026-07-20"", ""2026-07-27""]",Poor,0,,10,17-07-2026 14:02
CAMPEAOESTERIL10,28,4,ZeroForecast,100,89.294,0,"[0.0, 0.0, 0.0, 0.0]","[""2026-07-20"", ""2026-07-27"", ""2026-08-03"", ""2026-08-10""]",Unreliable,0,,10,17-07-2026 14:02
CAMPEAOESTERIL10,56,8,RollingMedian_8,99.238,153.528,0.6,"[0.075, 0.075, 0.075, 0.075, 0.075, 0.075, 0.075, 0.075]","[""2026-07-20"", ""2026-07-27"", ""2026-08-03"", ""2026-08-10"", ""2026-08-17"", ""2026-08-24"", ""2026-08-31"", ""2026-09-07""]",Unreliable,0,,10,17-07-2026 14:02
CAMPEAOESTERIL10,91,13,HuberRegressor,97.342,126.28,0.838435401,"[0.08050011744135407, 0.09499531431712302, 0.0021357362241226086, 0.06974664619245882, 0.06788837290105032, 0.0553266527529071, 0.041395490972076815, 0.0, 0.0, 0.0, 0.045148124775276965, 0.2019098633212968, 0.17938908208525098]","[""2026-07-20"", ""2026-07-27"", ""2026-08-03"", ""2026-08-10"", ""2026-08-17"", ""2026-08-24"", ""2026-08-31"", ""2026-09-07"", ""2026-09-14"", ""2026-09-21"", ""2026-09-28"", ""2026-10-05"", ""2026-10-12""]",Unreliable,0,,10,17-07-2026 14:02
CAMPEAOAEMB20DA,7,1,LastNonZero,14.44,14.45,12.48,[12.48],"[""2026-07-20""]",Excellent,0,,10,17-07-2026 14:02
CAMPEAOAEMB20DA,14,2,sarima,88.024,139.461,0.482867436,"[0.24121161114781767, 0.2416558246471595]","[""2026-07-20"", ""2026-07-27""]",Unreliable,0,,10,17-07-2026 14:02
CAMPEAOAEMB20DA,28,4,ZeroForecast,100,49.992,0,"[0.0, 0.0, 0.0, 0.0]","[""2026-07-20"", ""2026-07-27"", ""2026-08-03"", ""2026-08-10""]",Unreliable,0,,10,17-07-2026 14:02
CAMPEAOAEMB20DA,56,8,ZeroForecast,100,59.99,0,"[0.0, 0.0, 0.0, 0.0, 0.0, 0.0, 0.0, 0.0]","[""2026-07-20"", ""2026-07-27"", ""2026-08-03"", ""2026-08-10"", ""2026-08-17"", ""2026-08-24"", ""2026-08-31"", ""2026-09-07""]",Unreliable,0,,10,17-07-2026 14:02
CAMPEAOAEMB20DA,91,13,ZeroForecast,100,52.299,0,"[0.0, 0.0, 0.0, 0.0, 0.0, 0.0, 0.0, 0.0, 0.0, 0.0, 0.0, 0.0, 0.0]","[""2026-07-20"", ""2026-07-27"", ""2026-08-03"", ""2026-08-10"", ""2026-08-17"", ""2026-08-24"", ""2026-08-31"", ""2026-09-07"", ""2026-09-14"", ""2026-09-21"", ""2026-09-28"", ""2026-10-05"", ""2026-10-12""]",Unreliable,0,,10,17-07-2026 14:02
CAMPEAOESTERIL20,7,1,ADIDAStyle_4,76.079,77.299,1.049825,[1.0498249999999998],"[""2026-07-20""]",Unreliable,0,,10,17-07-2026 14:02
CAMPEAOESTERIL20,14,2,SBA_alpha_02,96.022,127.146,1.648048686,"[0.824024342975757, 0.824024342975757]","[""2026-07-20"", ""2026-07-27""]",Unreliable,0,,10,17-07-2026 14:02
CAMPEAOESTERIL20,28,4,SBA_alpha_02,98.958,128.43,3.296097372,"[0.824024342975757, 0.824024342975757, 0.824024342975757, 0.824024342975757]","[""2026-07-20"", ""2026-07-27"", ""2026-08-03"", ""2026-08-10""]",Unreliable,0,,10,17-07-2026 14:02
CAMPEAOESTERIL20,56,8,HuberRegressor,94.094,136.912,1.451892668,"[0.2113269881502831, 0.3357435659212004, 0.1377183597849581, 0.16962642143324258, 0.141620805437631, 0.13576831367979753, 0.16999836796434392, 0.1500898456801743]","[""2026-07-20"", ""2026-07-27"", ""2026-08-03"", ""2026-08-10"", ""2026-08-17"", ""2026-08-24"", ""2026-08-31"", ""2026-09-07""]",Unreliable,0,,10,17-07-2026 14:02
CAMPEAOESTERIL20,91,13,HuberRegressor,97.302,146.137,2.17457157,"[0.2113269881502831, 0.3357435659212004, 0.1377183597849581, 0.16962642143324258, 0.141620805437631, 0.13576831367979753, 0.16999836796434392, 0.1500898456801743, 0.15020049951992576, 0.1407635395970906, 0.15819023865117343, 0.1361532474933635, 0.13737137638022495]","[""2026-07-20"", ""2026-07-27"", ""2026-08-03"", ""2026-08-10"", ""2026-08-17"", ""2026-08-24"", ""2026-08-31"", ""2026-09-07"", ""2026-09-14"", ""2026-09-21"", ""2026-09-28"", ""2026-10-05"", ""2026-10-12""]",Unreliable,0,,10,17-07-2026 14:02
CAMPEAOBASIC15,7,1,ADIDA_8,29.562,31.496,1.130148453,[1.1301484534679327],"[""2026-07-20""]",Good,0,,10,17-07-2026 14:02
CAMPEAOBASIC15,14,2,TwoStage_Logistic_Huber,49.863,66.375,0.163215638,"[0.08420463419034122, 0.07901100388880691]","[""2026-07-20"", ""2026-07-27""]",Fair,0,,10,17-07-2026 14:02
CAMPEAOBASIC15,28,4,HuberRegressor,76.711,102.913,0.227146011,"[0.0, 0.0, 0.0996477305735246, 0.12749828068779512]","[""2026-07-20"", ""2026-07-27"", ""2026-08-03"", ""2026-08-10""]",Unreliable,0,,10,17-07-2026 14:02
CAMPEAOBASIC15,56,8,CrostonStyle,95.283,122.122,4.381380384,"[0.5476725480011918, 0.5476725480011918, 0.5476725480011918, 0.5476725480011918, 0.5476725480011918, 0.5476725480011918, 0.5476725480011918, 0.5476725480011918]","[""2026-07-20"", ""2026-07-27"", ""2026-08-03"", ""2026-08-10"", ""2026-08-17"", ""2026-08-24"", ""2026-08-31"", ""2026-09-07""]",Unreliable,0,,10,17-07-2026 14:02
CAMPEAOBASIC15,91,13,sarima,80.73,92.934,1.046975931,"[0.0, 0.0, 0.0, 0.0, 1.0469759314626277, 0.0, 0.0, 0.0, 0.0, 0.0, 0.0, 0.0, 0.0]","[""2026-07-20"", ""2026-07-27"", ""2026-08-03"", ""2026-08-10"", ""2026-08-17"", ""2026-08-24"", ""2026-08-31"", ""2026-09-07"", ""2026-09-14"", ""2026-09-21"", ""2026-09-28"", ""2026-10-05"", ""2026-10-12""]",Unreliable,0,,10,17-07-2026 14:02
CAMPEAOAE20,7,1,arima,17.842,19.436,36.30560847,[36.305608473589686],"[""2026-07-20""]",Excellent,0,,10,17-07-2026 14:02
CAMPEAOAE20,14,2,ADIDA_8,37.824,42.911,73.09243424,"[36.5462171190632, 36.5462171190632]","[""2026-07-20"", ""2026-07-27""]",Fair,0,,10,17-07-2026 14:02
CAMPEAOAE20,28,4,ADIDA_8,31.096,34.842,146.1848685,"[36.5462171190632, 36.5462171190632, 36.5462171190632, 36.5462171190632]","[""2026-07-20"", ""2026-07-27"", ""2026-08-03"", ""2026-08-10""]",Good,0,,10,17-07-2026 14:02
CAMPEAOAE20,56,8,HuberRegressor,29.413,33.775,291.1146426,"[34.415094376435114, 35.91896895541653, 36.870194314307156, 36.142112079015405, 37.239232567786985, 37.33490499686002, 37.01580168245164, 36.17833358544816]","[""2026-07-20"", ""2026-07-27"", ""2026-08-03"", ""2026-08-10"", ""2026-08-17"", ""2026-08-24"", ""2026-08-31"", ""2026-09-07""]",Good,0,,10,17-07-2026 14:02
CAMPEAOAE20,91,13,HistGradientBoostingRegressor,25.85,27.71,471.234601,"[27.443509637787994, 25.644781659919676, 37.81701462706741, 40.501444394887606, 45.705107561250976, 48.16472402967643, 40.82938065645249, 38.258400469138685, 35.82866931625521, 34.354002615927726, 31.25366732621677, 31.02638898009936, 34.40750971521788]","[""2026-07-20"", ""2026-07-27"", ""2026-08-03"", ""2026-08-10"", ""2026-08-17"", ""2026-08-24"", ""2026-08-31"", ""2026-09-07"", ""2026-09-14"", ""2026-09-21"", ""2026-09-28"", ""2026-10-05"", ""2026-10-12""]",Good,0,,10,17-07-2026 14:02
CAMPEAOESTERIL4,7,1,NaiveLastValue,75.231,73.935,0,[0.0],"[""2026-07-20""]",Unreliable,0,,10,17-07-2026 14:02
CAMPEAOESTERIL4,14,2,SBA_alpha_01,98.147,118.797,0.365682666,"[0.18284133283663426, 0.18284133283663426]","[""2026-07-20"", ""2026-07-27""]",Unreliable,0,,10,17-07-2026 14:02
CAMPEAOESTERIL4,28,4,SBA_alpha_01,87.379,107.791,0.731365331,"[0.18284133283663426, 0.18284133283663426, 0.18284133283663426, 0.18284133283663426]","[""2026-07-20"", ""2026-07-27"", ""2026-08-03"", ""2026-08-10""]",Unreliable,0,,10,17-07-2026 14:02
CAMPEAOESTERIL4,56,8,SeasonalNaive_52,79.891,122.67,1.94,"[0.04, 0.17200000000000001, 0.04, 0.076, 0.20400000000000001, 0.40800000000000003, 0.8, 0.19999999999999998]","[""2026-07-20"", ""2026-07-27"", ""2026-08-03"", ""2026-08-10"", ""2026-08-17"", ""2026-08-24"", ""2026-08-31"", ""2026-09-07""]",Unreliable,0,,10,17-07-2026 14:02
CAMPEAOESTERIL4,91,13,SBA_alpha_02,86.265,107.393,2.127244679,"[0.163634206099647, 0.163634206099647, 0.163634206099647, 0.163634206099647, 0.163634206099647, 0.163634206099647, 0.163634206099647, 0.163634206099647, 0.163634206099647, 0.163634206099647, 0.163634206099647, 0.163634206099647, 0.163634206099647]","[""2026-07-20"", ""2026-07-27"", ""2026-08-03"", ""2026-08-10"", ""2026-08-17"", ""2026-08-24"", ""2026-08-31"", ""2026-09-07"", ""2026-09-14"", ""2026-09-21"", ""2026-09-28"", ""2026-10-05"", ""2026-10-12""]",Unreliable,0,,10,17-07-2026 14:02
CAMPEAOGATO1.5,7,1,ADIDAStyle_4,16.735,17.238,2.0026965,[2.0026964999999994],"[""2026-07-20""]",Excellent,0,,10,17-07-2026 14:02
CAMPEAOGATO1.5,14,2,ADIDAStyle_4,31.091,37.286,4.005393,"[2.0026964999999994, 2.0026964999999994]","[""2026-07-20"", ""2026-07-27""]",Good,0,,10,17-07-2026 14:02
CAMPEAOGATO1.5,28,4,arima,28.843,34.082,8.726466595,"[2.1816166487099506, 2.1816166487099506, 2.1816166487099506, 2.1816166487099506]","[""2026-07-20"", ""2026-07-27"", ""2026-08-03"", ""2026-08-10""]",Good,0,,10,17-07-2026 14:02
CAMPEAOGATO1.5,56,8,ADIDA_8,41.938,44.206,17.52408563,"[2.190510703211067, 2.190510703211067, 2.190510703211067, 2.190510703211067, 2.190510703211067, 2.190510703211067, 2.190510703211067, 2.190510703211067]","[""2026-07-20"", ""2026-07-27"", ""2026-08-03"", ""2026-08-10"", ""2026-08-17"", ""2026-08-24"", ""2026-08-31"", ""2026-09-07""]",Fair,0,,10,17-07-2026 14:02
CAMPEAOGATO1.5,91,13,ADIDA_8,41.912,43.399,28.47663914,"[2.190510703211067, 2.190510703211067, 2.190510703211067, 2.190510703211067, 2.190510703211067, 2.190510703211067, 2.190510703211067, 2.190510703211067, 2.190510703211067, 2.190510703211067, 2.190510703211067, 2.190510703211067, 2.190510703211067]","[""2026-07-20"", ""2026-07-27"", ""2026-08-03"", ""2026-08-10"", ""2026-08-17"", ""2026-08-24"", ""2026-08-31"", ""2026-09-07"", ""2026-09-14"", ""2026-09-21"", ""2026-09-28"", ""2026-10-05"", ""2026-10-12""]",Fair,0,,10,17-07-2026 14:02
CAMPEAOJR20A,7,1,RandomForestRegressor,0,0,0,[0.0],"[""2026-07-20""]",Excellent,1,NaiveLastValue,10,17-07-2026 14:02
CAMPEAOJR20A,14,2,,,,,,,No Model,0,,,17-07-2026 14:02
CAMPEAOJR20A,28,4,,,,,,,No Model,0,,,17-07-2026 14:02
CAMPEAOJR20A,56,8,,,,,,,No Model,0,,,17-07-2026 14:02
CAMPEAOJR20A,91,13,,,,,,,No Model,0,,,17-07-2026 14:02
CAMPEAOGATO10,7,1,HistGradientBoostingRegressor,18.595,18.083,10.08484406,[10.084844059763507],"[""2026-07-20""]",Excellent,0,,10,17-07-2026 14:02
CAMPEAOGATO10,14,2,TwoStage_ET_ET,41.139,48.763,16.00323497,"[7.854169853603836, 8.149065111612897]","[""2026-07-20"", ""2026-07-27""]",Fair,0,,10,17-07-2026 14:02
CAMPEAOGATO10,28,4,ADIDA_8,36.386,37.963,37.66950793,"[9.417376982372028, 9.417376982372028, 9.417376982372028, 9.417376982372028]","[""2026-07-20"", ""2026-07-27"", ""2026-08-03"", ""2026-08-10""]",Fair,0,,10,17-07-2026 14:02
CAMPEAOGATO10,56,8,HuberRegressor,28.892,32.595,65.6441757,"[8.113309962000569, 7.951689983764046, 7.728699639355449, 8.204801865785008, 8.445864743397161, 8.508356332991543, 8.388339439220521, 8.303113737746427]","[""2026-07-20"", ""2026-07-27"", ""2026-08-03"", ""2026-08-10"", ""2026-08-17"", ""2026-08-24"", ""2026-08-31"", ""2026-09-07""]",Good,0,,10,17-07-2026 14:02
CAMPEAOGATO10,91,13,Ridge,30.918,33.164,111.3572732,"[8.469149605604892, 8.34777223930803, 8.407931096215501, 8.601328855503434, 8.682712411076873, 8.693816784081342, 8.634436066500784, 8.551991570000343, 8.565176468605928, 8.598892601300404, 8.619554140420066, 8.606783670137409, 8.577727685967973]","[""2026-07-20"", ""2026-07-27"", ""2026-08-03"", ""2026-08-10"", ""2026-08-17"", ""2026-08-24"", ""2026-08-31"", ""2026-09-07"", ""2026-09-14"", ""2026-09-21"", ""2026-09-28"", ""2026-10-05"", ""2026-10-12""]",Good,0,,10,17-07-2026 14:02
CAMPEAOJR4A,7,1,RandomForestRegressor,0,0,0,[0.0],"[""2026-07-20""]",Excellent,1,NaiveLastValue,10,17-07-2026 14:02
CAMPEAOJR4A,14,2,,,,,,,No Model,0,,,17-07-2026 14:02
CAMPEAOJR4A,28,4,,,,,,,No Model,0,,,17-07-2026 14:02
CAMPEAOJR4A,56,8,,,,,,,No Model,0,,,17-07-2026 14:02
CAMPEAOJR4A,91,13,,,,,,,No Model,0,,,17-07-2026 14:02
CAMPEAOGATO18,7,1,ADIDAStyle_4,53.488,56.806,2.277783,[2.2777829999999994],"[""2026-07-20""]",Fair,0,,10,17-07-2026 14:02
CAMPEAOGATO18,14,2,TwoStage_RF_RF,62.73,78.467,5.952081526,"[2.481890563584878, 3.470190962306442]","[""2026-07-20"", ""2026-07-27""]",Poor,0,,10,17-07-2026 14:02
CAMPEAOGATO18,28,4,GradientBoostingRegressor,53.391,64.463,11.05806787,"[3.5889881348826123, 1.341870325958003, 2.454568114863979, 3.672641298192461]","[""2026-07-20"", ""2026-07-27"", ""2026-08-03"", ""2026-08-10""]",Fair,0,,10,17-07-2026 14:02
CAMPEAOGATO18,56,8,ADIDAStyle_4,73.832,87.531,18.222264,"[2.2777829999999994, 2.2777829999999994, 2.2777829999999994, 2.2777829999999994, 2.2777829999999994, 2.2777829999999994, 2.2777829999999994, 2.2777829999999994]","[""2026-07-20"", ""2026-07-27"", ""2026-08-03"", ""2026-08-10"", ""2026-08-17"", ""2026-08-24"", ""2026-08-31"", ""2026-09-07""]",Poor,0,,10,17-07-2026 14:02
CAMPEAOGATO18,91,13,RollingMedian_8,76.739,98.123,20.358,"[1.5659999999999998, 1.5659999999999998, 1.5659999999999998, 1.5659999999999998, 1.5659999999999998, 1.5659999999999998, 1.5659999999999998, 1.5659999999999998, 1.5659999999999998, 1.5659999999999998, 1.5659999999999998, 1.5659999999999998, 1.5659999999999998]","[""2026-07-20"", ""2026-07-27"", ""2026-08-03"", ""2026-08-10"", ""2026-08-17"", ""2026-08-24"", ""2026-08-31"", ""2026-09-07"", ""2026-09-14"", ""2026-09-21"", ""2026-09-28"", ""2026-10-05"", ""2026-10-12""]",Unreliable,0,,10,17-07-2026 14:02
CAMPEAOJRP4,7,1,ExtraTreesRegressor,0,0,0,[0.0],"[""2026-07-20""]",Excellent,1,NaiveLastValue,10,17-07-2026 14:02
CAMPEAOJRP4,14,2,ExtraTreesRegressor,0,0,0,"[0.0, 0.0]","[""2026-07-20"", ""2026-07-27""]",Excellent,1,NaiveLastValue,10,17-07-2026 14:02
CAMPEAOJRP4,28,4,ExtraTreesRegressor,0,0,0,"[0.0, 0.0, 0.0, 0.0]","[""2026-07-20"", ""2026-07-27"", ""2026-08-03"", ""2026-08-10""]",Excellent,1,NaiveLastValue,10,17-07-2026 14:02
CAMPEAOJRP4,56,8,RandomForestRegressor,0,0,0,"[0.0, 0.0, 0.0, 0.0, 0.0, 0.0, 0.0, 0.0]","[""2026-07-20"", ""2026-07-27"", ""2026-08-03"", ""2026-08-10"", ""2026-08-17"", ""2026-08-24"", ""2026-08-31"", ""2026-09-07""]",Excellent,1,NaiveLastValue,10,17-07-2026 14:02
CAMPEAOJRP4,91,13,GradientBoostingRegressor,0,0,0,"[0.0, 0.0, 0.0, 0.0, 0.0, 0.0, 0.0, 0.0, 0.0, 0.0, 0.0, 0.0, 0.0]","[""2026-07-20"", ""2026-07-27"", ""2026-08-03"", ""2026-08-10"", ""2026-08-17"", ""2026-08-24"", ""2026-08-31"", ""2026-09-07"", ""2026-09-14"", ""2026-09-21"", ""2026-09-28"", ""2026-10-05"", ""2026-10-12""]",Excellent,1,NaiveLastValue,10,17-07-2026 14:02
CAMPEAOGATOSC18,7,1,Ridge,56.068,74.81,1.060924289,[1.0609242891967248],"[""2026-07-20""]",Poor,0,,10,17-07-2026 14:02
CAMPEAOGATOSC18,14,2,SeasonalNaive_52,79.114,63.976,2.898,"[0.0, 2.8979999999999997]","[""2026-07-20"", ""2026-07-27""]",Unreliable,0,,10,17-07-2026 14:02
CAMPEAOGATOSC18,28,4,SeasonalNaive_52,83.12,41.98,3.6,"[0.0, 2.8979999999999997, 0.702, 0.0]","[""2026-07-20"", ""2026-07-27"", ""2026-08-03"", ""2026-08-10""]",Unreliable,0,,10,17-07-2026 14:02
CAMPEAOGATOSC18,56,8,SeasonalNaive_52,94.707,53.364,3.618,"[0.0, 2.8979999999999997, 0.702, 0.0, 0.0, 0.018, 0.0, 0.0]","[""2026-07-20"", ""2026-07-27"", ""2026-08-03"", ""2026-08-10"", ""2026-08-17"", ""2026-08-24"", ""2026-08-31"", ""2026-09-07""]",Unreliable,0,,10,17-07-2026 14:02
CAMPEAOGATOSC18,91,13,ZeroForecast,100,70.056,0,"[0.0, 0.0, 0.0, 0.0, 0.0, 0.0, 0.0, 0.0, 0.0, 0.0, 0.0, 0.0, 0.0]","[""2026-07-20"", ""2026-07-27"", ""2026-08-03"", ""2026-08-10"", ""2026-08-17"", ""2026-08-24"", ""2026-08-31"", ""2026-09-07"", ""2026-09-14"", ""2026-09-21"", ""2026-09-28"", ""2026-10-05"", ""2026-10-12""]",Unreliable,0,,10,17-07-2026 14:02
CAMPEAOGATOSC1.5,7,1,GradientBoostingRegressor,48.957,78.368,0.106453575,[0.10645357547365607],"[""2026-07-20""]",Fair,0,,10,17-07-2026 14:02
CAMPEAOGATOSC1.5,14,2,SBA_alpha_01,97.43,144.218,0.363569371,"[0.18178468532470327, 0.18178468532470327]","[""2026-07-20"", ""2026-07-27""]",Unreliable,0,,10,17-07-2026 14:02
CAMPEAOGATOSC1.5,28,4,ZeroForecast,100,87.791,0,"[0.0, 0.0, 0.0, 0.0]","[""2026-07-20"", ""2026-07-27"", ""2026-08-03"", ""2026-08-10""]",Unreliable,0,,10,17-07-2026 14:02
CAMPEAOGATOSC1.5,56,8,ZeroForecast,100,88.542,0,"[0.0, 0.0, 0.0, 0.0, 0.0, 0.0, 0.0, 0.0]","[""2026-07-20"", ""2026-07-27"", ""2026-08-03"", ""2026-08-10"", ""2026-08-17"", ""2026-08-24"", ""2026-08-31"", ""2026-09-07""]",Unreliable,0,,10,17-07-2026 14:02
CAMPEAOGATOSC1.5,91,13,ZeroForecast,100,85.17,0,"[0.0, 0.0, 0.0, 0.0, 0.0, 0.0, 0.0, 0.0, 0.0, 0.0, 0.0, 0.0, 0.0]","[""2026-07-20"", ""2026-07-27"", ""2026-08-03"", ""2026-08-10"", ""2026-08-17"", ""2026-08-24"", ""2026-08-31"", ""2026-09-07"", ""2026-09-14"", ""2026-09-21"", ""2026-09-28"", ""2026-10-05"", ""2026-10-12""]",Unreliable,0,,10,17-07-2026 14:02
CAMPEAOGATOSC10,7,1,Ridge,49.494,55.068,0.765538738,[0.765538737513675],"[""2026-07-20""]",Fair,0,,10,17-07-2026 14:02
CAMPEAOGATOSC10,14,2,SBA_alpha_02,93.173,127.035,0.740802688,"[0.3704013440576654, 0.3704013440576654]","[""2026-07-20"", ""2026-07-27""]",Unreliable,0,,10,17-07-2026 14:02
CAMPEAOGATOSC10,28,4,ZeroForecast,100,109.368,0,"[0.0, 0.0, 0.0, 0.0]","[""2026-07-20"", ""2026-07-27"", ""2026-08-03"", ""2026-08-10""]",Unreliable,0,,10,17-07-2026 14:02
CAMPEAOGATOSC10,56,8,SBA_alpha_01,94.471,124.927,3.29944579,"[0.4124307237497846, 0.4124307237497846, 0.4124307237497846, 0.4124307237497846, 0.4124307237497846, 0.4124307237497846, 0.4124307237497846, 0.4124307237497846]","[""2026-07-20"", ""2026-07-27"", ""2026-08-03"", ""2026-08-10"", ""2026-08-17"", ""2026-08-24"", ""2026-08-31"", ""2026-09-07""]",Unreliable,0,,10,17-07-2026 14:02
CAMPEAOGATOSC10,91,13,HistGradientBoostingRegressor,80.534,114.468,10.47875253,"[0.4829102719168543, 0.8746575126345376, 1.1567197100313562, 1.8034618946297354, 0.9413927678118855, 0.5707769955584776, 0.5098489400579397, 0.4478168092951942, 0.808475846308924, 1.1155231710018818, 1.0419345228727626, 0.358273554876752, 0.36696053743760904]","[""2026-07-20"", ""2026-07-27"", ""2026-08-03"", ""2026-08-10"", ""2026-08-17"", ""2026-08-24"", ""2026-08-31"", ""2026-09-07"", ""2026-09-14"", ""2026-09-21"", ""2026-09-28"", ""2026-10-05"", ""2026-10-12""]",Unreliable,0,,10,17-07-2026 14:02
CAMPEAOJR20,7,1,sarima,18.111,21.144,15.25144441,[15.251444408421321],"[""2026-07-20""]",Excellent,0,,10,17-07-2026 14:02
CAMPEAOJR20,14,2,sarima,32.536,49.827,32.74152361,"[15.251444408421321, 17.490079198643322]","[""2026-07-20"", ""2026-07-27""]",Good,0,,10,17-07-2026 14:02
CAMPEAOJR20,28,4,SeasonalNaive_52,29.01,48.884,147,"[29.66, 66.56, 13.66, 37.120000000000005]","[""2026-07-20"", ""2026-07-27"", ""2026-08-03"", ""2026-08-10""]",Good,0,,10,17-07-2026 14:02
CAMPEAOJR20,56,8,SeasonalNaive_52,25.067,38.614,329.28,"[29.66, 66.56, 13.66, 37.120000000000005, 47.28, 37.26, 49.94, 47.800000000000004]","[""2026-07-20"", ""2026-07-27"", ""2026-08-03"", ""2026-08-10"", ""2026-08-17"", ""2026-08-24"", ""2026-08-31"", ""2026-09-07""]",Good,0,,10,17-07-2026 14:02
CAMPEAOJR20,91,13,ADIDA_8,35.37,38.483,445.4797744,"[34.2676749524949, 34.2676749524949, 34.2676749524949, 34.2676749524949, 34.2676749524949, 34.2676749524949, 34.2676749524949, 34.2676749524949, 34.2676749524949, 34.2676749524949, 34.2676749524949, 34.2676749524949, 34.2676749524949]","[""2026-07-20"", ""2026-07-27"", ""2026-08-03"", ""2026-08-10"", ""2026-08-17"", ""2026-08-24"", ""2026-08-31"", ""2026-09-07"", ""2026-09-14"", ""2026-09-21"", ""2026-09-28"", ""2026-10-05"", ""2026-10-12""]",Fair,0,,10,17-07-2026 14:02
CARPICAN20,7,1,LastNonZero,40.476,46.31,14.82,[14.82],"[""2026-07-20""]",Fair,0,,10,17-07-2026 14:02
CARPICAN20,14,2,SBA_alpha_02,100,158.203,4.46579569,"[2.232897845171588, 2.232897845171588]","[""2026-07-20"", ""2026-07-27""]",Unreliable,0,,10,17-07-2026 14:02
CARPICAN20,28,4,NaiveLastValue,100,49.992,0,"[0.0, 0.0, 0.0, 0.0]","[""2026-07-20"", ""2026-07-27"", ""2026-08-03"", ""2026-08-10""]",Unreliable,0,,10,17-07-2026 14:02
CARPICAN20,56,8,ZeroForecast,100,34.994,0,"[0.0, 0.0, 0.0, 0.0, 0.0, 0.0, 0.0, 0.0]","[""2026-07-20"", ""2026-07-27"", ""2026-08-03"", ""2026-08-10"", ""2026-08-17"", ""2026-08-24"", ""2026-08-31"", ""2026-09-07""]",Unreliable,0,,10,17-07-2026 14:02
CARPICAN20,91,13,NaiveLastValue,100,46.144,0,"[0.0, 0.0, 0.0, 0.0, 0.0, 0.0, 0.0, 0.0, 0.0, 0.0, 0.0, 0.0, 0.0]","[""2026-07-20"", ""2026-07-27"", ""2026-08-03"", ""2026-08-10"", ""2026-08-17"", ""2026-08-24"", ""2026-08-31"", ""2026-09-07"", ""2026-09-14"", ""2026-09-21"", ""2026-09-28"", ""2026-10-05"", ""2026-10-12""]",Unreliable,0,,10,17-07-2026 14:02
CANARIOS20,7,1,LastNonZero,9.524,9.009,0.1,[0.1],"[""2026-07-20""]",Excellent,0,,10,17-07-2026 14:02
CANARIOS20,14,2,arima,99.644,162.866,0.000111322,"[5.566078290800824e-05, 5.566078290770479e-05]","[""2026-07-20"", ""2026-07-27""]",Unreliable,0,,10,17-07-2026 14:02
CANARIOS20,28,4,NaiveLastValue,100,49.02,0,"[0.0, 0.0, 0.0, 0.0]","[""2026-07-20"", ""2026-07-27"", ""2026-08-03"", ""2026-08-10""]",Unreliable,0,,10,17-07-2026 14:02
CANARIOS20,56,8,NaiveLastValue,100,24.51,0,"[0.0, 0.0, 0.0, 0.0, 0.0, 0.0, 0.0, 0.0]","[""2026-07-20"", ""2026-07-27"", ""2026-08-03"", ""2026-08-10"", ""2026-08-17"", ""2026-08-24"", ""2026-08-31"", ""2026-09-07""]",Unreliable,0,,10,17-07-2026 14:02
CANARIOS20,91,13,NaiveLastValue,100,15.083,0,"[0.0, 0.0, 0.0, 0.0, 0.0, 0.0, 0.0, 0.0, 0.0, 0.0, 0.0, 0.0, 0.0]","[""2026-07-20"", ""2026-07-27"", ""2026-08-03"", ""2026-08-10"", ""2026-08-17"", ""2026-08-24"", ""2026-08-31"", ""2026-09-07"", ""2026-09-14"", ""2026-09-21"", ""2026-09-28"", ""2026-10-05"", ""2026-10-12""]",Unreliable,0,,10,17-07-2026 14:02
CAMPEAOMIX20,7,1,ADIDA_4,34.469,35.842,26.67936297,[26.67936297465762],"[""2026-07-20""]",Good,0,,10,17-07-2026 14:02
CAMPEAOMIX20,14,2,RecentWeightedAverage,47.602,55.141,37.068,"[18.534, 18.534]","[""2026-07-20"", ""2026-07-27""]",Fair,0,,10,17-07-2026 14:02
CAMPEAOMIX20,28,4,ADIDA_8,44.953,49.724,106.1756419,"[26.543910468979465, 26.543910468979465, 26.543910468979465, 26.543910468979465]","[""2026-07-20"", ""2026-07-27"", ""2026-08-03"", ""2026-08-10""]",Fair,0,,10,17-07-2026 14:02
CAMPEAOMIX20,56,8,TSB_01_01,38.851,43.477,206.6038492,"[25.82548114919445, 25.82548114919445, 25.82548114919445, 25.82548114919445, 25.82548114919445, 25.82548114919445, 25.82548114919445, 25.82548114919445]","[""2026-07-20"", ""2026-07-27"", ""2026-08-03"", ""2026-08-10"", ""2026-08-17"", ""2026-08-24"", ""2026-08-31"", ""2026-09-07""]",Fair,0,,10,17-07-2026 14:02
CAMPEAOMIX20,91,13,Ridge,35.008,39.472,375.904575,"[27.58662846823429, 27.02931720713104, 28.79008721401197, 28.839177442070604, 29.18166662412919, 29.20733812452122, 29.243317671008956, 29.39289580127851, 29.640434626842996, 29.391993799938394, 29.315375290397075, 29.09784040761533, 29.18850232268031]","[""2026-07-20"", ""2026-07-27"", ""2026-08-03"", ""2026-08-10"", ""2026-08-17"", ""2026-08-24"", ""2026-08-31"", ""2026-09-07"", ""2026-09-14"", ""2026-09-21"", ""2026-09-28"", ""2026-10-05"", ""2026-10-12""]",Fair,0,,10,17-07-2026 14:02
CAMPEAOJR4,7,1,RecentWeightedAverage,31.407,33.571,1.38,[1.3800000000000001],"[""2026-07-20""]",Good,0,,10,17-07-2026 14:02
CAMPEAOJR4,14,2,CrostonStyle_alpha_02,46.465,58.841,3.60975957,"[1.804879785155165, 1.804879785155165]","[""2026-07-20"", ""2026-07-27""]",Fair,0,,10,17-07-2026 14:02
CAMPEAOJR4,28,4,ADIDAStyle_4,43.345,45.633,12.789172,"[3.1972929999999997, 3.1972929999999997, 3.1972929999999997, 3.1972929999999997]","[""2026-07-20"", ""2026-07-27"", ""2026-08-03"", ""2026-08-10""]",Fair,0,,10,17-07-2026 14:02
CAMPEAOJR4,56,8,ADIDA_8,43.922,47.147,33.24935239,"[4.156169049187026, 4.156169049187026, 4.156169049187026, 4.156169049187026, 4.156169049187026, 4.156169049187026, 4.156169049187026, 4.156169049187026]","[""2026-07-20"", ""2026-07-27"", ""2026-08-03"", ""2026-08-10"", ""2026-08-17"", ""2026-08-24"", ""2026-08-31"", ""2026-09-07""]",Fair,0,,10,17-07-2026 14:02
CAMPEAOJR4,91,13,ETS,46.621,48.78,29.37741042,"[2.259800801699767, 2.259800801699767, 2.259800801699767, 2.259800801699767, 2.259800801699767, 2.259800801699767, 2.259800801699767, 2.259800801699767, 2.259800801699767, 2.259800801699767, 2.259800801699767, 2.259800801699767, 2.259800801699767]","[""2026-07-20"", ""2026-07-27"", ""2026-08-03"", ""2026-08-10"", ""2026-08-17"", ""2026-08-24"", ""2026-08-31"", ""2026-09-07"", ""2026-09-14"", ""2026-09-21"", ""2026-09-28"", ""2026-10-05"", ""2026-10-12""]",Fair,0,,10,17-07-2026 14:02
CANARIOS5,7,1,LastNonZero,31.818,27.132,0.12,[0.12],"[""2026-07-20""]",Good,0,,10,17-07-2026 14:02
CANARIOS5,14,2,arima,99.961,118.742,0.002907239,"[0.0014536194543407007, 0.0014536194543407007]","[""2026-07-20"", ""2026-07-27""]",Unreliable,0,,10,17-07-2026 14:02
CANARIOS5,28,4,NaiveLastValue,100,48.96,0,"[0.0, 0.0, 0.0, 0.0]","[""2026-07-20"", ""2026-07-27"", ""2026-08-03"", ""2026-08-10""]",Unreliable,0,,10,17-07-2026 14:02
CANARIOS5,56,8,NaiveLastValue,100,24.59,0,"[0.0, 0.0, 0.0, 0.0, 0.0, 0.0, 0.0, 0.0]","[""2026-07-20"", ""2026-07-27"", ""2026-08-03"", ""2026-08-10"", ""2026-08-17"", ""2026-08-24"", ""2026-08-31"", ""2026-09-07""]",Unreliable,0,,10,17-07-2026 14:02
CANARIOS5,91,13,NaiveLastValue,100,15.132,0,"[0.0, 0.0, 0.0, 0.0, 0.0, 0.0, 0.0, 0.0, 0.0, 0.0, 0.0, 0.0, 0.0]","[""2026-07-20"", ""2026-07-27"", ""2026-08-03"", ""2026-08-10"", ""2026-08-17"", ""2026-08-24"", ""2026-08-31"", ""2026-09-07"", ""2026-09-14"", ""2026-09-21"", ""2026-09-28"", ""2026-10-05"", ""2026-10-12""]",Unreliable,0,,10,17-07-2026 14:02
CATURRAS20,7,1,LastNonZero,50,44.15,0.1,[0.1],"[""2026-07-20""]",Fair,0,,10,17-07-2026 14:02
CATURRAS20,14,2,arima,99.799,163.308,0.000268528,"[0.00013426396424234203, 0.00013426396424233387]","[""2026-07-20"", ""2026-07-27""]",Unreliable,0,,10,17-07-2026 14:02
CATURRAS20,28,4,HuberRegressor,99.98,49.352,8.24E-05,"[0.0, 4.0945237374646166e-05, 4.145388729035154e-05, 0.0]","[""2026-07-20"", ""2026-07-27"", ""2026-08-03"", ""2026-08-10""]",Unreliable,0,,10,17-07-2026 14:02
CATURRAS20,56,8,NaiveLastValue,100,24.51,0,"[0.0, 0.0, 0.0, 0.0, 0.0, 0.0, 0.0, 0.0]","[""2026-07-20"", ""2026-07-27"", ""2026-08-03"", ""2026-08-10"", ""2026-08-17"", ""2026-08-24"", ""2026-08-31"", ""2026-09-07""]",Unreliable,0,,10,17-07-2026 14:02
CATURRAS20,91,13,NaiveLastValue,100,15.083,0,"[0.0, 0.0, 0.0, 0.0, 0.0, 0.0, 0.0, 0.0, 0.0, 0.0, 0.0, 0.0, 0.0]","[""2026-07-20"", ""2026-07-27"", ""2026-08-03"", ""2026-08-10"", ""2026-08-17"", ""2026-08-24"", ""2026-08-31"", ""2026-09-07"", ""2026-09-14"", ""2026-09-21"", ""2026-09-28"", ""2026-10-05"", ""2026-10-12""]",Unreliable,0,,10,17-07-2026 14:02
CAMPEAORP4,7,1,sarima,49.784,62.297,0.508462985,[0.5084629845048859],"[""2026-07-20""]",Fair,0,,10,17-07-2026 14:02
CAMPEAORP4,14,2,SeasonalNaive_52,52.539,82.776,1.584,"[0.68, 0.904]","[""2026-07-20"", ""2026-07-27""]",Fair,0,,10,17-07-2026 14:02
CAMPEAORP4,28,4,SeasonalNaive_52,52.121,77.023,2.424,"[0.68, 0.904, 0.2, 0.64]","[""2026-07-20"", ""2026-07-27"", ""2026-08-03"", ""2026-08-10""]",Fair,0,,10,17-07-2026 14:02
CAMPEAORP4,56,8,ExtraTreesRegressor,58.059,68.654,6.43616,"[0.5860800000000005, 1.1123199999999995, 0.5394000000000001, 0.5000000000000004, 1.3045999999999989, 0.79756, 0.4638000000000001, 1.1323999999999994]","[""2026-07-20"", ""2026-07-27"", ""2026-08-03"", ""2026-08-10"", ""2026-08-17"", ""2026-08-24"", ""2026-08-31"", ""2026-09-07""]",Poor,0,,10,17-07-2026 14:02
CAMPEAORP4,91,13,HistGradientBoostingRegressor,56.803,66.226,8.387067287,"[0.7467323124407487, 0.47467965471760926, 0.1444142349893047, 0.5960939011836733, 1.1248661328301155, 0.833875699370314, 0.5560897616326028, 0.8024222369133042, 0.2467084910268445, 0.15431876510846707, 1.088940028212854, 0.7850433027059982, 0.8328827663477052]","[""2026-07-20"", ""2026-07-27"", ""2026-08-03"", ""2026-08-10"", ""2026-08-17"", ""2026-08-24"", ""2026-08-31"", ""2026-09-07"", ""2026-09-14"", ""2026-09-21"", ""2026-09-28"", ""2026-10-05"", ""2026-10-12""]",Poor,0,,10,17-07-2026 14:02
COOPERSAEMB20,7,1,ExtraTreesRegressor,0,0,0,[0.0],"[""2026-07-20""]",Excellent,1,NaiveLastValue,10,17-07-2026 14:02
COOPERSAEMB20,14,2,ExtraTreesRegressor,0,0,0,"[0.0, 0.0]","[""2026-07-20"", ""2026-07-27""]",Excellent,1,NaiveLastValue,10,17-07-2026 14:02
COOPERSAEMB20,28,4,GradientBoostingRegressor,0,0,0,"[0.0, 0.0, 0.0, 0.0]","[""2026-07-20"", ""2026-07-27"", ""2026-08-03"", ""2026-08-10""]",Excellent,1,NaiveLastValue,10,17-07-2026 14:02
COOPERSAEMB20,56,8,GradientBoostingRegressor,0,0,0,"[0.0, 0.0, 0.0, 0.0, 0.0, 0.0, 0.0, 0.0]","[""2026-07-20"", ""2026-07-27"", ""2026-08-03"", ""2026-08-10"", ""2026-08-17"", ""2026-08-24"", ""2026-08-31"", ""2026-09-07""]",Excellent,1,NaiveLastValue,10,17-07-2026 14:02
COOPERSAEMB20,91,13,GradientBoostingRegressor,0,0,0,"[0.0, 0.0, 0.0, 0.0, 0.0, 0.0, 0.0, 0.0, 0.0, 0.0, 0.0, 0.0, 0.0]","[""2026-07-20"", ""2026-07-27"", ""2026-08-03"", ""2026-08-10"", ""2026-08-17"", ""2026-08-24"", ""2026-08-31"", ""2026-09-07"", ""2026-09-14"", ""2026-09-21"", ""2026-09-28"", ""2026-10-05"", ""2026-10-12""]",Excellent,1,NaiveLastValue,10,17-07-2026 14:02
COOPERSDOGSALMONRICE20MB,7,1,RandomForestRegressor,0,0,0,[0.0],"[""2026-07-20""]",Excellent,1,NaiveLastValue,10,17-07-2026 14:02
COOPERSDOGSALMONRICE20MB,14,2,RandomForestRegressor,0,0,0,"[0.0, 0.0]","[""2026-07-20"", ""2026-07-27""]",Excellent,1,NaiveLastValue,10,17-07-2026 14:02
COOPERSDOGSALMONRICE20MB,28,4,RandomForestRegressor,0,0,0,"[0.0, 0.0, 0.0, 0.0]","[""2026-07-20"", ""2026-07-27"", ""2026-08-03"", ""2026-08-10""]",Excellent,1,NaiveLastValue,10,17-07-2026 14:02
COOPERSDOGSALMONRICE20MB,56,8,,,,,,,No Model,0,,,17-07-2026 14:02
COOPERSDOGSALMONRICE20MB,91,13,,,,,,,No Model,0,,,17-07-2026 14:02
CAMPEAOMIX4,7,1,ADIDA_8,28.381,28.29,2.236985697,[2.2369856973188256],"[""2026-07-20""]",Good,0,,10,17-07-2026 14:02
CAMPEAOMIX4,14,2,ADIDA_8,37.298,43.138,4.473971395,"[2.2369856973188256, 2.2369856973188256]","[""2026-07-20"", ""2026-07-27""]",Fair,0,,10,17-07-2026 14:02
CAMPEAOMIX4,28,4,ADIDA_4,30.04,33.222,8.442644897,"[2.1106612241764253, 2.1106612241764253, 2.1106612241764253, 2.1106612241764253]","[""2026-07-20"", ""2026-07-27"", ""2026-08-03"", ""2026-08-10""]",Good,0,,10,17-07-2026 14:02
CAMPEAOMIX4,56,8,ADIDAStyle_4,37.255,40.282,15.615472,"[1.9519339999999996, 1.9519339999999996, 1.9519339999999996, 1.9519339999999996, 1.9519339999999996, 1.9519339999999996, 1.9519339999999996, 1.9519339999999996]","[""2026-07-20"", ""2026-07-27"", ""2026-08-03"", ""2026-08-10"", ""2026-08-17"", ""2026-08-24"", ""2026-08-31"", ""2026-09-07""]",Fair,0,,10,17-07-2026 14:02
CAMPEAOMIX4,91,13,sarima,39.003,41.581,10.88343307,"[0.9286174061966623, 0.7386691551037593, 0.9030280295135136, 0.8019230588093771, 0.8051772647040236, 0.9028807535574613, 0.8272258477277042, 0.9028936856952529, 0.814605625757318, 0.8776699330608579, 0.8019902934191999, 0.7515350191239011, 0.8272169943210581]","[""2026-07-20"", ""2026-07-27"", ""2026-08-03"", ""2026-08-10"", ""2026-08-17"", ""2026-08-24"", ""2026-08-31"", ""2026-09-07"", ""2026-09-14"", ""2026-09-21"", ""2026-09-28"", ""2026-10-05"", ""2026-10-12""]",Fair,0,,10,17-07-2026 14:02
CATURRAS5,7,1,LastNonZero,60.937,69.477,0.12,[0.12],"[""2026-07-20""]",Poor,0,,10,17-07-2026 14:02
CATURRAS5,14,2,Ridge,99.614,96.247,0,"[0.0, 0.0]","[""2026-07-20"", ""2026-07-27""]",Unreliable,0,,10,17-07-2026 14:02
CATURRAS5,28,4,NaiveLastValue,100,48.96,0,"[0.0, 0.0, 0.0, 0.0]","[""2026-07-20"", ""2026-07-27"", ""2026-08-03"", ""2026-08-10""]",Unreliable,0,,10,17-07-2026 14:02
CATURRAS5,56,8,NaiveLastValue,100,24.59,0,"[0.0, 0.0, 0.0, 0.0, 0.0, 0.0, 0.0, 0.0]","[""2026-07-20"", ""2026-07-27"", ""2026-08-03"", ""2026-08-10"", ""2026-08-17"", ""2026-08-24"", ""2026-08-31"", ""2026-09-07""]",Unreliable,0,,10,17-07-2026 14:02
CATURRAS5,91,13,NaiveLastValue,100,15.132,0,"[0.0, 0.0, 0.0, 0.0, 0.0, 0.0, 0.0, 0.0, 0.0, 0.0, 0.0, 0.0, 0.0]","[""2026-07-20"", ""2026-07-27"", ""2026-08-03"", ""2026-08-10"", ""2026-08-17"", ""2026-08-24"", ""2026-08-31"", ""2026-09-07"", ""2026-09-14"", ""2026-09-21"", ""2026-09-28"", ""2026-10-05"", ""2026-10-12""]",Unreliable,0,,10,17-07-2026 14:02
COOPERSBASICMIX20,7,1,LastNonZero,57.833,59.882,5.46,[5.46],"[""2026-07-20""]",Poor,0,,10,17-07-2026 14:02
COOPERSBASICMIX20,14,2,ExtraTreesRegressor,67.501,126.135,11.916,"[5.012999999999998, 6.903000000000003]","[""2026-07-20"", ""2026-07-27""]",Poor,0,,10,17-07-2026 14:02
COOPERSBASICMIX20,28,4,SeasonalNaive_52,81.395,20.523,9.36,"[0.0, 6.24, 0.0, 3.12]","[""2026-07-20"", ""2026-07-27"", ""2026-08-03"", ""2026-08-10""]",Unreliable,0,,10,17-07-2026 14:02
COOPERSBASICMIX20,56,8,SeasonalNaive_52,75.726,16.913,9.36,"[0.0, 6.24, 0.0, 3.12, 0.0, 0.0, 0.0, 0.0]","[""2026-07-20"", ""2026-07-27"", ""2026-08-03"", ""2026-08-10"", ""2026-08-17"", ""2026-08-24"", ""2026-08-31"", ""2026-09-07""]",Unreliable,0,,10,17-07-2026 14:02
COOPERSBASICMIX20,91,13,SeasonalNaive_52,74.617,32.76,9.36,"[0.0, 6.24, 0.0, 3.12, 0.0, 0.0, 0.0, 0.0, 0.0, 0.0, 0.0, 0.0, 0.0]","[""2026-07-20"", ""2026-07-27"", ""2026-08-03"", ""2026-08-10"", ""2026-08-17"", ""2026-08-24"", ""2026-08-31"", ""2026-09-07"", ""2026-09-14"", ""2026-09-21"", ""2026-09-28"", ""2026-10-05"", ""2026-10-12""]",Poor,0,,10,17-07-2026 14:02
COOPERSGATOAMISTAD20,7,1,LastNonZero,78.988,84.714,11.7,[11.700000000000001],"[""2026-07-20""]",Unreliable,0,,10,17-07-2026 14:02
COOPERSGATOAMISTAD20,14,2,Ridge,99.516,190.964,0,"[0.0, 0.0]","[""2026-07-20"", ""2026-07-27""]",Unreliable,0,,10,17-07-2026 14:02
COOPERSGATOAMISTAD20,28,4,NaiveLastValue,100,49.991,0,"[0.0, 0.0, 0.0, 0.0]","[""2026-07-20"", ""2026-07-27"", ""2026-08-03"", ""2026-08-10""]",Unreliable,0,,10,17-07-2026 14:02
COOPERSGATOAMISTAD20,56,8,NaiveLastValue,100,24.996,0,"[0.0, 0.0, 0.0, 0.0, 0.0, 0.0, 0.0, 0.0]","[""2026-07-20"", ""2026-07-27"", ""2026-08-03"", ""2026-08-10"", ""2026-08-17"", ""2026-08-24"", ""2026-08-31"", ""2026-09-07""]",Unreliable,0,,10,17-07-2026 14:02
COOPERSGATOAMISTAD20,91,13,NaiveLastValue,100,21.535,0,"[0.0, 0.0, 0.0, 0.0, 0.0, 0.0, 0.0, 0.0, 0.0, 0.0, 0.0, 0.0, 0.0]","[""2026-07-20"", ""2026-07-27"", ""2026-08-03"", ""2026-08-10"", ""2026-08-17"", ""2026-08-24"", ""2026-08-31"", ""2026-09-07"", ""2026-09-14"", ""2026-09-21"", ""2026-09-28"", ""2026-10-05"", ""2026-10-12""]",Unreliable,0,,10,17-07-2026 14:02
COOPERSAE20,7,1,MovingAverage_8,63.483,72.549,3.3475,[3.3475],"[""2026-07-20""]",Poor,0,,10,17-07-2026 14:02
COOPERSAE20,14,2,ZeroForecast,100,116.334,0,"[0.0, 0.0]","[""2026-07-20"", ""2026-07-27""]",Unreliable,0,,10,17-07-2026 14:02
COOPERSAE20,28,4,ZeroForecast,100,106.343,0,"[0.0, 0.0, 0.0, 0.0]","[""2026-07-20"", ""2026-07-27"", ""2026-08-03"", ""2026-08-10""]",Unreliable,0,,10,17-07-2026 14:02
COOPERSAE20,56,8,SeasonalNaive_52,89.331,103.81,15.12,"[2.34, 2.04, 0.0, 0.78, 9.96, 0.0, 0.0, 0.0]","[""2026-07-20"", ""2026-07-27"", ""2026-08-03"", ""2026-08-10"", ""2026-08-17"", ""2026-08-24"", ""2026-08-31"", ""2026-09-07""]",Unreliable,0,,10,17-07-2026 14:02
COOPERSAE20,91,13,TwoStage_Logistic_Huber,89.857,136.362,36.29646196,"[2.91985540382858, 2.741293675942663, 2.7555135428811175, 2.8213969319516807, 2.7048364877949838, 2.790417580446486, 2.7593371850022055, 2.7697850138020312, 2.8063351334362654, 2.779515976709479, 2.814710548090496, 2.8126794255702063, 2.8207850587817838]","[""2026-07-20"", ""2026-07-27"", ""2026-08-03"", ""2026-08-10"", ""2026-08-17"", ""2026-08-24"", ""2026-08-31"", ""2026-09-07"", ""2026-09-14"", ""2026-09-21"", ""2026-09-28"", ""2026-10-05"", ""2026-10-12""]",Unreliable,0,,10,17-07-2026 14:02
CIPRIDOGAE20D,7,1,LastNonZero,4.712,5.34,12.48,[12.48],"[""2026-07-20""]",Excellent,0,,10,17-07-2026 14:02
CIPRIDOGAE20D,14,2,SeasonalNaive_52,49.423,45.334,0,"[0.0, 0.0]","[""2026-07-20"", ""2026-07-27""]",Fair,0,,10,17-07-2026 14:02
CIPRIDOGAE20D,28,4,SeasonalNaive_52,89.423,42.664,0,"[0.0, 0.0, 0.0, 0.0]","[""2026-07-20"", ""2026-07-27"", ""2026-08-03"", ""2026-08-10""]",Unreliable,0,,10,17-07-2026 14:02
CIPRIDOGAE20D,56,8,NaiveLastValue,100,24.996,0,"[0.0, 0.0, 0.0, 0.0, 0.0, 0.0, 0.0, 0.0]","[""2026-07-20"", ""2026-07-27"", ""2026-08-03"", ""2026-08-10"", ""2026-08-17"", ""2026-08-24"", ""2026-08-31"", ""2026-09-07""]",Unreliable,0,,10,17-07-2026 14:02
CIPRIDOGAE20D,91,13,ZeroForecast,100,18.459,0,"[0.0, 0.0, 0.0, 0.0, 0.0, 0.0, 0.0, 0.0, 0.0, 0.0, 0.0, 0.0, 0.0]","[""2026-07-20"", ""2026-07-27"", ""2026-08-03"", ""2026-08-10"", ""2026-08-17"", ""2026-08-24"", ""2026-08-31"", ""2026-09-07"", ""2026-09-14"", ""2026-09-21"", ""2026-09-28"", ""2026-10-05"", ""2026-10-12""]",Unreliable,0,,10,17-07-2026 14:02
COOPERSGATOMIX20V,7,1,ExtraTreesRegressor,0,0,0,[0.0],"[""2026-07-20""]",Excellent,1,NaiveLastValue,10,17-07-2026 14:02
COOPERSGATOMIX20V,14,2,ExtraTreesRegressor,0,0,0,"[0.0, 0.0]","[""2026-07-20"", ""2026-07-27""]",Excellent,1,NaiveLastValue,10,17-07-2026 14:02
COOPERSGATOMIX20V,28,4,ExtraTreesRegressor,0,0,0,"[0.0, 0.0, 0.0, 0.0]","[""2026-07-20"", ""2026-07-27"", ""2026-08-03"", ""2026-08-10""]",Excellent,1,NaiveLastValue,10,17-07-2026 14:02
COOPERSGATOMIX20V,56,8,ExtraTreesRegressor,0,0,0,"[0.0, 0.0, 0.0, 0.0, 0.0, 0.0, 0.0, 0.0]","[""2026-07-20"", ""2026-07-27"", ""2026-08-03"", ""2026-08-10"", ""2026-08-17"", ""2026-08-24"", ""2026-08-31"", ""2026-09-07""]",Excellent,1,NaiveLastValue,10,17-07-2026 14:02
COOPERSGATOMIX20V,91,13,ExtraTreesRegressor,0,0,0,"[0.0, 0.0, 0.0, 0.0, 0.0, 0.0, 0.0, 0.0, 0.0, 0.0, 0.0, 0.0, 0.0]","[""2026-07-20"", ""2026-07-27"", ""2026-08-03"", ""2026-08-10"", ""2026-08-17"", ""2026-08-24"", ""2026-08-31"", ""2026-09-07"", ""2026-09-14"", ""2026-09-21"", ""2026-09-28"", ""2026-10-05"", ""2026-10-12""]",Excellent,1,NaiveLastValue,10,17-07-2026 14:02
COOPERSBASIC20,7,1,TwoStage_RF_RF,38.792,34.986,5.746243081,[5.746243080583166],"[""2026-07-20""]",Fair,0,,10,17-07-2026 14:02
COOPERSBASIC20,14,2,SeasonalNaive_52,58.291,55.183,6.24,"[0.0, 6.24]","[""2026-07-20"", ""2026-07-27""]",Poor,0,,10,17-07-2026 14:02
COOPERSBASIC20,28,4,SeasonalNaive_52,75.976,61.182,16.38,"[0.0, 6.24, 0.0, 10.14]","[""2026-07-20"", ""2026-07-27"", ""2026-08-03"", ""2026-08-10""]",Unreliable,0,,10,17-07-2026 14:02
COOPERSBASIC20,56,8,GradientBoostingRegressor,87.997,122.005,63.20321045,"[10.161086297154121, 12.061697629333416, 6.300302827803579, 4.260793707991564, 10.311457941690907, 11.829569959196403, 6.708868528154905, 1.5694335544651854]","[""2026-07-20"", ""2026-07-27"", ""2026-08-03"", ""2026-08-10"", ""2026-08-17"", ""2026-08-24"", ""2026-08-31"", ""2026-09-07""]",Unreliable,0,,10,17-07-2026 14:02
COOPERSBASIC20,91,13,GradientBoostingRegressor,79.071,115.621,98.2817977,"[10.161086297154121, 12.061697629333416, 6.300302827803579, 4.260793707991564, 10.311457941690907, 11.829569959196403, 6.708868528154905, 1.5694335544651854, 9.353371097412985, 10.360542062483743, 4.093515589330714, 7.494513956469253, 3.776644545297309]","[""2026-07-20"", ""2026-07-27"", ""2026-08-03"", ""2026-08-10"", ""2026-08-17"", ""2026-08-24"", ""2026-08-31"", ""2026-09-07"", ""2026-09-14"", ""2026-09-21"", ""2026-09-28"", ""2026-10-05"", ""2026-10-12""]",Unreliable,0,,10,17-07-2026 14:02
COOPERSGATOCARNE20,7,1,MovingAverage_4,46.33,50.913,1.785,[1.785],"[""2026-07-20""]",Fair,0,,10,17-07-2026 14:02
COOPERSGATOCARNE20,14,2,HistGradientBoostingRegressor,71.015,119.076,3.055748191,"[1.9840437888046087, 1.0717044022372686]","[""2026-07-20"", ""2026-07-27""]",Poor,0,,10,17-07-2026 14:02
COOPERSGATOCARNE20,28,4,SeasonalNaive_52,82.609,56.649,0,"[0.0, 0.0, 0.0, 0.0]","[""2026-07-20"", ""2026-07-27"", ""2026-08-03"", ""2026-08-10""]",Unreliable,0,,10,17-07-2026 14:02
COOPERSGATOCARNE20,56,8,ZeroForecast,100,84.973,0,"[0.0, 0.0, 0.0, 0.0, 0.0, 0.0, 0.0, 0.0]","[""2026-07-20"", ""2026-07-27"", ""2026-08-03"", ""2026-08-10"", ""2026-08-17"", ""2026-08-24"", ""2026-08-31"", ""2026-09-07""]",Unreliable,0,,10,17-07-2026 14:02
COOPERSGATOCARNE20,91,13,TwoStage_RF_RF,85.959,128.385,57.1576054,"[4.617582523521685, 5.302398412971777, 4.787216563862868, 3.918163512732969, 4.071919524746053, 4.350342067931893, 4.04433570603123, 4.03618801986033, 4.383379612930645, 4.443451229157768, 4.210838393611135, 4.295820223414068, 4.695969609656977]","[""2026-07-20"", ""2026-07-27"", ""2026-08-03"", ""2026-08-10"", ""2026-08-17"", ""2026-08-24"", ""2026-08-31"", ""2026-09-07"", ""2026-09-14"", ""2026-09-21"", ""2026-09-28"", ""2026-10-05"", ""2026-10-12""]",Unreliable,0,,10,17-07-2026 14:02
COOPERSJRMV20,7,1,ExtraTreesRegressor,0,0,0,[0.0],"[""2026-07-20""]",Excellent,1,NaiveLastValue,10,17-07-2026 14:02
COOPERSJRMV20,14,2,ExtraTreesRegressor,0,0,0,"[0.0, 0.0]","[""2026-07-20"", ""2026-07-27""]",Excellent,1,NaiveLastValue,10,17-07-2026 14:02
COOPERSJRMV20,28,4,GradientBoostingRegressor,0,0,0,"[0.0, 0.0, 0.0, 0.0]","[""2026-07-20"", ""2026-07-27"", ""2026-08-03"", ""2026-08-10""]",Excellent,1,NaiveLastValue,10,17-07-2026 14:02
COOPERSJRMV20,56,8,GradientBoostingRegressor,0,0,0,"[0.0, 0.0, 0.0, 0.0, 0.0, 0.0, 0.0, 0.0]","[""2026-07-20"", ""2026-07-27"", ""2026-08-03"", ""2026-08-10"", ""2026-08-17"", ""2026-08-24"", ""2026-08-31"", ""2026-09-07""]",Excellent,1,NaiveLastValue,10,17-07-2026 14:02
COOPERSJRMV20,91,13,GradientBoostingRegressor,0,0,0,"[0.0, 0.0, 0.0, 0.0, 0.0, 0.0, 0.0, 0.0, 0.0, 0.0, 0.0, 0.0, 0.0]","[""2026-07-20"", ""2026-07-27"", ""2026-08-03"", ""2026-08-10"", ""2026-08-17"", ""2026-08-24"", ""2026-08-31"", ""2026-09-07"", ""2026-09-14"", ""2026-09-21"", ""2026-09-28"", ""2026-10-05"", ""2026-10-12""]",Excellent,1,NaiveLastValue,10,17-07-2026 14:02
COOPERSGATOMIX20,7,1,HistGradientBoostingRegressor,47.301,63.507,0,[0.0],"[""2026-07-20""]",Fair,0,,10,17-07-2026 14:02
COOPERSGATOMIX20,14,2,TwoStage_ET_ET,73.094,126.536,14.6943816,"[6.9719810035570315, 7.722400599832297]","[""2026-07-20"", ""2026-07-27""]",Poor,0,,10,17-07-2026 14:02
COOPERSGATOMIX20,28,4,ZeroForecast,100,119.928,0,"[0.0, 0.0, 0.0, 0.0]","[""2026-07-20"", ""2026-07-27"", ""2026-08-03"", ""2026-08-10""]",Unreliable,0,,10,17-07-2026 14:02
COOPERSGATOMIX20,56,8,ZeroForecast,100,94.949,0,"[0.0, 0.0, 0.0, 0.0, 0.0, 0.0, 0.0, 0.0]","[""2026-07-20"", ""2026-07-27"", ""2026-08-03"", ""2026-08-10"", ""2026-08-17"", ""2026-08-24"", ""2026-08-31"", ""2026-09-07""]",Unreliable,0,,10,17-07-2026 14:02
COOPERSGATOMIX20,91,13,ETS,97.364,125.821,50.27621504,"[3.8674011571684175, 3.8674011571684175, 3.8674011571684175, 3.8674011571684175, 3.8674011571684175, 3.8674011571684175, 3.8674011571684175, 3.8674011571684175, 3.8674011571684175, 3.8674011571684175, 3.8674011571684175, 3.8674011571684175, 3.8674011571684175]","[""2026-07-20"", ""2026-07-27"", ""2026-08-03"", ""2026-08-10"", ""2026-08-17"", ""2026-08-24"", ""2026-08-31"", ""2026-09-07"", ""2026-09-14"", ""2026-09-21"", ""2026-09-28"", ""2026-10-05"", ""2026-10-12""]",Unreliable,0,,10,17-07-2026 14:02
DEKRAAE10,7,1,LastNonZero,3.282,3.513,19.65,[19.650000000000002],"[""2026-07-20""]",Excellent,0,,10,17-07-2026 14:02
DEKRAAE10,14,2,arima,99.961,179.33,0.470967543,"[0.23548377162879017, 0.2354837716151575]","[""2026-07-20"", ""2026-07-27""]",Unreliable,0,,10,17-07-2026 14:02
DEKRAAE10,28,4,ZeroForecast,100,59.994,0,"[0.0, 0.0, 0.0, 0.0]","[""2026-07-20"", ""2026-07-27"", ""2026-08-03"", ""2026-08-10""]",Unreliable,0,,10,17-07-2026 14:02
DEKRAAE10,56,8,ZeroForecast,100,34.996,0,"[0.0, 0.0, 0.0, 0.0, 0.0, 0.0, 0.0, 0.0]","[""2026-07-20"", ""2026-07-27"", ""2026-08-03"", ""2026-08-10"", ""2026-08-17"", ""2026-08-24"", ""2026-08-31"", ""2026-09-07""]",Unreliable,0,,10,17-07-2026 14:02
DEKRAAE10,91,13,ZeroForecast,100,21.536,0,"[0.0, 0.0, 0.0, 0.0, 0.0, 0.0, 0.0, 0.0, 0.0, 0.0, 0.0, 0.0, 0.0]","[""2026-07-20"", ""2026-07-27"", ""2026-08-03"", ""2026-08-10"", ""2026-08-17"", ""2026-08-24"", ""2026-08-31"", ""2026-09-07"", ""2026-09-14"", ""2026-09-21"", ""2026-09-28"", ""2026-10-05"", ""2026-10-12""]",Unreliable,0,,10,17-07-2026 14:02
DEKRAPUPPY4,7,1,LastNonZero,1.438,1.48,7.86,[7.86],"[""2026-07-20""]",Excellent,0,,10,17-07-2026 14:02
DEKRAPUPPY4,14,2,arima,99.953,179.243,0.190907179,"[0.09545358938848368, 0.0954535893832828]","[""2026-07-20"", ""2026-07-27""]",Unreliable,0,,10,17-07-2026 14:02
DEKRAPUPPY4,28,4,ZeroForecast,100,59.985,0,"[0.0, 0.0, 0.0, 0.0]","[""2026-07-20"", ""2026-07-27"", ""2026-08-03"", ""2026-08-10""]",Unreliable,0,,10,17-07-2026 14:02
DEKRAPUPPY4,56,8,ZeroForecast,100,34.991,0,"[0.0, 0.0, 0.0, 0.0, 0.0, 0.0, 0.0, 0.0]","[""2026-07-20"", ""2026-07-27"", ""2026-08-03"", ""2026-08-10"", ""2026-08-17"", ""2026-08-24"", ""2026-08-31"", ""2026-09-07""]",Unreliable,0,,10,17-07-2026 14:02
DEKRAPUPPY4,91,13,ZeroForecast,100,21.533,0,"[0.0, 0.0, 0.0, 0.0, 0.0, 0.0, 0.0, 0.0, 0.0, 0.0, 0.0, 0.0, 0.0]","[""2026-07-20"", ""2026-07-27"", ""2026-08-03"", ""2026-08-10"", ""2026-08-17"", ""2026-08-24"", ""2026-08-31"", ""2026-09-07"", ""2026-09-14"", ""2026-09-21"", ""2026-09-28"", ""2026-10-05"", ""2026-10-12""]",Unreliable,0,,10,17-07-2026 14:02
COOPERSGATOMIX4,7,1,TwoStage_RF_Ridge,42.418,52.125,0.018251803,[0.018251803135306725],"[""2026-07-20""]",Fair,0,,10,17-07-2026 14:02
COOPERSGATOMIX4,14,2,TwoStage_ET_ET,90.92,152.049,0.024545197,"[0.013623388823288363, 0.010921808274259088]","[""2026-07-20"", ""2026-07-27""]",Unreliable,0,,10,17-07-2026 14:02
COOPERSGATOMIX4,28,4,NaiveLastValue,100,49.889,0,"[0.0, 0.0, 0.0, 0.0]","[""2026-07-20"", ""2026-07-27"", ""2026-08-03"", ""2026-08-10""]",Unreliable,0,,10,17-07-2026 14:02
COOPERSGATOMIX4,56,8,NaiveLastValue,100,24.944,0,"[0.0, 0.0, 0.0, 0.0, 0.0, 0.0, 0.0, 0.0]","[""2026-07-20"", ""2026-07-27"", ""2026-08-03"", ""2026-08-10"", ""2026-08-17"", ""2026-08-24"", ""2026-08-31"", ""2026-09-07""]",Unreliable,0,,10,17-07-2026 14:02
COOPERSGATOMIX4,91,13,ZeroForecast,100,21.49,0,"[0.0, 0.0, 0.0, 0.0, 0.0, 0.0, 0.0, 0.0, 0.0, 0.0, 0.0, 0.0, 0.0]","[""2026-07-20"", ""2026-07-27"", ""2026-08-03"", ""2026-08-10"", ""2026-08-17"", ""2026-08-24"", ""2026-08-31"", ""2026-09-07"", ""2026-09-14"", ""2026-09-21"", ""2026-09-28"", ""2026-10-05"", ""2026-10-12""]",Unreliable,0,,10,17-07-2026 14:02
COOPERSJR4,7,1,LastNonZero,25,26.647,0.896,[0.896],"[""2026-07-20""]",Good,0,,10,17-07-2026 14:02
COOPERSJR4,14,2,TwoStage_RF_Ridge,99.976,176.564,0.31364306,"[0.16231648227784487, 0.15132657763774066]","[""2026-07-20"", ""2026-07-27""]",Unreliable,0,,10,17-07-2026 14:02
COOPERSJR4,28,4,TwoStage_Logistic_Huber,99.388,142.879,0.693408792,"[0.0, 0.34112714000522826, 0.3522816519322891, 0.0]","[""2026-07-20"", ""2026-07-27"", ""2026-08-03"", ""2026-08-10""]",Unreliable,0,,10,17-07-2026 14:02
COOPERSJR4,56,8,NaiveLastValue,100,24.961,0,"[0.0, 0.0, 0.0, 0.0, 0.0, 0.0, 0.0, 0.0]","[""2026-07-20"", ""2026-07-27"", ""2026-08-03"", ""2026-08-10"", ""2026-08-17"", ""2026-08-24"", ""2026-08-31"", ""2026-09-07""]",Unreliable,0,,10,17-07-2026 14:02
COOPERSJR4,91,13,NaiveLastValue,100,21.508,0,"[0.0, 0.0, 0.0, 0.0, 0.0, 0.0, 0.0, 0.0, 0.0, 0.0, 0.0, 0.0, 0.0]","[""2026-07-20"", ""2026-07-27"", ""2026-08-03"", ""2026-08-10"", ""2026-08-17"", ""2026-08-24"", ""2026-08-31"", ""2026-09-07"", ""2026-09-14"", ""2026-09-21"", ""2026-09-28"", ""2026-10-05"", ""2026-10-12""]",Unreliable,0,,10,17-07-2026 14:02
COOPERSGATOPEIXE20,7,1,LastNonZero,57.117,63.889,5.1,[5.1000000000000005],"[""2026-07-20""]",Poor,0,,10,17-07-2026 14:02
COOPERSGATOPEIXE20,14,2,SeasonalNaive_52,58.537,59.969,0,"[0.0, 0.0]","[""2026-07-20"", ""2026-07-27""]",Poor,0,,10,17-07-2026 14:02
COOPERSGATOPEIXE20,28,4,SeasonalNaive_52,43.622,39.961,0,"[0.0, 0.0, 0.0, 0.0]","[""2026-07-20"", ""2026-07-27"", ""2026-08-03"", ""2026-08-10""]",Fair,0,,10,17-07-2026 14:02
COOPERSGATOPEIXE20,56,8,SeasonalNaive_52,61.712,39.948,6.12,"[0.0, 0.0, 0.0, 0.0, 4.08, 0.0, 2.04, 0.0]","[""2026-07-20"", ""2026-07-27"", ""2026-08-03"", ""2026-08-10"", ""2026-08-17"", ""2026-08-24"", ""2026-08-31"", ""2026-09-07""]",Poor,0,,10,17-07-2026 14:02
COOPERSGATOPEIXE20,91,13,ZeroForecast,100,46.135,0,"[0.0, 0.0, 0.0, 0.0, 0.0, 0.0, 0.0, 0.0, 0.0, 0.0, 0.0, 0.0, 0.0]","[""2026-07-20"", ""2026-07-27"", ""2026-08-03"", ""2026-08-10"", ""2026-08-17"", ""2026-08-24"", ""2026-08-31"", ""2026-09-07"", ""2026-09-14"", ""2026-09-21"", ""2026-09-28"", ""2026-10-05"", ""2026-10-12""]",Unreliable,0,,10,17-07-2026 14:02
COOPERSJR20,7,1,MovingAverage_8,55.353,56.85,2.4975,[2.4975],"[""2026-07-20""]",Poor,0,,10,17-07-2026 14:02
COOPERSJR20,14,2,TwoStage_Logistic_Huber,89.807,115.143,5.134874547,"[2.741685535462166, 2.3931890112916516]","[""2026-07-20"", ""2026-07-27""]",Unreliable,0,,10,17-07-2026 14:02
COOPERSJR20,28,4,SeasonalNaive_52,97.579,71.854,6.5,"[2.34, 4.08, 0.0, 0.08]","[""2026-07-20"", ""2026-07-27"", ""2026-08-03"", ""2026-08-10""]",Unreliable,0,,10,17-07-2026 14:02
COOPERSJR20,56,8,ZeroForecast,100,84.956,0,"[0.0, 0.0, 0.0, 0.0, 0.0, 0.0, 0.0, 0.0]","[""2026-07-20"", ""2026-07-27"", ""2026-08-03"", ""2026-08-10"", ""2026-08-17"", ""2026-08-24"", ""2026-08-31"", ""2026-09-07""]",Unreliable,0,,10,17-07-2026 14:02
COOPERSJR20,91,13,TwoStage_RF_Ridge,93.796,138.316,35.7587295,"[2.8570456916608977, 2.5034728488442757, 2.9061190515407387, 2.6288398463872236, 2.8594667370889475, 2.7468986603726138, 2.697473811986609, 2.7594530579643752, 2.6007469881038743, 2.7931814916114623, 2.692986160862274, 2.948268995481478, 2.76477615509613]","[""2026-07-20"", ""2026-07-27"", ""2026-08-03"", ""2026-08-10"", ""2026-08-17"", ""2026-08-24"", ""2026-08-31"", ""2026-09-07"", ""2026-09-14"", ""2026-09-21"", ""2026-09-28"", ""2026-10-05"", ""2026-10-12""]",Unreliable,0,,10,17-07-2026 14:02
COOPERSMANUTENCAO20,7,1,LastNonZero,64.44,76.856,0.02,[0.02],"[""2026-07-20""]",Poor,0,,10,17-07-2026 14:02
COOPERSMANUTENCAO20,14,2,HuberRegressor,100,127.246,0,"[0.0, 0.0]","[""2026-07-20"", ""2026-07-27""]",Unreliable,0,,10,17-07-2026 14:02
COOPERSMANUTENCAO20,28,4,ZeroForecast,100,86.341,0,"[0.0, 0.0, 0.0, 0.0]","[""2026-07-20"", ""2026-07-27"", ""2026-08-03"", ""2026-08-10""]",Unreliable,0,,10,17-07-2026 14:02
COOPERSMANUTENCAO20,56,8,ZeroForecast,100,73.154,0,"[0.0, 0.0, 0.0, 0.0, 0.0, 0.0, 0.0, 0.0]","[""2026-07-20"", ""2026-07-27"", ""2026-08-03"", ""2026-08-10"", ""2026-08-17"", ""2026-08-24"", ""2026-08-31"", ""2026-09-07""]",Unreliable,0,,10,17-07-2026 14:02
COOPERSMANUTENCAO20,91,13,ZeroForecast,100,75.776,0,"[0.0, 0.0, 0.0, 0.0, 0.0, 0.0, 0.0, 0.0, 0.0, 0.0, 0.0, 0.0, 0.0]","[""2026-07-20"", ""2026-07-27"", ""2026-08-03"", ""2026-08-10"", ""2026-08-17"", ""2026-08-24"", ""2026-08-31"", ""2026-09-07"", ""2026-09-14"", ""2026-09-21"", ""2026-09-28"", ""2026-10-05"", ""2026-10-12""]",Unreliable,0,,10,17-07-2026 14:02
DIVINUSCATCHICKEN10,7,1,GradientBoostingRegressor,0,0,0,[0.0],"[""2026-07-20""]",Excellent,1,NaiveLastValue,10,17-07-2026 14:02
DIVINUSCATCHICKEN10,14,2,GradientBoostingRegressor,0,0,0,"[0.0, 0.0]","[""2026-07-20"", ""2026-07-27""]",Excellent,1,NaiveLastValue,10,17-07-2026 14:02
DIVINUSCATCHICKEN10,28,4,GradientBoostingRegressor,0,0,0,"[0.0, 0.0, 0.0, 0.0]","[""2026-07-20"", ""2026-07-27"", ""2026-08-03"", ""2026-08-10""]",Excellent,1,NaiveLastValue,10,17-07-2026 14:02
DIVINUSCATCHICKEN10,56,8,GradientBoostingRegressor,0,0,0,"[0.0, 0.0, 0.0, 0.0, 0.0, 0.0, 0.0, 0.0]","[""2026-07-20"", ""2026-07-27"", ""2026-08-03"", ""2026-08-10"", ""2026-08-17"", ""2026-08-24"", ""2026-08-31"", ""2026-09-07""]",Excellent,1,NaiveLastValue,10,17-07-2026 14:02
DIVINUSCATCHICKEN10,91,13,GradientBoostingRegressor,0,0,0,"[0.0, 0.0, 0.0, 0.0, 0.0, 0.0, 0.0, 0.0, 0.0, 0.0, 0.0, 0.0, 0.0]","[""2026-07-20"", ""2026-07-27"", ""2026-08-03"", ""2026-08-10"", ""2026-08-17"", ""2026-08-24"", ""2026-08-31"", ""2026-09-07"", ""2026-09-14"", ""2026-09-21"", ""2026-09-28"", ""2026-10-05"", ""2026-10-12""]",Excellent,1,NaiveLastValue,10,17-07-2026 14:02
DIACOBASIC18,7,1,HistGradientBoostingRegressor,92.35,171.569,2.363162385,[2.363162385429915],"[""2026-07-20""]",Unreliable,1,LastNonZero,10,17-07-2026 14:02
DIACOBASIC18,14,2,SeasonalNaive_52,40,39.996,22.464,"[0.0, 22.464]","[""2026-07-20"", ""2026-07-27""]",Fair,0,,10,17-07-2026 14:02
DIACOBASIC18,28,4,SeasonalNaive_52,40,19.998,22.464,"[0.0, 22.464, 0.0, 0.0]","[""2026-07-20"", ""2026-07-27"", ""2026-08-03"", ""2026-08-10""]",Fair,0,,10,17-07-2026 14:02
DIACOBASIC18,56,8,SeasonalNaive_52,80,19.998,22.464,"[0.0, 22.464, 0.0, 0.0, 0.0, 0.0, 0.0, 0.0]","[""2026-07-20"", ""2026-07-27"", ""2026-08-03"", ""2026-08-10"", ""2026-08-17"", ""2026-08-24"", ""2026-08-31"", ""2026-09-07""]",Unreliable,0,,10,17-07-2026 14:02
DIACOBASIC18,91,13,SeasonalNaive_52,80,12.307,22.464,"[0.0, 22.464, 0.0, 0.0, 0.0, 0.0, 0.0, 0.0, 0.0, 0.0, 0.0, 0.0, 0.0]","[""2026-07-20"", ""2026-07-27"", ""2026-08-03"", ""2026-08-10"", ""2026-08-17"", ""2026-08-24"", ""2026-08-31"", ""2026-09-07"", ""2026-09-14"", ""2026-09-21"", ""2026-09-28"", ""2026-10-05"", ""2026-10-12""]",Unreliable,0,,10,17-07-2026 14:02
DIVINUSADULT20,7,1,ETS,14.625,14.363,6.384479272,[6.384479271712613],"[""2026-07-20""]",Excellent,0,,10,17-07-2026 14:02
DIVINUSADULT20,14,2,ETS,34.146,46.426,12.76895854,"[6.384479271712613, 6.384479271712613]","[""2026-07-20"", ""2026-07-27""]",Good,0,,10,17-07-2026 14:02
DIVINUSADULT20,28,4,arima,49.521,54.16,36.55804373,"[9.13951093211352, 9.139510932113508, 9.139510932113508, 9.139510932113508]","[""2026-07-20"", ""2026-07-27"", ""2026-08-03"", ""2026-08-10""]",Fair,0,,10,17-07-2026 14:02
DIVINUSADULT20,56,8,CrostonStyle_alpha_02,68.089,80.394,38.89436158,"[4.861795197834591, 4.861795197834591, 4.861795197834591, 4.861795197834591, 4.861795197834591, 4.861795197834591, 4.861795197834591, 4.861795197834591]","[""2026-07-20"", ""2026-07-27"", ""2026-08-03"", ""2026-08-10"", ""2026-08-17"", ""2026-08-24"", ""2026-08-31"", ""2026-09-07""]",Poor,0,,10,17-07-2026 14:02
DIVINUSADULT20,91,13,arima,71.825,82.388,118.8136421,"[9.13951093211352, 9.139510932113508, 9.139510932113508, 9.139510932113508, 9.139510932113508, 9.139510932113508, 9.139510932113508, 9.139510932113508, 9.139510932113508, 9.139510932113508, 9.139510932113508, 9.139510932113508, 9.139510932113508]","[""2026-07-20"", ""2026-07-27"", ""2026-08-03"", ""2026-08-10"", ""2026-08-17"", ""2026-08-24"", ""2026-08-31"", ""2026-09-07"", ""2026-09-14"", ""2026-09-21"", ""2026-09-28"", ""2026-10-05"", ""2026-10-12""]",Poor,0,,10,17-07-2026 14:02
DIVINUSADULTMIX20,7,1,SBA_alpha_01,78.634,103.917,0.550032758,[0.5500327577396071],"[""2026-07-20""]",Unreliable,0,,10,17-07-2026 14:02
DIVINUSADULTMIX20,14,2,TwoStage_ET_ET,99.421,190.639,9.73E-05,"[5.014758009481773e-05, 4.7158987482373525e-05]","[""2026-07-20"", ""2026-07-27""]",Unreliable,0,,10,17-07-2026 14:02
DIVINUSADULTMIX20,28,4,NaiveLastValue,100,49.98,0,"[0.0, 0.0, 0.0, 0.0]","[""2026-07-20"", ""2026-07-27"", ""2026-08-03"", ""2026-08-10""]",Unreliable,0,,10,17-07-2026 14:02
DIVINUSADULTMIX20,56,8,NaiveLastValue,100,24.994,0,"[0.0, 0.0, 0.0, 0.0, 0.0, 0.0, 0.0, 0.0]","[""2026-07-20"", ""2026-07-27"", ""2026-08-03"", ""2026-08-10"", ""2026-08-17"", ""2026-08-24"", ""2026-08-31"", ""2026-09-07""]",Unreliable,0,,10,17-07-2026 14:02
DIVINUSADULTMIX20,91,13,NaiveLastValue,100,15.381,0,"[0.0, 0.0, 0.0, 0.0, 0.0, 0.0, 0.0, 0.0, 0.0, 0.0, 0.0, 0.0, 0.0]","[""2026-07-20"", ""2026-07-27"", ""2026-08-03"", ""2026-08-10"", ""2026-08-17"", ""2026-08-24"", ""2026-08-31"", ""2026-09-07"", ""2026-09-14"", ""2026-09-21"", ""2026-09-28"", ""2026-10-05"", ""2026-10-12""]",Unreliable,0,,10,17-07-2026 14:02
DIVINUSFLAVOURCATCR18,7,1,arima,54.994,69.782,0.690969711,[0.6909697106232471],"[""2026-07-20""]",Fair,0,,10,17-07-2026 14:02
DIVINUSFLAVOURCATCR18,14,2,TSB_01_01,85.383,122.691,1.224856469,"[0.6124282343588667, 0.6124282343588667]","[""2026-07-20"", ""2026-07-27""]",Unreliable,0,,10,17-07-2026 14:02
DIVINUSFLAVOURCATCR18,28,4,ZeroForecast,100,69.891,0,"[0.0, 0.0, 0.0, 0.0]","[""2026-07-20"", ""2026-07-27"", ""2026-08-03"", ""2026-08-10""]",Unreliable,0,,10,17-07-2026 14:02
DIVINUSFLAVOURCATCR18,56,8,ZeroForecast,100,69.901,0,"[0.0, 0.0, 0.0, 0.0, 0.0, 0.0, 0.0, 0.0]","[""2026-07-20"", ""2026-07-27"", ""2026-08-03"", ""2026-08-10"", ""2026-08-17"", ""2026-08-24"", ""2026-08-31"", ""2026-09-07""]",Unreliable,0,,10,17-07-2026 14:02
DIVINUSFLAVOURCATCR18,91,13,TwoStage_RF_RF,91.743,137.418,0.292617871,"[0.022441024920383853, 0.02255956958722464, 0.022326671721468783, 0.024841570376748914, 0.024365823567103484, 0.024180064817986378, 0.023772472932255376, 0.023060705385855296, 0.021986558864212514, 0.021452777888794895, 0.02097937994020963, 0.020537220867297767, 0.020114030169423817]","[""2026-07-20"", ""2026-07-27"", ""2026-08-03"", ""2026-08-10"", ""2026-08-17"", ""2026-08-24"", ""2026-08-31"", ""2026-09-07"", ""2026-09-14"", ""2026-09-21"", ""2026-09-28"", ""2026-10-05"", ""2026-10-12""]",Unreliable,0,,10,17-07-2026 14:02
DIVINUSESTERIL10,7,1,TSB_01_01,80.95,101.178,0.990578505,[0.9905785054748478],"[""2026-07-20""]",Unreliable,0,,10,17-07-2026 14:02
DIVINUSESTERIL10,14,2,HistGradientBoostingRegressor,97.85,179.892,4.385210594,"[3.0800822230935903, 1.3051283710766723]","[""2026-07-20"", ""2026-07-27""]",Unreliable,0,,10,17-07-2026 14:02
DIVINUSESTERIL10,28,4,ZeroForecast,100,83.289,0,"[0.0, 0.0, 0.0, 0.0]","[""2026-07-20"", ""2026-07-27"", ""2026-08-03"", ""2026-08-10""]",Unreliable,0,,10,17-07-2026 14:02
DIVINUSESTERIL10,56,8,ZeroForecast,100,101.549,0,"[0.0, 0.0, 0.0, 0.0, 0.0, 0.0, 0.0, 0.0]","[""2026-07-20"", ""2026-07-27"", ""2026-08-03"", ""2026-08-10"", ""2026-08-17"", ""2026-08-24"", ""2026-08-31"", ""2026-09-07""]",Unreliable,0,,10,17-07-2026 14:02
DIVINUSESTERIL10,91,13,ZeroForecast,100,93.186,0,"[0.0, 0.0, 0.0, 0.0, 0.0, 0.0, 0.0, 0.0, 0.0, 0.0, 0.0, 0.0, 0.0]","[""2026-07-20"", ""2026-07-27"", ""2026-08-03"", ""2026-08-10"", ""2026-08-17"", ""2026-08-24"", ""2026-08-31"", ""2026-09-07"", ""2026-09-14"", ""2026-09-21"", ""2026-09-28"", ""2026-10-05"", ""2026-10-12""]",Unreliable,0,,10,17-07-2026 14:02
DIVINUSESTERIL2,7,1,LastNonZero,46.375,50.035,0.648,[0.648],"[""2026-07-20""]",Fair,0,,10,17-07-2026 14:02
DIVINUSESTERIL2,14,2,TwoStage_Logistic_Huber,85.991,120.011,0,"[0.0, 0.0]","[""2026-07-20"", ""2026-07-27""]",Unreliable,0,,10,17-07-2026 14:02
DIVINUSESTERIL2,28,4,NaiveLastValue,100,49.846,0,"[0.0, 0.0, 0.0, 0.0]","[""2026-07-20"", ""2026-07-27"", ""2026-08-03"", ""2026-08-10""]",Unreliable,0,,10,17-07-2026 14:02
DIVINUSESTERIL2,56,8,NaiveLastValue,100,24.923,0,"[0.0, 0.0, 0.0, 0.0, 0.0, 0.0, 0.0, 0.0]","[""2026-07-20"", ""2026-07-27"", ""2026-08-03"", ""2026-08-10"", ""2026-08-17"", ""2026-08-24"", ""2026-08-31"", ""2026-09-07""]",Unreliable,0,,10,17-07-2026 14:02
DIVINUSESTERIL2,91,13,ZeroForecast,100,18.405,0,"[0.0, 0.0, 0.0, 0.0, 0.0, 0.0, 0.0, 0.0, 0.0, 0.0, 0.0, 0.0, 0.0]","[""2026-07-20"", ""2026-07-27"", ""2026-08-03"", ""2026-08-10"", ""2026-08-17"", ""2026-08-24"", ""2026-08-31"", ""2026-09-07"", ""2026-09-14"", ""2026-09-21"", ""2026-09-28"", ""2026-10-05"", ""2026-10-12""]",Unreliable,0,,10,17-07-2026 14:02
DIVINUSCOMPLETE20,7,1,MovingAverage_4,48.287,57.458,3.375,[3.375],"[""2026-07-20""]",Fair,0,,10,17-07-2026 14:02
DIVINUSCOMPLETE20,14,2,arima,68.027,92.678,5.539534338,"[2.7697671618573376, 2.7697671763485885]","[""2026-07-20"", ""2026-07-27""]",Poor,0,,10,17-07-2026 14:02
DIVINUSCOMPLETE20,28,4,arima,82.916,105.48,11.0790687,"[2.7697671618573376, 2.7697671763485885, 2.76976717895526, 2.769767179424145]","[""2026-07-20"", ""2026-07-27"", ""2026-08-03"", ""2026-08-10""]",Unreliable,0,,10,17-07-2026 14:02
DIVINUSCOMPLETE20,56,8,SBA_alpha_01,93.899,139.525,13.91649472,"[1.7395618395373658, 1.7395618395373658, 1.7395618395373658, 1.7395618395373658, 1.7395618395373658, 1.7395618395373658, 1.7395618395373658, 1.7395618395373658]","[""2026-07-20"", ""2026-07-27"", ""2026-08-03"", ""2026-08-10"", ""2026-08-17"", ""2026-08-24"", ""2026-08-31"", ""2026-09-07""]",Unreliable,0,,10,17-07-2026 14:02
DIVINUSCOMPLETE20,91,13,GradientBoostingRegressor,93.66,129.113,44.74592052,"[1.9730805837448389, 3.8127929991421716, 5.434865133138234, 3.416587431731665, 2.1872473577783937, 1.3354735273869827, 0.6651539987082798, 4.845957670507218, 6.285250954206034, 5.3086050302265155, 1.7587900386995994, 2.619681128069128, 5.10243467042461]","[""2026-07-20"", ""2026-07-27"", ""2026-08-03"", ""2026-08-10"", ""2026-08-17"", ""2026-08-24"", ""2026-08-31"", ""2026-09-07"", ""2026-09-14"", ""2026-09-21"", ""2026-09-28"", ""2026-10-05"", ""2026-10-12""]",Unreliable,0,,10,17-07-2026 14:02
DIVINUSGATOCARNE20V,7,1,TSB_01_01,97.938,191.798,1.49958627,[1.499586269653922],"[""2026-07-20""]",Unreliable,0,,10,17-07-2026 14:02
DIVINUSGATOCARNE20V,14,2,NaiveLastValue,100,99.935,0,"[0.0, 0.0]","[""2026-07-20"", ""2026-07-27""]",Unreliable,0,,10,17-07-2026 14:02
DIVINUSGATOCARNE20V,28,4,NaiveLastValue,100,49.967,0,"[0.0, 0.0, 0.0, 0.0]","[""2026-07-20"", ""2026-07-27"", ""2026-08-03"", ""2026-08-10""]",Unreliable,0,,10,17-07-2026 14:02
DIVINUSGATOCARNE20V,56,8,NaiveLastValue,100,24.984,0,"[0.0, 0.0, 0.0, 0.0, 0.0, 0.0, 0.0, 0.0]","[""2026-07-20"", ""2026-07-27"", ""2026-08-03"", ""2026-08-10"", ""2026-08-17"", ""2026-08-24"", ""2026-08-31"", ""2026-09-07""]",Unreliable,0,,10,17-07-2026 14:02
DIVINUSGATOCARNE20V,91,13,NaiveLastValue,100,15.375,0,"[0.0, 0.0, 0.0, 0.0, 0.0, 0.0, 0.0, 0.0, 0.0, 0.0, 0.0, 0.0, 0.0]","[""2026-07-20"", ""2026-07-27"", ""2026-08-03"", ""2026-08-10"", ""2026-08-17"", ""2026-08-24"", ""2026-08-31"", ""2026-09-07"", ""2026-09-14"", ""2026-09-21"", ""2026-09-28"", ""2026-10-05"", ""2026-10-12""]",Unreliable,0,,10,17-07-2026 14:02
DIVINUSFLAVOURCATSR18,7,1,LastNonZero,47.584,54.67,2.754,[2.7539999999999996],"[""2026-07-20""]",Fair,0,,10,17-07-2026 14:02
DIVINUSFLAVOURCATSR18,14,2,arima,98.291,149.451,1.235743066,"[0.6178715328221874, 0.6178715328208099]","[""2026-07-20"", ""2026-07-27""]",Unreliable,0,,10,17-07-2026 14:02
DIVINUSFLAVOURCATSR18,28,4,ZeroForecast,100,89.868,0,"[0.0, 0.0, 0.0, 0.0]","[""2026-07-20"", ""2026-07-27"", ""2026-08-03"", ""2026-08-10""]",Unreliable,0,,10,17-07-2026 14:02
DIVINUSFLAVOURCATSR18,56,8,ZeroForecast,100,89.887,0,"[0.0, 0.0, 0.0, 0.0, 0.0, 0.0, 0.0, 0.0]","[""2026-07-20"", ""2026-07-27"", ""2026-08-03"", ""2026-08-10"", ""2026-08-17"", ""2026-08-24"", ""2026-08-31"", ""2026-09-07""]",Unreliable,0,,10,17-07-2026 14:02
DIVINUSFLAVOURCATSR18,91,13,HistGradientBoostingRegressor,97.087,139.51,11.99592207,"[0.7299970917659238, 0.15736688811596017, 0.742578247153794, 1.1373290427375078, 1.1541787471199152, 1.1551576943197746, 1.1377931625237845, 1.1503743179116546, 1.1503743179116546, 1.1503743179116546, 1.1503743179116546, 0.02964960325966915, 1.1503743179116546]","[""2026-07-20"", ""2026-07-27"", ""2026-08-03"", ""2026-08-10"", ""2026-08-17"", ""2026-08-24"", ""2026-08-31"", ""2026-09-07"", ""2026-09-14"", ""2026-09-21"", ""2026-09-28"", ""2026-10-05"", ""2026-10-12""]",Unreliable,0,,10,17-07-2026 14:02
DIVINUSFLAVOURDOGSR18,7,1,arima,45.845,49.246,0.611926371,[0.6119263709400876],"[""2026-07-20""]",Fair,0,,10,17-07-2026 14:02
DIVINUSFLAVOURDOGSR18,14,2,sarima,80.492,110.826,1.172405552,"[0.6976829689396863, 0.4747225830182319]","[""2026-07-20"", ""2026-07-27""]",Unreliable,0,,10,17-07-2026 14:02
DIVINUSFLAVOURDOGSR18,28,4,ZeroForecast,100,89.799,0,"[0.0, 0.0, 0.0, 0.0]","[""2026-07-20"", ""2026-07-27"", ""2026-08-03"", ""2026-08-10""]",Unreliable,0,,10,17-07-2026 14:02
DIVINUSFLAVOURDOGSR18,56,8,TwoStage_RF_RF,66.98,133.438,0.16702441,"[0.02613197339376015, 0.013045973828518808, 0.025551009926448834, 0.0217659076065508, 0.020596450865056556, 0.020964284893522978, 0.01900060513869018, 0.019968204821368185]","[""2026-07-20"", ""2026-07-27"", ""2026-08-03"", ""2026-08-10"", ""2026-08-17"", ""2026-08-24"", ""2026-08-31"", ""2026-09-07""]",Poor,0,,10,17-07-2026 14:02
DIVINUSFLAVOURDOGSR18,91,13,sarima,96.811,131.934,7.989336389,"[0.6976829689396863, 0.4747225830182319, 0.6958231992308288, 0.6940618859148473, 0.6951340533549779, 0.5276170600513864, 0.694878687308343, 0.6946368403655493, 0.6905054877057754, 0.6946944428400885, 0.6947489958339115, 0.2583013838545369, 0.4765288006256239]","[""2026-07-20"", ""2026-07-27"", ""2026-08-03"", ""2026-08-10"", ""2026-08-17"", ""2026-08-24"", ""2026-08-31"", ""2026-09-07"", ""2026-09-14"", ""2026-09-21"", ""2026-09-28"", ""2026-10-05"", ""2026-10-12""]",Unreliable,0,,10,17-07-2026 14:02
DIVINUSFLAVOURDOGLR18,7,1,LastNonZero,48.113,36.324,4.158,[4.1579999999999995],"[""2026-07-20""]",Fair,0,,10,17-07-2026 14:02
DIVINUSFLAVOURDOGLR18,14,2,TSB_01_01,89.108,115.956,1.599894185,"[0.7999470924980857, 0.7999470924980857]","[""2026-07-20"", ""2026-07-27""]",Unreliable,0,,10,17-07-2026 14:02
DIVINUSFLAVOURDOGLR18,28,4,LastNonZero,78.55,90.368,16.632,"[4.1579999999999995, 4.1579999999999995, 4.1579999999999995, 4.1579999999999995]","[""2026-07-20"", ""2026-07-27"", ""2026-08-03"", ""2026-08-10""]",Unreliable,0,,10,17-07-2026 14:02
DIVINUSFLAVOURDOGLR18,56,8,ADIDA_8,82.851,112.537,5.254264222,"[0.6567830277120001, 0.6567830277120001, 0.6567830277120001, 0.6567830277120001, 0.6567830277120001, 0.6567830277120001, 0.6567830277120001, 0.6567830277120001]","[""2026-07-20"", ""2026-07-27"", ""2026-08-03"", ""2026-08-10"", ""2026-08-17"", ""2026-08-24"", ""2026-08-31"", ""2026-09-07""]",Unreliable,0,,10,17-07-2026 14:02
DIVINUSFLAVOURDOGLR18,91,13,Ridge,86.455,116.88,14.2145452,"[1.7328650353919897, 0.7186665978218156, 0.6461735814984156, 0.6135614447587762, 0.7456978532295636, 0.968657580233212, 1.0269884187645817, 1.1717606918289085, 1.4900422437863803, 1.6753147300305704, 1.504631689570457, 1.1161720289319932, 0.8040133039868496]","[""2026-07-20"", ""2026-07-27"", ""2026-08-03"", ""2026-08-10"", ""2026-08-17"", ""2026-08-24"", ""2026-08-31"", ""2026-09-07"", ""2026-09-14"", ""2026-09-21"", ""2026-09-28"", ""2026-10-05"", ""2026-10-12""]",Unreliable,0,,10,17-07-2026 14:02
DIVINUSGATINHOS2,7,1,LastNonZero,54.835,39.276,0.2,[0.2],"[""2026-07-20""]",Fair,0,,10,17-07-2026 14:02
DIVINUSGATINHOS2,14,2,sarima,82.213,111.513,0,"[0.0, 0.0]","[""2026-07-20"", ""2026-07-27""]",Unreliable,0,,10,17-07-2026 14:02
DIVINUSGATINHOS2,28,4,NaiveLastValue,100,49.573,0,"[0.0, 0.0, 0.0, 0.0]","[""2026-07-20"", ""2026-07-27"", ""2026-08-03"", ""2026-08-10""]",Unreliable,0,,10,17-07-2026 14:02
DIVINUSGATINHOS2,56,8,NaiveLastValue,100,24.752,0,"[0.0, 0.0, 0.0, 0.0, 0.0, 0.0, 0.0, 0.0]","[""2026-07-20"", ""2026-07-27"", ""2026-08-03"", ""2026-08-10"", ""2026-08-17"", ""2026-08-24"", ""2026-08-31"", ""2026-09-07""]",Unreliable,0,,10,17-07-2026 14:02
DIVINUSGATINHOS2,91,13,NaiveLastValue,100,15.232,0,"[0.0, 0.0, 0.0, 0.0, 0.0, 0.0, 0.0, 0.0, 0.0, 0.0, 0.0, 0.0, 0.0]","[""2026-07-20"", ""2026-07-27"", ""2026-08-03"", ""2026-08-10"", ""2026-08-17"", ""2026-08-24"", ""2026-08-31"", ""2026-09-07"", ""2026-09-14"", ""2026-09-21"", ""2026-09-28"", ""2026-10-05"", ""2026-10-12""]",Unreliable,0,,10,17-07-2026 14:02
DIVINUSGATOCOMPLETEMB20,7,1,ExtraTreesRegressor,0,0,0,[0.0],"[""2026-07-20""]",Excellent,1,NaiveLastValue,10,17-07-2026 14:02
DIVINUSGATOCOMPLETEMB20,14,2,ExtraTreesRegressor,0,0,0,"[0.0, 0.0]","[""2026-07-20"", ""2026-07-27""]",Excellent,1,NaiveLastValue,10,17-07-2026 14:02
DIVINUSGATOCOMPLETEMB20,28,4,ExtraTreesRegressor,0,0,0,"[0.0, 0.0, 0.0, 0.0]","[""2026-07-20"", ""2026-07-27"", ""2026-08-03"", ""2026-08-10""]",Excellent,1,NaiveLastValue,10,17-07-2026 14:02
DIVINUSGATOCOMPLETEMB20,56,8,ExtraTreesRegressor,0,0,0,"[0.0, 0.0, 0.0, 0.0, 0.0, 0.0, 0.0, 0.0]","[""2026-07-20"", ""2026-07-27"", ""2026-08-03"", ""2026-08-10"", ""2026-08-17"", ""2026-08-24"", ""2026-08-31"", ""2026-09-07""]",Excellent,1,NaiveLastValue,10,17-07-2026 14:02
DIVINUSGATOCOMPLETEMB20,91,13,GradientBoostingRegressor,0,0,0,"[0.0, 0.0, 0.0, 0.0, 0.0, 0.0, 0.0, 0.0, 0.0, 0.0, 0.0, 0.0, 0.0]","[""2026-07-20"", ""2026-07-27"", ""2026-08-03"", ""2026-08-10"", ""2026-08-17"", ""2026-08-24"", ""2026-08-31"", ""2026-09-07"", ""2026-09-14"", ""2026-09-21"", ""2026-09-28"", ""2026-10-05"", ""2026-10-12""]",Excellent,1,NaiveLastValue,10,17-07-2026 14:02
DIVINUSGATOCARNE2,7,1,LastNonZero,32.406,58.064,1.479,[1.4790000000000003],"[""2026-07-20""]",Good,0,,10,17-07-2026 14:02
DIVINUSGATOCARNE2,14,2,ExtraTreesRegressor,80.613,132.999,0,"[0.0, 0.0]","[""2026-07-20"", ""2026-07-27""]",Unreliable,0,,10,17-07-2026 14:02
DIVINUSGATOCARNE2,28,4,ExtraTreesRegressor,86.702,115.664,0,"[0.0, 0.0, 0.0, 0.0]","[""2026-07-20"", ""2026-07-27"", ""2026-08-03"", ""2026-08-10""]",Unreliable,0,,10,17-07-2026 14:02
DIVINUSGATOCARNE2,56,8,ExtraTreesRegressor,95.803,90.687,0,"[0.0, 0.0, 0.0, 0.0, 0.0, 0.0, 0.0, 0.0]","[""2026-07-20"", ""2026-07-27"", ""2026-08-03"", ""2026-08-10"", ""2026-08-17"", ""2026-08-24"", ""2026-08-31"", ""2026-09-07""]",Unreliable,0,,10,17-07-2026 14:02
DIVINUSGATOCARNE2,91,13,TwoStage_ET_ET,96.762,136.769,0.022739336,"[0.0016638874183070352, 0.001771133828078525, 0.0018494789022177067, 0.0018368501858715201, 0.0018166762395849798, 0.001795259818791656, 0.0017855770113002192, 0.0017708536039074897, 0.0017437390003008002, 0.0017163505191550815, 0.0016894877919496074, 0.0016630710214397717, 0.0016369707495707967]","[""2026-07-20"", ""2026-07-27"", ""2026-08-03"", ""2026-08-10"", ""2026-08-17"", ""2026-08-24"", ""2026-08-31"", ""2026-09-07"", ""2026-09-14"", ""2026-09-21"", ""2026-09-28"", ""2026-10-05"", ""2026-10-12""]",Unreliable,0,,10,17-07-2026 14:02
DIVINUSGATOCARNE20,7,1,LastNonZero,23.492,26.066,11.7,[11.700000000000001],"[""2026-07-20""]",Good,0,,10,17-07-2026 14:02
DIVINUSGATOCARNE20,14,2,LastNonZero,77.333,91.447,23.4,"[11.700000000000001, 11.700000000000001]","[""2026-07-20"", ""2026-07-27""]",Unreliable,0,,10,17-07-2026 14:02
DIVINUSGATOCARNE20,28,4,TwoStage_RF_Ridge,99.015,168.293,2.268253711,"[0.4793785302896752, 0.5430760839033063, 0.5711199489001517, 0.6746791480867288]","[""2026-07-20"", ""2026-07-27"", ""2026-08-03"", ""2026-08-10""]",Unreliable,0,,10,17-07-2026 14:02
DIVINUSGATOCARNE20,56,8,ZeroForecast,100,54.988,0,"[0.0, 0.0, 0.0, 0.0, 0.0, 0.0, 0.0, 0.0]","[""2026-07-20"", ""2026-07-27"", ""2026-08-03"", ""2026-08-10"", ""2026-08-17"", ""2026-08-24"", ""2026-08-31"", ""2026-09-07""]",Unreliable,0,,10,17-07-2026 14:02
DIVINUSGATOCARNE20,91,13,NaiveLastValue,100,46.143,0,"[0.0, 0.0, 0.0, 0.0, 0.0, 0.0, 0.0, 0.0, 0.0, 0.0, 0.0, 0.0, 0.0]","[""2026-07-20"", ""2026-07-27"", ""2026-08-03"", ""2026-08-10"", ""2026-08-17"", ""2026-08-24"", ""2026-08-31"", ""2026-09-07"", ""2026-09-14"", ""2026-09-21"", ""2026-09-28"", ""2026-10-05"", ""2026-10-12""]",Unreliable,0,,10,17-07-2026 14:02
DIVINUSGATOCOMPLETE7,7,1,LastNonZero,37.484,29.622,4.06,[4.0600000000000005],"[""2026-07-20""]",Fair,0,,10,17-07-2026 14:02
DIVINUSGATOCOMPLETE7,14,2,SBA_alpha_02,100,166.848,0.728487509,"[0.3642437547312643, 0.3642437547312643]","[""2026-07-20"", ""2026-07-27""]",Unreliable,0,,10,17-07-2026 14:02
DIVINUSGATOCOMPLETE7,28,4,NaiveLastValue,100,49.975,0,"[0.0, 0.0, 0.0, 0.0]","[""2026-07-20"", ""2026-07-27"", ""2026-08-03"", ""2026-08-10""]",Unreliable,0,,10,17-07-2026 14:02
DIVINUSGATOCOMPLETE7,56,8,NaiveLastValue,100,24.988,0,"[0.0, 0.0, 0.0, 0.0, 0.0, 0.0, 0.0, 0.0]","[""2026-07-20"", ""2026-07-27"", ""2026-08-03"", ""2026-08-10"", ""2026-08-17"", ""2026-08-24"", ""2026-08-31"", ""2026-09-07""]",Unreliable,0,,10,17-07-2026 14:02
DIVINUSGATOCOMPLETE7,91,13,NaiveLastValue,100,15.377,0,"[0.0, 0.0, 0.0, 0.0, 0.0, 0.0, 0.0, 0.0, 0.0, 0.0, 0.0, 0.0, 0.0]","[""2026-07-20"", ""2026-07-27"", ""2026-08-03"", ""2026-08-10"", ""2026-08-17"", ""2026-08-24"", ""2026-08-31"", ""2026-09-07"", ""2026-09-14"", ""2026-09-21"", ""2026-09-28"", ""2026-10-05"", ""2026-10-12""]",Unreliable,0,,10,17-07-2026 14:02
DIVINUSGATOCOMPDOMUS20,7,1,LastNonZero,23.654,24.034,6.56,[6.5600000000000005],"[""2026-07-20""]",Good,0,,10,17-07-2026 14:02
DIVINUSGATOCOMPDOMUS20,14,2,arima,98.923,163.57,2.876943752,"[1.4384718786643935, 1.438471873551279]","[""2026-07-20"", ""2026-07-27""]",Unreliable,0,,10,17-07-2026 14:02
DIVINUSGATOCOMPDOMUS20,28,4,ZeroForecast,100,59.984,0,"[0.0, 0.0, 0.0, 0.0]","[""2026-07-20"", ""2026-07-27"", ""2026-08-03"", ""2026-08-10""]",Unreliable,0,,10,17-07-2026 14:02
DIVINUSGATOCOMPDOMUS20,56,8,ZeroForecast,100,39.989,0,"[0.0, 0.0, 0.0, 0.0, 0.0, 0.0, 0.0, 0.0]","[""2026-07-20"", ""2026-07-27"", ""2026-08-03"", ""2026-08-10"", ""2026-08-17"", ""2026-08-24"", ""2026-08-31"", ""2026-09-07""]",Unreliable,0,,10,17-07-2026 14:02
DIVINUSGATOCOMPDOMUS20,91,13,ZeroForecast,100,39.99,0,"[0.0, 0.0, 0.0, 0.0, 0.0, 0.0, 0.0, 0.0, 0.0, 0.0, 0.0, 0.0, 0.0]","[""2026-07-20"", ""2026-07-27"", ""2026-08-03"", ""2026-08-10"", ""2026-08-17"", ""2026-08-24"", ""2026-08-31"", ""2026-09-07"", ""2026-09-14"", ""2026-09-21"", ""2026-09-28"", ""2026-10-05"", ""2026-10-12""]",Unreliable,0,,10,17-07-2026 14:02
DIVINUSGATOCOMPLETE2,7,1,HistGradientBoostingRegressor,45.243,63.864,0,[0.0],"[""2026-07-20""]",Fair,0,,10,17-07-2026 14:02
DIVINUSGATOCOMPLETE2,14,2,HistGradientBoostingRegressor,58.461,113.563,0.200073377,"[0.0, 0.20007337694286922]","[""2026-07-20"", ""2026-07-27""]",Poor,0,,10,17-07-2026 14:02
DIVINUSGATOCOMPLETE2,28,4,ZeroForecast,100,29.956,0,"[0.0, 0.0, 0.0, 0.0]","[""2026-07-20"", ""2026-07-27"", ""2026-08-03"", ""2026-08-10""]",Unreliable,0,,10,17-07-2026 14:02
DIVINUSGATOCOMPLETE2,56,8,ZeroForecast,100,14.978,0,"[0.0, 0.0, 0.0, 0.0, 0.0, 0.0, 0.0, 0.0]","[""2026-07-20"", ""2026-07-27"", ""2026-08-03"", ""2026-08-10"", ""2026-08-17"", ""2026-08-24"", ""2026-08-31"", ""2026-09-07""]",Unreliable,0,,10,17-07-2026 14:02
DIVINUSGATOCOMPLETE2,91,13,ZeroForecast,100,9.217,0,"[0.0, 0.0, 0.0, 0.0, 0.0, 0.0, 0.0, 0.0, 0.0, 0.0, 0.0, 0.0, 0.0]","[""2026-07-20"", ""2026-07-27"", ""2026-08-03"", ""2026-08-10"", ""2026-08-17"", ""2026-08-24"", ""2026-08-31"", ""2026-09-07"", ""2026-09-14"", ""2026-09-21"", ""2026-09-28"", ""2026-10-05"", ""2026-10-12""]",Unreliable,0,,10,17-07-2026 14:02
DIVINUSGATOCOMPLETE20,7,1,ADIDA_4,34.01,39.849,8.380467701,[8.380467700877233],"[""2026-07-20""]",Good,0,,10,17-07-2026 14:02
DIVINUSGATOCOMPLETE20,14,2,arima,68.407,75.484,16.79930758,"[8.399653790791312, 8.399653790791572]","[""2026-07-20"", ""2026-07-27""]",Poor,0,,10,17-07-2026 14:02
DIVINUSGATOCOMPLETE20,28,4,arima,83.474,95.935,33.59861516,"[8.399653790791312, 8.399653790791572, 8.399653790791588, 8.39965379079159]","[""2026-07-20"", ""2026-07-27"", ""2026-08-03"", ""2026-08-10""]",Unreliable,0,,10,17-07-2026 14:02
DIVINUSGATOCOMPLETE20,56,8,TwoStage_ET_ET,87.553,107.872,69.21560611,"[9.256019268866059, 8.27304745955138, 7.464692542526353, 7.931778042731163, 8.472497599905966, 9.365291500868532, 8.893483780978377, 9.558795914265465]","[""2026-07-20"", ""2026-07-27"", ""2026-08-03"", ""2026-08-10"", ""2026-08-17"", ""2026-08-24"", ""2026-08-31"", ""2026-09-07""]",Unreliable,0,,10,17-07-2026 14:02
DIVINUSGATOCOMPLETE20,91,13,arima,90.738,115.195,109.1954993,"[8.399653790791312, 8.399653790791572, 8.399653790791588, 8.39965379079159, 8.39965379079159, 8.39965379079159, 8.39965379079159, 8.39965379079159, 8.39965379079159, 8.39965379079159, 8.39965379079159, 8.39965379079159, 8.39965379079159]","[""2026-07-20"", ""2026-07-27"", ""2026-08-03"", ""2026-08-10"", ""2026-08-17"", ""2026-08-24"", ""2026-08-31"", ""2026-09-07"", ""2026-09-14"", ""2026-09-21"", ""2026-09-28"", ""2026-10-05"", ""2026-10-12""]",Unreliable,0,,10,17-07-2026 14:02
DIVINUSGATOPEIXE20,7,1,LastNonZero,49.338,46.561,3.12,[3.12],"[""2026-07-20""]",Fair,0,,10,17-07-2026 14:02
DIVINUSGATOPEIXE20,14,2,arima,99.915,184.14,0.687670675,"[0.34383533732752136, 0.3438353373275208]","[""2026-07-20"", ""2026-07-27""]",Unreliable,0,,10,17-07-2026 14:02
DIVINUSGATOPEIXE20,28,4,NaiveLastValue,100,49.973,0,"[0.0, 0.0, 0.0, 0.0]","[""2026-07-20"", ""2026-07-27"", ""2026-08-03"", ""2026-08-10""]",Unreliable,0,,10,17-07-2026 14:02
DIVINUSGATOPEIXE20,56,8,NaiveLastValue,100,24.984,0,"[0.0, 0.0, 0.0, 0.0, 0.0, 0.0, 0.0, 0.0]","[""2026-07-20"", ""2026-07-27"", ""2026-08-03"", ""2026-08-10"", ""2026-08-17"", ""2026-08-24"", ""2026-08-31"", ""2026-09-07""]",Unreliable,0,,10,17-07-2026 14:02
DIVINUSGATOPEIXE20,91,13,NaiveLastValue,100,15.375,0,"[0.0, 0.0, 0.0, 0.0, 0.0, 0.0, 0.0, 0.0, 0.0, 0.0, 0.0, 0.0, 0.0]","[""2026-07-20"", ""2026-07-27"", ""2026-08-03"", ""2026-08-10"", ""2026-08-17"", ""2026-08-24"", ""2026-08-31"", ""2026-09-07"", ""2026-09-14"", ""2026-09-21"", ""2026-09-28"", ""2026-10-05"", ""2026-10-12""]",Unreliable,0,,10,17-07-2026 14:02
DIVINUSGATOPEIXE2,7,1,TwoStage_Logistic_Huber,68.482,118.789,0.000101366,[0.00010136598680340271],"[""2026-07-20""]",Poor,0,,10,17-07-2026 14:02
DIVINUSGATOPEIXE2,14,2,HuberRegressor,100,77.675,0,"[0.0, 0.0]","[""2026-07-20"", ""2026-07-27""]",Unreliable,0,,10,17-07-2026 14:02
DIVINUSGATOPEIXE2,28,4,NaiveLastValue,100,36.636,0,"[0.0, 0.0, 0.0, 0.0]","[""2026-07-20"", ""2026-07-27"", ""2026-08-03"", ""2026-08-10""]",Unreliable,0,,10,17-07-2026 14:02
DIVINUSGATOPEIXE2,56,8,ZeroForecast,100,23.303,0,"[0.0, 0.0, 0.0, 0.0, 0.0, 0.0, 0.0, 0.0]","[""2026-07-20"", ""2026-07-27"", ""2026-08-03"", ""2026-08-10"", ""2026-08-17"", ""2026-08-24"", ""2026-08-31"", ""2026-09-07""]",Unreliable,0,,10,17-07-2026 14:02
DIVINUSGATOPEIXE2,91,13,NaiveLastValue,100,23.542,0,"[0.0, 0.0, 0.0, 0.0, 0.0, 0.0, 0.0, 0.0, 0.0, 0.0, 0.0, 0.0, 0.0]","[""2026-07-20"", ""2026-07-27"", ""2026-08-03"", ""2026-08-10"", ""2026-08-17"", ""2026-08-24"", ""2026-08-31"", ""2026-09-07"", ""2026-09-14"", ""2026-09-21"", ""2026-09-28"", ""2026-10-05"", ""2026-10-12""]",Unreliable,0,,10,17-07-2026 14:02
DIVINUSMINI4,7,1,LastNonZero,58.007,90.606,1.62,[1.6199999999999999],"[""2026-07-20""]",Poor,0,,10,17-07-2026 14:02
DIVINUSMINI4,14,2,SeasonalNaive_52,97.571,79.882,0,"[0.0, 0.0]","[""2026-07-20"", ""2026-07-27""]",Unreliable,0,,10,17-07-2026 14:02
DIVINUSMINI4,28,4,NaiveLastValue,100,49.928,0,"[0.0, 0.0, 0.0, 0.0]","[""2026-07-20"", ""2026-07-27"", ""2026-08-03"", ""2026-08-10""]",Unreliable,0,,10,17-07-2026 14:02
DIVINUSMINI4,56,8,NaiveLastValue,100,24.969,0,"[0.0, 0.0, 0.0, 0.0, 0.0, 0.0, 0.0, 0.0]","[""2026-07-20"", ""2026-07-27"", ""2026-08-03"", ""2026-08-10"", ""2026-08-17"", ""2026-08-24"", ""2026-08-31"", ""2026-09-07""]",Unreliable,0,,10,17-07-2026 14:02
DIVINUSMINI4,91,13,NaiveLastValue,100,15.366,0,"[0.0, 0.0, 0.0, 0.0, 0.0, 0.0, 0.0, 0.0, 0.0, 0.0, 0.0, 0.0, 0.0]","[""2026-07-20"", ""2026-07-27"", ""2026-08-03"", ""2026-08-10"", ""2026-08-17"", ""2026-08-24"", ""2026-08-31"", ""2026-09-07"", ""2026-09-14"", ""2026-09-21"", ""2026-09-28"", ""2026-10-05"", ""2026-10-12""]",Unreliable,0,,10,17-07-2026 14:02
DIVINUSPERFORMANCEMB20,7,1,ExtraTreesRegressor,0,0,0,[0.0],"[""2026-07-20""]",Excellent,1,NaiveLastValue,10,17-07-2026 14:02
DIVINUSPERFORMANCEMB20,14,2,ExtraTreesRegressor,0,0,0,"[0.0, 0.0]","[""2026-07-20"", ""2026-07-27""]",Excellent,1,NaiveLastValue,10,17-07-2026 14:02
DIVINUSPERFORMANCEMB20,28,4,ExtraTreesRegressor,0,0,0,"[0.0, 0.0, 0.0, 0.0]","[""2026-07-20"", ""2026-07-27"", ""2026-08-03"", ""2026-08-10""]",Excellent,1,NaiveLastValue,10,17-07-2026 14:02
DIVINUSPERFORMANCEMB20,56,8,RandomForestRegressor,0,0,0,"[0.0, 0.0, 0.0, 0.0, 0.0, 0.0, 0.0, 0.0]","[""2026-07-20"", ""2026-07-27"", ""2026-08-03"", ""2026-08-10"", ""2026-08-17"", ""2026-08-24"", ""2026-08-31"", ""2026-09-07""]",Excellent,1,NaiveLastValue,10,17-07-2026 14:02
DIVINUSPERFORMANCEMB20,91,13,GradientBoostingRegressor,0,0,0,"[0.0, 0.0, 0.0, 0.0, 0.0, 0.0, 0.0, 0.0, 0.0, 0.0, 0.0, 0.0, 0.0]","[""2026-07-20"", ""2026-07-27"", ""2026-08-03"", ""2026-08-10"", ""2026-08-17"", ""2026-08-24"", ""2026-08-31"", ""2026-09-07"", ""2026-09-14"", ""2026-09-21"", ""2026-09-28"", ""2026-10-05"", ""2026-10-12""]",Excellent,1,NaiveLastValue,10,17-07-2026 14:02
DOMUSADULTO20A,7,1,RandomForestRegressor,0,0,0,[0.0],"[""2026-07-20""]",Excellent,1,NaiveLastValue,10,17-07-2026 14:02
DOMUSADULTO20A,14,2,,,,,,,No Model,0,,,17-07-2026 14:02
DOMUSADULTO20A,28,4,,,,,,,No Model,0,,,17-07-2026 14:02
DOMUSADULTO20A,56,8,,,,,,,No Model,0,,,17-07-2026 14:02
DOMUSADULTO20A,91,13,,,,,,,No Model,0,,,17-07-2026 14:02
DIVINUSJR4,7,1,NaiveLastValue,60.63,153.916,0,[0.0],"[""2026-07-20""]",Poor,0,,10,17-07-2026 14:02
DIVINUSJR4,14,2,GradientBoostingRegressor,95.876,125.675,0.599952236,"[0.3049718897243713, 0.29498034588947414]","[""2026-07-20"", ""2026-07-27""]",Unreliable,0,,10,17-07-2026 14:02
DIVINUSJR4,28,4,NaiveLastValue,100,61.913,0,"[0.0, 0.0, 0.0, 0.0]","[""2026-07-20"", ""2026-07-27"", ""2026-08-03"", ""2026-08-10""]",Unreliable,0,,10,17-07-2026 14:02
DIVINUSJR4,56,8,NaiveLastValue,100,30.957,0,"[0.0, 0.0, 0.0, 0.0, 0.0, 0.0, 0.0, 0.0]","[""2026-07-20"", ""2026-07-27"", ""2026-08-03"", ""2026-08-10"", ""2026-08-17"", ""2026-08-24"", ""2026-08-31"", ""2026-09-07""]",Unreliable,0,,10,17-07-2026 14:02
DIVINUSJR4,91,13,NaiveLastValue,100,19.05,0,"[0.0, 0.0, 0.0, 0.0, 0.0, 0.0, 0.0, 0.0, 0.0, 0.0, 0.0, 0.0, 0.0]","[""2026-07-20"", ""2026-07-27"", ""2026-08-03"", ""2026-08-10"", ""2026-08-17"", ""2026-08-24"", ""2026-08-31"", ""2026-09-07"", ""2026-09-14"", ""2026-09-21"", ""2026-09-28"", ""2026-10-05"", ""2026-10-12""]",Unreliable,0,,10,17-07-2026 14:02
DOMUSADULTO4A,7,1,RandomForestRegressor,0,0,0,[0.0],"[""2026-07-20""]",Excellent,1,NaiveLastValue,10,17-07-2026 14:02
DOMUSADULTO4A,14,2,,,,,,,No Model,0,,,17-07-2026 14:02
DOMUSADULTO4A,28,4,,,,,,,No Model,0,,,17-07-2026 14:02
DOMUSADULTO4A,56,8,,,,,,,No Model,0,,,17-07-2026 14:02
DOMUSADULTO4A,91,13,,,,,,,No Model,0,,,17-07-2026 14:02
DIVINUSMINI10,7,1,ETS,30.186,29.524,1.178881202,[1.1788812019316723],"[""2026-07-20""]",Good,0,,10,17-07-2026 14:02
DIVINUSMINI10,14,2,SeasonalNaive_52,57.904,111.81,1.2,"[1.2, 0.0]","[""2026-07-20"", ""2026-07-27""]",Poor,0,,10,17-07-2026 14:02
DIVINUSMINI10,28,4,SeasonalNaive_52,65.986,93.802,1.8,"[1.2, 0.0, 0.0, 0.6]","[""2026-07-20"", ""2026-07-27"", ""2026-08-03"", ""2026-08-10""]",Poor,0,,10,17-07-2026 14:02
DIVINUSMINI10,56,8,SeasonalNaive_52,84.66,94.934,6.6,"[1.2, 0.0, 0.0, 0.6, 0.6, 3.0, 0.0, 1.2]","[""2026-07-20"", ""2026-07-27"", ""2026-08-03"", ""2026-08-10"", ""2026-08-17"", ""2026-08-24"", ""2026-08-31"", ""2026-09-07""]",Unreliable,0,,10,17-07-2026 14:02
DIVINUSMINI10,91,13,SeasonalNaive_52,84.48,110.361,12.86,"[1.2, 0.0, 0.0, 0.6, 0.6, 3.0, 0.0, 1.2, 0.8, 2.82, 0.0, 1.62, 1.02]","[""2026-07-20"", ""2026-07-27"", ""2026-08-03"", ""2026-08-10"", ""2026-08-17"", ""2026-08-24"", ""2026-08-31"", ""2026-09-07"", ""2026-09-14"", ""2026-09-21"", ""2026-09-28"", ""2026-10-05"", ""2026-10-12""]",Unreliable,0,,10,17-07-2026 14:02
DOMUSAE20A,7,1,RandomForestRegressor,0,0,0,[0.0],"[""2026-07-20""]",Excellent,1,NaiveLastValue,10,17-07-2026 14:02
DOMUSAE20A,14,2,,,,,,,No Model,0,,,17-07-2026 14:02
DOMUSAE20A,28,4,,,,,,,No Model,0,,,17-07-2026 14:02
DOMUSAE20A,56,8,,,,,,,No Model,0,,,17-07-2026 14:02
DOMUSAE20A,91,13,,,,,,,No Model,0,,,17-07-2026 14:02
DIVINUSPERFORMANCE10,7,1,SBA_alpha_01,64.057,83.188,0.706609568,[0.7066095675593961],"[""2026-07-20""]",Poor,0,,10,17-07-2026 14:02
DIVINUSPERFORMANCE10,14,2,Ridge,98.972,181.144,0,"[0.0, 0.0]","[""2026-07-20"", ""2026-07-27""]",Unreliable,0,,10,17-07-2026 14:02
DIVINUSPERFORMANCE10,28,4,NaiveLastValue,100,49.967,0,"[0.0, 0.0, 0.0, 0.0]","[""2026-07-20"", ""2026-07-27"", ""2026-08-03"", ""2026-08-10""]",Unreliable,0,,10,17-07-2026 14:02
DIVINUSPERFORMANCE10,56,8,NaiveLastValue,100,24.99,0,"[0.0, 0.0, 0.0, 0.0, 0.0, 0.0, 0.0, 0.0]","[""2026-07-20"", ""2026-07-27"", ""2026-08-03"", ""2026-08-10"", ""2026-08-17"", ""2026-08-24"", ""2026-08-31"", ""2026-09-07""]",Unreliable,0,,10,17-07-2026 14:02
DIVINUSPERFORMANCE10,91,13,NaiveLastValue,100,15.378,0,"[0.0, 0.0, 0.0, 0.0, 0.0, 0.0, 0.0, 0.0, 0.0, 0.0, 0.0, 0.0, 0.0]","[""2026-07-20"", ""2026-07-27"", ""2026-08-03"", ""2026-08-10"", ""2026-08-17"", ""2026-08-24"", ""2026-08-31"", ""2026-09-07"", ""2026-09-14"", ""2026-09-21"", ""2026-09-28"", ""2026-10-05"", ""2026-10-12""]",Unreliable,0,,10,17-07-2026 14:02
DIVINUSPERFORMANCE20,7,1,MovingAverage_8,16.585,16.713,20.1525,[20.1525],"[""2026-07-20""]",Excellent,0,,10,17-07-2026 14:02
DIVINUSPERFORMANCE20,14,2,TSB_02_02,54.629,70.259,40.13666185,"[20.068330923348196, 20.068330923348196]","[""2026-07-20"", ""2026-07-27""]",Fair,0,,10,17-07-2026 14:02
DIVINUSPERFORMANCE20,28,4,ADIDAStyle_4,47.896,62.588,78.9379,"[19.734475, 19.734475, 19.734475, 19.734475]","[""2026-07-20"", ""2026-07-27"", ""2026-08-03"", ""2026-08-10""]",Fair,0,,10,17-07-2026 14:02
DIVINUSPERFORMANCE20,56,8,ADIDA_8,42.333,50.643,201.1514702,"[25.1439337804923, 25.1439337804923, 25.1439337804923, 25.1439337804923, 25.1439337804923, 25.1439337804923, 25.1439337804923, 25.1439337804923]","[""2026-07-20"", ""2026-07-27"", ""2026-08-03"", ""2026-08-10"", ""2026-08-17"", ""2026-08-24"", ""2026-08-31"", ""2026-09-07""]",Fair,0,,10,17-07-2026 14:02
DIVINUSPERFORMANCE20,91,13,GradientBoostingRegressor,42.552,53.465,229.5224393,"[17.08895243462296, 16.918060493694817, 11.360958836034095, 10.723031193413616, 24.58689879489468, 6.99498589320903, 28.40155117967434, 17.352580221899462, 29.204089125209936, 31.10065070653559, 31.884054075181282, 0.0, 3.9066263515817963]","[""2026-07-20"", ""2026-07-27"", ""2026-08-03"", ""2026-08-10"", ""2026-08-17"", ""2026-08-24"", ""2026-08-31"", ""2026-09-07"", ""2026-09-14"", ""2026-09-21"", ""2026-09-28"", ""2026-10-05"", ""2026-10-12""]",Fair,0,,10,17-07-2026 14:02
DOMUSADULTO4,7,1,TwoStage_ET_ET,69.59,99.989,0.213497068,[0.21349706837936064],"[""2026-07-20""]",Poor,0,,10,17-07-2026 14:02
DOMUSADULTO4,14,2,sarima,87.754,126.517,1.224371851,"[0.5924689690644643, 0.6319028815472331]","[""2026-07-20"", ""2026-07-27""]",Unreliable,0,,10,17-07-2026 14:02
DOMUSADULTO4,28,4,ZeroForecast,100,69.649,0,"[0.0, 0.0, 0.0, 0.0]","[""2026-07-20"", ""2026-07-27"", ""2026-08-03"", ""2026-08-10""]",Unreliable,0,,10,17-07-2026 14:02
DOMUSADULTO4,56,8,ZeroForecast,100,88.788,0,"[0.0, 0.0, 0.0, 0.0, 0.0, 0.0, 0.0, 0.0]","[""2026-07-20"", ""2026-07-27"", ""2026-08-03"", ""2026-08-10"", ""2026-08-17"", ""2026-08-24"", ""2026-08-31"", ""2026-09-07""]",Unreliable,0,,10,17-07-2026 14:02
DOMUSADULTO4,91,13,ZeroForecast,100,93.86,0,"[0.0, 0.0, 0.0, 0.0, 0.0, 0.0, 0.0, 0.0, 0.0, 0.0, 0.0, 0.0, 0.0]","[""2026-07-20"", ""2026-07-27"", ""2026-08-03"", ""2026-08-10"", ""2026-08-17"", ""2026-08-24"", ""2026-08-31"", ""2026-09-07"", ""2026-09-14"", ""2026-09-21"", ""2026-09-28"", ""2026-10-05"", ""2026-10-12""]",Unreliable,0,,10,17-07-2026 14:02
DIVINUSPUPPY20,7,1,arima,16.867,17.256,7.20289995,[7.202899950456169],"[""2026-07-20""]",Excellent,0,,10,17-07-2026 14:02
DIVINUSPUPPY20,14,2,TwoStage_Logistic_Huber,56.264,86.652,9.252803842,"[4.328889716181181, 4.9239141262541715]","[""2026-07-20"", ""2026-07-27""]",Poor,0,,10,17-07-2026 14:02
DIVINUSPUPPY20,28,4,TwoStage_RF_Ridge,52.119,85.71,20.32732564,"[4.375044169379285, 5.069864853746361, 6.184065711653653, 4.698350900648776]","[""2026-07-20"", ""2026-07-27"", ""2026-08-03"", ""2026-08-10""]",Fair,0,,10,17-07-2026 14:02
DIVINUSPUPPY20,56,8,HistGradientBoostingRegressor,46.941,64.344,46.16405417,"[2.184996576194606, 12.689673415630839, 4.719420257744311, 0.4018485091107917, 6.882604536639299, 9.877233968343516, 4.901407798202138, 4.506869103933794]","[""2026-07-20"", ""2026-07-27"", ""2026-08-03"", ""2026-08-10"", ""2026-08-17"", ""2026-08-24"", ""2026-08-31"", ""2026-09-07""]",Fair,0,,10,17-07-2026 14:02
DIVINUSPUPPY20,91,13,ExtraTreesRegressor,56.447,68.037,85.1662,"[5.3406, 6.155999999999999, 5.208600000000001, 4.277400000000001, 5.017200000000002, 8.195200000000003, 7.303800000000001, 6.565000000000001, 7.341, 8.096200000000003, 6.568600000000003, 7.338400000000003, 7.758200000000004]","[""2026-07-20"", ""2026-07-27"", ""2026-08-03"", ""2026-08-10"", ""2026-08-17"", ""2026-08-24"", ""2026-08-31"", ""2026-09-07"", ""2026-09-14"", ""2026-09-21"", ""2026-09-28"", ""2026-10-05"", ""2026-10-12""]",Poor,0,,10,17-07-2026 14:02
DOMUSJR20A,7,1,RandomForestRegressor,0,0,0,[0.0],"[""2026-07-20""]",Excellent,1,NaiveLastValue,10,17-07-2026 14:02
DOMUSJR20A,14,2,,,,,,,No Model,0,,,17-07-2026 14:02
DOMUSJR20A,28,4,,,,,,,No Model,0,,,17-07-2026 14:02
DOMUSJR20A,56,8,,,,,,,No Model,0,,,17-07-2026 14:02
DOMUSJR20A,91,13,,,,,,,No Model,0,,,17-07-2026 14:02
DOMUSAE20,7,1,RollingMedian_8,31.092,29.007,6.51,[6.51],"[""2026-07-20""]",Good,0,,10,17-07-2026 14:02
DOMUSAE20,14,2,HistGradientBoostingRegressor,33.166,58.421,12.87726818,"[8.784107676413754, 4.093160499044748]","[""2026-07-20"", ""2026-07-27""]",Good,0,,10,17-07-2026 14:02
DOMUSAE20,28,4,TwoStage_ET_ET,42.019,57.533,24.75124833,"[7.0376771224309635, 5.8940798143110005, 5.806448927929281, 6.013042465194304]","[""2026-07-20"", ""2026-07-27"", ""2026-08-03"", ""2026-08-10""]",Fair,0,,10,17-07-2026 14:02
DOMUSAE20,56,8,RandomForestRegressor,45.045,59.345,48.6646,"[4.980199999999999, 4.804999999999998, 8.805800000000003, 7.159799999999999, 6.3724, 6.366600000000001, 5.033799999999999, 5.1409999999999965]","[""2026-07-20"", ""2026-07-27"", ""2026-08-03"", ""2026-08-10"", ""2026-08-17"", ""2026-08-24"", ""2026-08-31"", ""2026-09-07""]",Fair,0,,10,17-07-2026 14:02
DOMUSAE20,91,13,arima,50.731,61.632,88.76582234,"[6.8281402344938185, 6.828140165040629, 6.828140177875639, 6.828140175503718, 6.828140175942051, 6.828140175861046, 6.828140175876015, 6.828140175873249, 6.82814017587376, 6.828140175873666, 6.828140175873684, 6.82814017587368, 6.828140175873681]","[""2026-07-20"", ""2026-07-27"", ""2026-08-03"", ""2026-08-10"", ""2026-08-17"", ""2026-08-24"", ""2026-08-31"", ""2026-09-07"", ""2026-09-14"", ""2026-09-21"", ""2026-09-28"", ""2026-10-05"", ""2026-10-12""]",Fair,0,,10,17-07-2026 14:02
DOMUSJR4A,7,1,RandomForestRegressor,0,0,0,[0.0],"[""2026-07-20""]",Excellent,1,NaiveLastValue,10,17-07-2026 14:02
DOMUSJR4A,14,2,,,,,,,No Model,0,,,17-07-2026 14:02
DOMUSJR4A,28,4,,,,,,,No Model,0,,,17-07-2026 14:02
DOMUSJR4A,56,8,,,,,,,No Model,0,,,17-07-2026 14:02
DOMUSJR4A,91,13,,,,,,,No Model,0,,,17-07-2026 14:02
DOMUSADULTO20,7,1,sarima,31.497,31.44,10.30008371,[10.300083706113112],"[""2026-07-20""]",Good,0,,10,17-07-2026 14:02
DOMUSADULTO20,14,2,TwoStage_RF_Ridge,51.469,70.892,17.73744314,"[8.74292792165748, 8.994515220504306]","[""2026-07-20"", ""2026-07-27""]",Fair,0,,10,17-07-2026 14:02
DOMUSADULTO20,28,4,TwoStage_RF_Ridge,46.36,59.349,42.16388307,"[8.74292792165748, 8.994515220504306, 12.365331191431503, 12.06110874064244]","[""2026-07-20"", ""2026-07-27"", ""2026-08-03"", ""2026-08-10""]",Fair,0,,10,17-07-2026 14:02
DOMUSADULTO20,56,8,SeasonalNaive_52,50.172,75.995,172.12,"[14.16, 53.2, 0.0, 25.020000000000003, 35.66, 24.400000000000002, 16.560000000000002, 3.12]","[""2026-07-20"", ""2026-07-27"", ""2026-08-03"", ""2026-08-10"", ""2026-08-17"", ""2026-08-24"", ""2026-08-31"", ""2026-09-07""]",Fair,0,,10,17-07-2026 14:02
DOMUSADULTO20,91,13,GradientBoostingRegressor,60.179,79.258,160.1467825,"[8.715697712049995, 9.412513637650708, 10.389172417768007, 9.799509075456847, 11.283615155618204, 21.291648336972205, 19.83389000345194, 10.74516619728329, 6.085395262704062, 10.067919995832392, 15.30343434075826, 14.463437969094882, 12.755382442589989]","[""2026-07-20"", ""2026-07-27"", ""2026-08-03"", ""2026-08-10"", ""2026-08-17"", ""2026-08-24"", ""2026-08-31"", ""2026-09-07"", ""2026-09-14"", ""2026-09-21"", ""2026-09-28"", ""2026-10-05"", ""2026-10-12""]",Poor,0,,10,17-07-2026 14:02
DOMUSAE4,7,1,SeasonalNaive_52,80.334,153.056,0,[0.0],"[""2026-07-20""]",Unreliable,0,,10,17-07-2026 14:02
DOMUSAE4,14,2,SeasonalNaive_52,80.282,134.594,0,"[0.0, 0.0]","[""2026-07-20"", ""2026-07-27""]",Unreliable,0,,10,17-07-2026 14:02
DOMUSAE4,28,4,SeasonalNaive_52,89.419,116.634,0.896,"[0.0, 0.0, 0.0, 0.896]","[""2026-07-20"", ""2026-07-27"", ""2026-08-03"", ""2026-08-10""]",Unreliable,0,,10,17-07-2026 14:02
DOMUSAE4,56,8,HuberRegressor,100,49.149,4.78E-09,"[0.0, 6.310945341925396e-10, 3.4801848440170032e-09, 6.692509049498672e-10, 0.0, 0.0, 0.0, 0.0]","[""2026-07-20"", ""2026-07-27"", ""2026-08-03"", ""2026-08-10"", ""2026-08-17"", ""2026-08-24"", ""2026-08-31"", ""2026-09-07""]",Unreliable,0,,10,17-07-2026 14:02
DOMUSAE4,91,13,ZeroForecast,100,89.203,0,"[0.0, 0.0, 0.0, 0.0, 0.0, 0.0, 0.0, 0.0, 0.0, 0.0, 0.0, 0.0, 0.0]","[""2026-07-20"", ""2026-07-27"", ""2026-08-03"", ""2026-08-10"", ""2026-08-17"", ""2026-08-24"", ""2026-08-31"", ""2026-09-07"", ""2026-09-14"", ""2026-09-21"", ""2026-09-28"", ""2026-10-05"", ""2026-10-12""]",Unreliable,0,,10,17-07-2026 14:02
DOMUSGATO1.5,7,1,TwoStage_Logistic_Huber,87.032,115.71,0.083275773,[0.08327577333085644],"[""2026-07-20""]",Unreliable,0,,10,17-07-2026 14:02
DOMUSGATO1.5,14,2,ZeroForecast,100,109.256,0,"[0.0, 0.0]","[""2026-07-20"", ""2026-07-27""]",Unreliable,0,,10,17-07-2026 14:02
DOMUSGATO1.5,28,4,ZeroForecast,100,84.278,0,"[0.0, 0.0, 0.0, 0.0]","[""2026-07-20"", ""2026-07-27"", ""2026-08-03"", ""2026-08-10""]",Unreliable,0,,10,17-07-2026 14:02
DOMUSGATO1.5,56,8,sarima,96.07,121.374,0.142019344,"[0.0, 0.027756024185119334, 0.0063538070008301376, 0.029053278019341773, 0.023864854462010514, 0.04228392290685142, 0.01089364887422798, 0.001813808988660381]","[""2026-07-20"", ""2026-07-27"", ""2026-08-03"", ""2026-08-10"", ""2026-08-17"", ""2026-08-24"", ""2026-08-31"", ""2026-09-07""]",Unreliable,0,,10,17-07-2026 14:02
DOMUSGATO1.5,91,13,SBA_alpha_02,92.728,112.768,0.799030788,"[0.06146390673836324, 0.06146390673836324, 0.06146390673836324, 0.06146390673836324, 0.06146390673836324, 0.06146390673836324, 0.06146390673836324, 0.06146390673836324, 0.06146390673836324, 0.06146390673836324, 0.06146390673836324, 0.06146390673836324, 0.06146390673836324]","[""2026-07-20"", ""2026-07-27"", ""2026-08-03"", ""2026-08-10"", ""2026-08-17"", ""2026-08-24"", ""2026-08-31"", ""2026-09-07"", ""2026-09-14"", ""2026-09-21"", ""2026-09-28"", ""2026-10-05"", ""2026-10-12""]",Unreliable,0,,10,17-07-2026 14:02
DOMUSGATO20,7,1,SeasonalNaive_52,50.232,67.717,6.28,[6.28],"[""2026-07-20""]",Fair,0,,10,17-07-2026 14:02
DOMUSGATO20,14,2,SeasonalNaive_52,44.551,68.396,12.56,"[6.28, 6.28]","[""2026-07-20"", ""2026-07-27""]",Fair,0,,10,17-07-2026 14:02
DOMUSGATO20,28,4,SeasonalNaive_52,47.958,69.761,21.04,"[6.28, 6.28, 1.96, 6.5200000000000005]","[""2026-07-20"", ""2026-07-27"", ""2026-08-03"", ""2026-08-10""]",Fair,0,,10,17-07-2026 14:02
DOMUSGATO20,56,8,SeasonalNaive_52,50.148,81.652,52.9,"[6.28, 6.28, 1.96, 6.5200000000000005, 2.58, 18.24, 9.48, 1.56]","[""2026-07-20"", ""2026-07-27"", ""2026-08-03"", ""2026-08-10"", ""2026-08-17"", ""2026-08-24"", ""2026-08-31"", ""2026-09-07""]",Fair,0,,10,17-07-2026 14:02
DOMUSGATO20,91,13,SeasonalNaive_52,67.975,94.687,86.8,"[6.28, 6.28, 1.96, 6.5200000000000005, 2.58, 18.24, 9.48, 1.56, 2.0, 3.12, 1.96, 15.96, 10.860000000000001]","[""2026-07-20"", ""2026-07-27"", ""2026-08-03"", ""2026-08-10"", ""2026-08-17"", ""2026-08-24"", ""2026-08-31"", ""2026-09-07"", ""2026-09-14"", ""2026-09-21"", ""2026-09-28"", ""2026-10-05"", ""2026-10-12""]",Poor,0,,10,17-07-2026 14:02
DOMUSJR4,7,1,Ridge,63.633,95.285,0.525074246,[0.5250742458636684],"[""2026-07-20""]",Poor,0,,10,17-07-2026 14:02
DOMUSJR4,14,2,Ridge,81.606,102.089,1.405853215,"[0.5250742458636684, 0.8807789692459851]","[""2026-07-20"", ""2026-07-27""]",Unreliable,0,,10,17-07-2026 14:02
DOMUSJR4,28,4,GradientBoostingRegressor,84.779,131.219,3.834167657,"[1.1035201898994507, 0.740737497587431, 1.1443593553405518, 0.8455506140595425]","[""2026-07-20"", ""2026-07-27"", ""2026-08-03"", ""2026-08-10""]",Unreliable,0,,10,17-07-2026 14:02
DOMUSJR4,56,8,RollingMedian_8,93.695,111.914,0.64,"[0.08, 0.08, 0.08, 0.08, 0.08, 0.08, 0.08, 0.08]","[""2026-07-20"", ""2026-07-27"", ""2026-08-03"", ""2026-08-10"", ""2026-08-17"", ""2026-08-24"", ""2026-08-31"", ""2026-09-07""]",Unreliable,0,,10,17-07-2026 14:02
DOMUSJR4,91,13,RollingMedian_8,94.646,115.631,1.04,"[0.08, 0.08, 0.08, 0.08, 0.08, 0.08, 0.08, 0.08, 0.08, 0.08, 0.08, 0.08, 0.08]","[""2026-07-20"", ""2026-07-27"", ""2026-08-03"", ""2026-08-10"", ""2026-08-17"", ""2026-08-24"", ""2026-08-31"", ""2026-09-07"", ""2026-09-14"", ""2026-09-21"", ""2026-09-28"", ""2026-10-05"", ""2026-10-12""]",Unreliable,0,,10,17-07-2026 14:02
DOMUSMIX20,7,1,RollingMedian_8,76.916,83.239,0.79,[0.79],"[""2026-07-20""]",Unreliable,0,,10,17-07-2026 14:02
DOMUSMIX20,14,2,SBA_alpha_02,89.48,118.757,2.047529012,"[1.0237645058973757, 1.0237645058973757]","[""2026-07-20"", ""2026-07-27""]",Unreliable,0,,10,17-07-2026 14:02
DOMUSMIX20,28,4,RollingMedian_8,84.148,102.341,3.16,"[0.79, 0.79, 0.79, 0.79]","[""2026-07-20"", ""2026-07-27"", ""2026-08-03"", ""2026-08-10""]",Unreliable,0,,10,17-07-2026 14:02
DOMUSMIX20,56,8,RollingMedian_8,83.75,102.603,6.32,"[0.79, 0.79, 0.79, 0.79, 0.79, 0.79, 0.79, 0.79]","[""2026-07-20"", ""2026-07-27"", ""2026-08-03"", ""2026-08-10"", ""2026-08-17"", ""2026-08-24"", ""2026-08-31"", ""2026-09-07""]",Unreliable,0,,10,17-07-2026 14:02
DOMUSMIX20,91,13,RollingMedian_8,89.146,99.774,10.27,"[0.79, 0.79, 0.79, 0.79, 0.79, 0.79, 0.79, 0.79, 0.79, 0.79, 0.79, 0.79, 0.79]","[""2026-07-20"", ""2026-07-27"", ""2026-08-03"", ""2026-08-10"", ""2026-08-17"", ""2026-08-24"", ""2026-08-31"", ""2026-09-07"", ""2026-09-14"", ""2026-09-21"", ""2026-09-28"", ""2026-10-05"", ""2026-10-12""]",Unreliable,0,,10,17-07-2026 14:02
DOMUSJR20,7,1,sarima,41.822,42.84,3.958206987,[3.9582069873787344],"[""2026-07-20""]",Fair,0,,10,17-07-2026 14:02
DOMUSJR20,14,2,MovingAverage_8,61.541,75.666,14.945,"[7.4725, 7.4725]","[""2026-07-20"", ""2026-07-27""]",Poor,0,,10,17-07-2026 14:02
DOMUSJR20,28,4,arima,60.657,71.958,29.5739495,"[7.393487376164447, 7.393487376164413, 7.393487376164415, 7.393487376164415]","[""2026-07-20"", ""2026-07-27"", ""2026-08-03"", ""2026-08-10""]",Poor,0,,10,17-07-2026 14:02
DOMUSJR20,56,8,TSB_01_01,71.8,86.4,54.46325794,"[6.8079072427216, 6.8079072427216, 6.8079072427216, 6.8079072427216, 6.8079072427216, 6.8079072427216, 6.8079072427216, 6.8079072427216]","[""2026-07-20"", ""2026-07-27"", ""2026-08-03"", ""2026-08-10"", ""2026-08-17"", ""2026-08-24"", ""2026-08-31"", ""2026-09-07""]",Poor,0,,10,17-07-2026 14:02
DOMUSJR20,91,13,TwoStage_ET_ET,72.673,88.719,90.86484156,"[6.621416648717018, 7.17366023387434, 7.933258714952953, 7.198519230024559, 5.90054864627938, 5.310179237952092, 7.669397927123814, 7.268372311671133, 8.25284917964653, 6.466715077161105, 6.160363057028586, 6.663719381819851, 8.245841916333834]","[""2026-07-20"", ""2026-07-27"", ""2026-08-03"", ""2026-08-10"", ""2026-08-17"", ""2026-08-24"", ""2026-08-31"", ""2026-09-07"", ""2026-09-14"", ""2026-09-21"", ""2026-09-28"", ""2026-10-05"", ""2026-10-12""]",Poor,0,,10,17-07-2026 14:02
ENERGYPETAE20,7,1,ETS,17.823,18.959,11.66635247,[11.666352466485485],"[""2026-07-20""]",Excellent,0,,10,17-07-2026 14:02
ENERGYPETAE20,14,2,ETS,33.755,47.442,23.33270493,"[11.666352466485485, 11.666352466485485]","[""2026-07-20"", ""2026-07-27""]",Good,0,,10,17-07-2026 14:02
ENERGYPETAE20,28,4,ETS,40.619,51.576,46.66540987,"[11.666352466485485, 11.666352466485485, 11.666352466485485, 11.666352466485485]","[""2026-07-20"", ""2026-07-27"", ""2026-08-03"", ""2026-08-10""]",Fair,0,,10,17-07-2026 14:02
ENERGYPETAE20,56,8,arima,65.21,86.515,97.56641167,"[12.19580145905094, 12.19580145904431, 12.195801459044816, 12.195801459044777, 12.19580145904478, 12.19580145904478, 12.19580145904478, 12.19580145904478]","[""2026-07-20"", ""2026-07-27"", ""2026-08-03"", ""2026-08-10"", ""2026-08-17"", ""2026-08-24"", ""2026-08-31"", ""2026-09-07""]",Poor,0,,10,17-07-2026 14:02
ENERGYPETAE20,91,13,arima,63.387,83.317,158.545419,"[12.19580145905094, 12.19580145904431, 12.195801459044816, 12.195801459044777, 12.19580145904478, 12.19580145904478, 12.19580145904478, 12.19580145904478, 12.19580145904478, 12.19580145904478, 12.19580145904478, 12.19580145904478, 12.19580145904478]","[""2026-07-20"", ""2026-07-27"", ""2026-08-03"", ""2026-08-10"", ""2026-08-17"", ""2026-08-24"", ""2026-08-31"", ""2026-09-07"", ""2026-09-14"", ""2026-09-21"", ""2026-09-28"", ""2026-10-05"", ""2026-10-12""]",Poor,0,,10,17-07-2026 14:02
DOMUSMIX4,7,1,TwoStage_RF_Ridge,47.57,65.036,0.270831408,[0.270831408317276],"[""2026-07-20""]",Fair,0,,10,17-07-2026 14:02
DOMUSMIX4,14,2,SeasonalNaive_52,76.442,72.985,0.896,"[0.896, 0.0]","[""2026-07-20"", ""2026-07-27""]",Unreliable,0,,10,17-07-2026 14:02
DOMUSMIX4,28,4,SeasonalNaive_52,70.954,61.747,0.976,"[0.896, 0.0, 0.08, 0.0]","[""2026-07-20"", ""2026-07-27"", ""2026-08-03"", ""2026-08-10""]",Poor,0,,10,17-07-2026 14:02
DOMUSMIX4,56,8,SeasonalNaive_52,80.197,86.426,1.892,"[0.896, 0.0, 0.08, 0.0, 0.0, 0.0, 0.916, 0.0]","[""2026-07-20"", ""2026-07-27"", ""2026-08-03"", ""2026-08-10"", ""2026-08-17"", ""2026-08-24"", ""2026-08-31"", ""2026-09-07""]",Unreliable,0,,10,17-07-2026 14:02
DOMUSMIX4,91,13,ZeroForecast,100,93.713,0,"[0.0, 0.0, 0.0, 0.0, 0.0, 0.0, 0.0, 0.0, 0.0, 0.0, 0.0, 0.0, 0.0]","[""2026-07-20"", ""2026-07-27"", ""2026-08-03"", ""2026-08-10"", ""2026-08-17"", ""2026-08-24"", ""2026-08-31"", ""2026-09-07"", ""2026-09-14"", ""2026-09-21"", ""2026-09-28"", ""2026-10-05"", ""2026-10-12""]",Unreliable,0,,10,17-07-2026 14:02
ENERGYPETGATO20,7,1,SBA_alpha_01,61.4,66.382,0.472405466,[0.47240546562121033],"[""2026-07-20""]",Poor,0,,10,17-07-2026 14:02
ENERGYPETGATO20,14,2,RecentWeightedAverage,80.488,96.522,0,"[0.0, 0.0]","[""2026-07-20"", ""2026-07-27""]",Unreliable,0,,10,17-07-2026 14:02
ENERGYPETGATO20,28,4,ZeroForecast,100,49.891,0,"[0.0, 0.0, 0.0, 0.0]","[""2026-07-20"", ""2026-07-27"", ""2026-08-03"", ""2026-08-10""]",Unreliable,0,,10,17-07-2026 14:02
ENERGYPETGATO20,56,8,NaiveLastValue,100,24.936,0,"[0.0, 0.0, 0.0, 0.0, 0.0, 0.0, 0.0, 0.0]","[""2026-07-20"", ""2026-07-27"", ""2026-08-03"", ""2026-08-10"", ""2026-08-17"", ""2026-08-24"", ""2026-08-31"", ""2026-09-07""]",Unreliable,0,,10,17-07-2026 14:02
ENERGYPETGATO20,91,13,ZeroForecast,100,33.77,0,"[0.0, 0.0, 0.0, 0.0, 0.0, 0.0, 0.0, 0.0, 0.0, 0.0, 0.0, 0.0, 0.0]","[""2026-07-20"", ""2026-07-27"", ""2026-08-03"", ""2026-08-10"", ""2026-08-17"", ""2026-08-24"", ""2026-08-31"", ""2026-09-07"", ""2026-09-14"", ""2026-09-21"", ""2026-09-28"", ""2026-10-05"", ""2026-10-12""]",Unreliable,0,,10,17-07-2026 14:02
ENERGYPETBASIC20,7,1,ADIDA_8,41.101,43.01,4.410944683,[4.410944683080226],"[""2026-07-20""]",Fair,0,,10,17-07-2026 14:02
ENERGYPETBASIC20,14,2,MovingAverage_8,60.368,76.68,5.655,"[2.8274999999999997, 2.8274999999999997]","[""2026-07-20"", ""2026-07-27""]",Poor,0,,10,17-07-2026 14:02
ENERGYPETBASIC20,28,4,arima,57.629,67.345,18.64151809,"[4.660379523301976, 4.660379523301995, 4.660379523301996, 4.660379523301996]","[""2026-07-20"", ""2026-07-27"", ""2026-08-03"", ""2026-08-10""]",Poor,0,,10,17-07-2026 14:02
ENERGYPETBASIC20,56,8,SBA_alpha_01,72.579,81.909,18.31174345,"[2.288967931417754, 2.288967931417754, 2.288967931417754, 2.288967931417754, 2.288967931417754, 2.288967931417754, 2.288967931417754, 2.288967931417754]","[""2026-07-20"", ""2026-07-27"", ""2026-08-03"", ""2026-08-10"", ""2026-08-17"", ""2026-08-24"", ""2026-08-31"", ""2026-09-07""]",Poor,0,,10,17-07-2026 14:02
ENERGYPETBASIC20,91,13,SBA_alpha_01,85.058,105.534,29.75658311,"[2.288967931417754, 2.288967931417754, 2.288967931417754, 2.288967931417754, 2.288967931417754, 2.288967931417754, 2.288967931417754, 2.288967931417754, 2.288967931417754, 2.288967931417754, 2.288967931417754, 2.288967931417754, 2.288967931417754]","[""2026-07-20"", ""2026-07-27"", ""2026-08-03"", ""2026-08-10"", ""2026-08-17"", ""2026-08-24"", ""2026-08-31"", ""2026-09-07"", ""2026-09-14"", ""2026-09-21"", ""2026-09-28"", ""2026-10-05"", ""2026-10-12""]",Unreliable,0,,10,17-07-2026 14:02
ENERGYPETBASIC4,7,1,LastNonZero,82.222,91.273,1.28,[1.28],"[""2026-07-20""]",Unreliable,0,,10,17-07-2026 14:02
ENERGYPETBASIC4,14,2,sarima,88.737,133.611,6.71E-20,"[3.28779939764708e-20, 3.421436433611434e-20]","[""2026-07-20"", ""2026-07-27""]",Unreliable,0,,10,17-07-2026 14:02
ENERGYPETBASIC4,28,4,ZeroForecast,100,69.844,0,"[0.0, 0.0, 0.0, 0.0]","[""2026-07-20"", ""2026-07-27"", ""2026-08-03"", ""2026-08-10""]",Unreliable,0,,10,17-07-2026 14:02
ENERGYPETBASIC4,56,8,NaiveLastValue,100,49.883,0,"[0.0, 0.0, 0.0, 0.0, 0.0, 0.0, 0.0, 0.0]","[""2026-07-20"", ""2026-07-27"", ""2026-08-03"", ""2026-08-10"", ""2026-08-17"", ""2026-08-24"", ""2026-08-31"", ""2026-09-07""]",Unreliable,0,,10,17-07-2026 14:02
ENERGYPETBASIC4,91,13,NaiveLastValue,100,30.697,0,"[0.0, 0.0, 0.0, 0.0, 0.0, 0.0, 0.0, 0.0, 0.0, 0.0, 0.0, 0.0, 0.0]","[""2026-07-20"", ""2026-07-27"", ""2026-08-03"", ""2026-08-10"", ""2026-08-17"", ""2026-08-24"", ""2026-08-31"", ""2026-09-07"", ""2026-09-14"", ""2026-09-21"", ""2026-09-28"", ""2026-10-05"", ""2026-10-12""]",Unreliable,0,,10,17-07-2026 14:02
ENERGYPETPLUSP20,7,1,NaiveLastValue,100,199.851,0,[0.0],"[""2026-07-20""]",Unreliable,0,,10,17-07-2026 14:02
ENERGYPETPLUSP20,14,2,NaiveLastValue,100,99.925,0,"[0.0, 0.0]","[""2026-07-20"", ""2026-07-27""]",Unreliable,0,,10,17-07-2026 14:02
ENERGYPETPLUSP20,28,4,NaiveLastValue,100,49.963,0,"[0.0, 0.0, 0.0, 0.0]","[""2026-07-20"", ""2026-07-27"", ""2026-08-03"", ""2026-08-10""]",Unreliable,0,,10,17-07-2026 14:02
ENERGYPETPLUSP20,56,8,NaiveLastValue,100,24.981,0,"[0.0, 0.0, 0.0, 0.0, 0.0, 0.0, 0.0, 0.0]","[""2026-07-20"", ""2026-07-27"", ""2026-08-03"", ""2026-08-10"", ""2026-08-17"", ""2026-08-24"", ""2026-08-31"", ""2026-09-07""]",Unreliable,0,,10,17-07-2026 14:02
ENERGYPETPLUSP20,91,13,NaiveLastValue,100,15.373,0,"[0.0, 0.0, 0.0, 0.0, 0.0, 0.0, 0.0, 0.0, 0.0, 0.0, 0.0, 0.0, 0.0]","[""2026-07-20"", ""2026-07-27"", ""2026-08-03"", ""2026-08-10"", ""2026-08-17"", ""2026-08-24"", ""2026-08-31"", ""2026-09-07"", ""2026-09-14"", ""2026-09-21"", ""2026-09-28"", ""2026-10-05"", ""2026-10-12""]",Unreliable,0,,10,17-07-2026 14:02
EXOTICOS5,7,1,GradientBoostingRegressor,0,0,0,[0.0],"[""2026-07-20""]",Excellent,1,NaiveLastValue,10,17-07-2026 14:02
EXOTICOS5,14,2,GradientBoostingRegressor,0,0,0,"[0.0, 0.0]","[""2026-07-20"", ""2026-07-27""]",Excellent,1,NaiveLastValue,10,17-07-2026 14:02
EXOTICOS5,28,4,GradientBoostingRegressor,0,0,0,"[0.0, 0.0, 0.0, 0.0]","[""2026-07-20"", ""2026-07-27"", ""2026-08-03"", ""2026-08-10""]",Excellent,1,NaiveLastValue,10,17-07-2026 14:02
EXOTICOS5,56,8,GradientBoostingRegressor,0,0,0,"[0.0, 0.0, 0.0, 0.0, 0.0, 0.0, 0.0, 0.0]","[""2026-07-20"", ""2026-07-27"", ""2026-08-03"", ""2026-08-10"", ""2026-08-17"", ""2026-08-24"", ""2026-08-31"", ""2026-09-07""]",Excellent,1,NaiveLastValue,10,17-07-2026 14:02
EXOTICOS5,91,13,RandomForestRegressor,0,0,0,"[0.0, 0.0, 0.0, 0.0, 0.0, 0.0, 0.0, 0.0, 0.0, 0.0, 0.0, 0.0, 0.0]","[""2026-07-20"", ""2026-07-27"", ""2026-08-03"", ""2026-08-10"", ""2026-08-17"", ""2026-08-24"", ""2026-08-31"", ""2026-09-07"", ""2026-09-14"", ""2026-09-21"", ""2026-09-28"", ""2026-10-05"", ""2026-10-12""]",Excellent,1,NaiveLastValue,10,17-07-2026 14:02
ENERGYPETGATO10,7,1,arima,24.424,24.024,0.933700547,[0.9337005467394773],"[""2026-07-20""]",Good,0,,10,17-07-2026 14:02
ENERGYPETGATO10,14,2,Ridge,55.212,92.037,1.205479665,"[0.6198382576507182, 0.5856414070070883]","[""2026-07-20"", ""2026-07-27""]",Poor,0,,10,17-07-2026 14:02
ENERGYPETGATO10,28,4,Ridge,51.307,92.074,2.508514287,"[0.6198382576507182, 0.5856414070070883, 0.7119291253571385, 0.5911054965687478]","[""2026-07-20"", ""2026-07-27"", ""2026-08-03"", ""2026-08-10""]",Fair,0,,10,17-07-2026 14:02
ENERGYPETGATO10,56,8,SBA_alpha_01,95.821,129.339,4.233785799,"[0.5292232249224589, 0.5292232249224589, 0.5292232249224589, 0.5292232249224589, 0.5292232249224589, 0.5292232249224589, 0.5292232249224589, 0.5292232249224589]","[""2026-07-20"", ""2026-07-27"", ""2026-08-03"", ""2026-08-10"", ""2026-08-17"", ""2026-08-24"", ""2026-08-31"", ""2026-09-07""]",Unreliable,0,,10,17-07-2026 14:02
ENERGYPETGATO10,91,13,HuberRegressor,99.638,141.77,4.167953844,"[0.33591678690551585, 0.3203311543729706, 0.35804342402547235, 0.31622884976522964, 0.3349540634650576, 0.31565023129957953, 0.3280890966610664, 0.3251833685485117, 0.3149257380607188, 0.31395975189159664, 0.3040515828734468, 0.30436549145693303, 0.2962543048439214]","[""2026-07-20"", ""2026-07-27"", ""2026-08-03"", ""2026-08-10"", ""2026-08-17"", ""2026-08-24"", ""2026-08-31"", ""2026-09-07"", ""2026-09-14"", ""2026-09-21"", ""2026-09-28"", ""2026-10-05"", ""2026-10-12""]",Unreliable,0,,10,17-07-2026 14:02
ENERGYPETGATO2,7,1,SeasonalNaive_52,74.545,154.323,0,[0.0],"[""2026-07-20""]",Poor,0,,10,17-07-2026 14:02
ENERGYPETGATO2,14,2,SeasonalNaive_52,71.364,76.107,0.48,"[0.0, 0.48]","[""2026-07-20"", ""2026-07-27""]",Poor,0,,10,17-07-2026 14:02
ENERGYPETGATO2,28,4,NaiveLastValue,100,69.152,0,"[0.0, 0.0, 0.0, 0.0]","[""2026-07-20"", ""2026-07-27"", ""2026-08-03"", ""2026-08-10""]",Unreliable,0,,10,17-07-2026 14:02
ENERGYPETGATO2,56,8,ZeroForecast,100,44.535,0,"[0.0, 0.0, 0.0, 0.0, 0.0, 0.0, 0.0, 0.0]","[""2026-07-20"", ""2026-07-27"", ""2026-08-03"", ""2026-08-10"", ""2026-08-17"", ""2026-08-24"", ""2026-08-31"", ""2026-09-07""]",Unreliable,0,,10,17-07-2026 14:02
ENERGYPETGATO2,91,13,ZeroForecast,100,33.448,0,"[0.0, 0.0, 0.0, 0.0, 0.0, 0.0, 0.0, 0.0, 0.0, 0.0, 0.0, 0.0, 0.0]","[""2026-07-20"", ""2026-07-27"", ""2026-08-03"", ""2026-08-10"", ""2026-08-17"", ""2026-08-24"", ""2026-08-31"", ""2026-09-07"", ""2026-09-14"", ""2026-09-21"", ""2026-09-28"", ""2026-10-05"", ""2026-10-12""]",Unreliable,0,,10,17-07-2026 14:02
ENERGYPETJR20,7,1,ETS,50.657,40.829,6.528712197,[6.528712196941199],"[""2026-07-20""]",Fair,0,,10,17-07-2026 14:02
ENERGYPETJR20,14,2,ETS,64.184,73.977,13.05742439,"[6.528712196941199, 6.528712196941199]","[""2026-07-20"", ""2026-07-27""]",Poor,0,,10,17-07-2026 14:02
ENERGYPETJR20,28,4,arima,65.045,70.954,21.62286337,"[5.405715842414088, 5.405715842300514, 5.405715842312553, 5.4057158423112766]","[""2026-07-20"", ""2026-07-27"", ""2026-08-03"", ""2026-08-10""]",Poor,0,,10,17-07-2026 14:02
ENERGYPETJR20,56,8,HuberRegressor,81.196,95.198,34.48846431,"[4.1239393424617035, 4.877287528599519, 4.102538951962124, 4.2396911890578926, 4.362868125853803, 4.252326011378579, 4.317378098010008, 4.212435063834598]","[""2026-07-20"", ""2026-07-27"", ""2026-08-03"", ""2026-08-10"", ""2026-08-17"", ""2026-08-24"", ""2026-08-31"", ""2026-09-07""]",Unreliable,0,,10,17-07-2026 14:02
ENERGYPETJR20,91,13,ETS,72.195,85.347,84.87325856,"[6.528712196941199, 6.528712196941199, 6.528712196941199, 6.528712196941199, 6.528712196941199, 6.528712196941199, 6.528712196941199, 6.528712196941199, 6.528712196941199, 6.528712196941199, 6.528712196941199, 6.528712196941199, 6.528712196941199]","[""2026-07-20"", ""2026-07-27"", ""2026-08-03"", ""2026-08-10"", ""2026-08-17"", ""2026-08-24"", ""2026-08-31"", ""2026-09-07"", ""2026-09-14"", ""2026-09-21"", ""2026-09-28"", ""2026-10-05"", ""2026-10-12""]",Poor,0,,10,17-07-2026 14:02
ENERGYPETPLUS20,7,1,TwoStage_RF_RF,56.322,51.163,30.72556752,[30.725567520802805],"[""2026-07-20""]",Poor,0,,10,17-07-2026 14:02
ENERGYPETPLUS20,14,2,ETS,64.928,71.512,23.22467316,"[11.6123365790425, 11.6123365790425]","[""2026-07-20"", ""2026-07-27""]",Poor,0,,10,17-07-2026 14:02
ENERGYPETPLUS20,28,4,SBA_alpha_01,72.485,81.948,37.37140209,"[9.34285052287172, 9.34285052287172, 9.34285052287172, 9.34285052287172]","[""2026-07-20"", ""2026-07-27"", ""2026-08-03"", ""2026-08-10""]",Poor,0,,10,17-07-2026 14:02
ENERGYPETPLUS20,56,8,ADIDAStyle_4,70.73,81.711,138.0182,"[17.252274999999997, 17.252274999999997, 17.252274999999997, 17.252274999999997, 17.252274999999997, 17.252274999999997, 17.252274999999997, 17.252274999999997]","[""2026-07-20"", ""2026-07-27"", ""2026-08-03"", ""2026-08-10"", ""2026-08-17"", ""2026-08-24"", ""2026-08-31"", ""2026-09-07""]",Poor,0,,10,17-07-2026 14:02
ENERGYPETPLUS20,91,13,arima,60.959,68.364,246.8790711,"[18.990697777077802, 18.990697777080722, 18.990697777080925, 18.99069777708094, 18.99069777708094, 18.99069777708094, 18.99069777708094, 18.99069777708094, 18.99069777708094, 18.99069777708094, 18.99069777708094, 18.99069777708094, 18.99069777708094]","[""2026-07-20"", ""2026-07-27"", ""2026-08-03"", ""2026-08-10"", ""2026-08-17"", ""2026-08-24"", ""2026-08-31"", ""2026-09-07"", ""2026-09-14"", ""2026-09-21"", ""2026-09-28"", ""2026-10-05"", ""2026-10-12""]",Poor,0,,10,17-07-2026 14:02
FRANGOSGRS25,7,1,GradientBoostingRegressor,0,0,0,[0.0],"[""2026-07-20""]",Excellent,1,NaiveLastValue,10,17-07-2026 14:02
FRANGOSGRS25,14,2,GradientBoostingRegressor,0,0,0,"[0.0, 0.0]","[""2026-07-20"", ""2026-07-27""]",Excellent,1,NaiveLastValue,10,17-07-2026 14:02
FRANGOSGRS25,28,4,GradientBoostingRegressor,0,0,0,"[0.0, 0.0, 0.0, 0.0]","[""2026-07-20"", ""2026-07-27"", ""2026-08-03"", ""2026-08-10""]",Excellent,1,NaiveLastValue,10,17-07-2026 14:02
FRANGOSGRS25,56,8,RandomForestRegressor,0,0,0,"[0.0, 0.0, 0.0, 0.0, 0.0, 0.0, 0.0, 0.0]","[""2026-07-20"", ""2026-07-27"", ""2026-08-03"", ""2026-08-10"", ""2026-08-17"", ""2026-08-24"", ""2026-08-31"", ""2026-09-07""]",Excellent,1,NaiveLastValue,10,17-07-2026 14:02
FRANGOSGRS25,91,13,RandomForestRegressor,0,0,0,"[0.0, 0.0, 0.0, 0.0, 0.0, 0.0, 0.0, 0.0, 0.0, 0.0, 0.0, 0.0, 0.0]","[""2026-07-20"", ""2026-07-27"", ""2026-08-03"", ""2026-08-10"", ""2026-08-17"", ""2026-08-24"", ""2026-08-31"", ""2026-09-07"", ""2026-09-14"", ""2026-09-21"", ""2026-09-28"", ""2026-10-05"", ""2026-10-12""]",Excellent,1,NaiveLastValue,10,17-07-2026 14:02
ENERGYPETPLUS4,7,1,SeasonalNaive_52,73.244,157.632,0,[0.0],"[""2026-07-20""]",Poor,0,,10,17-07-2026 14:02
ENERGYPETPLUS4,14,2,HistGradientBoostingRegressor,94.963,140.36,0.383650304,"[0.2000304604582469, 0.18361984398569023]","[""2026-07-20"", ""2026-07-27""]",Unreliable,0,,10,17-07-2026 14:02
ENERGYPETPLUS4,28,4,HuberRegressor,100,49.922,7.74E-09,"[1.9608731138180834e-09, 1.9428411167455413e-09, 1.924809118384771e-09, 1.9067771227485126e-09]","[""2026-07-20"", ""2026-07-27"", ""2026-08-03"", ""2026-08-10""]",Unreliable,0,,10,17-07-2026 14:02
ENERGYPETPLUS4,56,8,ZeroForecast,100,24.961,0,"[0.0, 0.0, 0.0, 0.0, 0.0, 0.0, 0.0, 0.0]","[""2026-07-20"", ""2026-07-27"", ""2026-08-03"", ""2026-08-10"", ""2026-08-17"", ""2026-08-24"", ""2026-08-31"", ""2026-09-07""]",Unreliable,0,,10,17-07-2026 14:02
ENERGYPETPLUS4,91,13,ZeroForecast,100,30.594,0,"[0.0, 0.0, 0.0, 0.0, 0.0, 0.0, 0.0, 0.0, 0.0, 0.0, 0.0, 0.0, 0.0]","[""2026-07-20"", ""2026-07-27"", ""2026-08-03"", ""2026-08-10"", ""2026-08-17"", ""2026-08-24"", ""2026-08-31"", ""2026-09-07"", ""2026-09-14"", ""2026-09-21"", ""2026-09-28"", ""2026-10-05"", ""2026-10-12""]",Unreliable,0,,10,17-07-2026 14:02
FRANGOSMGS25,7,1,GradientBoostingRegressor,0,0,0,[0.0],"[""2026-07-20""]",Excellent,1,NaiveLastValue,10,17-07-2026 14:02
FRANGOSMGS25,14,2,GradientBoostingRegressor,0,0,0,"[0.0, 0.0]","[""2026-07-20"", ""2026-07-27""]",Excellent,1,NaiveLastValue,10,17-07-2026 14:02
FRANGOSMGS25,28,4,ExtraTreesRegressor,0,0,0,"[0.0, 0.0, 0.0, 0.0]","[""2026-07-20"", ""2026-07-27"", ""2026-08-03"", ""2026-08-10""]",Excellent,1,NaiveLastValue,10,17-07-2026 14:02
FRANGOSMGS25,56,8,ExtraTreesRegressor,0,0,0,"[0.0, 0.0, 0.0, 0.0, 0.0, 0.0, 0.0, 0.0]","[""2026-07-20"", ""2026-07-27"", ""2026-08-03"", ""2026-08-10"", ""2026-08-17"", ""2026-08-24"", ""2026-08-31"", ""2026-09-07""]",Excellent,1,NaiveLastValue,10,17-07-2026 14:02
FRANGOSMGS25,91,13,ExtraTreesRegressor,0,0,0,"[0.0, 0.0, 0.0, 0.0, 0.0, 0.0, 0.0, 0.0, 0.0, 0.0, 0.0, 0.0, 0.0]","[""2026-07-20"", ""2026-07-27"", ""2026-08-03"", ""2026-08-10"", ""2026-08-17"", ""2026-08-24"", ""2026-08-31"", ""2026-09-07"", ""2026-09-14"", ""2026-09-21"", ""2026-09-28"", ""2026-10-05"", ""2026-10-12""]",Excellent,1,NaiveLastValue,10,17-07-2026 14:02
GALINHASFRSAQ,7,1,RandomForestRegressor,0,0,0,[0.0],"[""2026-07-20""]",Excellent,1,NaiveLastValue,10,17-07-2026 14:02
GALINHASFRSAQ,14,2,RandomForestRegressor,0,0,0,"[0.0, 0.0]","[""2026-07-20"", ""2026-07-27""]",Excellent,1,NaiveLastValue,10,17-07-2026 14:02
GALINHASFRSAQ,28,4,RandomForestRegressor,0,0,0,"[0.0, 0.0, 0.0, 0.0]","[""2026-07-20"", ""2026-07-27"", ""2026-08-03"", ""2026-08-10""]",Excellent,1,NaiveLastValue,10,17-07-2026 14:02
GALINHASFRSAQ,56,8,RandomForestRegressor,0,0,0,"[0.0, 0.0, 0.0, 0.0, 0.0, 0.0, 0.0, 0.0]","[""2026-07-20"", ""2026-07-27"", ""2026-08-03"", ""2026-08-10"", ""2026-08-17"", ""2026-08-24"", ""2026-08-31"", ""2026-09-07""]",Excellent,1,NaiveLastValue,10,17-07-2026 14:02
GALINHASFRSAQ,91,13,,,,,,,No Model,0,,,17-07-2026 14:02
ENERGYPETJR4,7,1,RandomForestRegressor,63.982,107.496,0.36144,[0.36144000000000015],"[""2026-07-20""]",Poor,0,,10,17-07-2026 14:02
ENERGYPETJR4,14,2,ExtraTreesRegressor,82.058,117.261,0.52764,"[0.21228000000000005, 0.31536000000000003]","[""2026-07-20"", ""2026-07-27""]",Unreliable,0,,10,17-07-2026 14:02
ENERGYPETJR4,28,4,HistGradientBoostingRegressor,96.495,103.419,1.267710985,"[0.29973845743387656, 0.31104004231845245, 0.26760168786422395, 0.38933079738125714]","[""2026-07-20"", ""2026-07-27"", ""2026-08-03"", ""2026-08-10""]",Unreliable,0,,10,17-07-2026 14:02
ENERGYPETJR4,56,8,HuberRegressor,100,66.44,1.32E-08,"[0.0, 2.6272908914394477e-09, 7.961386927447837e-09, 2.5720312043231753e-09, 0.0, 0.0, 0.0, 0.0]","[""2026-07-20"", ""2026-07-27"", ""2026-08-03"", ""2026-08-10"", ""2026-08-17"", ""2026-08-24"", ""2026-08-31"", ""2026-09-07""]",Unreliable,0,,10,17-07-2026 14:02
ENERGYPETJR4,91,13,ZeroForecast,100,48.66,0,"[0.0, 0.0, 0.0, 0.0, 0.0, 0.0, 0.0, 0.0, 0.0, 0.0, 0.0, 0.0, 0.0]","[""2026-07-20"", ""2026-07-27"", ""2026-08-03"", ""2026-08-10"", ""2026-08-17"", ""2026-08-24"", ""2026-08-31"", ""2026-09-07"", ""2026-09-14"", ""2026-09-21"", ""2026-09-28"", ""2026-10-05"", ""2026-10-12""]",Unreliable,0,,10,17-07-2026 14:02
GALINHASGRSAQ,7,1,RandomForestRegressor,0,0,0,[0.0],"[""2026-07-20""]",Excellent,1,NaiveLastValue,10,17-07-2026 14:02
GALINHASGRSAQ,14,2,RandomForestRegressor,0,0,0,"[0.0, 0.0]","[""2026-07-20"", ""2026-07-27""]",Excellent,1,NaiveLastValue,10,17-07-2026 14:02
GALINHASGRSAQ,28,4,RandomForestRegressor,0,0,0,"[0.0, 0.0, 0.0, 0.0]","[""2026-07-20"", ""2026-07-27"", ""2026-08-03"", ""2026-08-10""]",Excellent,1,NaiveLastValue,10,17-07-2026 14:02
GALINHASGRSAQ,56,8,RandomForestRegressor,0,0,0,"[0.0, 0.0, 0.0, 0.0, 0.0, 0.0, 0.0, 0.0]","[""2026-07-20"", ""2026-07-27"", ""2026-08-03"", ""2026-08-10"", ""2026-08-17"", ""2026-08-24"", ""2026-08-31"", ""2026-09-07""]",Excellent,1,NaiveLastValue,10,17-07-2026 14:02
GALINHASGRSAQ,91,13,,,,,,,No Model,0,,,17-07-2026 14:02
GALINHASMGSAQ,7,1,RandomForestRegressor,0,0,0,[0.0],"[""2026-07-20""]",Excellent,1,NaiveLastValue,10,17-07-2026 14:02
GALINHASMGSAQ,14,2,RandomForestRegressor,0,0,0,"[0.0, 0.0]","[""2026-07-20"", ""2026-07-27""]",Excellent,1,NaiveLastValue,10,17-07-2026 14:02
GALINHASMGSAQ,28,4,RandomForestRegressor,0,0,0,"[0.0, 0.0, 0.0, 0.0]","[""2026-07-20"", ""2026-07-27"", ""2026-08-03"", ""2026-08-10""]",Excellent,1,NaiveLastValue,10,17-07-2026 14:02
GALINHASMGSAQ,56,8,RandomForestRegressor,0,0,0,"[0.0, 0.0, 0.0, 0.0, 0.0, 0.0, 0.0, 0.0]","[""2026-07-20"", ""2026-07-27"", ""2026-08-03"", ""2026-08-10"", ""2026-08-17"", ""2026-08-24"", ""2026-08-31"", ""2026-09-07""]",Excellent,1,NaiveLastValue,10,17-07-2026 14:02
GALINHASMGSAQ,91,13,,,,,,,No Model,0,,,17-07-2026 14:02
FELLOWADULTO12,7,1,LastNonZero,65.217,73.238,11.52,[11.52],"[""2026-07-20""]",Poor,0,,10,17-07-2026 14:02
FELLOWADULTO12,14,2,Ridge,99.318,142.329,4.187833409,"[2.124909668939439, 2.0629237404691354]","[""2026-07-20"", ""2026-07-27""]",Unreliable,0,,10,17-07-2026 14:02
FELLOWADULTO12,28,4,NaiveLastValue,100,49.979,0,"[0.0, 0.0, 0.0, 0.0]","[""2026-07-20"", ""2026-07-27"", ""2026-08-03"", ""2026-08-10""]",Unreliable,0,,10,17-07-2026 14:02
FELLOWADULTO12,56,8,NaiveLastValue,100,24.996,0,"[0.0, 0.0, 0.0, 0.0, 0.0, 0.0, 0.0, 0.0]","[""2026-07-20"", ""2026-07-27"", ""2026-08-03"", ""2026-08-10"", ""2026-08-17"", ""2026-08-24"", ""2026-08-31"", ""2026-09-07""]",Unreliable,0,,10,17-07-2026 14:02
FELLOWADULTO12,91,13,NaiveLastValue,100,15.382,0,"[0.0, 0.0, 0.0, 0.0, 0.0, 0.0, 0.0, 0.0, 0.0, 0.0, 0.0, 0.0, 0.0]","[""2026-07-20"", ""2026-07-27"", ""2026-08-03"", ""2026-08-10"", ""2026-08-17"", ""2026-08-24"", ""2026-08-31"", ""2026-09-07"", ""2026-09-14"", ""2026-09-21"", ""2026-09-28"", ""2026-10-05"", ""2026-10-12""]",Unreliable,0,,10,17-07-2026 14:02
FIPALCAOADULTO20,7,1,LastNonZero,0.532,0.536,24.3,[24.3],"[""2026-07-20""]",Excellent,0,,10,17-07-2026 14:02
FIPALCAOADULTO20,14,2,arima,99.608,181.484,4.76838214,"[2.384191070104773, 2.3841910700111524]","[""2026-07-20"", ""2026-07-27""]",Unreliable,0,,10,17-07-2026 14:02
FIPALCAOADULTO20,28,4,HuberRegressor,100,49.996,0.048029394,"[0.012008340229314744, 0.012007619247499955, 0.012006988615790685, 0.012006445948857438]","[""2026-07-20"", ""2026-07-27"", ""2026-08-03"", ""2026-08-10""]",Unreliable,0,,10,17-07-2026 14:02
FIPALCAOADULTO20,56,8,NaiveLastValue,100,24.998,0,"[0.0, 0.0, 0.0, 0.0, 0.0, 0.0, 0.0, 0.0]","[""2026-07-20"", ""2026-07-27"", ""2026-08-03"", ""2026-08-10"", ""2026-08-17"", ""2026-08-24"", ""2026-08-31"", ""2026-09-07""]",Unreliable,0,,10,17-07-2026 14:02
FIPALCAOADULTO20,91,13,NaiveLastValue,100,15.383,0,"[0.0, 0.0, 0.0, 0.0, 0.0, 0.0, 0.0, 0.0, 0.0, 0.0, 0.0, 0.0, 0.0]","[""2026-07-20"", ""2026-07-27"", ""2026-08-03"", ""2026-08-10"", ""2026-08-17"", ""2026-08-24"", ""2026-08-31"", ""2026-09-07"", ""2026-09-14"", ""2026-09-21"", ""2026-09-28"", ""2026-10-05"", ""2026-10-12""]",Unreliable,0,,10,17-07-2026 14:02
GARPIADULTO20,7,1,RandomForestRegressor,0,0,0,[0.0],"[""2026-07-20""]",Excellent,1,NaiveLastValue,10,17-07-2026 14:02
GARPIADULTO20,14,2,ExtraTreesRegressor,0,0,0,"[0.0, 0.0]","[""2026-07-20"", ""2026-07-27""]",Excellent,1,NaiveLastValue,10,17-07-2026 14:02
GARPIADULTO20,28,4,ExtraTreesRegressor,0,0,0,"[0.0, 0.0, 0.0, 0.0]","[""2026-07-20"", ""2026-07-27"", ""2026-08-03"", ""2026-08-10""]",Excellent,1,NaiveLastValue,10,17-07-2026 14:02
GARPIADULTO20,56,8,ExtraTreesRegressor,0,0,0,"[0.0, 0.0, 0.0, 0.0, 0.0, 0.0, 0.0, 0.0]","[""2026-07-20"", ""2026-07-27"", ""2026-08-03"", ""2026-08-10"", ""2026-08-17"", ""2026-08-24"", ""2026-08-31"", ""2026-09-07""]",Excellent,1,NaiveLastValue,10,17-07-2026 14:02
GARPIADULTO20,91,13,HistGradientBoostingRegressor,0,0,0,"[0.0, 0.0, 0.0, 0.0, 0.0, 0.0, 0.0, 0.0, 0.0, 0.0, 0.0, 0.0, 0.0]","[""2026-07-20"", ""2026-07-27"", ""2026-08-03"", ""2026-08-10"", ""2026-08-17"", ""2026-08-24"", ""2026-08-31"", ""2026-09-07"", ""2026-09-14"", ""2026-09-21"", ""2026-09-28"", ""2026-10-05"", ""2026-10-12""]",Excellent,1,NaiveLastValue,10,17-07-2026 14:02
FELLOWJR12,7,1,LastNonZero,41.538,53.561,11.52,[11.52],"[""2026-07-20""]",Fair,0,,10,17-07-2026 14:02
FELLOWJR12,14,2,SBA_alpha_01,93.157,152.104,2.141996914,"[1.0709984569959046, 1.0709984569959046]","[""2026-07-20"", ""2026-07-27""]",Unreliable,0,,10,17-07-2026 14:02
FELLOWJR12,28,4,ZeroForecast,100,49.99,0,"[0.0, 0.0, 0.0, 0.0]","[""2026-07-20"", ""2026-07-27"", ""2026-08-03"", ""2026-08-10""]",Unreliable,0,,10,17-07-2026 14:02
FELLOWJR12,56,8,NaiveLastValue,100,24.996,0,"[0.0, 0.0, 0.0, 0.0, 0.0, 0.0, 0.0, 0.0]","[""2026-07-20"", ""2026-07-27"", ""2026-08-03"", ""2026-08-10"", ""2026-08-17"", ""2026-08-24"", ""2026-08-31"", ""2026-09-07""]",Unreliable,0,,10,17-07-2026 14:02
FELLOWJR12,91,13,NaiveLastValue,100,15.382,0,"[0.0, 0.0, 0.0, 0.0, 0.0, 0.0, 0.0, 0.0, 0.0, 0.0, 0.0, 0.0, 0.0]","[""2026-07-20"", ""2026-07-27"", ""2026-08-03"", ""2026-08-10"", ""2026-08-17"", ""2026-08-24"", ""2026-08-31"", ""2026-09-07"", ""2026-09-14"", ""2026-09-21"", ""2026-09-28"", ""2026-10-05"", ""2026-10-12""]",Unreliable,0,,10,17-07-2026 14:02
GARPIADULTO3,7,1,ExtraTreesRegressor,0,0,0,[0.0],"[""2026-07-20""]",Excellent,1,NaiveLastValue,10,17-07-2026 14:02
GARPIADULTO3,14,2,ExtraTreesRegressor,0,0,0,"[0.0, 0.0]","[""2026-07-20"", ""2026-07-27""]",Excellent,1,NaiveLastValue,10,17-07-2026 14:02
GARPIADULTO3,28,4,RandomForestRegressor,0,0,0,"[0.0, 0.0, 0.0, 0.0]","[""2026-07-20"", ""2026-07-27"", ""2026-08-03"", ""2026-08-10""]",Excellent,1,NaiveLastValue,10,17-07-2026 14:02
GARPIADULTO3,56,8,RandomForestRegressor,0,0,0,"[0.0, 0.0, 0.0, 0.0, 0.0, 0.0, 0.0, 0.0]","[""2026-07-20"", ""2026-07-27"", ""2026-08-03"", ""2026-08-10"", ""2026-08-17"", ""2026-08-24"", ""2026-08-31"", ""2026-09-07""]",Excellent,1,NaiveLastValue,10,17-07-2026 14:02
GARPIADULTO3,91,13,RandomForestRegressor,0,0,0,"[0.0, 0.0, 0.0, 0.0, 0.0, 0.0, 0.0, 0.0, 0.0, 0.0, 0.0, 0.0, 0.0]","[""2026-07-20"", ""2026-07-27"", ""2026-08-03"", ""2026-08-10"", ""2026-08-17"", ""2026-08-24"", ""2026-08-31"", ""2026-09-07"", ""2026-09-14"", ""2026-09-21"", ""2026-09-28"", ""2026-10-05"", ""2026-10-12""]",Excellent,1,NaiveLastValue,10,17-07-2026 14:02
GARPICATFISH20,7,1,ExtraTreesRegressor,0,0,0,[0.0],"[""2026-07-20""]",Excellent,1,NaiveLastValue,10,17-07-2026 14:02
GARPICATFISH20,14,2,ExtraTreesRegressor,0,0,0,"[0.0, 0.0]","[""2026-07-20"", ""2026-07-27""]",Excellent,1,NaiveLastValue,10,17-07-2026 14:02
GARPICATFISH20,28,4,ExtraTreesRegressor,0,0,0,"[0.0, 0.0, 0.0, 0.0]","[""2026-07-20"", ""2026-07-27"", ""2026-08-03"", ""2026-08-10""]",Excellent,1,NaiveLastValue,10,17-07-2026 14:02
GARPICATFISH20,56,8,ExtraTreesRegressor,0,0,0,"[0.0, 0.0, 0.0, 0.0, 0.0, 0.0, 0.0, 0.0]","[""2026-07-20"", ""2026-07-27"", ""2026-08-03"", ""2026-08-10"", ""2026-08-17"", ""2026-08-24"", ""2026-08-31"", ""2026-09-07""]",Excellent,1,NaiveLastValue,10,17-07-2026 14:02
GARPICATFISH20,91,13,ExtraTreesRegressor,0,0,0,"[0.0, 0.0, 0.0, 0.0, 0.0, 0.0, 0.0, 0.0, 0.0, 0.0, 0.0, 0.0, 0.0]","[""2026-07-20"", ""2026-07-27"", ""2026-08-03"", ""2026-08-10"", ""2026-08-17"", ""2026-08-24"", ""2026-08-31"", ""2026-09-07"", ""2026-09-14"", ""2026-09-21"", ""2026-09-28"", ""2026-10-05"", ""2026-10-12""]",Excellent,1,NaiveLastValue,10,17-07-2026 14:02
GALACERMANTENIMIENTO20,7,1,LastNonZero,34.211,35.49,4.68,[4.68],"[""2026-07-20""]",Good,0,,10,17-07-2026 14:02
GALACERMANTENIMIENTO20,14,2,TwoStage_RF_Ridge,77.992,124.301,0.330992803,"[0.18112348654536373, 0.14986931674779325]","[""2026-07-20"", ""2026-07-27""]",Unreliable,0,,10,17-07-2026 14:02
GALACERMANTENIMIENTO20,28,4,ZeroForecast,100,49.98,0,"[0.0, 0.0, 0.0, 0.0]","[""2026-07-20"", ""2026-07-27"", ""2026-08-03"", ""2026-08-10""]",Unreliable,0,,10,17-07-2026 14:02
GALACERMANTENIMIENTO20,56,8,ZeroForecast,100,79.972,0,"[0.0, 0.0, 0.0, 0.0, 0.0, 0.0, 0.0, 0.0]","[""2026-07-20"", ""2026-07-27"", ""2026-08-03"", ""2026-08-10"", ""2026-08-17"", ""2026-08-24"", ""2026-08-31"", ""2026-09-07""]",Unreliable,0,,10,17-07-2026 14:02
GALACERMANTENIMIENTO20,91,13,ZeroForecast,100,89.197,0,"[0.0, 0.0, 0.0, 0.0, 0.0, 0.0, 0.0, 0.0, 0.0, 0.0, 0.0, 0.0, 0.0]","[""2026-07-20"", ""2026-07-27"", ""2026-08-03"", ""2026-08-10"", ""2026-08-17"", ""2026-08-24"", ""2026-08-31"", ""2026-09-07"", ""2026-09-14"", ""2026-09-21"", ""2026-09-28"", ""2026-10-05"", ""2026-10-12""]",Unreliable,0,,10,17-07-2026 14:02
GALINHASMGS25,7,1,LastNonZero,36.842,36.954,0.75,[0.75],"[""2026-07-20""]",Fair,0,,10,17-07-2026 14:02
GALINHASMGS25,14,2,Ridge,99.856,126.106,0,"[0.0, 0.0]","[""2026-07-20"", ""2026-07-27""]",Unreliable,0,,10,17-07-2026 14:02
GALINHASMGS25,28,4,NaiveLastValue,100,49.841,0,"[0.0, 0.0, 0.0, 0.0]","[""2026-07-20"", ""2026-07-27"", ""2026-08-03"", ""2026-08-10""]",Unreliable,0,,10,17-07-2026 14:02
GALINHASMGS25,56,8,NaiveLastValue,100,24.934,0,"[0.0, 0.0, 0.0, 0.0, 0.0, 0.0, 0.0, 0.0]","[""2026-07-20"", ""2026-07-27"", ""2026-08-03"", ""2026-08-10"", ""2026-08-17"", ""2026-08-24"", ""2026-08-31"", ""2026-09-07""]",Unreliable,0,,10,17-07-2026 14:02
GALINHASMGS25,91,13,NaiveLastValue,100,15.344,0,"[0.0, 0.0, 0.0, 0.0, 0.0, 0.0, 0.0, 0.0, 0.0, 0.0, 0.0, 0.0, 0.0]","[""2026-07-20"", ""2026-07-27"", ""2026-08-03"", ""2026-08-10"", ""2026-08-17"", ""2026-08-24"", ""2026-08-31"", ""2026-09-07"", ""2026-09-14"", ""2026-09-21"", ""2026-09-28"", ""2026-10-05"", ""2026-10-12""]",Unreliable,0,,10,17-07-2026 14:02
GALACERAE20,7,1,LastNonZero,19.048,19.783,9.36,[9.36],"[""2026-07-20""]",Excellent,0,,10,17-07-2026 14:02
GALACERAE20,14,2,sarima,83.252,133.784,5.333702617,"[2.74669764447595, 2.587004972337434]","[""2026-07-20"", ""2026-07-27""]",Unreliable,0,,10,17-07-2026 14:02
GALACERAE20,28,4,ADIDAStyle_4,84.267,114.331,13.0104,"[3.2526, 3.2526, 3.2526, 3.2526]","[""2026-07-20"", ""2026-07-27"", ""2026-08-03"", ""2026-08-10""]",Unreliable,0,,10,17-07-2026 14:02
GALACERAE20,56,8,HistGradientBoostingRegressor,56.038,103.786,16.39807515,"[0.5806278789941571, 5.34614434230224, 0.0, 0.04450736131812599, 2.1551125268204796, 1.9369832227846033, 3.1024695204254162, 3.23223029754274]","[""2026-07-20"", ""2026-07-27"", ""2026-08-03"", ""2026-08-10"", ""2026-08-17"", ""2026-08-24"", ""2026-08-31"", ""2026-09-07""]",Poor,0,,10,17-07-2026 14:02
GALACERAE20,91,13,ZeroForecast,100,83.059,0,"[0.0, 0.0, 0.0, 0.0, 0.0, 0.0, 0.0, 0.0, 0.0, 0.0, 0.0, 0.0, 0.0]","[""2026-07-20"", ""2026-07-27"", ""2026-08-03"", ""2026-08-10"", ""2026-08-17"", ""2026-08-24"", ""2026-08-31"", ""2026-09-07"", ""2026-09-14"", ""2026-09-21"", ""2026-09-28"", ""2026-10-05"", ""2026-10-12""]",Unreliable,0,,10,17-07-2026 14:02
GARPIGATO18,7,1,RandomForestRegressor,0,0,0,[0.0],"[""2026-07-20""]",Excellent,1,NaiveLastValue,10,17-07-2026 14:02
GARPIGATO18,14,2,ExtraTreesRegressor,0,0,0,"[0.0, 0.0]","[""2026-07-20"", ""2026-07-27""]",Excellent,1,NaiveLastValue,10,17-07-2026 14:02
GARPIGATO18,28,4,ExtraTreesRegressor,0,0,0,"[0.0, 0.0, 0.0, 0.0]","[""2026-07-20"", ""2026-07-27"", ""2026-08-03"", ""2026-08-10""]",Excellent,1,NaiveLastValue,10,17-07-2026 14:02
GARPIGATO18,56,8,ExtraTreesRegressor,0,0,0,"[0.0, 0.0, 0.0, 0.0, 0.0, 0.0, 0.0, 0.0]","[""2026-07-20"", ""2026-07-27"", ""2026-08-03"", ""2026-08-10"", ""2026-08-17"", ""2026-08-24"", ""2026-08-31"", ""2026-09-07""]",Excellent,1,NaiveLastValue,10,17-07-2026 14:02
GARPIGATO18,91,13,HistGradientBoostingRegressor,0,0,0,"[0.0, 0.0, 0.0, 0.0, 0.0, 0.0, 0.0, 0.0, 0.0, 0.0, 0.0, 0.0, 0.0]","[""2026-07-20"", ""2026-07-27"", ""2026-08-03"", ""2026-08-10"", ""2026-08-17"", ""2026-08-24"", ""2026-08-31"", ""2026-09-07"", ""2026-09-14"", ""2026-09-21"", ""2026-09-28"", ""2026-10-05"", ""2026-10-12""]",Excellent,1,NaiveLastValue,10,17-07-2026 14:02
GOLIGATOADULTO18,7,1,RandomForestRegressor,100,199.985,0,[0.0],"[""2026-07-20""]",Unreliable,1,LastNonZero,10,17-07-2026 14:02
GOLIGATOADULTO18,14,2,NaiveLastValue,100,99.992,0,"[0.0, 0.0]","[""2026-07-20"", ""2026-07-27""]",Unreliable,0,,10,17-07-2026 14:02
GOLIGATOADULTO18,28,4,NaiveLastValue,100,49.996,0,"[0.0, 0.0, 0.0, 0.0]","[""2026-07-20"", ""2026-07-27"", ""2026-08-03"", ""2026-08-10""]",Unreliable,0,,10,17-07-2026 14:02
GOLIGATOADULTO18,56,8,NaiveLastValue,100,24.998,0,"[0.0, 0.0, 0.0, 0.0, 0.0, 0.0, 0.0, 0.0]","[""2026-07-20"", ""2026-07-27"", ""2026-08-03"", ""2026-08-10"", ""2026-08-17"", ""2026-08-24"", ""2026-08-31"", ""2026-09-07""]",Unreliable,0,,10,17-07-2026 14:02
GOLIGATOADULTO18,91,13,,,,,,,No Model,0,,,17-07-2026 14:02
GARPICATMEAT20,7,1,MovingAverage_4,66.159,77.423,0,[0.0],"[""2026-07-20""]",Poor,0,,10,17-07-2026 14:02
GARPICATMEAT20,14,2,TwoStage_RF_RF,74.573,154.189,0.866974525,"[0.4315248552811007, 0.4354496696036369]","[""2026-07-20"", ""2026-07-27""]",Poor,0,,10,17-07-2026 14:02
GARPICATMEAT20,28,4,TwoStage_RF_RF,83.246,168.885,1.733848175,"[0.4315248552811007, 0.4354496696036369, 0.4236969775519434, 0.44317667218044543]","[""2026-07-20"", ""2026-07-27"", ""2026-08-03"", ""2026-08-10""]",Unreliable,0,,10,17-07-2026 14:02
GARPICATMEAT20,56,8,TwoStage_RF_RF,96.776,183.9,3.553170501,"[0.4315248552811007, 0.4354496696036369, 0.4236969775519434, 0.44317667218044543, 0.44475430497388085, 0.45630565676713924, 0.4581808295954386, 0.4600815346389251]","[""2026-07-20"", ""2026-07-27"", ""2026-08-03"", ""2026-08-10"", ""2026-08-17"", ""2026-08-24"", ""2026-08-31"", ""2026-09-07""]",Unreliable,0,,10,17-07-2026 14:02
GARPICATMEAT20,91,13,HuberRegressor,99.512,36.685,1.84E-08,"[0.0, 2.6981815803156396e-10, 2.2752740409406065e-09, 2.3172000656191224e-09, 2.359126117627302e-09, 2.401052162330838e-09, 2.4429782634851256e-09, 2.484904264299787e-09, 2.5268302965321765e-09, 6.052264335490846e-10, 0.0, 0.0, 7.310045118739509e-10]","[""2026-07-20"", ""2026-07-27"", ""2026-08-03"", ""2026-08-10"", ""2026-08-17"", ""2026-08-24"", ""2026-08-31"", ""2026-09-07"", ""2026-09-14"", ""2026-09-21"", ""2026-09-28"", ""2026-10-05"", ""2026-10-12""]",Unreliable,0,,10,17-07-2026 14:02
GARPICATMIX20,7,1,sarima,74.368,134.563,0.043370769,[0.043370768657605474],"[""2026-07-20""]",Poor,0,,10,17-07-2026 14:02
GARPICATMIX20,14,2,sarima,89.066,172.608,0.08665871,"[0.043370768657605474, 0.043287941772018]","[""2026-07-20"", ""2026-07-27""]",Unreliable,0,,10,17-07-2026 14:02
GARPICATMIX20,28,4,ZeroForecast,100,69.983,0,"[0.0, 0.0, 0.0, 0.0]","[""2026-07-20"", ""2026-07-27"", ""2026-08-03"", ""2026-08-10""]",Unreliable,0,,10,17-07-2026 14:02
GARPICATMIX20,56,8,ZeroForecast,100,39.991,0,"[0.0, 0.0, 0.0, 0.0, 0.0, 0.0, 0.0, 0.0]","[""2026-07-20"", ""2026-07-27"", ""2026-08-03"", ""2026-08-10"", ""2026-08-17"", ""2026-08-24"", ""2026-08-31"", ""2026-09-07""]",Unreliable,0,,10,17-07-2026 14:02
GARPICATMIX20,91,13,ZeroForecast,100,24.61,0,"[0.0, 0.0, 0.0, 0.0, 0.0, 0.0, 0.0, 0.0, 0.0, 0.0, 0.0, 0.0, 0.0]","[""2026-07-20"", ""2026-07-27"", ""2026-08-03"", ""2026-08-10"", ""2026-08-17"", ""2026-08-24"", ""2026-08-31"", ""2026-09-07"", ""2026-09-14"", ""2026-09-21"", ""2026-09-28"", ""2026-10-05"", ""2026-10-12""]",Unreliable,0,,10,17-07-2026 14:02
GARPIDOGJR20,7,1,LastNonZero,68.132,55.221,2.04,[2.04],"[""2026-07-20""]",Poor,0,,10,17-07-2026 14:02
GARPIDOGJR20,14,2,arima,99.072,148.87,1.144133616,"[0.5720668079403837, 0.5720668079396205]","[""2026-07-20"", ""2026-07-27""]",Unreliable,0,,10,17-07-2026 14:02
GARPIDOGJR20,28,4,ZeroForecast,100,59.935,0,"[0.0, 0.0, 0.0, 0.0]","[""2026-07-20"", ""2026-07-27"", ""2026-08-03"", ""2026-08-10""]",Unreliable,0,,10,17-07-2026 14:02
GARPIDOGJR20,56,8,ZeroForecast,100,34.963,0,"[0.0, 0.0, 0.0, 0.0, 0.0, 0.0, 0.0, 0.0]","[""2026-07-20"", ""2026-07-27"", ""2026-08-03"", ""2026-08-10"", ""2026-08-17"", ""2026-08-24"", ""2026-08-31"", ""2026-09-07""]",Unreliable,0,,10,17-07-2026 14:02
GARPIDOGJR20,91,13,NaiveLastValue,100,30.734,0,"[0.0, 0.0, 0.0, 0.0, 0.0, 0.0, 0.0, 0.0, 0.0, 0.0, 0.0, 0.0, 0.0]","[""2026-07-20"", ""2026-07-27"", ""2026-08-03"", ""2026-08-10"", ""2026-08-17"", ""2026-08-24"", ""2026-08-31"", ""2026-09-07"", ""2026-09-14"", ""2026-09-21"", ""2026-09-28"", ""2026-10-05"", ""2026-10-12""]",Unreliable,0,,10,17-07-2026 14:02
GARPIDOG20,7,1,LastNonZero,45.853,52.244,19.02,[19.02],"[""2026-07-20""]",Fair,0,,10,17-07-2026 14:02
GARPIDOG20,14,2,arima,99.939,168.538,1.218240577,"[0.6091202882742536, 0.6091202882742536]","[""2026-07-20"", ""2026-07-27""]",Unreliable,0,,10,17-07-2026 14:02
GARPIDOG20,28,4,ZeroForecast,100,59.989,0,"[0.0, 0.0, 0.0, 0.0]","[""2026-07-20"", ""2026-07-27"", ""2026-08-03"", ""2026-08-10""]",Unreliable,0,,10,17-07-2026 14:02
GARPIDOG20,56,8,ZeroForecast,100,34.994,0,"[0.0, 0.0, 0.0, 0.0, 0.0, 0.0, 0.0, 0.0]","[""2026-07-20"", ""2026-07-27"", ""2026-08-03"", ""2026-08-10"", ""2026-08-17"", ""2026-08-24"", ""2026-08-31"", ""2026-09-07""]",Unreliable,0,,10,17-07-2026 14:02
GARPIDOG20,91,13,ZeroForecast,100,21.535,0,"[0.0, 0.0, 0.0, 0.0, 0.0, 0.0, 0.0, 0.0, 0.0, 0.0, 0.0, 0.0, 0.0]","[""2026-07-20"", ""2026-07-27"", ""2026-08-03"", ""2026-08-10"", ""2026-08-17"", ""2026-08-24"", ""2026-08-31"", ""2026-09-07"", ""2026-09-14"", ""2026-09-21"", ""2026-09-28"", ""2026-10-05"", ""2026-10-12""]",Unreliable,0,,10,17-07-2026 14:02
GARPIDOGAE20,7,1,TwoStage_RF_RF,88.703,117.301,0.017288763,[0.017288762963283355],"[""2026-07-20""]",Unreliable,0,,10,17-07-2026 14:02
GARPIDOGAE20,14,2,TwoStage_Logistic_Huber,87.172,141.785,0.093116393,"[0.011360274436920555, 0.08175611861120194]","[""2026-07-20"", ""2026-07-27""]",Unreliable,0,,10,17-07-2026 14:02
GARPIDOGAE20,28,4,TwoStage_Logistic_Huber,57.255,134.707,0.095176161,"[0.011360274436920555, 0.08175611861120194, 0.0020597675895595974, 0.0]","[""2026-07-20"", ""2026-07-27"", ""2026-08-03"", ""2026-08-10""]",Poor,0,,10,17-07-2026 14:02
GARPIDOGAE20,56,8,TwoStage_Logistic_Huber,60.379,90.567,0.095176161,"[0.011360274436920555, 0.08175611861120194, 0.0020597675895595974, 0.0, 0.0, 0.0, 0.0, 0.0]","[""2026-07-20"", ""2026-07-27"", ""2026-08-03"", ""2026-08-10"", ""2026-08-17"", ""2026-08-24"", ""2026-08-31"", ""2026-09-07""]",Poor,0,,10,17-07-2026 14:02
GARPIDOGAE20,91,13,NaiveLastValue,100,15.365,0,"[0.0, 0.0, 0.0, 0.0, 0.0, 0.0, 0.0, 0.0, 0.0, 0.0, 0.0, 0.0, 0.0]","[""2026-07-20"", ""2026-07-27"", ""2026-08-03"", ""2026-08-10"", ""2026-08-17"", ""2026-08-24"", ""2026-08-31"", ""2026-09-07"", ""2026-09-14"", ""2026-09-21"", ""2026-09-28"", ""2026-10-05"", ""2026-10-12""]",Unreliable,0,,10,17-07-2026 14:02
GARPIDOGMIX20,7,1,LastNonZero,62.574,68.82,4.08,[4.08],"[""2026-07-20""]",Poor,0,,10,17-07-2026 14:02
GARPIDOGMIX20,14,2,arima,99.95,188.962,0.445140052,"[0.22257002605037798, 0.22257002605037796]","[""2026-07-20"", ""2026-07-27""]",Unreliable,0,,10,17-07-2026 14:02
GARPIDOGMIX20,28,4,HuberRegressor,100,49.976,2.02E-09,"[1.023701436023155e-09, 9.96352494680591e-10, 0.0, 0.0]","[""2026-07-20"", ""2026-07-27"", ""2026-08-03"", ""2026-08-10""]",Unreliable,0,,10,17-07-2026 14:02
GARPIDOGMIX20,56,8,HuberRegressor,100,24.988,2.02E-09,"[1.023701436023155e-09, 9.96352494680591e-10, 0.0, 0.0, 0.0, 0.0, 0.0, 0.0]","[""2026-07-20"", ""2026-07-27"", ""2026-08-03"", ""2026-08-10"", ""2026-08-17"", ""2026-08-24"", ""2026-08-31"", ""2026-09-07""]",Unreliable,0,,10,17-07-2026 14:02
GARPIDOGMIX20,91,13,NaiveLastValue,100,15.377,0,"[0.0, 0.0, 0.0, 0.0, 0.0, 0.0, 0.0, 0.0, 0.0, 0.0, 0.0, 0.0, 0.0]","[""2026-07-20"", ""2026-07-27"", ""2026-08-03"", ""2026-08-10"", ""2026-08-17"", ""2026-08-24"", ""2026-08-31"", ""2026-09-07"", ""2026-09-14"", ""2026-09-21"", ""2026-09-28"", ""2026-10-05"", ""2026-10-12""]",Unreliable,0,,10,17-07-2026 14:02
HAPPYADULTO10,7,1,MovingAverage_8,17.879,17.587,8.4425,[8.442499999999999],"[""2026-07-20""]",Excellent,0,,10,17-07-2026 14:02
HAPPYADULTO10,14,2,MovingAverage_8,28.941,36.868,16.885,"[8.442499999999999, 8.442499999999999]","[""2026-07-20"", ""2026-07-27""]",Good,0,,10,17-07-2026 14:02
HAPPYADULTO10,28,4,SES,24.886,28.782,27.38999413,"[6.847498531509392, 6.847498531509392, 6.847498531509392, 6.847498531509392]","[""2026-07-20"", ""2026-07-27"", ""2026-08-03"", ""2026-08-10""]",Good,0,,10,17-07-2026 14:02
HAPPYADULTO10,56,8,TwoStage_RF_Ridge,35.214,42.304,81.47050039,"[9.447107606595694, 9.888920455991734, 10.802907294318814, 10.361561847501145, 10.220444191555945, 10.14276443942971, 10.210479915748707, 10.396314639930498]","[""2026-07-20"", ""2026-07-27"", ""2026-08-03"", ""2026-08-10"", ""2026-08-17"", ""2026-08-24"", ""2026-08-31"", ""2026-09-07""]",Fair,0,,10,17-07-2026 14:02
HAPPYADULTO10,91,13,ETS,44.278,50.389,89.01748091,"[6.847498531509392, 6.847498531509392, 6.847498531509392, 6.847498531509392, 6.847498531509392, 6.847498531509392, 6.847498531509392, 6.847498531509392, 6.847498531509392, 6.847498531509392, 6.847498531509392, 6.847498531509392, 6.847498531509392]","[""2026-07-20"", ""2026-07-27"", ""2026-08-03"", ""2026-08-10"", ""2026-08-17"", ""2026-08-24"", ""2026-08-31"", ""2026-09-07"", ""2026-09-14"", ""2026-09-21"", ""2026-09-28"", ""2026-10-05"", ""2026-10-12""]",Fair,0,,10,17-07-2026 14:02
HAPPYADULTO4,7,1,RollingMedian_8,25.912,27.129,1.372,[1.3719999999999999],"[""2026-07-20""]",Good,0,,10,17-07-2026 14:02
HAPPYADULTO4,14,2,RollingMedian_8,39.004,47.777,2.744,"[1.3719999999999999, 1.3719999999999999]","[""2026-07-20"", ""2026-07-27""]",Fair,0,,10,17-07-2026 14:02
HAPPYADULTO4,28,4,TSBStyle_01_01,33.636,38.05,5.088605119,"[1.2721512797548622, 1.2721512797548622, 1.2721512797548622, 1.2721512797548622]","[""2026-07-20"", ""2026-07-27"", ""2026-08-03"", ""2026-08-10""]",Good,0,,10,17-07-2026 14:02
HAPPYADULTO4,56,8,Ridge,40.664,51.877,9.15881373,"[1.164494889306368, 1.066787680250607, 1.385703077957927, 1.1711701790272717, 1.1446984865514653, 1.1443031467930265, 1.0173583908351063, 1.0642978795594569]","[""2026-07-20"", ""2026-07-27"", ""2026-08-03"", ""2026-08-10"", ""2026-08-17"", ""2026-08-24"", ""2026-08-31"", ""2026-09-07""]",Fair,0,,10,17-07-2026 14:02
HAPPYADULTO4,91,13,Ridge,58.473,71.485,14.9456386,"[1.164494889306368, 1.066787680250607, 1.385703077957927, 1.1711701790272717, 1.1446984865514653, 1.1443031467930265, 1.0173583908351063, 1.0642978795594569, 1.1243180544392593, 1.133579022724541, 1.1866780683449871, 1.2028548833063555, 1.1393948386670192]","[""2026-07-20"", ""2026-07-27"", ""2026-08-03"", ""2026-08-10"", ""2026-08-17"", ""2026-08-24"", ""2026-08-31"", ""2026-09-07"", ""2026-09-14"", ""2026-09-21"", ""2026-09-28"", ""2026-10-05"", ""2026-10-12""]",Poor,0,,10,17-07-2026 14:02
HAPPYADULTO18,7,1,arima,33.454,36.589,6.008246849,[6.008246848992635],"[""2026-07-20""]",Good,0,,10,17-07-2026 14:02
HAPPYADULTO18,14,2,ADIDA_8,49.424,60.494,12.18182907,"[6.090914537147794, 6.090914537147794]","[""2026-07-20"", ""2026-07-27""]",Fair,0,,10,17-07-2026 14:02
HAPPYADULTO18,28,4,Ridge,44.291,55.846,21.44439309,"[5.5352905837242625, 5.28091010230437, 5.067215434138538, 5.560976964850907]","[""2026-07-20"", ""2026-07-27"", ""2026-08-03"", ""2026-08-10""]",Fair,0,,10,17-07-2026 14:02
HAPPYADULTO18,56,8,RandomForestRegressor,43.807,55.602,53.4024,"[6.404759999999998, 7.853219999999998, 7.855020000000001, 6.509159999999998, 5.781779999999998, 6.030899999999998, 5.829299999999998, 7.138259999999998]","[""2026-07-20"", ""2026-07-27"", ""2026-08-03"", ""2026-08-10"", ""2026-08-17"", ""2026-08-24"", ""2026-08-31"", ""2026-09-07""]",Fair,0,,10,17-07-2026 14:02
HAPPYADULTO18,91,13,Ridge,47.664,54.263,72.4748292,"[5.5352905837242625, 5.28091010230437, 5.067215434138538, 5.560976964850907, 5.854682516555665, 5.891481983593855, 5.680889198885708, 5.639662361077805, 5.530148136181291, 5.518960219424719, 5.649106035188838, 5.660720390155778, 5.604785271476628]","[""2026-07-20"", ""2026-07-27"", ""2026-08-03"", ""2026-08-10"", ""2026-08-17"", ""2026-08-24"", ""2026-08-31"", ""2026-09-07"", ""2026-09-14"", ""2026-09-21"", ""2026-09-28"", ""2026-10-05"", ""2026-10-12""]",Fair,0,,10,17-07-2026 14:02
HAPPYADULTO7.5,7,1,ADIDA_8,65.004,77.659,0.290040177,[0.2900401769988603],"[""2026-07-20""]",Poor,0,,10,17-07-2026 14:02
HAPPYADULTO7.5,14,2,ADIDAStyle_4,79.943,94.469,0,"[0.0, 0.0]","[""2026-07-20"", ""2026-07-27""]",Unreliable,0,,10,17-07-2026 14:02
HAPPYADULTO7.5,28,4,SBA_alpha_01,97.734,131.779,2.196022144,"[0.5490055359268118, 0.5490055359268118, 0.5490055359268118, 0.5490055359268118]","[""2026-07-20"", ""2026-07-27"", ""2026-08-03"", ""2026-08-10""]",Unreliable,0,,10,17-07-2026 14:02
HAPPYADULTO7.5,56,8,ZeroForecast,100,74.527,0,"[0.0, 0.0, 0.0, 0.0, 0.0, 0.0, 0.0, 0.0]","[""2026-07-20"", ""2026-07-27"", ""2026-08-03"", ""2026-08-10"", ""2026-08-17"", ""2026-08-24"", ""2026-08-31"", ""2026-09-07""]",Unreliable,0,,10,17-07-2026 14:02
HAPPYADULTO7.5,91,13,ZeroForecast,100,45.863,0,"[0.0, 0.0, 0.0, 0.0, 0.0, 0.0, 0.0, 0.0, 0.0, 0.0, 0.0, 0.0, 0.0]","[""2026-07-20"", ""2026-07-27"", ""2026-08-03"", ""2026-08-10"", ""2026-08-17"", ""2026-08-24"", ""2026-08-31"", ""2026-09-07"", ""2026-09-14"", ""2026-09-21"", ""2026-09-28"", ""2026-10-05"", ""2026-10-12""]",Unreliable,0,,10,17-07-2026 14:02
HAPPYAE10,7,1,LastNonZero,64.706,55.098,0.1,[0.1],"[""2026-07-20""]",Poor,0,,10,17-07-2026 14:02
HAPPYAE10,14,2,arima,99.83,111.35,0.017963144,"[0.00898157310897103, 0.008981571114004726]","[""2026-07-20"", ""2026-07-27""]",Unreliable,0,,10,17-07-2026 14:02
HAPPYAE10,28,4,NaiveLastValue,100,49.02,0,"[0.0, 0.0, 0.0, 0.0]","[""2026-07-20"", ""2026-07-27"", ""2026-08-03"", ""2026-08-10""]",Unreliable,0,,10,17-07-2026 14:02
HAPPYAE10,56,8,NaiveLastValue,100,24.51,0,"[0.0, 0.0, 0.0, 0.0, 0.0, 0.0, 0.0, 0.0]","[""2026-07-20"", ""2026-07-27"", ""2026-08-03"", ""2026-08-10"", ""2026-08-17"", ""2026-08-24"", ""2026-08-31"", ""2026-09-07""]",Unreliable,0,,10,17-07-2026 14:02
HAPPYAE10,91,13,NaiveLastValue,100,15.083,0,"[0.0, 0.0, 0.0, 0.0, 0.0, 0.0, 0.0, 0.0, 0.0, 0.0, 0.0, 0.0, 0.0]","[""2026-07-20"", ""2026-07-27"", ""2026-08-03"", ""2026-08-10"", ""2026-08-17"", ""2026-08-24"", ""2026-08-31"", ""2026-09-07"", ""2026-09-14"", ""2026-09-21"", ""2026-09-28"", ""2026-10-05"", ""2026-10-12""]",Unreliable,0,,10,17-07-2026 14:02
HAPPYAE18,7,1,ExtraTreesRegressor,75,62.906,2.06424,[2.0642399999999985],"[""2026-07-20""]",Unreliable,0,,10,17-07-2026 14:02
HAPPYAE18,14,2,ZeroForecast,100,177.122,0,"[0.0, 0.0]","[""2026-07-20"", ""2026-07-27""]",Unreliable,0,,10,17-07-2026 14:02
HAPPYAE18,28,4,RollingMedian_8,97.301,105.852,1.764,"[0.44099999999999995, 0.44099999999999995, 0.44099999999999995, 0.44099999999999995]","[""2026-07-20"", ""2026-07-27"", ""2026-08-03"", ""2026-08-10""]",Unreliable,0,,10,17-07-2026 14:02
HAPPYAE18,56,8,SBA_alpha_02,80.251,83.468,3.626096561,"[0.45326207016056436, 0.45326207016056436, 0.45326207016056436, 0.45326207016056436, 0.45326207016056436, 0.45326207016056436, 0.45326207016056436, 0.45326207016056436]","[""2026-07-20"", ""2026-07-27"", ""2026-08-03"", ""2026-08-10"", ""2026-08-17"", ""2026-08-24"", ""2026-08-31"", ""2026-09-07""]",Unreliable,0,,10,17-07-2026 14:02
HAPPYAE18,91,13,SBA_alpha_01,77.935,84.152,7.790706451,"[0.5992851116258321, 0.5992851116258321, 0.5992851116258321, 0.5992851116258321, 0.5992851116258321, 0.5992851116258321, 0.5992851116258321, 0.5992851116258321, 0.5992851116258321, 0.5992851116258321, 0.5992851116258321, 0.5992851116258321, 0.5992851116258321]","[""2026-07-20"", ""2026-07-27"", ""2026-08-03"", ""2026-08-10"", ""2026-08-17"", ""2026-08-24"", ""2026-08-31"", ""2026-09-07"", ""2026-09-14"", ""2026-09-21"", ""2026-09-28"", ""2026-10-05"", ""2026-10-12""]",Unreliable,0,,10,17-07-2026 14:02
HAPPYAE4,7,1,SBA_alpha_01,62.462,61.814,0.076497636,[0.0764976359158286],"[""2026-07-20""]",Poor,0,,10,17-07-2026 14:02
HAPPYAE4,14,2,RollingMedian_8,74.297,84.676,0.12,"[0.06, 0.06]","[""2026-07-20"", ""2026-07-27""]",Poor,0,,10,17-07-2026 14:02
HAPPYAE4,28,4,SBA_alpha_01,85.643,94.653,0.305990544,"[0.0764976359158286, 0.0764976359158286, 0.0764976359158286, 0.0764976359158286]","[""2026-07-20"", ""2026-07-27"", ""2026-08-03"", ""2026-08-10""]",Unreliable,0,,10,17-07-2026 14:02
HAPPYAE4,56,8,HuberRegressor,89.694,106.685,0.815532705,"[0.09576628631397698, 0.10622502472767524, 0.10513846193073142, 0.09437048119034816, 0.1048740623053284, 0.10187226875911906, 0.10243266328688941, 0.10485345661820192]","[""2026-07-20"", ""2026-07-27"", ""2026-08-03"", ""2026-08-10"", ""2026-08-17"", ""2026-08-24"", ""2026-08-31"", ""2026-09-07""]",Unreliable,0,,10,17-07-2026 14:02
HAPPYAE4,91,13,SBA_alpha_02,91.844,104.584,0.848609458,"[0.06527765059405646, 0.06527765059405646, 0.06527765059405646, 0.06527765059405646, 0.06527765059405646, 0.06527765059405646, 0.06527765059405646, 0.06527765059405646, 0.06527765059405646, 0.06527765059405646, 0.06527765059405646, 0.06527765059405646, 0.06527765059405646]","[""2026-07-20"", ""2026-07-27"", ""2026-08-03"", ""2026-08-10"", ""2026-08-17"", ""2026-08-24"", ""2026-08-31"", ""2026-09-07"", ""2026-09-14"", ""2026-09-21"", ""2026-09-28"", ""2026-10-05"", ""2026-10-12""]",Unreliable,0,,10,17-07-2026 14:02
HAPPYESTERIL10,7,1,RandomForestRegressor,30.935,36.045,6.3876,[6.387600000000001],"[""2026-07-20""]",Good,0,,10,17-07-2026 14:02
HAPPYESTERIL10,14,2,HuberRegressor,40.629,58.19,11.81595113,"[5.927162209122654, 5.888788917075212]","[""2026-07-20"", ""2026-07-27""]",Fair,0,,10,17-07-2026 14:02
HAPPYESTERIL10,28,4,ExtraTreesRegressor,52.738,64.274,31.1306,"[7.5870000000000015, 7.6337999999999955, 8.090299999999997, 7.8195000000000014]","[""2026-07-20"", ""2026-07-27"", ""2026-08-03"", ""2026-08-10""]",Fair,0,,10,17-07-2026 14:02
HAPPYESTERIL10,56,8,sarima,64.241,76.691,28.79345108,"[3.940560771529164, 3.0977896680653076, 3.449895797042819, 3.942271936945807, 4.007501465973735, 3.9196192637977854, 2.9617793238155423, 3.474032853305621]","[""2026-07-20"", ""2026-07-27"", ""2026-08-03"", ""2026-08-10"", ""2026-08-17"", ""2026-08-24"", ""2026-08-31"", ""2026-09-07""]",Poor,0,,10,17-07-2026 14:02
HAPPYESTERIL10,91,13,ADIDA_8,66.396,76.794,69.84218584,"[5.3724758337743, 5.3724758337743, 5.3724758337743, 5.3724758337743, 5.3724758337743, 5.3724758337743, 5.3724758337743, 5.3724758337743, 5.3724758337743, 5.3724758337743, 5.3724758337743, 5.3724758337743, 5.3724758337743]","[""2026-07-20"", ""2026-07-27"", ""2026-08-03"", ""2026-08-10"", ""2026-08-17"", ""2026-08-24"", ""2026-08-31"", ""2026-09-07"", ""2026-09-14"", ""2026-09-21"", ""2026-09-28"", ""2026-10-05"", ""2026-10-12""]",Poor,0,,10,17-07-2026 14:02
HAPPYGATINHOS1.5,7,1,ZeroForecast,100,178.122,0,[0.0],"[""2026-07-20""]",Unreliable,0,,10,17-07-2026 14:02
HAPPYGATINHOS1.5,14,2,ZeroForecast,100,158.899,0,"[0.0, 0.0]","[""2026-07-20"", ""2026-07-27""]",Unreliable,0,,10,17-07-2026 14:02
HAPPYGATINHOS1.5,28,4,RollingMedian_8,99.137,106.008,0.297,"[0.07425000000000001, 0.07425000000000001, 0.07425000000000001, 0.07425000000000001]","[""2026-07-20"", ""2026-07-27"", ""2026-08-03"", ""2026-08-10""]",Unreliable,0,,10,17-07-2026 14:02
HAPPYGATINHOS1.5,56,8,RollingMedian_8,87.736,93.77,0.594,"[0.07425000000000001, 0.07425000000000001, 0.07425000000000001, 0.07425000000000001, 0.07425000000000001, 0.07425000000000001, 0.07425000000000001, 0.07425000000000001]","[""2026-07-20"", ""2026-07-27"", ""2026-08-03"", ""2026-08-10"", ""2026-08-17"", ""2026-08-24"", ""2026-08-31"", ""2026-09-07""]",Unreliable,0,,10,17-07-2026 14:02
HAPPYGATINHOS1.5,91,13,CrostonStyle_alpha_02,80.297,83.215,1.444662874,"[0.11112791335224594, 0.11112791335224594, 0.11112791335224594, 0.11112791335224594, 0.11112791335224594, 0.11112791335224594, 0.11112791335224594, 0.11112791335224594, 0.11112791335224594, 0.11112791335224594, 0.11112791335224594, 0.11112791335224594, 0.11112791335224594]","[""2026-07-20"", ""2026-07-27"", ""2026-08-03"", ""2026-08-10"", ""2026-08-17"", ""2026-08-24"", ""2026-08-31"", ""2026-09-07"", ""2026-09-14"", ""2026-09-21"", ""2026-09-28"", ""2026-10-05"", ""2026-10-12""]",Unreliable,0,,10,17-07-2026 14:02
HAPPYESTERIL2,7,1,ExtraTreesRegressor,26.087,29.589,0.94464,[0.94464],"[""2026-07-20""]",Good,0,,10,17-07-2026 14:02
HAPPYESTERIL2,14,2,ZeroForecast,100,178.307,0,"[0.0, 0.0]","[""2026-07-20"", ""2026-07-27""]",Unreliable,0,,10,17-07-2026 14:02
HAPPYESTERIL2,28,4,ZeroForecast,100,188.39,0,"[0.0, 0.0, 0.0, 0.0]","[""2026-07-20"", ""2026-07-27"", ""2026-08-03"", ""2026-08-10""]",Unreliable,0,,10,17-07-2026 14:02
HAPPYESTERIL2,56,8,SBA_alpha_01,82.011,100.758,3.477899754,"[0.4347374692797273, 0.4347374692797273, 0.4347374692797273, 0.4347374692797273, 0.4347374692797273, 0.4347374692797273, 0.4347374692797273, 0.4347374692797273]","[""2026-07-20"", ""2026-07-27"", ""2026-08-03"", ""2026-08-10"", ""2026-08-17"", ""2026-08-24"", ""2026-08-31"", ""2026-09-07""]",Unreliable,0,,10,17-07-2026 14:02
HAPPYESTERIL2,91,13,RollingMedian_8,73.777,85.778,3.146,"[0.242, 0.242, 0.242, 0.242, 0.242, 0.242, 0.242, 0.242, 0.242, 0.242, 0.242, 0.242, 0.242]","[""2026-07-20"", ""2026-07-27"", ""2026-08-03"", ""2026-08-10"", ""2026-08-17"", ""2026-08-24"", ""2026-08-31"", ""2026-09-07"", ""2026-09-14"", ""2026-09-21"", ""2026-09-28"", ""2026-10-05"", ""2026-10-12""]",Poor,0,,10,17-07-2026 14:02
HAPPYESTERIL4,7,1,sarima,36.875,39.287,0.064322655,[0.06432265463844786],"[""2026-07-20""]",Fair,0,,10,17-07-2026 14:02
HAPPYESTERIL4,14,2,sarima,53.979,67.664,0.126855941,"[0.06432265463844786, 0.06253328615124668]","[""2026-07-20"", ""2026-07-27""]",Fair,0,,10,17-07-2026 14:02
HAPPYESTERIL4,28,4,CrostonStyle_alpha_02,54.055,61.084,0.481324642,"[0.12033116043073526, 0.12033116043073526, 0.12033116043073526, 0.12033116043073526]","[""2026-07-20"", ""2026-07-27"", ""2026-08-03"", ""2026-08-10""]",Fair,0,,10,17-07-2026 14:02
HAPPYESTERIL4,56,8,RollingMedian_8,64.682,70.332,1.616,"[0.202, 0.202, 0.202, 0.202, 0.202, 0.202, 0.202, 0.202]","[""2026-07-20"", ""2026-07-27"", ""2026-08-03"", ""2026-08-10"", ""2026-08-17"", ""2026-08-24"", ""2026-08-31"", ""2026-09-07""]",Poor,0,,10,17-07-2026 14:02
HAPPYESTERIL4,91,13,ETS,63.548,65.269,1.896949109,"[0.14591916221790327, 0.14591916221790327, 0.14591916221790327, 0.14591916221790327, 0.14591916221790327, 0.14591916221790327, 0.14591916221790327, 0.14591916221790327, 0.14591916221790327, 0.14591916221790327, 0.14591916221790327, 0.14591916221790327, 0.14591916221790327]","[""2026-07-20"", ""2026-07-27"", ""2026-08-03"", ""2026-08-10"", ""2026-08-17"", ""2026-08-24"", ""2026-08-31"", ""2026-09-07"", ""2026-09-14"", ""2026-09-21"", ""2026-09-28"", ""2026-10-05"", ""2026-10-12""]",Poor,0,,10,17-07-2026 14:02
HAPPYGATO10,7,1,HistGradientBoostingRegressor,51.622,74.659,2.48814031,[2.4881403095497863],"[""2026-07-20""]",Fair,0,,10,17-07-2026 14:02
HAPPYGATO10,14,2,HistGradientBoostingRegressor,61.984,99.968,6.123255445,"[2.4881403095497863, 3.635115135418278]","[""2026-07-20"", ""2026-07-27""]",Poor,0,,10,17-07-2026 14:02
HAPPYGATO10,28,4,SeasonalNaive_52,78.828,88.206,13.04,"[3.32, 3.48, 1.3, 4.9399999999999995]","[""2026-07-20"", ""2026-07-27"", ""2026-08-03"", ""2026-08-10""]",Unreliable,0,,10,17-07-2026 14:02
HAPPYGATO10,56,8,SeasonalNaive_52,79.594,94.045,17.73,"[3.32, 3.48, 1.3, 4.9399999999999995, 1.4, 1.18, 0.92, 1.19]","[""2026-07-20"", ""2026-07-27"", ""2026-08-03"", ""2026-08-10"", ""2026-08-17"", ""2026-08-24"", ""2026-08-31"", ""2026-09-07""]",Unreliable,0,,10,17-07-2026 14:02
HAPPYGATO10,91,13,SBA_alpha_01,80.126,98.234,20.53722132,"[1.5797862552072075, 1.5797862552072075, 1.5797862552072075, 1.5797862552072075, 1.5797862552072075, 1.5797862552072075, 1.5797862552072075, 1.5797862552072075, 1.5797862552072075, 1.5797862552072075, 1.5797862552072075, 1.5797862552072075, 1.5797862552072075]","[""2026-07-20"", ""2026-07-27"", ""2026-08-03"", ""2026-08-10"", ""2026-08-17"", ""2026-08-24"", ""2026-08-31"", ""2026-09-07"", ""2026-09-14"", ""2026-09-21"", ""2026-09-28"", ""2026-10-05"", ""2026-10-12""]",Unreliable,0,,10,17-07-2026 14:02
HAPPYGATO2,7,1,SBA_alpha_01,76.351,78.192,0.366961713,[0.36696171252142684],"[""2026-07-20""]",Unreliable,0,,10,17-07-2026 14:02
HAPPYGATO2,14,2,SBA_alpha_02,80.142,87.263,0.657876631,"[0.3289383153400096, 0.3289383153400096]","[""2026-07-20"", ""2026-07-27""]",Unreliable,0,,10,17-07-2026 14:02
HAPPYGATO2,28,4,SBA_alpha_02,73.035,77.281,1.315753261,"[0.3289383153400096, 0.3289383153400096, 0.3289383153400096, 0.3289383153400096]","[""2026-07-20"", ""2026-07-27"", ""2026-08-03"", ""2026-08-10""]",Poor,0,,10,17-07-2026 14:02
HAPPYGATO2,56,8,SBA_alpha_02,70.446,75.806,2.631506523,"[0.3289383153400096, 0.3289383153400096, 0.3289383153400096, 0.3289383153400096, 0.3289383153400096, 0.3289383153400096, 0.3289383153400096, 0.3289383153400096]","[""2026-07-20"", ""2026-07-27"", ""2026-08-03"", ""2026-08-10"", ""2026-08-17"", ""2026-08-24"", ""2026-08-31"", ""2026-09-07""]",Poor,0,,10,17-07-2026 14:02
HAPPYGATO2,91,13,HuberRegressor,69.591,74.842,8.291512186,"[0.6410642542837716, 0.633333903296619, 0.6290097308634034, 0.6331684787635808, 0.6363433434074351, 0.6390374479723688, 0.6388569822294093, 0.6385516845097231, 0.6391302979401701, 0.6391888016526224, 0.6403872683928478, 0.6414456182528554, 0.6419943748154014]","[""2026-07-20"", ""2026-07-27"", ""2026-08-03"", ""2026-08-10"", ""2026-08-17"", ""2026-08-24"", ""2026-08-31"", ""2026-09-07"", ""2026-09-14"", ""2026-09-21"", ""2026-09-28"", ""2026-10-05"", ""2026-10-12""]",Poor,0,,10,17-07-2026 14:02
HAPPYGATOSALMAO2,7,1,MovingAverage_8,50.039,51.933,0.38575,[0.38575],"[""2026-07-20""]",Fair,0,,10,17-07-2026 14:02
HAPPYGATOSALMAO2,14,2,CrostonStyle,62.031,77.069,0.564649172,"[0.28232458589218556, 0.28232458589218556]","[""2026-07-20"", ""2026-07-27""]",Poor,0,,10,17-07-2026 14:02
HAPPYGATOSALMAO2,28,4,TwoStage_Logistic_Huber,55.197,65.941,1.580133723,"[0.4335295193115267, 0.39193401486646307, 0.35940325863456785, 0.3952669300296238]","[""2026-07-20"", ""2026-07-27"", ""2026-08-03"", ""2026-08-10""]",Poor,0,,10,17-07-2026 14:02
HAPPYGATOSALMAO2,56,8,HuberRegressor,51.76,55.812,3.684030295,"[0.493720361034297, 0.47812187214294816, 0.4653397208905694, 0.46170027478707476, 0.44287273909962976, 0.45048689761430394, 0.44923489794795335, 0.4425535314340816]","[""2026-07-20"", ""2026-07-27"", ""2026-08-03"", ""2026-08-10"", ""2026-08-17"", ""2026-08-24"", ""2026-08-31"", ""2026-09-07""]",Fair,0,,10,17-07-2026 14:02
HAPPYGATOSALMAO2,91,13,SBA_alpha_01,75.038,82.778,3.698342686,"[0.2844878989028504, 0.2844878989028504, 0.2844878989028504, 0.2844878989028504, 0.2844878989028504, 0.2844878989028504, 0.2844878989028504, 0.2844878989028504, 0.2844878989028504, 0.2844878989028504, 0.2844878989028504, 0.2844878989028504, 0.2844878989028504]","[""2026-07-20"", ""2026-07-27"", ""2026-08-03"", ""2026-08-10"", ""2026-08-17"", ""2026-08-24"", ""2026-08-31"", ""2026-09-07"", ""2026-09-14"", ""2026-09-21"", ""2026-09-28"", ""2026-10-05"", ""2026-10-12""]",Unreliable,0,,10,17-07-2026 14:02
HAPPYGATOSALMAO10,7,1,SeasonalNaive_52,45.934,50.467,1.63,[1.63],"[""2026-07-20""]",Fair,0,,10,17-07-2026 14:02
HAPPYGATOSALMAO10,14,2,RandomForestRegressor,61.987,73.819,4.0283,"[2.0103000000000013, 2.018000000000001]","[""2026-07-20"", ""2026-07-27""]",Poor,0,,10,17-07-2026 14:02
HAPPYGATOSALMAO10,28,4,SeasonalNaive_52,61.846,66.496,11.66,"[1.63, 4.5, 0.75, 4.78]","[""2026-07-20"", ""2026-07-27"", ""2026-08-03"", ""2026-08-10""]",Poor,0,,10,17-07-2026 14:02
HAPPYGATOSALMAO10,56,8,ADIDAStyle_4,59.929,73.573,18.45484,"[2.3068549999999997, 2.3068549999999997, 2.3068549999999997, 2.3068549999999997, 2.3068549999999997, 2.3068549999999997, 2.3068549999999997, 2.3068549999999997]","[""2026-07-20"", ""2026-07-27"", ""2026-08-03"", ""2026-08-10"", ""2026-08-17"", ""2026-08-24"", ""2026-08-31"", ""2026-09-07""]",Poor,0,,10,17-07-2026 14:02
HAPPYGATOSALMAO10,91,13,TSB_01_01,60.614,70.84,32.12867511,"[2.471436547282436, 2.471436547282436, 2.471436547282436, 2.471436547282436, 2.471436547282436, 2.471436547282436, 2.471436547282436, 2.471436547282436, 2.471436547282436, 2.471436547282436, 2.471436547282436, 2.471436547282436, 2.471436547282436]","[""2026-07-20"", ""2026-07-27"", ""2026-08-03"", ""2026-08-10"", ""2026-08-17"", ""2026-08-24"", ""2026-08-31"", ""2026-09-07"", ""2026-09-14"", ""2026-09-21"", ""2026-09-28"", ""2026-10-05"", ""2026-10-12""]",Poor,0,,10,17-07-2026 14:02
HAPPYJR10,7,1,sarima,47.168,42.59,0.067314849,[0.06731484946764128],"[""2026-07-20""]",Fair,0,,10,17-07-2026 14:02
HAPPYJR10,14,2,NaiveLastValue,83.333,90.759,0,"[0.0, 0.0]","[""2026-07-20"", ""2026-07-27""]",Unreliable,0,,10,17-07-2026 14:02
HAPPYJR10,28,4,ZeroForecast,100,156.443,0,"[0.0, 0.0, 0.0, 0.0]","[""2026-07-20"", ""2026-07-27"", ""2026-08-03"", ""2026-08-10""]",Unreliable,0,,10,17-07-2026 14:02
HAPPYJR10,56,8,RollingMedian_8,88.273,102.092,0.88,"[0.11, 0.11, 0.11, 0.11, 0.11, 0.11, 0.11, 0.11]","[""2026-07-20"", ""2026-07-27"", ""2026-08-03"", ""2026-08-10"", ""2026-08-17"", ""2026-08-24"", ""2026-08-31"", ""2026-09-07""]",Unreliable,0,,10,17-07-2026 14:02
HAPPYJR10,91,13,sarima,90.436,112.695,0.756204814,"[0.06731484946764128, 0.08334442102437484, 0.06144383087600047, 0.0, 0.08921339262609784, 0.07166564387167113, 0.0716681947009353, 0.036580608222673866, 0.0716675628796424, 0.030733256395225575, 0.0, 0.08921034127764821, 0.08336271229864178]","[""2026-07-20"", ""2026-07-27"", ""2026-08-03"", ""2026-08-10"", ""2026-08-17"", ""2026-08-24"", ""2026-08-31"", ""2026-09-07"", ""2026-09-14"", ""2026-09-21"", ""2026-09-28"", ""2026-10-05"", ""2026-10-12""]",Unreliable,0,,10,17-07-2026 14:02
HAPPYJR4,7,1,RollingMedian_8,37.923,41.385,0.446,[0.446],"[""2026-07-20""]",Fair,0,,10,17-07-2026 14:02
HAPPYJR4,14,2,CrostonStyle,52.842,65.507,0.696673246,"[0.34833662297686363, 0.34833662297686363]","[""2026-07-20"", ""2026-07-27""]",Fair,0,,10,17-07-2026 14:02
HAPPYJR4,28,4,sarima,36.708,37.738,0.554814615,"[0.20692671538153176, 0.10582410737196345, 0.24206379189850236, 0.0]","[""2026-07-20"", ""2026-07-27"", ""2026-08-03"", ""2026-08-10""]",Fair,0,,10,17-07-2026 14:02
HAPPYJR4,56,8,SBA_alpha_01,78.501,93.989,2.838254725,"[0.35478184062300216, 0.35478184062300216, 0.35478184062300216, 0.35478184062300216, 0.35478184062300216, 0.35478184062300216, 0.35478184062300216, 0.35478184062300216]","[""2026-07-20"", ""2026-07-27"", ""2026-08-03"", ""2026-08-10"", ""2026-08-17"", ""2026-08-24"", ""2026-08-31"", ""2026-09-07""]",Unreliable,0,,10,17-07-2026 14:02
HAPPYJR4,91,13,HuberRegressor,75.771,85.141,5.163016255,"[0.40211915832242195, 0.41146145029098796, 0.41125305382378186, 0.39707003845360234, 0.3943496038540661, 0.39543823427538427, 0.39550919463649786, 0.3941024929149973, 0.3963545413748303, 0.39405401483864166, 0.39173224132873585, 0.3904118139553485, 0.3891604166088963]","[""2026-07-20"", ""2026-07-27"", ""2026-08-03"", ""2026-08-10"", ""2026-08-17"", ""2026-08-24"", ""2026-08-31"", ""2026-09-07"", ""2026-09-14"", ""2026-09-21"", ""2026-09-28"", ""2026-10-05"", ""2026-10-12""]",Unreliable,0,,10,17-07-2026 14:02
HAPPYJR18,7,1,GradientBoostingRegressor,21.708,21.627,2.893560706,[2.89356070560202],"[""2026-07-20""]",Good,0,,10,17-07-2026 14:02
HAPPYJR18,14,2,SBA_alpha_01,46.722,47.989,1.842070164,"[0.9210350821471283, 0.9210350821471283]","[""2026-07-20"", ""2026-07-27""]",Fair,0,,10,17-07-2026 14:02
HAPPYJR18,28,4,SBA_alpha_01,52.095,48.511,3.684140329,"[0.9210350821471283, 0.9210350821471283, 0.9210350821471283, 0.9210350821471283]","[""2026-07-20"", ""2026-07-27"", ""2026-08-03"", ""2026-08-10""]",Fair,0,,10,17-07-2026 14:02
HAPPYJR18,56,8,SBA_alpha_02,59.177,56.333,5.59197554,"[0.6989969425482147, 0.6989969425482147, 0.6989969425482147, 0.6989969425482147, 0.6989969425482147, 0.6989969425482147, 0.6989969425482147, 0.6989969425482147]","[""2026-07-20"", ""2026-07-27"", ""2026-08-03"", ""2026-08-10"", ""2026-08-17"", ""2026-08-24"", ""2026-08-31"", ""2026-09-07""]",Poor,0,,10,17-07-2026 14:02
HAPPYJR18,91,13,SBA_alpha_02,63.979,67.731,9.086960253,"[0.6989969425482147, 0.6989969425482147, 0.6989969425482147, 0.6989969425482147, 0.6989969425482147, 0.6989969425482147, 0.6989969425482147, 0.6989969425482147, 0.6989969425482147, 0.6989969425482147, 0.6989969425482147, 0.6989969425482147, 0.6989969425482147]","[""2026-07-20"", ""2026-07-27"", ""2026-08-03"", ""2026-08-10"", ""2026-08-17"", ""2026-08-24"", ""2026-08-31"", ""2026-09-07"", ""2026-09-14"", ""2026-09-21"", ""2026-09-28"", ""2026-10-05"", ""2026-10-12""]",Poor,0,,10,17-07-2026 14:02
HAPPYMEDADULTO12,7,1,MovingAverage_8,38.354,42.471,1.911,[1.911],"[""2026-07-20""]",Fair,0,,10,17-07-2026 14:02
HAPPYMEDADULTO12,14,2,ADIDAStyle_4,49.749,62.897,4.016682,"[2.008341, 2.008341]","[""2026-07-20"", ""2026-07-27""]",Fair,0,,10,17-07-2026 14:02
HAPPYMEDADULTO12,28,4,ADIDAStyle_4,79.013,100.165,8.033364,"[2.008341, 2.008341, 2.008341, 2.008341]","[""2026-07-20"", ""2026-07-27"", ""2026-08-03"", ""2026-08-10""]",Unreliable,0,,10,17-07-2026 14:02
HAPPYMEDADULTO12,56,8,TSB_01_01,67.822,84.221,15.90280908,"[1.9878511346391838, 1.9878511346391838, 1.9878511346391838, 1.9878511346391838, 1.9878511346391838, 1.9878511346391838, 1.9878511346391838, 1.9878511346391838]","[""2026-07-20"", ""2026-07-27"", ""2026-08-03"", ""2026-08-10"", ""2026-08-17"", ""2026-08-24"", ""2026-08-31"", ""2026-09-07""]",Poor,0,,10,17-07-2026 14:02
HAPPYMEDADULTO12,91,13,MovingAverage_8,77.413,97.397,24.843,"[1.911, 1.911, 1.911, 1.911, 1.911, 1.911, 1.911, 1.911, 1.911, 1.911, 1.911, 1.911, 1.911]","[""2026-07-20"", ""2026-07-27"", ""2026-08-03"", ""2026-08-10"", ""2026-08-17"", ""2026-08-24"", ""2026-08-31"", ""2026-09-07"", ""2026-09-14"", ""2026-09-21"", ""2026-09-28"", ""2026-10-05"", ""2026-10-12""]",Unreliable,0,,10,17-07-2026 14:02
HAPPYMEDESTERIL6,7,1,ADIDA_4,8.667,9.033,0.2289,[0.2289],"[""2026-07-20""]",Excellent,0,,10,17-07-2026 14:02
HAPPYMEDESTERIL6,14,2,MovingAverage_4,100,115.682,0.645,"[0.3225, 0.3225]","[""2026-07-20"", ""2026-07-27""]",Unreliable,0,,10,17-07-2026 14:02
HAPPYMEDESTERIL6,28,4,,,,,,,No Model,0,,,17-07-2026 14:02
HAPPYMEDESTERIL6,56,8,,,,,,,No Model,0,,,17-07-2026 14:02
HAPPYMEDESTERIL6,91,13,,,,,,,No Model,0,,,17-07-2026 14:02
HAPPYMEDESTERIL3,7,1,TwoStage_RF_RF,37.699,37.148,0.020997903,[0.02099790345017117],"[""2026-07-20""]",Fair,0,,10,17-07-2026 14:02
HAPPYMEDESTERIL3,14,2,TwoStage_Logistic_Huber,63.57,63.022,0,"[0.0, 0.0]","[""2026-07-20"", ""2026-07-27""]",Poor,0,,10,17-07-2026 14:02
HAPPYMEDESTERIL3,28,4,HuberRegressor,97.985,108.406,0.192352236,"[0.0469644107523805, 0.04750462079048331, 0.048559747105235834, 0.049323457147302886]","[""2026-07-20"", ""2026-07-27"", ""2026-08-03"", ""2026-08-10""]",Unreliable,0,,10,17-07-2026 14:02
HAPPYMEDESTERIL3,56,8,ZeroForecast,100,39.388,0,"[0.0, 0.0, 0.0, 0.0, 0.0, 0.0, 0.0, 0.0]","[""2026-07-20"", ""2026-07-27"", ""2026-08-03"", ""2026-08-10"", ""2026-08-17"", ""2026-08-24"", ""2026-08-31"", ""2026-09-07""]",Unreliable,0,,10,17-07-2026 14:02
HAPPYMEDESTERIL3,91,13,ZeroForecast,100,24.239,0,"[0.0, 0.0, 0.0, 0.0, 0.0, 0.0, 0.0, 0.0, 0.0, 0.0, 0.0, 0.0, 0.0]","[""2026-07-20"", ""2026-07-27"", ""2026-08-03"", ""2026-08-10"", ""2026-08-17"", ""2026-08-24"", ""2026-08-31"", ""2026-09-07"", ""2026-09-14"", ""2026-09-21"", ""2026-09-28"", ""2026-10-05"", ""2026-10-12""]",Unreliable,0,,10,17-07-2026 14:02
HAPPYMEDADULTO3,7,1,SeasonalNaive_52,57.909,103.39,0.024,[0.024],"[""2026-07-20""]",Poor,0,,10,17-07-2026 14:02
HAPPYMEDADULTO3,14,2,SeasonalNaive_52,45.841,72.933,0.504,"[0.024, 0.48]","[""2026-07-20"", ""2026-07-27""]",Fair,0,,10,17-07-2026 14:02
HAPPYMEDADULTO3,28,4,SeasonalNaive_52,52.058,80.667,0.576,"[0.024, 0.48, 0.0, 0.072]","[""2026-07-20"", ""2026-07-27"", ""2026-08-03"", ""2026-08-10""]",Fair,0,,10,17-07-2026 14:02
HAPPYMEDADULTO3,56,8,SeasonalNaive_52,64.168,63.533,0.579,"[0.024, 0.48, 0.0, 0.072, 0.003, 0.0, 0.0, 0.0]","[""2026-07-20"", ""2026-07-27"", ""2026-08-03"", ""2026-08-10"", ""2026-08-17"", ""2026-08-24"", ""2026-08-31"", ""2026-09-07""]",Poor,0,,10,17-07-2026 14:02
HAPPYMEDADULTO3,91,13,ZeroForecast,100,102.189,0,"[0.0, 0.0, 0.0, 0.0, 0.0, 0.0, 0.0, 0.0, 0.0, 0.0, 0.0, 0.0, 0.0]","[""2026-07-20"", ""2026-07-27"", ""2026-08-03"", ""2026-08-10"", ""2026-08-17"", ""2026-08-24"", ""2026-08-31"", ""2026-09-07"", ""2026-09-14"", ""2026-09-21"", ""2026-09-28"", ""2026-10-05"", ""2026-10-12""]",Unreliable,0,,10,17-07-2026 14:02
HAPPYMEDADULTOSARDINHA12,7,1,ADIDA_8,50.957,59.115,1.509228539,[1.5092285387031394],"[""2026-07-20""]",Fair,0,,10,17-07-2026 14:02
HAPPYMEDADULTOSARDINHA12,14,2,ADIDA_8,63.931,76.552,3.018457077,"[1.5092285387031394, 1.5092285387031394]","[""2026-07-20"", ""2026-07-27""]",Poor,0,,10,17-07-2026 14:02
HAPPYMEDADULTOSARDINHA12,28,4,Ridge,61.163,88.467,5.722781929,"[1.2675927161653053, 1.714657081941603, 1.6289574861637268, 1.1115746443403247]","[""2026-07-20"", ""2026-07-27"", ""2026-08-03"", ""2026-08-10""]",Poor,0,,10,17-07-2026 14:02
HAPPYMEDADULTOSARDINHA12,56,8,TwoStage_RF_RF,55.841,75.779,11.70938577,"[1.7058262982164683, 1.7443653455468862, 1.4270697692551058, 1.1236260939496192, 1.3615044379817232, 1.3677610853585946, 1.47822310383817, 1.5010096389070178]","[""2026-07-20"", ""2026-07-27"", ""2026-08-03"", ""2026-08-10"", ""2026-08-17"", ""2026-08-24"", ""2026-08-31"", ""2026-09-07""]",Poor,0,,10,17-07-2026 14:02
HAPPYMEDADULTOSARDINHA12,91,13,ADIDA_4,63.57,80.721,19.47817903,"[1.4983214640100917, 1.4983214640100917, 1.4983214640100917, 1.4983214640100917, 1.4983214640100917, 1.4983214640100917, 1.4983214640100917, 1.4983214640100917, 1.4983214640100917, 1.4983214640100917, 1.4983214640100917, 1.4983214640100917, 1.4983214640100917]","[""2026-07-20"", ""2026-07-27"", ""2026-08-03"", ""2026-08-10"", ""2026-08-17"", ""2026-08-24"", ""2026-08-31"", ""2026-09-07"", ""2026-09-14"", ""2026-09-21"", ""2026-09-28"", ""2026-10-05"", ""2026-10-12""]",Poor,0,,10,17-07-2026 14:02
HAPPYMEDADULTOSARDINHA3,7,1,TwoStage_ET_ET,73.05,107.072,0.049587445,[0.049587445154160775],"[""2026-07-20""]",Poor,0,,10,17-07-2026 14:02
HAPPYMEDADULTOSARDINHA3,14,2,ZeroForecast,100,96.635,0,"[0.0, 0.0]","[""2026-07-20"", ""2026-07-27""]",Unreliable,0,,10,17-07-2026 14:02
HAPPYMEDADULTOSARDINHA3,28,4,ZeroForecast,100,78.174,0,"[0.0, 0.0, 0.0, 0.0]","[""2026-07-20"", ""2026-07-27"", ""2026-08-03"", ""2026-08-10""]",Unreliable,0,,10,17-07-2026 14:02
HAPPYMEDADULTOSARDINHA3,56,8,ZeroForecast,100,67.212,0,"[0.0, 0.0, 0.0, 0.0, 0.0, 0.0, 0.0, 0.0]","[""2026-07-20"", ""2026-07-27"", ""2026-08-03"", ""2026-08-10"", ""2026-08-17"", ""2026-08-24"", ""2026-08-31"", ""2026-09-07""]",Unreliable,0,,10,17-07-2026 14:02
HAPPYMEDADULTOSARDINHA3,91,13,ZeroForecast,100,83.393,0,"[0.0, 0.0, 0.0, 0.0, 0.0, 0.0, 0.0, 0.0, 0.0, 0.0, 0.0, 0.0, 0.0]","[""2026-07-20"", ""2026-07-27"", ""2026-08-03"", ""2026-08-10"", ""2026-08-17"", ""2026-08-24"", ""2026-08-31"", ""2026-09-07"", ""2026-09-14"", ""2026-09-21"", ""2026-09-28"", ""2026-10-05"", ""2026-10-12""]",Unreliable,0,,10,17-07-2026 14:02
HAPPYMEDESTERIL1,7,1,ADIDAStyle_4,86.103,90.658,0,[0.0],"[""2026-07-20""]",Unreliable,0,,10,17-07-2026 14:02
HAPPYMEDESTERIL1,14,2,NaiveLastValue,100,46.538,0,"[0.0, 0.0]","[""2026-07-20"", ""2026-07-27""]",Unreliable,0,,10,17-07-2026 14:02
HAPPYMEDESTERIL1,28,4,NaiveLastValue,100,16.667,0,"[0.0, 0.0, 0.0, 0.0]","[""2026-07-20"", ""2026-07-27"", ""2026-08-03"", ""2026-08-10""]",Unreliable,0,,10,17-07-2026 14:02
HAPPYMEDESTERIL1,56,8,NaiveLastValue,100,8.333,0,"[0.0, 0.0, 0.0, 0.0, 0.0, 0.0, 0.0, 0.0]","[""2026-07-20"", ""2026-07-27"", ""2026-08-03"", ""2026-08-10"", ""2026-08-17"", ""2026-08-24"", ""2026-08-31"", ""2026-09-07""]",Unreliable,0,,10,17-07-2026 14:02
HAPPYMEDESTERIL1,91,13,NaiveLastValue,100,5.128,0,"[0.0, 0.0, 0.0, 0.0, 0.0, 0.0, 0.0, 0.0, 0.0, 0.0, 0.0, 0.0, 0.0]","[""2026-07-20"", ""2026-07-27"", ""2026-08-03"", ""2026-08-10"", ""2026-08-17"", ""2026-08-24"", ""2026-08-31"", ""2026-09-07"", ""2026-09-14"", ""2026-09-21"", ""2026-09-28"", ""2026-10-05"", ""2026-10-12""]",Unreliable,0,,10,17-07-2026 14:02
HAPPYMEDESTERIL2,7,1,arima,43.302,52.41,0.216379065,[0.21637906489014014],"[""2026-07-20""]",Fair,0,,10,17-07-2026 14:02
HAPPYMEDESTERIL2,14,2,sarima,62.274,110.509,0,"[0.0, 0.0]","[""2026-07-20"", ""2026-07-27""]",Poor,0,,10,17-07-2026 14:02
HAPPYMEDESTERIL2,28,4,SeasonalNaive_52,99.164,68.524,2.328,"[0.0, 0.0, 0.0, 2.328]","[""2026-07-20"", ""2026-07-27"", ""2026-08-03"", ""2026-08-10""]",Unreliable,0,,10,17-07-2026 14:02
HAPPYMEDESTERIL2,56,8,HuberRegressor,98.323,152.736,0.862130037,"[0.05346603573730578, 0.09530463074025197, 0.11651955532465606, 0.11234630661736131, 0.11407463151507646, 0.11711610623059689, 0.12721360478398333, 0.12608916564795428]","[""2026-07-20"", ""2026-07-27"", ""2026-08-03"", ""2026-08-10"", ""2026-08-17"", ""2026-08-24"", ""2026-08-31"", ""2026-09-07""]",Unreliable,0,,10,17-07-2026 14:02
HAPPYMEDESTERIL2,91,13,TwoStage_RF_Ridge,94.769,144.6,1.526548831,"[0.01083677226942886, 0.15990263362700827, 0.2624310665065761, 0.18452915998829394, 0.08049640882772935, 0.05826439475760523, 0.08459771903834841, 0.1420601573134783, 0.14251948751534974, 0.10144085842535745, 0.08791343008614873, 0.09298447706845485, 0.11857226515273062]","[""2026-07-20"", ""2026-07-27"", ""2026-08-03"", ""2026-08-10"", ""2026-08-17"", ""2026-08-24"", ""2026-08-31"", ""2026-09-07"", ""2026-09-14"", ""2026-09-21"", ""2026-09-28"", ""2026-10-05"", ""2026-10-12""]",Unreliable,0,,10,17-07-2026 14:02
HAPPYMEDGATINHOS1,7,1,TwoStage_ET_ET,74.583,66.405,3.91E-26,[3.914032789472738e-26],"[""2026-07-20""]",Poor,0,,10,17-07-2026 14:02
HAPPYMEDGATINHOS1,14,2,SES,91.039,77.102,7.83E-26,"[3.914032789472738e-26, 3.914032789472738e-26]","[""2026-07-20"", ""2026-07-27""]",Unreliable,0,,10,17-07-2026 14:02
HAPPYMEDGATINHOS1,28,4,ZeroForecast,100,43.188,0,"[0.0, 0.0, 0.0, 0.0]","[""2026-07-20"", ""2026-07-27"", ""2026-08-03"", ""2026-08-10""]",Unreliable,0,,10,17-07-2026 14:02
HAPPYMEDGATINHOS1,56,8,NaiveLastValue,100,22.826,0,"[0.0, 0.0, 0.0, 0.0, 0.0, 0.0, 0.0, 0.0]","[""2026-07-20"", ""2026-07-27"", ""2026-08-03"", ""2026-08-10"", ""2026-08-17"", ""2026-08-24"", ""2026-08-31"", ""2026-09-07""]",Unreliable,0,,10,17-07-2026 14:02
HAPPYMEDGATINHOS1,91,13,NaiveLastValue,100,14.047,0,"[0.0, 0.0, 0.0, 0.0, 0.0, 0.0, 0.0, 0.0, 0.0, 0.0, 0.0, 0.0, 0.0]","[""2026-07-20"", ""2026-07-27"", ""2026-08-03"", ""2026-08-10"", ""2026-08-17"", ""2026-08-24"", ""2026-08-31"", ""2026-09-07"", ""2026-09-14"", ""2026-09-21"", ""2026-09-28"", ""2026-10-05"", ""2026-10-12""]",Unreliable,0,,10,17-07-2026 14:02
HAPPYMEDESTERILSARDINHA2,7,1,ADIDA_8,91.288,141.332,0.14851264,[0.14851264000000003],"[""2026-07-20""]",Unreliable,0,,10,17-07-2026 14:02
HAPPYMEDESTERILSARDINHA2,14,2,ADIDA_8,97.239,146.274,0.29702528,"[0.14851264000000003, 0.14851264000000003]","[""2026-07-20"", ""2026-07-27""]",Unreliable,0,,10,17-07-2026 14:02
HAPPYMEDESTERILSARDINHA2,28,4,RollingMedian_8,98.975,135.873,0.056,"[0.014, 0.014, 0.014, 0.014]","[""2026-07-20"", ""2026-07-27"", ""2026-08-03"", ""2026-08-10""]",Unreliable,0,,10,17-07-2026 14:02
HAPPYMEDESTERILSARDINHA2,56,8,TwoStage_ET_ET,94.317,150.942,0.913154882,"[0.090066462471795, 0.08751078249004941, 0.11826648358044493, 0.13384021303883087, 0.14191247225364778, 0.12321262202360268, 0.11339814520388657, 0.10494770118183061]","[""2026-07-20"", ""2026-07-27"", ""2026-08-03"", ""2026-08-10"", ""2026-08-17"", ""2026-08-24"", ""2026-08-31"", ""2026-09-07""]",Unreliable,0,,10,17-07-2026 14:02
HAPPYMEDESTERILSARDINHA2,91,13,ZeroForecast,100,112.851,0,"[0.0, 0.0, 0.0, 0.0, 0.0, 0.0, 0.0, 0.0, 0.0, 0.0, 0.0, 0.0, 0.0]","[""2026-07-20"", ""2026-07-27"", ""2026-08-03"", ""2026-08-10"", ""2026-08-17"", ""2026-08-24"", ""2026-08-31"", ""2026-09-07"", ""2026-09-14"", ""2026-09-21"", ""2026-09-28"", ""2026-10-05"", ""2026-10-12""]",Unreliable,0,,10,17-07-2026 14:02
HAPPYMEDESTERIL7,7,1,TwoStage_RF_Ridge,36.036,35.682,0.475237874,[0.4752378741419249],"[""2026-07-20""]",Fair,0,,10,17-07-2026 14:02
HAPPYMEDESTERIL7,14,2,arima,46.985,72.903,0.499268987,"[0.24963449350451788, 0.24963449301416998]","[""2026-07-20"", ""2026-07-27""]",Fair,0,,10,17-07-2026 14:02
HAPPYMEDESTERIL7,28,4,SBA_alpha_01,98.776,127.096,0.692651463,"[0.17316286563015723, 0.17316286563015723, 0.17316286563015723, 0.17316286563015723]","[""2026-07-20"", ""2026-07-27"", ""2026-08-03"", ""2026-08-10""]",Unreliable,0,,10,17-07-2026 14:02
HAPPYMEDESTERIL7,56,8,ZeroForecast,100,59.386,0,"[0.0, 0.0, 0.0, 0.0, 0.0, 0.0, 0.0, 0.0]","[""2026-07-20"", ""2026-07-27"", ""2026-08-03"", ""2026-08-10"", ""2026-08-17"", ""2026-08-24"", ""2026-08-31"", ""2026-09-07""]",Unreliable,0,,10,17-07-2026 14:02
HAPPYMEDESTERIL7,91,13,ZeroForecast,100,36.545,0,"[0.0, 0.0, 0.0, 0.0, 0.0, 0.0, 0.0, 0.0, 0.0, 0.0, 0.0, 0.0, 0.0]","[""2026-07-20"", ""2026-07-27"", ""2026-08-03"", ""2026-08-10"", ""2026-08-17"", ""2026-08-24"", ""2026-08-31"", ""2026-09-07"", ""2026-09-14"", ""2026-09-21"", ""2026-09-28"", ""2026-10-05"", ""2026-10-12""]",Unreliable,0,,10,17-07-2026 14:02
HAPPYMEDESTERILSARDINHA3,7,1,TwoStage_RF_RF,58.138,87.786,0.166238775,[0.166238775426679],"[""2026-07-20""]",Poor,0,,10,17-07-2026 14:02
HAPPYMEDESTERILSARDINHA3,14,2,TwoStage_RF_RF,66.653,126.936,0.27190039,"[0.166238775426679, 0.10566161503989008]","[""2026-07-20"", ""2026-07-27""]",Poor,0,,10,17-07-2026 14:02
HAPPYMEDESTERILSARDINHA3,28,4,HistGradientBoostingRegressor,75.782,123.825,0.549159119,"[0.10374493083427638, 0.13536453567958848, 0.1984891512133035, 0.11156050132579973]","[""2026-07-20"", ""2026-07-27"", ""2026-08-03"", ""2026-08-10""]",Unreliable,0,,10,17-07-2026 14:02
HAPPYMEDESTERILSARDINHA3,56,8,ZeroForecast,100,49.902,0,"[0.0, 0.0, 0.0, 0.0, 0.0, 0.0, 0.0, 0.0]","[""2026-07-20"", ""2026-07-27"", ""2026-08-03"", ""2026-08-10"", ""2026-08-17"", ""2026-08-24"", ""2026-08-31"", ""2026-09-07""]",Unreliable,0,,10,17-07-2026 14:02
HAPPYMEDESTERILSARDINHA3,91,13,ZeroForecast,100,30.709,0,"[0.0, 0.0, 0.0, 0.0, 0.0, 0.0, 0.0, 0.0, 0.0, 0.0, 0.0, 0.0, 0.0]","[""2026-07-20"", ""2026-07-27"", ""2026-08-03"", ""2026-08-10"", ""2026-08-17"", ""2026-08-24"", ""2026-08-31"", ""2026-09-07"", ""2026-09-14"", ""2026-09-21"", ""2026-09-28"", ""2026-10-05"", ""2026-10-12""]",Unreliable,0,,10,17-07-2026 14:02
HAPPYMEDESTERILSARDINHA7,7,1,NaiveLastValue,77.031,125.35,0,[0.0],"[""2026-07-20""]",Unreliable,0,,10,17-07-2026 14:02
HAPPYMEDESTERILSARDINHA7,14,2,TwoStage_Logistic_Huber,86.112,106.96,0.494098617,"[0.2399447163242274, 0.25415390034247165]","[""2026-07-20"", ""2026-07-27""]",Unreliable,0,,10,17-07-2026 14:02
HAPPYMEDESTERILSARDINHA7,28,4,SBA_alpha_01,97.57,127.322,0.524344313,"[0.1310860781433216, 0.1310860781433216, 0.1310860781433216, 0.1310860781433216]","[""2026-07-20"", ""2026-07-27"", ""2026-08-03"", ""2026-08-10""]",Unreliable,0,,10,17-07-2026 14:02
HAPPYMEDESTERILSARDINHA7,56,8,SBA_alpha_01,95.38,128.36,1.048688625,"[0.1310860781433216, 0.1310860781433216, 0.1310860781433216, 0.1310860781433216, 0.1310860781433216, 0.1310860781433216, 0.1310860781433216, 0.1310860781433216]","[""2026-07-20"", ""2026-07-27"", ""2026-08-03"", ""2026-08-10"", ""2026-08-17"", ""2026-08-24"", ""2026-08-31"", ""2026-09-07""]",Unreliable,0,,10,17-07-2026 14:02
HAPPYMEDESTERILSARDINHA7,91,13,ZeroForecast,100,119.945,0,"[0.0, 0.0, 0.0, 0.0, 0.0, 0.0, 0.0, 0.0, 0.0, 0.0, 0.0, 0.0, 0.0]","[""2026-07-20"", ""2026-07-27"", ""2026-08-03"", ""2026-08-10"", ""2026-08-17"", ""2026-08-24"", ""2026-08-31"", ""2026-09-07"", ""2026-09-14"", ""2026-09-21"", ""2026-09-28"", ""2026-10-05"", ""2026-10-12""]",Unreliable,0,,10,17-07-2026 14:02
HAPPYMEDGATINHOS2,7,1,sarima,58.948,81.833,0,[0.0],"[""2026-07-20""]",Poor,0,,10,17-07-2026 14:02
HAPPYMEDGATINHOS2,14,2,sarima,82.677,115.686,0.000565079,"[0.0, 0.0005650790093915728]","[""2026-07-20"", ""2026-07-27""]",Unreliable,0,,10,17-07-2026 14:02
HAPPYMEDGATINHOS2,28,4,ZeroForecast,100,83.613,0,"[0.0, 0.0, 0.0, 0.0]","[""2026-07-20"", ""2026-07-27"", ""2026-08-03"", ""2026-08-10""]",Unreliable,0,,10,17-07-2026 14:02
HAPPYMEDGATINHOS2,56,8,ZeroForecast,100,78.935,0,"[0.0, 0.0, 0.0, 0.0, 0.0, 0.0, 0.0, 0.0]","[""2026-07-20"", ""2026-07-27"", ""2026-08-03"", ""2026-08-10"", ""2026-08-17"", ""2026-08-24"", ""2026-08-31"", ""2026-09-07""]",Unreliable,0,,10,17-07-2026 14:02
HAPPYMEDGATINHOS2,91,13,ZeroForecast,100,79.489,0,"[0.0, 0.0, 0.0, 0.0, 0.0, 0.0, 0.0, 0.0, 0.0, 0.0, 0.0, 0.0, 0.0]","[""2026-07-20"", ""2026-07-27"", ""2026-08-03"", ""2026-08-10"", ""2026-08-17"", ""2026-08-24"", ""2026-08-31"", ""2026-09-07"", ""2026-09-14"", ""2026-09-21"", ""2026-09-28"", ""2026-10-05"", ""2026-10-12""]",Unreliable,0,,10,17-07-2026 14:02
HAPPYMEDGATO2,7,1,LastNonZero,62.901,84.208,0.258,[0.258],"[""2026-07-20""]",Poor,0,,10,17-07-2026 14:02
HAPPYMEDGATO2,14,2,sarima,65.1,98.653,0.158457131,"[0.07807247021936586, 0.08038466079594722]","[""2026-07-20"", ""2026-07-27""]",Poor,0,,10,17-07-2026 14:02
HAPPYMEDGATO2,28,4,Ridge,91.69,78.188,0.116966067,"[0.036039709727201434, 0.02089866374256466, 0.029224936580584407, 0.030802757128305325]","[""2026-07-20"", ""2026-07-27"", ""2026-08-03"", ""2026-08-10""]",Unreliable,0,,10,17-07-2026 14:02
HAPPYMEDGATO2,56,8,TwoStage_Logistic_Huber,96.889,94.307,0.06081912,"[0.0049731594172160816, 0.0, 0.0, 0.0, 0.029932938131735837, 0.018184622499714136, 0.007728399961054212, 0.0]","[""2026-07-20"", ""2026-07-27"", ""2026-08-03"", ""2026-08-10"", ""2026-08-17"", ""2026-08-24"", ""2026-08-31"", ""2026-09-07""]",Unreliable,0,,10,17-07-2026 14:02
HAPPYMEDGATO2,91,13,ZeroForecast,100,78.741,0,"[0.0, 0.0, 0.0, 0.0, 0.0, 0.0, 0.0, 0.0, 0.0, 0.0, 0.0, 0.0, 0.0]","[""2026-07-20"", ""2026-07-27"", ""2026-08-03"", ""2026-08-10"", ""2026-08-17"", ""2026-08-24"", ""2026-08-31"", ""2026-09-07"", ""2026-09-14"", ""2026-09-21"", ""2026-09-28"", ""2026-10-05"", ""2026-10-12""]",Unreliable,0,,10,17-07-2026 14:02
HAPPYMEDGATO1,7,1,ETS,72.871,103.983,2.82E-11,[2.821506354461772e-11],"[""2026-07-20""]",Poor,0,,10,17-07-2026 14:02
HAPPYMEDGATO1,14,2,HuberRegressor,99.936,78.866,0,"[0.0, 0.0]","[""2026-07-20"", ""2026-07-27""]",Unreliable,0,,10,17-07-2026 14:02
HAPPYMEDGATO1,28,4,NaiveLastValue,100,23.253,0,"[0.0, 0.0, 0.0, 0.0]","[""2026-07-20"", ""2026-07-27"", ""2026-08-03"", ""2026-08-10""]",Unreliable,0,,10,17-07-2026 14:02
HAPPYMEDGATO1,56,8,NaiveLastValue,100,8.333,0,"[0.0, 0.0, 0.0, 0.0, 0.0, 0.0, 0.0, 0.0]","[""2026-07-20"", ""2026-07-27"", ""2026-08-03"", ""2026-08-10"", ""2026-08-17"", ""2026-08-24"", ""2026-08-31"", ""2026-09-07""]",Unreliable,0,,10,17-07-2026 14:02
HAPPYMEDGATO1,91,13,NaiveLastValue,100,5.128,0,"[0.0, 0.0, 0.0, 0.0, 0.0, 0.0, 0.0, 0.0, 0.0, 0.0, 0.0, 0.0, 0.0]","[""2026-07-20"", ""2026-07-27"", ""2026-08-03"", ""2026-08-10"", ""2026-08-17"", ""2026-08-24"", ""2026-08-31"", ""2026-09-07"", ""2026-09-14"", ""2026-09-21"", ""2026-09-28"", ""2026-10-05"", ""2026-10-12""]",Unreliable,0,,10,17-07-2026 14:02
HAPPYMEDGATO3,7,1,TwoStage_ET_ET,42.182,63.55,0.032921083,[0.0329210825700143],"[""2026-07-20""]",Fair,0,,10,17-07-2026 14:02
HAPPYMEDGATO3,14,2,RollingMedian_8,99.363,152.691,0,"[0.0, 0.0]","[""2026-07-20"", ""2026-07-27""]",Unreliable,0,,10,17-07-2026 14:02
HAPPYMEDGATO3,28,4,ZeroForecast,100,86.463,0,"[0.0, 0.0, 0.0, 0.0]","[""2026-07-20"", ""2026-07-27"", ""2026-08-03"", ""2026-08-10""]",Unreliable,0,,10,17-07-2026 14:02
HAPPYMEDGATO3,56,8,ZeroForecast,100,48.185,0,"[0.0, 0.0, 0.0, 0.0, 0.0, 0.0, 0.0, 0.0]","[""2026-07-20"", ""2026-07-27"", ""2026-08-03"", ""2026-08-10"", ""2026-08-17"", ""2026-08-24"", ""2026-08-31"", ""2026-09-07""]",Unreliable,0,,10,17-07-2026 14:02
HAPPYMEDGATO3,91,13,ZeroForecast,100,29.652,0,"[0.0, 0.0, 0.0, 0.0, 0.0, 0.0, 0.0, 0.0, 0.0, 0.0, 0.0, 0.0, 0.0]","[""2026-07-20"", ""2026-07-27"", ""2026-08-03"", ""2026-08-10"", ""2026-08-17"", ""2026-08-24"", ""2026-08-31"", ""2026-09-07"", ""2026-09-14"", ""2026-09-21"", ""2026-09-28"", ""2026-10-05"", ""2026-10-12""]",Unreliable,0,,10,17-07-2026 14:02
HAPPYMEDGATO7,7,1,ADIDAStyle_4,77.672,104.31,0.1527505,[0.1527505],"[""2026-07-20""]",Unreliable,0,,10,17-07-2026 14:02
HAPPYMEDGATO7,14,2,ADIDAStyle_4,94.384,134.816,0.305501,"[0.1527505, 0.1527505]","[""2026-07-20"", ""2026-07-27""]",Unreliable,0,,10,17-07-2026 14:02
HAPPYMEDGATO7,28,4,RollingMedian_8,99.712,161.831,0.084,"[0.021, 0.021, 0.021, 0.021]","[""2026-07-20"", ""2026-07-27"", ""2026-08-03"", ""2026-08-10""]",Unreliable,0,,10,17-07-2026 14:02
HAPPYMEDGATO7,56,8,TwoStage_ET_ET,88.281,137.076,0.524861146,"[0.08257398868000507, 0.06383975849162603, 0.07287419227685434, 0.06040202760215498, 0.05675533812344583, 0.061102158000534666, 0.06191836544498464, 0.06539531688270317]","[""2026-07-20"", ""2026-07-27"", ""2026-08-03"", ""2026-08-10"", ""2026-08-17"", ""2026-08-24"", ""2026-08-31"", ""2026-09-07""]",Unreliable,0,,10,17-07-2026 14:02
HAPPYMEDGATO7,91,13,ZeroForecast,100,110.09,0,"[0.0, 0.0, 0.0, 0.0, 0.0, 0.0, 0.0, 0.0, 0.0, 0.0, 0.0, 0.0, 0.0]","[""2026-07-20"", ""2026-07-27"", ""2026-08-03"", ""2026-08-10"", ""2026-08-17"", ""2026-08-24"", ""2026-08-31"", ""2026-09-07"", ""2026-09-14"", ""2026-09-21"", ""2026-09-28"", ""2026-10-05"", ""2026-10-12""]",Unreliable,0,,10,17-07-2026 14:02
HAPPYMEDGFBORREGO12,7,1,sarima,32.642,39.934,0.768769012,[0.7687690124225857],"[""2026-07-20""]",Good,0,,10,17-07-2026 14:02
HAPPYMEDGFBORREGO12,14,2,sarima,54.824,112.393,1.540758264,"[0.7687690124225857, 0.7719892514123567]","[""2026-07-20"", ""2026-07-27""]",Fair,0,,10,17-07-2026 14:02
HAPPYMEDGFBORREGO12,28,4,sarima,60.316,96.4,3.330004162,"[0.7687690124225857, 0.7719892514123567, 0.7154434558357535, 1.0738024426538741]","[""2026-07-20"", ""2026-07-27"", ""2026-08-03"", ""2026-08-10""]",Poor,0,,10,17-07-2026 14:02
HAPPYMEDGFBORREGO12,56,8,sarima,76.658,104.615,6.797598838,"[0.7687690124225857, 0.7719892514123567, 0.7154434558357535, 1.0738024426538741, 0.8016011061120379, 0.7795542303869558, 0.9183826872384777, 0.9680566519345756]","[""2026-07-20"", ""2026-07-27"", ""2026-08-03"", ""2026-08-10"", ""2026-08-17"", ""2026-08-24"", ""2026-08-31"", ""2026-09-07""]",Unreliable,0,,10,17-07-2026 14:02
HAPPYMEDGFBORREGO12,91,13,SBA_alpha_02,87.656,113.919,9.430071573,"[0.7253901209898288, 0.7253901209898288, 0.7253901209898288, 0.7253901209898288, 0.7253901209898288, 0.7253901209898288, 0.7253901209898288, 0.7253901209898288, 0.7253901209898288, 0.7253901209898288, 0.7253901209898288, 0.7253901209898288, 0.7253901209898288]","[""2026-07-20"", ""2026-07-27"", ""2026-08-03"", ""2026-08-10"", ""2026-08-17"", ""2026-08-24"", ""2026-08-31"", ""2026-09-07"", ""2026-09-14"", ""2026-09-21"", ""2026-09-28"", ""2026-10-05"", ""2026-10-12""]",Unreliable,0,,10,17-07-2026 14:02
HAPPYMEDGATOSENIOR3,7,1,sarima,54.106,129.373,0.051375328,[0.05137532781596224],"[""2026-07-20""]",Fair,0,,10,17-07-2026 14:02
HAPPYMEDGATOSENIOR3,14,2,GradientBoostingRegressor,87.861,135.103,0.02797496,"[0.027974959794095866, 0.0]","[""2026-07-20"", ""2026-07-27""]",Unreliable,0,,10,17-07-2026 14:02
HAPPYMEDGATOSENIOR3,28,4,ZeroForecast,100,67.581,0,"[0.0, 0.0, 0.0, 0.0]","[""2026-07-20"", ""2026-07-27"", ""2026-08-03"", ""2026-08-10""]",Unreliable,0,,10,17-07-2026 14:02
HAPPYMEDGATOSENIOR3,56,8,ZeroForecast,100,82.374,0,"[0.0, 0.0, 0.0, 0.0, 0.0, 0.0, 0.0, 0.0]","[""2026-07-20"", ""2026-07-27"", ""2026-08-03"", ""2026-08-10"", ""2026-08-17"", ""2026-08-24"", ""2026-08-31"", ""2026-09-07""]",Unreliable,0,,10,17-07-2026 14:02
HAPPYMEDGATOSENIOR3,91,13,HuberRegressor,99.512,138.306,0.089807051,"[0.007115119147007538, 0.004699880355261678, 0.007399677012340025, 0.007084723053713094, 0.007214956352486673, 0.006879883596766605, 0.00719124822956517, 0.007061326424757559, 0.007248998453226414, 0.007046017157729824, 0.0070793223361469565, 0.006890488625882166, 0.006895409883107287]","[""2026-07-20"", ""2026-07-27"", ""2026-08-03"", ""2026-08-10"", ""2026-08-17"", ""2026-08-24"", ""2026-08-31"", ""2026-09-07"", ""2026-09-14"", ""2026-09-21"", ""2026-09-28"", ""2026-10-05"", ""2026-10-12""]",Unreliable,0,,10,17-07-2026 14:02
HAPPYMEDRP6,7,1,RollingMedian_8,86.986,101.16,0.009,[0.009000000000000001],"[""2026-07-20""]",Unreliable,0,,10,17-07-2026 14:02
HAPPYMEDRP6,14,2,ZeroForecast,100,112.843,0,"[0.0, 0.0]","[""2026-07-20"", ""2026-07-27""]",Unreliable,0,,10,17-07-2026 14:02
HAPPYMEDRP6,28,4,ZeroForecast,100,104.58,0,"[0.0, 0.0, 0.0, 0.0]","[""2026-07-20"", ""2026-07-27"", ""2026-08-03"", ""2026-08-10""]",Unreliable,0,,10,17-07-2026 14:02
HAPPYMEDRP6,56,8,ZeroForecast,100,115.689,0,"[0.0, 0.0, 0.0, 0.0, 0.0, 0.0, 0.0, 0.0]","[""2026-07-20"", ""2026-07-27"", ""2026-08-03"", ""2026-08-10"", ""2026-08-17"", ""2026-08-24"", ""2026-08-31"", ""2026-09-07""]",Unreliable,0,,10,17-07-2026 14:02
HAPPYMEDRP6,91,13,RollingMedian_8,98.475,141.804,0.117,"[0.009000000000000001, 0.009000000000000001, 0.009000000000000001, 0.009000000000000001, 0.009000000000000001, 0.009000000000000001, 0.009000000000000001, 0.009000000000000001, 0.009000000000000001, 0.009000000000000001, 0.009000000000000001, 0.009000000000000001, 0.009000000000000001]","[""2026-07-20"", ""2026-07-27"", ""2026-08-03"", ""2026-08-10"", ""2026-08-17"", ""2026-08-24"", ""2026-08-31"", ""2026-09-07"", ""2026-09-14"", ""2026-09-21"", ""2026-09-28"", ""2026-10-05"", ""2026-10-12""]",Unreliable,0,,10,17-07-2026 14:02
HAPPYMEDGFBORREGO3,7,1,TwoStage_RF_Ridge,72.632,117.218,0.104868969,[0.10486896938795467],"[""2026-07-20""]",Poor,0,,10,17-07-2026 14:02
HAPPYMEDGFBORREGO3,14,2,ZeroForecast,100,92.553,0,"[0.0, 0.0]","[""2026-07-20"", ""2026-07-27""]",Unreliable,0,,10,17-07-2026 14:02
HAPPYMEDGFBORREGO3,28,4,ZeroForecast,100,74.413,0,"[0.0, 0.0, 0.0, 0.0]","[""2026-07-20"", ""2026-07-27"", ""2026-08-03"", ""2026-08-10""]",Unreliable,0,,10,17-07-2026 14:02
HAPPYMEDGFBORREGO3,56,8,ZeroForecast,100,77.785,0,"[0.0, 0.0, 0.0, 0.0, 0.0, 0.0, 0.0, 0.0]","[""2026-07-20"", ""2026-07-27"", ""2026-08-03"", ""2026-08-10"", ""2026-08-17"", ""2026-08-24"", ""2026-08-31"", ""2026-09-07""]",Unreliable,0,,10,17-07-2026 14:02
HAPPYMEDGFBORREGO3,91,13,ZeroForecast,100,89.13,0,"[0.0, 0.0, 0.0, 0.0, 0.0, 0.0, 0.0, 0.0, 0.0, 0.0, 0.0, 0.0, 0.0]","[""2026-07-20"", ""2026-07-27"", ""2026-08-03"", ""2026-08-10"", ""2026-08-17"", ""2026-08-24"", ""2026-08-31"", ""2026-09-07"", ""2026-09-14"", ""2026-09-21"", ""2026-09-28"", ""2026-10-05"", ""2026-10-12""]",Unreliable,0,,10,17-07-2026 14:02
HAPPYMEDLIGHTSENIOR12,7,1,SeasonalNaive_52,32.563,113.129,0.144,[0.14400000000000002],"[""2026-07-20""]",Good,0,,10,17-07-2026 14:02
HAPPYMEDLIGHTSENIOR12,14,2,SeasonalNaive_52,73.817,117.848,0.144,"[0.14400000000000002, 0.0]","[""2026-07-20"", ""2026-07-27""]",Poor,0,,10,17-07-2026 14:02
HAPPYMEDLIGHTSENIOR12,28,4,SeasonalNaive_52,76.045,117.457,4.032,"[0.14400000000000002, 0.0, 0.0, 3.8880000000000003]","[""2026-07-20"", ""2026-07-27"", ""2026-08-03"", ""2026-08-10""]",Unreliable,0,,10,17-07-2026 14:02
HAPPYMEDLIGHTSENIOR12,56,8,RollingMedian_8,97.291,147.091,2.64,"[0.33, 0.33, 0.33, 0.33, 0.33, 0.33, 0.33, 0.33]","[""2026-07-20"", ""2026-07-27"", ""2026-08-03"", ""2026-08-10"", ""2026-08-17"", ""2026-08-24"", ""2026-08-31"", ""2026-09-07""]",Unreliable,0,,10,17-07-2026 14:02
HAPPYMEDLIGHTSENIOR12,91,13,RollingMedian_8,97.681,140.988,4.29,"[0.33, 0.33, 0.33, 0.33, 0.33, 0.33, 0.33, 0.33, 0.33, 0.33, 0.33, 0.33, 0.33]","[""2026-07-20"", ""2026-07-27"", ""2026-08-03"", ""2026-08-10"", ""2026-08-17"", ""2026-08-24"", ""2026-08-31"", ""2026-09-07"", ""2026-09-14"", ""2026-09-21"", ""2026-09-28"", ""2026-10-05"", ""2026-10-12""]",Unreliable,0,,10,17-07-2026 14:02
HAPPYMEDJR3,7,1,TwoStage_RF_Ridge,71.002,88.298,0.087341925,[0.08734192533934232],"[""2026-07-20""]",Poor,0,,10,17-07-2026 14:02
HAPPYMEDJR3,14,2,TwoStage_RF_Ridge,82.345,113.398,0.199780476,"[0.08734192533934232, 0.11243855087644435]","[""2026-07-20"", ""2026-07-27""]",Unreliable,0,,10,17-07-2026 14:02
HAPPYMEDJR3,28,4,TwoStage_RF_Ridge,99.262,133.31,0.385700328,"[0.08734192533934232, 0.11243855087644435, 0.1112821416175728, 0.07463771033240295]","[""2026-07-20"", ""2026-07-27"", ""2026-08-03"", ""2026-08-10""]",Unreliable,0,,10,17-07-2026 14:02
HAPPYMEDJR3,56,8,ZeroForecast,100,49.751,0,"[0.0, 0.0, 0.0, 0.0, 0.0, 0.0, 0.0, 0.0]","[""2026-07-20"", ""2026-07-27"", ""2026-08-03"", ""2026-08-10"", ""2026-08-17"", ""2026-08-24"", ""2026-08-31"", ""2026-09-07""]",Unreliable,0,,10,17-07-2026 14:02
HAPPYMEDJR3,91,13,ZeroForecast,100,54.701,0,"[0.0, 0.0, 0.0, 0.0, 0.0, 0.0, 0.0, 0.0, 0.0, 0.0, 0.0, 0.0, 0.0]","[""2026-07-20"", ""2026-07-27"", ""2026-08-03"", ""2026-08-10"", ""2026-08-17"", ""2026-08-24"", ""2026-08-31"", ""2026-09-07"", ""2026-09-14"", ""2026-09-21"", ""2026-09-28"", ""2026-10-05"", ""2026-10-12""]",Unreliable,0,,10,17-07-2026 14:02
HAPPYMEDJR12,7,1,sarima,39.47,40.845,0.455826256,[0.4558262561080063],"[""2026-07-20""]",Fair,0,,10,17-07-2026 14:02
HAPPYMEDJR12,14,2,SeasonalNaive_52,25.505,75.519,1.524,"[0.5880000000000001, 0.936]","[""2026-07-20"", ""2026-07-27""]",Good,0,,10,17-07-2026 14:02
HAPPYMEDJR12,28,4,SeasonalNaive_52,37.751,81.652,3,"[0.5880000000000001, 0.936, 0.0, 1.4760000000000002]","[""2026-07-20"", ""2026-07-27"", ""2026-08-03"", ""2026-08-10""]",Fair,0,,10,17-07-2026 14:02
HAPPYMEDJR12,56,8,SeasonalNaive_52,51.02,77.894,4.812,"[0.5880000000000001, 0.936, 0.0, 1.4760000000000002, 0.9720000000000001, 0.24, 0.6000000000000001, 0.0]","[""2026-07-20"", ""2026-07-27"", ""2026-08-03"", ""2026-08-10"", ""2026-08-17"", ""2026-08-24"", ""2026-08-31"", ""2026-09-07""]",Fair,0,,10,17-07-2026 14:02
HAPPYMEDJR12,91,13,ADIDA_8,66.996,82.74,7.625970315,"[0.5866131011713092, 0.5866131011713092, 0.5866131011713092, 0.5866131011713092, 0.5866131011713092, 0.5866131011713092, 0.5866131011713092, 0.5866131011713092, 0.5866131011713092, 0.5866131011713092, 0.5866131011713092, 0.5866131011713092, 0.5866131011713092]","[""2026-07-20"", ""2026-07-27"", ""2026-08-03"", ""2026-08-10"", ""2026-08-17"", ""2026-08-24"", ""2026-08-31"", ""2026-09-07"", ""2026-09-14"", ""2026-09-21"", ""2026-09-28"", ""2026-10-05"", ""2026-10-12""]",Poor,0,,10,17-07-2026 14:02
HAPPYMEDRP3,7,1,ADIDAStyle_4,84.682,116.152,0.3244605,[0.3244605],"[""2026-07-20""]",Unreliable,0,,10,17-07-2026 14:02
HAPPYMEDRP3,14,2,ZeroForecast,100,131.307,0,"[0.0, 0.0]","[""2026-07-20"", ""2026-07-27""]",Unreliable,0,,10,17-07-2026 14:02
HAPPYMEDRP3,28,4,SeasonalNaive_52,91.816,126.456,2.658,"[0.48, 0.0, 0.0, 2.1779999999999995]","[""2026-07-20"", ""2026-07-27"", ""2026-08-03"", ""2026-08-10""]",Unreliable,0,,10,17-07-2026 14:02
HAPPYMEDRP3,56,8,ZeroForecast,100,96.74,0,"[0.0, 0.0, 0.0, 0.0, 0.0, 0.0, 0.0, 0.0]","[""2026-07-20"", ""2026-07-27"", ""2026-08-03"", ""2026-08-10"", ""2026-08-17"", ""2026-08-24"", ""2026-08-31"", ""2026-09-07""]",Unreliable,0,,10,17-07-2026 14:02
HAPPYMEDRP3,91,13,ZeroForecast,100,96.105,0,"[0.0, 0.0, 0.0, 0.0, 0.0, 0.0, 0.0, 0.0, 0.0, 0.0, 0.0, 0.0, 0.0]","[""2026-07-20"", ""2026-07-27"", ""2026-08-03"", ""2026-08-10"", ""2026-08-17"", ""2026-08-24"", ""2026-08-31"", ""2026-09-07"", ""2026-09-14"", ""2026-09-21"", ""2026-09-28"", ""2026-10-05"", ""2026-10-12""]",Unreliable,0,,10,17-07-2026 14:02
HAPPYMEDRP7,7,1,Ridge,39.264,35.532,0.198335013,[0.19833501304686318],"[""2026-07-20""]",Fair,0,,10,17-07-2026 14:02
HAPPYMEDRP7,14,2,ETS,81.604,108.418,0.000530786,"[0.00026539312776656995, 0.00026539312776656995]","[""2026-07-20"", ""2026-07-27""]",Unreliable,0,,10,17-07-2026 14:02
HAPPYMEDRP7,28,4,ZeroForecast,100,89.288,0,"[0.0, 0.0, 0.0, 0.0]","[""2026-07-20"", ""2026-07-27"", ""2026-08-03"", ""2026-08-10""]",Unreliable,0,,10,17-07-2026 14:02
HAPPYMEDRP7,56,8,ZeroForecast,100,49.622,0,"[0.0, 0.0, 0.0, 0.0, 0.0, 0.0, 0.0, 0.0]","[""2026-07-20"", ""2026-07-27"", ""2026-08-03"", ""2026-08-10"", ""2026-08-17"", ""2026-08-24"", ""2026-08-31"", ""2026-09-07""]",Unreliable,0,,10,17-07-2026 14:02
HAPPYMEDRP7,91,13,ZeroForecast,100,30.537,0,"[0.0, 0.0, 0.0, 0.0, 0.0, 0.0, 0.0, 0.0, 0.0, 0.0, 0.0, 0.0, 0.0]","[""2026-07-20"", ""2026-07-27"", ""2026-08-03"", ""2026-08-10"", ""2026-08-17"", ""2026-08-24"", ""2026-08-31"", ""2026-09-07"", ""2026-09-14"", ""2026-09-21"", ""2026-09-28"", ""2026-10-05"", ""2026-10-12""]",Unreliable,0,,10,17-07-2026 14:02
HAPPYMEDLIGHTSENIOR3,7,1,ADIDA_8,76.185,118.359,0.134741601,[0.13474160117828457],"[""2026-07-20""]",Unreliable,0,,10,17-07-2026 14:02
HAPPYMEDLIGHTSENIOR3,14,2,SeasonalNaive_52,73.852,49.885,0.48,"[0.0, 0.48]","[""2026-07-20"", ""2026-07-27""]",Poor,0,,10,17-07-2026 14:02
HAPPYMEDLIGHTSENIOR3,28,4,SeasonalNaive_52,73.333,56.984,0.678,"[0.0, 0.48, 0.006, 0.192]","[""2026-07-20"", ""2026-07-27"", ""2026-08-03"", ""2026-08-10""]",Poor,0,,10,17-07-2026 14:02
HAPPYMEDLIGHTSENIOR3,56,8,NaiveLastValue,100,65.238,0,"[0.0, 0.0, 0.0, 0.0, 0.0, 0.0, 0.0, 0.0]","[""2026-07-20"", ""2026-07-27"", ""2026-08-03"", ""2026-08-10"", ""2026-08-17"", ""2026-08-24"", ""2026-08-31"", ""2026-09-07""]",Unreliable,0,,10,17-07-2026 14:02
HAPPYMEDLIGHTSENIOR3,91,13,ZeroForecast,100,64.516,0,"[0.0, 0.0, 0.0, 0.0, 0.0, 0.0, 0.0, 0.0, 0.0, 0.0, 0.0, 0.0, 0.0]","[""2026-07-20"", ""2026-07-27"", ""2026-08-03"", ""2026-08-10"", ""2026-08-17"", ""2026-08-24"", ""2026-08-31"", ""2026-09-07"", ""2026-09-14"", ""2026-09-21"", ""2026-09-28"", ""2026-10-05"", ""2026-10-12""]",Unreliable,0,,10,17-07-2026 14:02
HAPPYMIX10,7,1,TSBStyle_01_01,39.608,39.648,0.149288924,[0.14928892393022958],"[""2026-07-20""]",Fair,0,,10,17-07-2026 14:02
HAPPYMIX10,14,2,Ridge,56.96,72.684,0.302746588,"[0.15449484250531423, 0.14825174583630357]","[""2026-07-20"", ""2026-07-27""]",Poor,0,,10,17-07-2026 14:02
HAPPYMIX10,28,4,SBA_alpha_01,90.768,135.048,0.269417446,"[0.06735436153957325, 0.06735436153957325, 0.06735436153957325, 0.06735436153957325]","[""2026-07-20"", ""2026-07-27"", ""2026-08-03"", ""2026-08-10""]",Unreliable,0,,10,17-07-2026 14:02
HAPPYMIX10,56,8,TwoStage_Logistic_Huber,73.072,97.686,2.641508019,"[0.0, 0.12863621441872938, 0.79326743836831, 0.36595645679307814, 0.0, 0.0, 1.0923679459726425, 0.26127996392767594]","[""2026-07-20"", ""2026-07-27"", ""2026-08-03"", ""2026-08-10"", ""2026-08-17"", ""2026-08-24"", ""2026-08-31"", ""2026-09-07""]",Poor,0,,10,17-07-2026 14:02
HAPPYMIX10,91,13,Ridge,97.532,152.647,1.830080038,"[0.15449484250531423, 0.14825174583630357, 0.15356381507845007, 0.13833017573999776, 0.1441830478652159, 0.14102853126294218, 0.14117740510198876, 0.13319772058431917, 0.13686159162246492, 0.13540578421679758, 0.1366803457925944, 0.132576519774118, 0.1343285126594265]","[""2026-07-20"", ""2026-07-27"", ""2026-08-03"", ""2026-08-10"", ""2026-08-17"", ""2026-08-24"", ""2026-08-31"", ""2026-09-07"", ""2026-09-14"", ""2026-09-21"", ""2026-09-28"", ""2026-10-05"", ""2026-10-12""]",Unreliable,0,,10,17-07-2026 14:02
HAPPYMEDRPSARDINHA3,7,1,Ridge,62.997,84.231,0.015152437,[0.015152437488097303],"[""2026-07-20""]",Poor,0,,10,17-07-2026 14:02
HAPPYMEDRPSARDINHA3,14,2,SeasonalNaive_52,67.789,92.673,0,"[0.0, 0.0]","[""2026-07-20"", ""2026-07-27""]",Poor,0,,10,17-07-2026 14:02
HAPPYMEDRPSARDINHA3,28,4,SeasonalNaive_52,77.586,85.929,0.96,"[0.0, 0.0, 0.0, 0.96]","[""2026-07-20"", ""2026-07-27"", ""2026-08-03"", ""2026-08-10""]",Unreliable,0,,10,17-07-2026 14:02
HAPPYMEDRPSARDINHA3,56,8,ZeroForecast,100,78.474,0,"[0.0, 0.0, 0.0, 0.0, 0.0, 0.0, 0.0, 0.0]","[""2026-07-20"", ""2026-07-27"", ""2026-08-03"", ""2026-08-10"", ""2026-08-17"", ""2026-08-24"", ""2026-08-31"", ""2026-09-07""]",Unreliable,0,,10,17-07-2026 14:02
HAPPYMEDRPSARDINHA3,91,13,ZeroForecast,100,86.912,0,"[0.0, 0.0, 0.0, 0.0, 0.0, 0.0, 0.0, 0.0, 0.0, 0.0, 0.0, 0.0, 0.0]","[""2026-07-20"", ""2026-07-27"", ""2026-08-03"", ""2026-08-10"", ""2026-08-17"", ""2026-08-24"", ""2026-08-31"", ""2026-09-07"", ""2026-09-14"", ""2026-09-21"", ""2026-09-28"", ""2026-10-05"", ""2026-10-12""]",Unreliable,0,,10,17-07-2026 14:02
HAPPYMEDRPSARDINHA7,7,1,TwoStage_RF_Ridge,70.494,91.88,0.10056131,[0.10056130992535973],"[""2026-07-20""]",Poor,0,,10,17-07-2026 14:02
HAPPYMEDRPSARDINHA7,14,2,ZeroForecast,100,97.903,0,"[0.0, 0.0]","[""2026-07-20"", ""2026-07-27""]",Unreliable,0,,10,17-07-2026 14:02
HAPPYMEDRPSARDINHA7,28,4,ZeroForecast,100,88.768,0,"[0.0, 0.0, 0.0, 0.0]","[""2026-07-20"", ""2026-07-27"", ""2026-08-03"", ""2026-08-10""]",Unreliable,0,,10,17-07-2026 14:02
HAPPYMEDRPSARDINHA7,56,8,ZeroForecast,100,83.708,0,"[0.0, 0.0, 0.0, 0.0, 0.0, 0.0, 0.0, 0.0]","[""2026-07-20"", ""2026-07-27"", ""2026-08-03"", ""2026-08-10"", ""2026-08-17"", ""2026-08-24"", ""2026-08-31"", ""2026-09-07""]",Unreliable,0,,10,17-07-2026 14:02
HAPPYMEDRPSARDINHA7,91,13,ZeroForecast,100,99.45,0,"[0.0, 0.0, 0.0, 0.0, 0.0, 0.0, 0.0, 0.0, 0.0, 0.0, 0.0, 0.0, 0.0]","[""2026-07-20"", ""2026-07-27"", ""2026-08-03"", ""2026-08-10"", ""2026-08-17"", ""2026-08-24"", ""2026-08-31"", ""2026-09-07"", ""2026-09-14"", ""2026-09-21"", ""2026-09-28"", ""2026-10-05"", ""2026-10-12""]",Unreliable,0,,10,17-07-2026 14:02
HAPPYMIX18,7,1,RandomForestRegressor,35.18,41.621,0,[0.0],"[""2026-07-20""]",Fair,0,,10,17-07-2026 14:02
HAPPYMIX18,14,2,Ridge,47.346,77.919,0,"[0.0, 0.0]","[""2026-07-20"", ""2026-07-27""]",Fair,0,,10,17-07-2026 14:02
HAPPYMIX18,28,4,ADIDA_8,84.106,104.856,3.444930043,"[0.8612325106643743, 0.8612325106643743, 0.8612325106643743, 0.8612325106643743]","[""2026-07-20"", ""2026-07-27"", ""2026-08-03"", ""2026-08-10""]",Unreliable,0,,10,17-07-2026 14:02
HAPPYMIX18,56,8,ZeroForecast,100,74.87,0,"[0.0, 0.0, 0.0, 0.0, 0.0, 0.0, 0.0, 0.0]","[""2026-07-20"", ""2026-07-27"", ""2026-08-03"", ""2026-08-10"", ""2026-08-17"", ""2026-08-24"", ""2026-08-31"", ""2026-09-07""]",Unreliable,0,,10,17-07-2026 14:02
HAPPYMIX18,91,13,ZeroForecast,100,46.074,0,"[0.0, 0.0, 0.0, 0.0, 0.0, 0.0, 0.0, 0.0, 0.0, 0.0, 0.0, 0.0, 0.0]","[""2026-07-20"", ""2026-07-27"", ""2026-08-03"", ""2026-08-10"", ""2026-08-17"", ""2026-08-24"", ""2026-08-31"", ""2026-09-07"", ""2026-09-14"", ""2026-09-21"", ""2026-09-28"", ""2026-10-05"", ""2026-10-12""]",Unreliable,0,,10,17-07-2026 14:02
HAPPYMIX4,7,1,GradientBoostingRegressor,32.659,28.044,0.057591568,[0.05759156826139957],"[""2026-07-20""]",Good,0,,10,17-07-2026 14:02
HAPPYMIX4,14,2,HuberRegressor,63.902,74.533,0.097853715,"[0.05154682715564049, 0.04630688735754876]","[""2026-07-20"", ""2026-07-27""]",Poor,0,,10,17-07-2026 14:02
HAPPYMIX4,28,4,ZeroForecast,100,86.463,0,"[0.0, 0.0, 0.0, 0.0]","[""2026-07-20"", ""2026-07-27"", ""2026-08-03"", ""2026-08-10""]",Unreliable,0,,10,17-07-2026 14:02
HAPPYMIX4,56,8,ZeroForecast,100,115.588,0,"[0.0, 0.0, 0.0, 0.0, 0.0, 0.0, 0.0, 0.0]","[""2026-07-20"", ""2026-07-27"", ""2026-08-03"", ""2026-08-10"", ""2026-08-17"", ""2026-08-24"", ""2026-08-31"", ""2026-09-07""]",Unreliable,0,,10,17-07-2026 14:02
HAPPYMIX4,91,13,SBA_alpha_02,84.235,107.442,0.5065989,"[0.03896914617803134, 0.03896914617803134, 0.03896914617803134, 0.03896914617803134, 0.03896914617803134, 0.03896914617803134, 0.03896914617803134, 0.03896914617803134, 0.03896914617803134, 0.03896914617803134, 0.03896914617803134, 0.03896914617803134, 0.03896914617803134]","[""2026-07-20"", ""2026-07-27"", ""2026-08-03"", ""2026-08-10"", ""2026-08-17"", ""2026-08-24"", ""2026-08-31"", ""2026-09-07"", ""2026-09-14"", ""2026-09-21"", ""2026-09-28"", ""2026-10-05"", ""2026-10-12""]",Unreliable,0,,10,17-07-2026 14:02
HAPPYRP2,7,1,RecentWeightedAverage,18.248,17.996,1.0284,[1.0284],"[""2026-07-20""]",Excellent,0,,10,17-07-2026 14:02
HAPPYRP2,14,2,RecentWeightedAverage,31.835,37.866,2.0568,"[1.0284, 1.0284]","[""2026-07-20"", ""2026-07-27""]",Good,0,,10,17-07-2026 14:02
HAPPYRP2,28,4,SES,28.537,30.67,5.356227426,"[1.3390568565956036, 1.3390568565956036, 1.3390568565956036, 1.3390568565956036]","[""2026-07-20"", ""2026-07-27"", ""2026-08-03"", ""2026-08-10""]",Good,0,,10,17-07-2026 14:02
HAPPYRP2,56,8,CrostonStyle_alpha_02,50.44,63.9,8.550087214,"[1.0687609016901054, 1.0687609016901054, 1.0687609016901054, 1.0687609016901054, 1.0687609016901054, 1.0687609016901054, 1.0687609016901054, 1.0687609016901054]","[""2026-07-20"", ""2026-07-27"", ""2026-08-03"", ""2026-08-10"", ""2026-08-17"", ""2026-08-24"", ""2026-08-31"", ""2026-09-07""]",Fair,0,,10,17-07-2026 14:02
HAPPYRP2,91,13,TwoStage_ET_ET,60.074,69.009,42.00096919,"[3.5720630843478838, 3.0741347020986147, 2.3233723480563744, 3.408099070427636, 3.7481521497041803, 3.253881325113137, 2.836971212306573, 3.307945621928081, 3.29477521756336, 3.053542686046573, 3.201098097049617, 3.827769839679367, 3.099163837358744]","[""2026-07-20"", ""2026-07-27"", ""2026-08-03"", ""2026-08-10"", ""2026-08-17"", ""2026-08-24"", ""2026-08-31"", ""2026-09-07"", ""2026-09-14"", ""2026-09-21"", ""2026-09-28"", ""2026-10-05"", ""2026-10-12""]",Poor,0,,10,17-07-2026 14:02
HAPPYSILICA6,7,1,LastNonZero,54.326,48.139,1.2504,[1.2504],"[""2026-07-20""]",Fair,0,,10,17-07-2026 15:11
HAPPYSILICA6,14,2,TwoStage_RF_RF,100,180.032,0.000540794,"[0.00027247764063500373, 0.0002683163912930937]","[""2026-07-20"", ""2026-07-27""]",Unreliable,0,,10,17-07-2026 15:11
HAPPYSILICA6,28,4,HuberRegressor,100,49.92,4.23E-07,"[0.0, 2.0833857326818528e-07, 2.1451973643976663e-07, 0.0]","[""2026-07-20"", ""2026-07-27"", ""2026-08-03"", ""2026-08-10""]",Unreliable,0,,10,17-07-2026 15:11
HAPPYSILICA6,56,8,HuberRegressor,100,24.96,4.23E-07,"[0.0, 2.0833857326818528e-07, 2.1451973643976663e-07, 0.0, 0.0, 0.0, 0.0, 0.0]","[""2026-07-20"", ""2026-07-27"", ""2026-08-03"", ""2026-08-10"", ""2026-08-17"", ""2026-08-24"", ""2026-08-31"", ""2026-09-07""]",Unreliable,0,,10,17-07-2026 15:11
HAPPYSILICA6,91,13,NaiveLastValue,100,15.36,0,"[0.0, 0.0, 0.0, 0.0, 0.0, 0.0, 0.0, 0.0, 0.0, 0.0, 0.0, 0.0, 0.0]","[""2026-07-20"", ""2026-07-27"", ""2026-08-03"", ""2026-08-10"", ""2026-08-17"", ""2026-08-24"", ""2026-08-31"", ""2026-09-07"", ""2026-09-14"", ""2026-09-21"", ""2026-09-28"", ""2026-10-05"", ""2026-10-12""]",Unreliable,0,,10,17-07-2026 15:11
HIPERCAT2,7,1,TwoStage_RF_Ridge,94.637,179.524,0.003025996,[0.003025995549145601],"[""2026-07-20""]",Unreliable,1,LastNonZero,10,17-07-2026 15:11
HIPERCAT2,14,2,arima,99.892,188.212,0.297112409,"[0.14855620429458222, 0.14855620429457914]","[""2026-07-20"", ""2026-07-27""]",Unreliable,0,,10,17-07-2026 15:11
HIPERCAT2,28,4,NaiveLastValue,100,49.965,0,"[0.0, 0.0, 0.0, 0.0]","[""2026-07-20"", ""2026-07-27"", ""2026-08-03"", ""2026-08-10""]",Unreliable,0,,10,17-07-2026 15:11
HIPERCAT2,56,8,NaiveLastValue,100,24.983,0,"[0.0, 0.0, 0.0, 0.0, 0.0, 0.0, 0.0, 0.0]","[""2026-07-20"", ""2026-07-27"", ""2026-08-03"", ""2026-08-10"", ""2026-08-17"", ""2026-08-24"", ""2026-08-31"", ""2026-09-07""]",Unreliable,0,,10,17-07-2026 15:11
HIPERCAT2,91,13,NaiveLastValue,100,15.374,0,"[0.0, 0.0, 0.0, 0.0, 0.0, 0.0, 0.0, 0.0, 0.0, 0.0, 0.0, 0.0, 0.0]","[""2026-07-20"", ""2026-07-27"", ""2026-08-03"", ""2026-08-10"", ""2026-08-17"", ""2026-08-24"", ""2026-08-31"", ""2026-09-07"", ""2026-09-14"", ""2026-09-21"", ""2026-09-28"", ""2026-10-05"", ""2026-10-12""]",Unreliable,0,,10,17-07-2026 15:11
HAPPYSENIOR4,7,1,HuberRegressor,28.904,33.122,0.238040079,[0.23804007924507764],"[""2026-07-20""]",Good,0,,10,17-07-2026 15:11
HAPPYSENIOR4,14,2,CrostonStyle_alpha_02,54.945,58.099,0.278867411,"[0.13943370541794123, 0.13943370541794123]","[""2026-07-20"", ""2026-07-27""]",Fair,0,,10,17-07-2026 15:11
HAPPYSENIOR4,28,4,HuberRegressor,50.045,49.938,0.959132989,"[0.23804007924507764, 0.2415926318469639, 0.2424461306492634, 0.23705414750549653]","[""2026-07-20"", ""2026-07-27"", ""2026-08-03"", ""2026-08-10""]",Fair,0,,10,17-07-2026 15:11
HAPPYSENIOR4,56,8,HuberRegressor,47.614,44.664,1.905977179,"[0.23804007924507764, 0.2415926318469639, 0.2424461306492634, 0.23705414750549653, 0.2365496473786644, 0.23677331003902663, 0.23662838629421054, 0.2368928463110068]","[""2026-07-20"", ""2026-07-27"", ""2026-08-03"", ""2026-08-10"", ""2026-08-17"", ""2026-08-24"", ""2026-08-31"", ""2026-09-07""]",Fair,0,,10,17-07-2026 15:11
HAPPYSENIOR4,91,13,HuberRegressor,58.778,58.089,3.087792038,"[0.23804007924507764, 0.2415926318469639, 0.2424461306492634, 0.23705414750549653, 0.2365496473786644, 0.23677331003902663, 0.23662838629421054, 0.2368928463110068, 0.2368230750892106, 0.23653003981455925, 0.23650699482110907, 0.23603814247427127, 0.23591660611120455]","[""2026-07-20"", ""2026-07-27"", ""2026-08-03"", ""2026-08-10"", ""2026-08-17"", ""2026-08-24"", ""2026-08-31"", ""2026-09-07"", ""2026-09-14"", ""2026-09-21"", ""2026-09-28"", ""2026-10-05"", ""2026-10-12""]",Poor,0,,10,17-07-2026 15:11
HIPERCAT20,7,1,arima,72.415,77.821,2.945902599,[2.945902599482307],"[""2026-07-20""]",Poor,0,,10,17-07-2026 15:11
HIPERCAT20,14,2,GradientBoostingRegressor,66.337,158.883,3.398356944,"[1.3598890216131618, 2.038467922203437]","[""2026-07-20"", ""2026-07-27""]",Poor,0,,10,17-07-2026 15:11
HIPERCAT20,28,4,ZeroForecast,100,59.991,0,"[0.0, 0.0, 0.0, 0.0]","[""2026-07-20"", ""2026-07-27"", ""2026-08-03"", ""2026-08-10""]",Unreliable,0,,10,17-07-2026 15:11
HIPERCAT20,56,8,ZeroForecast,100,44.993,0,"[0.0, 0.0, 0.0, 0.0, 0.0, 0.0, 0.0, 0.0]","[""2026-07-20"", ""2026-07-27"", ""2026-08-03"", ""2026-08-10"", ""2026-08-17"", ""2026-08-24"", ""2026-08-31"", ""2026-09-07""]",Unreliable,0,,10,17-07-2026 15:11
HIPERCAT20,91,13,ZeroForecast,100,39.977,0,"[0.0, 0.0, 0.0, 0.0, 0.0, 0.0, 0.0, 0.0, 0.0, 0.0, 0.0, 0.0, 0.0]","[""2026-07-20"", ""2026-07-27"", ""2026-08-03"", ""2026-08-10"", ""2026-08-17"", ""2026-08-24"", ""2026-08-31"", ""2026-09-07"", ""2026-09-14"", ""2026-09-21"", ""2026-09-28"", ""2026-10-05"", ""2026-10-12""]",Unreliable,0,,10,17-07-2026 15:11
HAPPYRP4,7,1,TwoStage_ET_ET,6.462,6.334,0.981563772,[0.9815637717475404],"[""2026-07-20""]",Excellent,0,,10,17-07-2026 15:11
HAPPYRP4,14,2,sarima,25.614,42.933,0.866291744,"[0.47749035028510256, 0.3888013938303819]","[""2026-07-20"", ""2026-07-27""]",Good,0,,10,17-07-2026 15:11
HAPPYRP4,28,4,arima,25.701,30.905,3.533669916,"[0.8834174791117748, 0.8834174791014202, 0.8834174791024616, 0.8834174791023569]","[""2026-07-20"", ""2026-07-27"", ""2026-08-03"", ""2026-08-10""]",Good,0,,10,17-07-2026 15:11
HAPPYRP4,56,8,arima,27.335,30.067,7.067339833,"[0.8834174791117748, 0.8834174791014202, 0.8834174791024616, 0.8834174791023569, 0.8834174791023675, 0.8834174791023663, 0.8834174791023665, 0.8834174791023665]","[""2026-07-20"", ""2026-07-27"", ""2026-08-03"", ""2026-08-10"", ""2026-08-17"", ""2026-08-24"", ""2026-08-31"", ""2026-09-07""]",Good,0,,10,17-07-2026 15:11
HAPPYRP4,91,13,ADIDA_8,44.783,45.711,11.7726091,"[0.9055853153083541, 0.9055853153083541, 0.9055853153083541, 0.9055853153083541, 0.9055853153083541, 0.9055853153083541, 0.9055853153083541, 0.9055853153083541, 0.9055853153083541, 0.9055853153083541, 0.9055853153083541, 0.9055853153083541, 0.9055853153083541]","[""2026-07-20"", ""2026-07-27"", ""2026-08-03"", ""2026-08-10"", ""2026-08-17"", ""2026-08-24"", ""2026-08-31"", ""2026-09-07"", ""2026-09-14"", ""2026-09-21"", ""2026-09-28"", ""2026-10-05"", ""2026-10-12""]",Fair,0,,10,17-07-2026 15:11
HAPPYSENIOR10,7,1,ADIDA_4,60.867,72.656,0.553662988,[0.5536629880854356],"[""2026-07-20""]",Poor,0,,10,17-07-2026 15:11
HAPPYSENIOR10,14,2,ADIDA_4,80.917,90.805,1.107325976,"[0.5536629880854356, 0.5536629880854356]","[""2026-07-20"", ""2026-07-27""]",Unreliable,0,,10,17-07-2026 15:11
HAPPYSENIOR10,28,4,ADIDA_8,55.794,67.911,2.43788417,"[0.6094710425787538, 0.6094710425787538, 0.6094710425787538, 0.6094710425787538]","[""2026-07-20"", ""2026-07-27"", ""2026-08-03"", ""2026-08-10""]",Poor,0,,10,17-07-2026 15:11
HAPPYSENIOR10,56,8,TwoStage_RF_Ridge,62.239,76.563,5.84320192,"[0.7753369009259803, 0.7263801933110294, 0.7066202099511755, 0.6841941381061057, 0.7024430143250567, 0.7350391482597822, 0.7501469915709004, 0.7630413237514004]","[""2026-07-20"", ""2026-07-27"", ""2026-08-03"", ""2026-08-10"", ""2026-08-17"", ""2026-08-24"", ""2026-08-31"", ""2026-09-07""]",Poor,0,,10,17-07-2026 15:11
HAPPYSENIOR10,91,13,TwoStage_RF_RF,73.277,83.636,6.113255897,"[0.5706301295991183, 0.4786810505443644, 0.3698170808504096, 0.42270185571589663, 0.4655395054559499, 0.5685618188872814, 0.4777505925884572, 0.4184215289010966, 0.4254882909590093, 0.547420562552532, 0.49936907858392626, 0.4966107185337565, 0.3722636834302526]","[""2026-07-20"", ""2026-07-27"", ""2026-08-03"", ""2026-08-10"", ""2026-08-17"", ""2026-08-24"", ""2026-08-31"", ""2026-09-07"", ""2026-09-14"", ""2026-09-21"", ""2026-09-28"", ""2026-10-05"", ""2026-10-12""]",Poor,0,,10,17-07-2026 15:11
HAPPYSILICA3.8,7,1,ETS,49.035,57.544,0.332405335,[0.33240533506846026],"[""2026-07-20""]",Fair,0,,10,17-07-2026 15:11
HAPPYSILICA3.8,14,2,MovingAverage_4,75.779,100.699,0.70356,"[0.35178, 0.35178]","[""2026-07-20"", ""2026-07-27""]",Unreliable,0,,10,17-07-2026 15:11
HAPPYSILICA3.8,28,4,MovingAverage_4,71.515,91.296,1.40712,"[0.35178, 0.35178, 0.35178, 0.35178]","[""2026-07-20"", ""2026-07-27"", ""2026-08-03"", ""2026-08-10""]",Poor,0,,10,17-07-2026 15:11
HAPPYSILICA3.8,56,8,ExtraTreesRegressor,72.7,105.022,3.681054,"[0.5337384000000004, 0.3062123999999999, 0.6722508000000005, 0.49147799999999997, 0.3204239999999999, 0.6103188000000003, 0.3231539999999999, 0.4234776]","[""2026-07-20"", ""2026-07-27"", ""2026-08-03"", ""2026-08-10"", ""2026-08-17"", ""2026-08-24"", ""2026-08-31"", ""2026-09-07""]",Poor,0,,10,17-07-2026 15:11
HAPPYSILICA3.8,91,13,ExtraTreesRegressor,83.821,118.003,5.7600192,"[0.5337384000000004, 0.3062123999999999, 0.6722508000000005, 0.49147799999999997, 0.3204239999999999, 0.6103188000000003, 0.3231539999999999, 0.4234776, 0.4569552000000001, 0.3075071999999998, 0.39503879999999997, 0.42879720000000004, 0.4906668000000003]","[""2026-07-20"", ""2026-07-27"", ""2026-08-03"", ""2026-08-10"", ""2026-08-17"", ""2026-08-24"", ""2026-08-31"", ""2026-09-07"", ""2026-09-14"", ""2026-09-21"", ""2026-09-28"", ""2026-10-05"", ""2026-10-12""]",Unreliable,0,,10,17-07-2026 15:11
HPREMIUMADULTOHIPO12,7,1,SBA_alpha_01,82.501,82.124,0.449451478,[0.449451477831748],"[""2026-07-20""]",Unreliable,0,,10,17-07-2026 15:11
HPREMIUMADULTOHIPO12,14,2,SBA_alpha_02,87.303,94.847,0.702510468,"[0.35125523424870136, 0.35125523424870136]","[""2026-07-20"", ""2026-07-27""]",Unreliable,0,,10,17-07-2026 15:11
HPREMIUMADULTOHIPO12,28,4,RollingMedian_8,84.357,93.873,1.464,"[0.366, 0.366, 0.366, 0.366]","[""2026-07-20"", ""2026-07-27"", ""2026-08-03"", ""2026-08-10""]",Unreliable,0,,10,17-07-2026 15:11
HPREMIUMADULTOHIPO12,56,8,SBA_alpha_02,87.118,103.563,2.810041874,"[0.35125523424870136, 0.35125523424870136, 0.35125523424870136, 0.35125523424870136, 0.35125523424870136, 0.35125523424870136, 0.35125523424870136, 0.35125523424870136]","[""2026-07-20"", ""2026-07-27"", ""2026-08-03"", ""2026-08-10"", ""2026-08-17"", ""2026-08-24"", ""2026-08-31"", ""2026-09-07""]",Unreliable,0,,10,17-07-2026 15:11
HPREMIUMADULTOHIPO12,91,13,SBA_alpha_02,83.446,101.285,4.566318045,"[0.35125523424870136, 0.35125523424870136, 0.35125523424870136, 0.35125523424870136, 0.35125523424870136, 0.35125523424870136, 0.35125523424870136, 0.35125523424870136, 0.35125523424870136, 0.35125523424870136, 0.35125523424870136, 0.35125523424870136, 0.35125523424870136]","[""2026-07-20"", ""2026-07-27"", ""2026-08-03"", ""2026-08-10"", ""2026-08-17"", ""2026-08-24"", ""2026-08-31"", ""2026-09-07"", ""2026-09-14"", ""2026-09-21"", ""2026-09-28"", ""2026-10-05"", ""2026-10-12""]",Unreliable,0,,10,17-07-2026 15:11
HIPERDOG20,7,1,GradientBoostingRegressor,78.814,138.024,0.071689437,[0.07168943707383392],"[""2026-07-20""]",Unreliable,0,,10,17-07-2026 15:11
HIPERDOG20,14,2,TwoStage_RF_Ridge,99.996,189.443,0.005727231,"[0.0, 0.005727230994269852]","[""2026-07-20"", ""2026-07-27""]",Unreliable,0,,10,17-07-2026 15:11
HIPERDOG20,28,4,NaiveLastValue,100,49.99,0,"[0.0, 0.0, 0.0, 0.0]","[""2026-07-20"", ""2026-07-27"", ""2026-08-03"", ""2026-08-10""]",Unreliable,0,,10,17-07-2026 15:11
HIPERDOG20,56,8,NaiveLastValue,100,24.994,0,"[0.0, 0.0, 0.0, 0.0, 0.0, 0.0, 0.0, 0.0]","[""2026-07-20"", ""2026-07-27"", ""2026-08-03"", ""2026-08-10"", ""2026-08-17"", ""2026-08-24"", ""2026-08-31"", ""2026-09-07""]",Unreliable,0,,10,17-07-2026 15:11
HIPERDOG20,91,13,NaiveLastValue,100,15.381,0,"[0.0, 0.0, 0.0, 0.0, 0.0, 0.0, 0.0, 0.0, 0.0, 0.0, 0.0, 0.0, 0.0]","[""2026-07-20"", ""2026-07-27"", ""2026-08-03"", ""2026-08-10"", ""2026-08-17"", ""2026-08-24"", ""2026-08-31"", ""2026-09-07"", ""2026-09-14"", ""2026-09-21"", ""2026-09-28"", ""2026-10-05"", ""2026-10-12""]",Unreliable,0,,10,17-07-2026 15:11
HIPERDOG3.5,7,1,GradientBoostingRegressor,66.666,133.211,0.000406362,[0.0004063618904625862],"[""2026-07-20""]",Poor,1,LastNonZero,10,17-07-2026 15:11
HIPERDOG3.5,14,2,LastNonZero,66.667,79.929,4.48,"[2.24, 2.24]","[""2026-07-20"", ""2026-07-27""]",Poor,0,,10,17-07-2026 15:11
HIPERDOG3.5,28,4,ZeroForecast,100,49.955,0,"[0.0, 0.0, 0.0, 0.0]","[""2026-07-20"", ""2026-07-27"", ""2026-08-03"", ""2026-08-10""]",Unreliable,0,,10,17-07-2026 15:11
HIPERDOG3.5,56,8,NaiveLastValue,100,24.978,0,"[0.0, 0.0, 0.0, 0.0, 0.0, 0.0, 0.0, 0.0]","[""2026-07-20"", ""2026-07-27"", ""2026-08-03"", ""2026-08-10"", ""2026-08-17"", ""2026-08-24"", ""2026-08-31"", ""2026-09-07""]",Unreliable,0,,10,17-07-2026 15:11
HIPERDOG3.5,91,13,NaiveLastValue,100,15.371,0,"[0.0, 0.0, 0.0, 0.0, 0.0, 0.0, 0.0, 0.0, 0.0, 0.0, 0.0, 0.0, 0.0]","[""2026-07-20"", ""2026-07-27"", ""2026-08-03"", ""2026-08-10"", ""2026-08-17"", ""2026-08-24"", ""2026-08-31"", ""2026-09-07"", ""2026-09-14"", ""2026-09-21"", ""2026-09-28"", ""2026-10-05"", ""2026-10-12""]",Unreliable,0,,10,17-07-2026 15:11
HPREMIUMADULTOHIPO15,7,1,SBA_alpha_02,68.052,85.173,0.348557735,[0.3485577346029542],"[""2026-07-20""]",Poor,0,,10,17-07-2026 15:11
HPREMIUMADULTOHIPO15,14,2,ZeroForecast,100,136.401,0,"[0.0, 0.0]","[""2026-07-20"", ""2026-07-27""]",Unreliable,0,,10,17-07-2026 15:11
HPREMIUMADULTOHIPO15,28,4,ZeroForecast,100,97.141,0,"[0.0, 0.0, 0.0, 0.0]","[""2026-07-20"", ""2026-07-27"", ""2026-08-03"", ""2026-08-10""]",Unreliable,0,,10,17-07-2026 15:11
HPREMIUMADULTOHIPO15,56,8,ZeroForecast,100,53.462,0,"[0.0, 0.0, 0.0, 0.0, 0.0, 0.0, 0.0, 0.0]","[""2026-07-20"", ""2026-07-27"", ""2026-08-03"", ""2026-08-10"", ""2026-08-17"", ""2026-08-24"", ""2026-08-31"", ""2026-09-07""]",Unreliable,0,,10,17-07-2026 15:11
HPREMIUMADULTOHIPO15,91,13,ZeroForecast,100,32.9,0,"[0.0, 0.0, 0.0, 0.0, 0.0, 0.0, 0.0, 0.0, 0.0, 0.0, 0.0, 0.0, 0.0]","[""2026-07-20"", ""2026-07-27"", ""2026-08-03"", ""2026-08-10"", ""2026-08-17"", ""2026-08-24"", ""2026-08-31"", ""2026-09-07"", ""2026-09-14"", ""2026-09-21"", ""2026-09-28"", ""2026-10-05"", ""2026-10-12""]",Unreliable,0,,10,17-07-2026 15:11
HPREMIUMCF15,7,1,SBA_alpha_02,69.047,76.186,0.124713234,[0.1247132335453305],"[""2026-07-20""]",Poor,0,,10,17-07-2026 15:11
HPREMIUMCF15,14,2,ZeroForecast,100,98.357,0,"[0.0, 0.0]","[""2026-07-20"", ""2026-07-27""]",Unreliable,0,,10,17-07-2026 15:11
HPREMIUMCF15,28,4,ZeroForecast,100,69.242,0,"[0.0, 0.0, 0.0, 0.0]","[""2026-07-20"", ""2026-07-27"", ""2026-08-03"", ""2026-08-10""]",Unreliable,0,,10,17-07-2026 15:11
HPREMIUMCF15,56,8,ZeroForecast,100,39.539,0,"[0.0, 0.0, 0.0, 0.0, 0.0, 0.0, 0.0, 0.0]","[""2026-07-20"", ""2026-07-27"", ""2026-08-03"", ""2026-08-10"", ""2026-08-17"", ""2026-08-24"", ""2026-08-31"", ""2026-09-07""]",Unreliable,0,,10,17-07-2026 15:11
HPREMIUMCF15,91,13,ZeroForecast,100,24.332,0,"[0.0, 0.0, 0.0, 0.0, 0.0, 0.0, 0.0, 0.0, 0.0, 0.0, 0.0, 0.0, 0.0]","[""2026-07-20"", ""2026-07-27"", ""2026-08-03"", ""2026-08-10"", ""2026-08-17"", ""2026-08-24"", ""2026-08-31"", ""2026-09-07"", ""2026-09-14"", ""2026-09-21"", ""2026-09-28"", ""2026-10-05"", ""2026-10-12""]",Unreliable,0,,10,17-07-2026 15:11
HPREMIUMCF12,7,1,TwoStage_ET_ET,66.591,93.566,0.151767535,[0.15176753479038518],"[""2026-07-20""]",Poor,0,,10,17-07-2026 15:11
HPREMIUMCF12,14,2,GradientBoostingRegressor,85.341,154.917,0.373734201,"[0.3441605014101271, 0.02957369911078971]","[""2026-07-20"", ""2026-07-27""]",Unreliable,0,,10,17-07-2026 15:11
HPREMIUMCF12,28,4,ZeroForecast,100,48.469,0,"[0.0, 0.0, 0.0, 0.0]","[""2026-07-20"", ""2026-07-27"", ""2026-08-03"", ""2026-08-10""]",Unreliable,0,,10,17-07-2026 15:11
HPREMIUMCF12,56,8,ZeroForecast,100,52.636,0,"[0.0, 0.0, 0.0, 0.0, 0.0, 0.0, 0.0, 0.0]","[""2026-07-20"", ""2026-07-27"", ""2026-08-03"", ""2026-08-10"", ""2026-08-17"", ""2026-08-24"", ""2026-08-31"", ""2026-09-07""]",Unreliable,0,,10,17-07-2026 15:11
HPREMIUMCF12,91,13,ZeroForecast,100,87.607,0,"[0.0, 0.0, 0.0, 0.0, 0.0, 0.0, 0.0, 0.0, 0.0, 0.0, 0.0, 0.0, 0.0]","[""2026-07-20"", ""2026-07-27"", ""2026-08-03"", ""2026-08-10"", ""2026-08-17"", ""2026-08-24"", ""2026-08-31"", ""2026-09-07"", ""2026-09-14"", ""2026-09-21"", ""2026-09-28"", ""2026-10-05"", ""2026-10-12""]",Unreliable,0,,10,17-07-2026 15:11
HPREMIUMADULTOHIPO4,7,1,HuberRegressor,93.32,97.266,0.074490988,[0.07449098784784118],"[""2026-07-20""]",Unreliable,0,,10,17-07-2026 15:11
HPREMIUMADULTOHIPO4,14,2,SeasonalNaive_52,88.983,156.558,0.008,"[0.008, 0.0]","[""2026-07-20"", ""2026-07-27""]",Unreliable,0,,10,17-07-2026 15:11
HPREMIUMADULTOHIPO4,28,4,ZeroForecast,100,98.427,0,"[0.0, 0.0, 0.0, 0.0]","[""2026-07-20"", ""2026-07-27"", ""2026-08-03"", ""2026-08-10""]",Unreliable,0,,10,17-07-2026 15:11
HPREMIUMADULTOHIPO4,56,8,HistGradientBoostingRegressor,84.502,117.506,1.007562488,"[0.2496424744751104, 0.2311337727764093, 0.005125710858464574, 0.11040157546979161, 0.0, 0.2631157339442721, 0.0, 0.14814322063046897]","[""2026-07-20"", ""2026-07-27"", ""2026-08-03"", ""2026-08-10"", ""2026-08-17"", ""2026-08-24"", ""2026-08-31"", ""2026-09-07""]",Unreliable,0,,10,17-07-2026 15:11
HPREMIUMADULTOHIPO4,91,13,RollingMedian_8,99.271,133.8,0.338,"[0.026000000000000002, 0.026000000000000002, 0.026000000000000002, 0.026000000000000002, 0.026000000000000002, 0.026000000000000002, 0.026000000000000002, 0.026000000000000002, 0.026000000000000002, 0.026000000000000002, 0.026000000000000002, 0.026000000000000002, 0.026000000000000002]","[""2026-07-20"", ""2026-07-27"", ""2026-08-03"", ""2026-08-10"", ""2026-08-17"", ""2026-08-24"", ""2026-08-31"", ""2026-09-07"", ""2026-09-14"", ""2026-09-21"", ""2026-09-28"", ""2026-10-05"", ""2026-10-12""]",Unreliable,0,,10,17-07-2026 15:11
HPREMIUMCF4,7,1,TSB_01_01,67.334,65.138,0.022273016,[0.022273016083052325],"[""2026-07-20""]",Poor,0,,10,17-07-2026 15:11
HPREMIUMCF4,14,2,HistGradientBoostingRegressor,77.223,92.076,0.254927339,"[0.07954670070733919, 0.17538063791668212]","[""2026-07-20"", ""2026-07-27""]",Unreliable,0,,10,17-07-2026 15:11
HPREMIUMCF4,28,4,ExtraTreesRegressor,91.303,141.797,0,"[0.0, 0.0, 0.0, 0.0]","[""2026-07-20"", ""2026-07-27"", ""2026-08-03"", ""2026-08-10""]",Unreliable,0,,10,17-07-2026 15:11
HPREMIUMCF4,56,8,ZeroForecast,100,44.521,0,"[0.0, 0.0, 0.0, 0.0, 0.0, 0.0, 0.0, 0.0]","[""2026-07-20"", ""2026-07-27"", ""2026-08-03"", ""2026-08-10"", ""2026-08-17"", ""2026-08-24"", ""2026-08-31"", ""2026-09-07""]",Unreliable,0,,10,17-07-2026 15:11
HPREMIUMCF4,91,13,ZeroForecast,100,27.398,0,"[0.0, 0.0, 0.0, 0.0, 0.0, 0.0, 0.0, 0.0, 0.0, 0.0, 0.0, 0.0, 0.0]","[""2026-07-20"", ""2026-07-27"", ""2026-08-03"", ""2026-08-10"", ""2026-08-17"", ""2026-08-24"", ""2026-08-31"", ""2026-09-07"", ""2026-09-14"", ""2026-09-21"", ""2026-09-28"", ""2026-10-05"", ""2026-10-12""]",Unreliable,0,,10,17-07-2026 15:11
HPREMIUMCFESTERIL1.5,7,1,GradientBoostingRegressor,81.835,88.193,0.160181073,[0.16018107314525212],"[""2026-07-20""]",Unreliable,0,,10,17-07-2026 15:11
HPREMIUMCFESTERIL1.5,14,2,ETS,91.546,112.262,0.14413181,"[0.07206590516181523, 0.07206590516181523]","[""2026-07-20"", ""2026-07-27""]",Unreliable,0,,10,17-07-2026 15:11
HPREMIUMCFESTERIL1.5,28,4,RollingMedian_8,98.034,151.889,0.06,"[0.015, 0.015, 0.015, 0.015]","[""2026-07-20"", ""2026-07-27"", ""2026-08-03"", ""2026-08-10""]",Unreliable,0,,10,17-07-2026 15:11
HPREMIUMCFESTERIL1.5,56,8,RollingMedian_8,97.958,139.089,0.12,"[0.015, 0.015, 0.015, 0.015, 0.015, 0.015, 0.015, 0.015]","[""2026-07-20"", ""2026-07-27"", ""2026-08-03"", ""2026-08-10"", ""2026-08-17"", ""2026-08-24"", ""2026-08-31"", ""2026-09-07""]",Unreliable,0,,10,17-07-2026 15:11
HPREMIUMCFESTERIL1.5,91,13,ZeroForecast,100,125.805,0,"[0.0, 0.0, 0.0, 0.0, 0.0, 0.0, 0.0, 0.0, 0.0, 0.0, 0.0, 0.0, 0.0]","[""2026-07-20"", ""2026-07-27"", ""2026-08-03"", ""2026-08-10"", ""2026-08-17"", ""2026-08-24"", ""2026-08-31"", ""2026-09-07"", ""2026-09-14"", ""2026-09-21"", ""2026-09-28"", ""2026-10-05"", ""2026-10-12""]",Unreliable,0,,10,17-07-2026 15:11
HPREMIUMGF15,7,1,SeasonalNaive_52,55.814,116.847,0,[0.0],"[""2026-07-20""]",Poor,0,,10,17-07-2026 15:11
HPREMIUMGF15,14,2,SeasonalNaive_52,74.058,155.218,0,"[0.0, 0.0]","[""2026-07-20"", ""2026-07-27""]",Poor,0,,10,17-07-2026 15:11
HPREMIUMGF15,28,4,SeasonalNaive_52,96.657,160.791,0,"[0.0, 0.0, 0.0, 0.0]","[""2026-07-20"", ""2026-07-27"", ""2026-08-03"", ""2026-08-10""]",Unreliable,0,,10,17-07-2026 15:11
HPREMIUMGF15,56,8,ZeroForecast,100,59.796,0,"[0.0, 0.0, 0.0, 0.0, 0.0, 0.0, 0.0, 0.0]","[""2026-07-20"", ""2026-07-27"", ""2026-08-03"", ""2026-08-10"", ""2026-08-17"", ""2026-08-24"", ""2026-08-31"", ""2026-09-07""]",Unreliable,0,,10,17-07-2026 15:11
HPREMIUMGF15,91,13,ZeroForecast,100,36.797,0,"[0.0, 0.0, 0.0, 0.0, 0.0, 0.0, 0.0, 0.0, 0.0, 0.0, 0.0, 0.0, 0.0]","[""2026-07-20"", ""2026-07-27"", ""2026-08-03"", ""2026-08-10"", ""2026-08-17"", ""2026-08-24"", ""2026-08-31"", ""2026-09-07"", ""2026-09-14"", ""2026-09-21"", ""2026-09-28"", ""2026-10-05"", ""2026-10-12""]",Unreliable,0,,10,17-07-2026 15:11
HPREMIUMGATINHOSCF1.5,7,1,RollingMedian_8,62.037,58.702,0,[0.0],"[""2026-07-20""]",Poor,0,,10,17-07-2026 15:11
HPREMIUMGATINHOSCF1.5,14,2,HuberRegressor,99.04,125.059,0.009652351,"[0.004831275292867445, 0.004821075628606619]","[""2026-07-20"", ""2026-07-27""]",Unreliable,0,,10,17-07-2026 15:11
HPREMIUMGATINHOSCF1.5,28,4,NaiveLastValue,100,45.869,0,"[0.0, 0.0, 0.0, 0.0]","[""2026-07-20"", ""2026-07-27"", ""2026-08-03"", ""2026-08-10""]",Unreliable,0,,10,17-07-2026 15:11
HPREMIUMGATINHOSCF1.5,56,8,ZeroForecast,100,35.329,0,"[0.0, 0.0, 0.0, 0.0, 0.0, 0.0, 0.0, 0.0]","[""2026-07-20"", ""2026-07-27"", ""2026-08-03"", ""2026-08-10"", ""2026-08-17"", ""2026-08-24"", ""2026-08-31"", ""2026-09-07""]",Unreliable,0,,10,17-07-2026 15:11
HPREMIUMGATINHOSCF1.5,91,13,ZeroForecast,100,61.44,0,"[0.0, 0.0, 0.0, 0.0, 0.0, 0.0, 0.0, 0.0, 0.0, 0.0, 0.0, 0.0, 0.0]","[""2026-07-20"", ""2026-07-27"", ""2026-08-03"", ""2026-08-10"", ""2026-08-17"", ""2026-08-24"", ""2026-08-31"", ""2026-09-07"", ""2026-09-14"", ""2026-09-21"", ""2026-09-28"", ""2026-10-05"", ""2026-10-12""]",Unreliable,0,,10,17-07-2026 15:11
HPREMIUMGATOSALMAO1.5,7,1,HuberRegressor,89.603,81.486,0.011601819,[0.01160181899559201],"[""2026-07-20""]",Unreliable,0,,10,17-07-2026 15:11
HPREMIUMGATOSALMAO1.5,14,2,HuberRegressor,87.668,84.373,0.02317364,"[0.01160181899559201, 0.011571821428025814]","[""2026-07-20"", ""2026-07-27""]",Unreliable,0,,10,17-07-2026 15:11
HPREMIUMGATOSALMAO1.5,28,4,ZeroForecast,100,104.597,0,"[0.0, 0.0, 0.0, 0.0]","[""2026-07-20"", ""2026-07-27"", ""2026-08-03"", ""2026-08-10""]",Unreliable,0,,10,17-07-2026 15:11
HPREMIUMGATOSALMAO1.5,56,8,ZeroForecast,100,80.243,0,"[0.0, 0.0, 0.0, 0.0, 0.0, 0.0, 0.0, 0.0]","[""2026-07-20"", ""2026-07-27"", ""2026-08-03"", ""2026-08-10"", ""2026-08-17"", ""2026-08-24"", ""2026-08-31"", ""2026-09-07""]",Unreliable,0,,10,17-07-2026 15:11
HPREMIUMGATOSALMAO1.5,91,13,ZeroForecast,100,71.929,0,"[0.0, 0.0, 0.0, 0.0, 0.0, 0.0, 0.0, 0.0, 0.0, 0.0, 0.0, 0.0, 0.0]","[""2026-07-20"", ""2026-07-27"", ""2026-08-03"", ""2026-08-10"", ""2026-08-17"", ""2026-08-24"", ""2026-08-31"", ""2026-09-07"", ""2026-09-14"", ""2026-09-21"", ""2026-09-28"", ""2026-10-05"", ""2026-10-12""]",Unreliable,0,,10,17-07-2026 15:11
HPREMIUMGATOLIGHTSENIOR1.5,7,1,sarima,62.57,104.522,0.004636959,[0.00463695899761148],"[""2026-07-20""]",Poor,0,,10,17-07-2026 15:11
HPREMIUMGATOLIGHTSENIOR1.5,14,2,ZeroForecast,100,94.484,0,"[0.0, 0.0]","[""2026-07-20"", ""2026-07-27""]",Unreliable,0,,10,17-07-2026 15:11
HPREMIUMGATOLIGHTSENIOR1.5,28,4,ZeroForecast,100,45.112,0,"[0.0, 0.0, 0.0, 0.0]","[""2026-07-20"", ""2026-07-27"", ""2026-08-03"", ""2026-08-10""]",Unreliable,0,,10,17-07-2026 15:11
HPREMIUMGATOLIGHTSENIOR1.5,56,8,ZeroForecast,100,71.294,0,"[0.0, 0.0, 0.0, 0.0, 0.0, 0.0, 0.0, 0.0]","[""2026-07-20"", ""2026-07-27"", ""2026-08-03"", ""2026-08-10"", ""2026-08-17"", ""2026-08-24"", ""2026-08-31"", ""2026-09-07""]",Unreliable,0,,10,17-07-2026 15:11
HPREMIUMGATOLIGHTSENIOR1.5,91,13,ZeroForecast,100,76.32,0,"[0.0, 0.0, 0.0, 0.0, 0.0, 0.0, 0.0, 0.0, 0.0, 0.0, 0.0, 0.0, 0.0]","[""2026-07-20"", ""2026-07-27"", ""2026-08-03"", ""2026-08-10"", ""2026-08-17"", ""2026-08-24"", ""2026-08-31"", ""2026-09-07"", ""2026-09-14"", ""2026-09-21"", ""2026-09-28"", ""2026-10-05"", ""2026-10-12""]",Unreliable,0,,10,17-07-2026 15:11
HPREMIUMGF12,7,1,ADIDA_8,39.046,41.858,1.014380939,[1.0143809387298819],"[""2026-07-20""]",Fair,0,,10,17-07-2026 15:11
HPREMIUMGF12,14,2,CrostonStyle,56.812,72.809,0.983023863,"[0.4915119313696667, 0.4915119313696667]","[""2026-07-20"", ""2026-07-27""]",Poor,0,,10,17-07-2026 15:11
HPREMIUMGF12,28,4,MovingAverage_8,55.393,62.714,2.784,"[0.6960000000000001, 0.6960000000000001, 0.6960000000000001, 0.6960000000000001]","[""2026-07-20"", ""2026-07-27"", ""2026-08-03"", ""2026-08-10""]",Poor,0,,10,17-07-2026 15:11
HPREMIUMGF12,56,8,MovingAverage_4,46.465,53.202,2.208,"[0.276, 0.276, 0.276, 0.276, 0.276, 0.276, 0.276, 0.276]","[""2026-07-20"", ""2026-07-27"", ""2026-08-03"", ""2026-08-10"", ""2026-08-17"", ""2026-08-24"", ""2026-08-31"", ""2026-09-07""]",Fair,0,,10,17-07-2026 15:11
HPREMIUMGF12,91,13,HuberRegressor,50.032,64.887,9.800492209,"[0.7737473895078311, 0.8060721223960615, 0.8036842082992113, 0.7529006308191637, 0.7423287374893899, 0.7303419366146091, 0.7449528254351339, 0.729025942553841, 0.7373378105850622, 0.7372611555377127, 0.7478937301086563, 0.7459385720237008, 0.7490071474468997]","[""2026-07-20"", ""2026-07-27"", ""2026-08-03"", ""2026-08-10"", ""2026-08-17"", ""2026-08-24"", ""2026-08-31"", ""2026-09-07"", ""2026-09-14"", ""2026-09-21"", ""2026-09-28"", ""2026-10-05"", ""2026-10-12""]",Fair,0,,10,17-07-2026 15:11
HPREMIUMCFESTERIL10,7,1,Ridge,48.62,43.573,0.242703442,[0.24270344206666883],"[""2026-07-20""]",Fair,0,,10,17-07-2026 15:11
HPREMIUMCFESTERIL10,14,2,SBA_alpha_01,60.948,69.813,0.366977795,"[0.18348889741892166, 0.18348889741892166]","[""2026-07-20"", ""2026-07-27""]",Poor,0,,10,17-07-2026 15:11
HPREMIUMCFESTERIL10,28,4,HuberRegressor,59.774,66.88,0.868314841,"[0.20224348379217835, 0.21293773480261538, 0.21880721567846195, 0.2343264062776021]","[""2026-07-20"", ""2026-07-27"", ""2026-08-03"", ""2026-08-10""]",Poor,0,,10,17-07-2026 15:11
HPREMIUMCFESTERIL10,56,8,TwoStage_RF_RF,38.322,49.698,2.543828891,"[0.29667868225607397, 0.26552199848029784, 0.258699812982629, 0.2888170835637107, 0.35722106781666474, 0.39737263198784073, 0.3639557693701591, 0.3155618449667791]","[""2026-07-20"", ""2026-07-27"", ""2026-08-03"", ""2026-08-10"", ""2026-08-17"", ""2026-08-24"", ""2026-08-31"", ""2026-09-07""]",Fair,0,,10,17-07-2026 15:11
HPREMIUMCFESTERIL10,91,13,Ridge,73.001,103.998,3.301170881,"[0.24270344206666883, 0.23933212745433285, 0.25147271405974747, 0.26748160188052905, 0.25678803551412543, 0.24867810899254145, 0.2565690008671928, 0.248524492158773, 0.24876868426426474, 0.25608644870848224, 0.2574953500347479, 0.26129938691206367, 0.26597148800691395]","[""2026-07-20"", ""2026-07-27"", ""2026-08-03"", ""2026-08-10"", ""2026-08-17"", ""2026-08-24"", ""2026-08-31"", ""2026-09-07"", ""2026-09-14"", ""2026-09-21"", ""2026-09-28"", ""2026-10-05"", ""2026-10-12""]",Poor,0,,10,17-07-2026 15:11
HPREMIUMGF4,7,1,SeasonalNaive_52,32.413,96.218,0.032,[0.032],"[""2026-07-20""]",Good,0,,10,17-07-2026 15:11
HPREMIUMGF4,14,2,SeasonalNaive_52,91.628,94.454,0.032,"[0.032, 0.0]","[""2026-07-20"", ""2026-07-27""]",Unreliable,0,,10,17-07-2026 15:11
HPREMIUMGF4,28,4,ZeroForecast,100,77.603,0,"[0.0, 0.0, 0.0, 0.0]","[""2026-07-20"", ""2026-07-27"", ""2026-08-03"", ""2026-08-10""]",Unreliable,0,,10,17-07-2026 15:11
HPREMIUMGF4,56,8,SeasonalNaive_52,48.883,103.112,0.924,"[0.032, 0.0, 0.0, 0.144, 0.0, 0.04, 0.12, 0.588]","[""2026-07-20"", ""2026-07-27"", ""2026-08-03"", ""2026-08-10"", ""2026-08-17"", ""2026-08-24"", ""2026-08-31"", ""2026-09-07""]",Fair,0,,10,17-07-2026 15:11
HPREMIUMGF4,91,13,SeasonalNaive_52,48.293,104.766,3.191,"[0.032, 0.0, 0.0, 0.144, 0.0, 0.04, 0.12, 0.588, 0.0, 0.0, 2.247, 0.02, 0.0]","[""2026-07-20"", ""2026-07-27"", ""2026-08-03"", ""2026-08-10"", ""2026-08-17"", ""2026-08-24"", ""2026-08-31"", ""2026-09-07"", ""2026-09-14"", ""2026-09-21"", ""2026-09-28"", ""2026-10-05"", ""2026-10-12""]",Fair,0,,10,17-07-2026 15:11
HPREMIUMJRCF12,7,1,RandomForestRegressor,23.403,21.636,0.38676,[0.38676],"[""2026-07-20""]",Good,0,,10,17-07-2026 15:11
HPREMIUMJRCF12,14,2,ADIDAStyle_4,63.501,82.903,0.338418,"[0.16920899999999997, 0.16920899999999997]","[""2026-07-20"", ""2026-07-27""]",Poor,0,,10,17-07-2026 15:11
HPREMIUMJRCF12,28,4,ZeroForecast,100,98.969,0,"[0.0, 0.0, 0.0, 0.0]","[""2026-07-20"", ""2026-07-27"", ""2026-08-03"", ""2026-08-10""]",Unreliable,0,,10,17-07-2026 15:11
HPREMIUMJRCF12,56,8,TwoStage_RF_Ridge,76.787,122.354,0.209644193,"[0.03453209098324474, 0.03339349174246295, 0.0333000307096216, 0.02680251815673949, 0.02342240577415658, 0.02102413204976086, 0.01940359908930578, 0.01776592446487608]","[""2026-07-20"", ""2026-07-27"", ""2026-08-03"", ""2026-08-10"", ""2026-08-17"", ""2026-08-24"", ""2026-08-31"", ""2026-09-07""]",Unreliable,0,,10,17-07-2026 15:11
HPREMIUMJRCF12,91,13,RollingMedian_8,98.425,147.09,0.78,"[0.06, 0.06, 0.06, 0.06, 0.06, 0.06, 0.06, 0.06, 0.06, 0.06, 0.06, 0.06, 0.06]","[""2026-07-20"", ""2026-07-27"", ""2026-08-03"", ""2026-08-10"", ""2026-08-17"", ""2026-08-24"", ""2026-08-31"", ""2026-09-07"", ""2026-09-14"", ""2026-09-21"", ""2026-09-28"", ""2026-10-05"", ""2026-10-12""]",Unreliable,0,,10,17-07-2026 15:11
HPREMIUMINSETO10,7,1,SBA_alpha_01,85.375,91.296,0.31987743,[0.31987742957050336],"[""2026-07-20""]",Unreliable,0,,10,17-07-2026 15:11
HPREMIUMINSETO10,14,2,SBA_alpha_01,87.458,99.196,0.639754859,"[0.31987742957050336, 0.31987742957050336]","[""2026-07-20"", ""2026-07-27""]",Unreliable,0,,10,17-07-2026 15:11
HPREMIUMINSETO10,28,4,SBA_alpha_01,91.971,111.497,1.279509718,"[0.31987742957050336, 0.31987742957050336, 0.31987742957050336, 0.31987742957050336]","[""2026-07-20"", ""2026-07-27"", ""2026-08-03"", ""2026-08-10""]",Unreliable,0,,10,17-07-2026 15:11
HPREMIUMINSETO10,56,8,HistGradientBoostingRegressor,57.04,79.315,2.735425965,"[0.0, 0.08255797490740643, 0.404161044243505, 1.0690605740700287, 0.5966872042547909, 0.09343288946521491, 0.2398528649941087, 0.2496734128551409]","[""2026-07-20"", ""2026-07-27"", ""2026-08-03"", ""2026-08-10"", ""2026-08-17"", ""2026-08-24"", ""2026-08-31"", ""2026-09-07""]",Poor,0,,10,17-07-2026 15:11
HPREMIUMINSETO10,91,13,HistGradientBoostingRegressor,82.567,101.268,4.944538754,"[0.0, 0.08255797490740643, 0.404161044243505, 1.0690605740700287, 0.5966872042547909, 0.09343288946521491, 0.2398528649941087, 0.2496734128551409, 0.8263023394078587, 0.6936059479987703, 0.2973447110075769, 0.2054431304923154, 0.18641666021227127]","[""2026-07-20"", ""2026-07-27"", ""2026-08-03"", ""2026-08-10"", ""2026-08-17"", ""2026-08-24"", ""2026-08-31"", ""2026-09-07"", ""2026-09-14"", ""2026-09-21"", ""2026-09-28"", ""2026-10-05"", ""2026-10-12""]",Unreliable,0,,10,17-07-2026 15:11
HPREMIUMJRCF15,7,1,TwoStage_RF_RF,42.165,70.096,0.060639219,[0.06063921892811332],"[""2026-07-20""]",Fair,0,,10,17-07-2026 15:11
HPREMIUMJRCF15,14,2,Ridge,56.908,63.464,0,"[0.0, 0.0]","[""2026-07-20"", ""2026-07-27""]",Poor,0,,10,17-07-2026 15:11
HPREMIUMJRCF15,28,4,Ridge,65.526,46.438,0,"[0.0, 0.0, 0.0, 0.0]","[""2026-07-20"", ""2026-07-27"", ""2026-08-03"", ""2026-08-10""]",Poor,0,,10,17-07-2026 15:11
HPREMIUMJRCF15,56,8,Ridge,65.526,23.219,0,"[0.0, 0.0, 0.0, 0.0, 0.0, 0.0, 0.0, 0.0]","[""2026-07-20"", ""2026-07-27"", ""2026-08-03"", ""2026-08-10"", ""2026-08-17"", ""2026-08-24"", ""2026-08-31"", ""2026-09-07""]",Poor,0,,10,17-07-2026 15:11
HPREMIUMJRCF15,91,13,Ridge,65.526,14.289,0,"[0.0, 0.0, 0.0, 0.0, 0.0, 0.0, 0.0, 0.0, 0.0, 0.0, 0.0, 0.0, 0.0]","[""2026-07-20"", ""2026-07-27"", ""2026-08-03"", ""2026-08-10"", ""2026-08-17"", ""2026-08-24"", ""2026-08-31"", ""2026-09-07"", ""2026-09-14"", ""2026-09-21"", ""2026-09-28"", ""2026-10-05"", ""2026-10-12""]",Poor,0,,10,17-07-2026 15:11
HPREMIUMINSETO4,7,1,TwoStage_RF_Ridge,34.312,37.631,0.187669243,[0.1876692432486693],"[""2026-07-20""]",Good,0,,10,17-07-2026 15:11
HPREMIUMINSETO4,14,2,sarima,57.912,133.917,0.113260655,"[0.05721492653548993, 0.056045728265475034]","[""2026-07-20"", ""2026-07-27""]",Poor,0,,10,17-07-2026 15:11
HPREMIUMINSETO4,28,4,HuberRegressor,93.113,124.217,0.254965069,"[0.06106715644931125, 0.06701237594583177, 0.06282458735148269, 0.0640609495364902]","[""2026-07-20"", ""2026-07-27"", ""2026-08-03"", ""2026-08-10""]",Unreliable,0,,10,17-07-2026 15:11
HPREMIUMINSETO4,56,8,SeasonalNaive_52,75.834,80.797,1.44,"[0.008, 0.0, 0.0, 0.632, 0.544, 0.048, 0.2, 0.008]","[""2026-07-20"", ""2026-07-27"", ""2026-08-03"", ""2026-08-10"", ""2026-08-17"", ""2026-08-24"", ""2026-08-31"", ""2026-09-07""]",Unreliable,0,,10,17-07-2026 15:11
HPREMIUMINSETO4,91,13,SeasonalNaive_52,89.627,103.784,2.124,"[0.008, 0.0, 0.0, 0.632, 0.544, 0.048, 0.2, 0.008, 0.0, 0.0, 0.16, 0.524, 0.0]","[""2026-07-20"", ""2026-07-27"", ""2026-08-03"", ""2026-08-10"", ""2026-08-17"", ""2026-08-24"", ""2026-08-31"", ""2026-09-07"", ""2026-09-14"", ""2026-09-21"", ""2026-09-28"", ""2026-10-05"", ""2026-10-12""]",Unreliable,0,,10,17-07-2026 15:11
HPREMIUMJRCF4,7,1,SeasonalNaive_52,65.292,122.575,0.008,[0.008],"[""2026-07-20""]",Poor,0,,10,17-07-2026 15:11
HPREMIUMJRCF4,14,2,sarima,63.354,126.264,0.000352685,"[0.0, 0.00035268520220983236]","[""2026-07-20"", ""2026-07-27""]",Poor,0,,10,17-07-2026 15:11
HPREMIUMJRCF4,28,4,ZeroForecast,100,48.053,0,"[0.0, 0.0, 0.0, 0.0]","[""2026-07-20"", ""2026-07-27"", ""2026-08-03"", ""2026-08-10""]",Unreliable,0,,10,17-07-2026 15:11
HPREMIUMJRCF4,56,8,ZeroForecast,100,68.521,0,"[0.0, 0.0, 0.0, 0.0, 0.0, 0.0, 0.0, 0.0]","[""2026-07-20"", ""2026-07-27"", ""2026-08-03"", ""2026-08-10"", ""2026-08-17"", ""2026-08-24"", ""2026-08-31"", ""2026-09-07""]",Unreliable,0,,10,17-07-2026 15:11
HPREMIUMJRCF4,91,13,HistGradientBoostingRegressor,89.488,89.16,0.714611449,"[0.23083405192286488, 0.0676191678967311, 0.03203507615464939, 0.0, 0.0, 0.07198384254575332, 0.10093318433730461, 0.0, 0.04974902773026185, 0.0, 0.1000649496374839, 0.04825701064020911, 0.013135138219700932]","[""2026-07-20"", ""2026-07-27"", ""2026-08-03"", ""2026-08-10"", ""2026-08-17"", ""2026-08-24"", ""2026-08-31"", ""2026-09-07"", ""2026-09-14"", ""2026-09-21"", ""2026-09-28"", ""2026-10-05"", ""2026-10-12""]",Unreliable,0,,10,17-07-2026 15:11
HPREMIUMRGCF12,7,1,HuberRegressor,60.479,57.257,0.249786886,[0.24978688646095093],"[""2026-07-20""]",Poor,0,,10,17-07-2026 15:11
HPREMIUMRGCF12,14,2,sarima,74.131,49.304,0,"[0.0, 0.0]","[""2026-07-20"", ""2026-07-27""]",Poor,0,,10,17-07-2026 15:11
HPREMIUMRGCF12,28,4,NaiveLastValue,100,49.487,0,"[0.0, 0.0, 0.0, 0.0]","[""2026-07-20"", ""2026-07-27"", ""2026-08-03"", ""2026-08-10""]",Unreliable,0,,10,17-07-2026 15:11
HPREMIUMRGCF12,56,8,ZeroForecast,100,54.475,0,"[0.0, 0.0, 0.0, 0.0, 0.0, 0.0, 0.0, 0.0]","[""2026-07-20"", ""2026-07-27"", ""2026-08-03"", ""2026-08-10"", ""2026-08-17"", ""2026-08-24"", ""2026-08-31"", ""2026-09-07""]",Unreliable,0,,10,17-07-2026 15:11
HPREMIUMRGCF12,91,13,ZeroForecast,100,103.521,0,"[0.0, 0.0, 0.0, 0.0, 0.0, 0.0, 0.0, 0.0, 0.0, 0.0, 0.0, 0.0, 0.0]","[""2026-07-20"", ""2026-07-27"", ""2026-08-03"", ""2026-08-10"", ""2026-08-17"", ""2026-08-24"", ""2026-08-31"", ""2026-09-07"", ""2026-09-14"", ""2026-09-21"", ""2026-09-28"", ""2026-10-05"", ""2026-10-12""]",Unreliable,0,,10,17-07-2026 15:11
HPREMIUMRGCF15,7,1,SBA_alpha_01,83.749,67.012,0.365396215,[0.365396215390847],"[""2026-07-20""]",Unreliable,0,,10,17-07-2026 15:11
HPREMIUMRGCF15,14,2,CrostonStyle,96.621,118.66,0.862415104,"[0.43120755180608006, 0.43120755180608006]","[""2026-07-20"", ""2026-07-27""]",Unreliable,0,,10,17-07-2026 15:11
HPREMIUMRGCF15,28,4,SBA_alpha_02,99.622,139.515,1.753982789,"[0.43849569721213655, 0.43849569721213655, 0.43849569721213655, 0.43849569721213655]","[""2026-07-20"", ""2026-07-27"", ""2026-08-03"", ""2026-08-10""]",Unreliable,0,,10,17-07-2026 15:11
HPREMIUMRGCF15,56,8,ZeroForecast,100,59.567,0,"[0.0, 0.0, 0.0, 0.0, 0.0, 0.0, 0.0, 0.0]","[""2026-07-20"", ""2026-07-27"", ""2026-08-03"", ""2026-08-10"", ""2026-08-17"", ""2026-08-24"", ""2026-08-31"", ""2026-09-07""]",Unreliable,0,,10,17-07-2026 15:11
HPREMIUMRGCF15,91,13,ZeroForecast,100,36.657,0,"[0.0, 0.0, 0.0, 0.0, 0.0, 0.0, 0.0, 0.0, 0.0, 0.0, 0.0, 0.0, 0.0]","[""2026-07-20"", ""2026-07-27"", ""2026-08-03"", ""2026-08-10"", ""2026-08-17"", ""2026-08-24"", ""2026-08-31"", ""2026-09-07"", ""2026-09-14"", ""2026-09-21"", ""2026-09-28"", ""2026-10-05"", ""2026-10-12""]",Unreliable,0,,10,17-07-2026 15:11
HPREMIUMLIGHTSENIORCF15,7,1,MovingAverage_8,41.992,50.585,0.1575,[0.1575],"[""2026-07-20""]",Fair,0,,10,17-07-2026 15:11
HPREMIUMLIGHTSENIORCF15,14,2,SBA_alpha_01,73.002,88.879,0.416618719,"[0.20830935961356978, 0.20830935961356978]","[""2026-07-20"", ""2026-07-27""]",Poor,0,,10,17-07-2026 15:11
HPREMIUMLIGHTSENIORCF15,28,4,SBA_alpha_02,81.447,102.435,0.675957907,"[0.16898947675085033, 0.16898947675085033, 0.16898947675085033, 0.16898947675085033]","[""2026-07-20"", ""2026-07-27"", ""2026-08-03"", ""2026-08-10""]",Unreliable,0,,10,17-07-2026 15:11
HPREMIUMLIGHTSENIORCF15,56,8,RollingMedian_8,97.953,125.647,0.3,"[0.0375, 0.0375, 0.0375, 0.0375, 0.0375, 0.0375, 0.0375, 0.0375]","[""2026-07-20"", ""2026-07-27"", ""2026-08-03"", ""2026-08-10"", ""2026-08-17"", ""2026-08-24"", ""2026-08-31"", ""2026-09-07""]",Unreliable,0,,10,17-07-2026 15:11
HPREMIUMLIGHTSENIORCF15,91,13,SBA_alpha_02,88.888,114.672,2.196863198,"[0.16898947675085033, 0.16898947675085033, 0.16898947675085033, 0.16898947675085033, 0.16898947675085033, 0.16898947675085033, 0.16898947675085033, 0.16898947675085033, 0.16898947675085033, 0.16898947675085033, 0.16898947675085033, 0.16898947675085033, 0.16898947675085033]","[""2026-07-20"", ""2026-07-27"", ""2026-08-03"", ""2026-08-10"", ""2026-08-17"", ""2026-08-24"", ""2026-08-31"", ""2026-09-07"", ""2026-09-14"", ""2026-09-21"", ""2026-09-28"", ""2026-10-05"", ""2026-10-12""]",Unreliable,0,,10,17-07-2026 15:11
HPREMIUMLIGHTSENIORCF4,7,1,SBA_alpha_01,62.661,64.189,0.032964858,[0.03296485787393636],"[""2026-07-20""]",Poor,0,,10,17-07-2026 15:11
HPREMIUMLIGHTSENIORCF4,14,2,sarima,96.503,136.536,0,"[0.0, 0.0]","[""2026-07-20"", ""2026-07-27""]",Unreliable,0,,10,17-07-2026 15:11
HPREMIUMLIGHTSENIORCF4,28,4,ZeroForecast,100,66.693,0,"[0.0, 0.0, 0.0, 0.0]","[""2026-07-20"", ""2026-07-27"", ""2026-08-03"", ""2026-08-10""]",Unreliable,0,,10,17-07-2026 15:11
HPREMIUMLIGHTSENIORCF4,56,8,ZeroForecast,100,56.859,0,"[0.0, 0.0, 0.0, 0.0, 0.0, 0.0, 0.0, 0.0]","[""2026-07-20"", ""2026-07-27"", ""2026-08-03"", ""2026-08-10"", ""2026-08-17"", ""2026-08-24"", ""2026-08-31"", ""2026-09-07""]",Unreliable,0,,10,17-07-2026 15:11
HPREMIUMLIGHTSENIORCF4,91,13,ZeroForecast,100,75.782,0,"[0.0, 0.0, 0.0, 0.0, 0.0, 0.0, 0.0, 0.0, 0.0, 0.0, 0.0, 0.0, 0.0]","[""2026-07-20"", ""2026-07-27"", ""2026-08-03"", ""2026-08-10"", ""2026-08-17"", ""2026-08-24"", ""2026-08-31"", ""2026-09-07"", ""2026-09-14"", ""2026-09-21"", ""2026-09-28"", ""2026-10-05"", ""2026-10-12""]",Unreliable,0,,10,17-07-2026 15:11
HPREMIUMRPCF10,7,1,SeasonalNaive_52,68.644,146.823,0.1,[0.1],"[""2026-07-20""]",Poor,0,,10,17-07-2026 15:11
HPREMIUMRPCF10,14,2,Ridge,94.114,123.282,0.261948909,"[0.1248322606048923, 0.1371166483790982]","[""2026-07-20"", ""2026-07-27""]",Unreliable,0,,10,17-07-2026 15:11
HPREMIUMRPCF10,28,4,HuberRegressor,98.202,135.816,0.022253715,"[0.0008781850087701513, 0.007331754242812547, 0.0070943758790766, 0.006949400042807877]","[""2026-07-20"", ""2026-07-27"", ""2026-08-03"", ""2026-08-10""]",Unreliable,0,,10,17-07-2026 15:11
HPREMIUMRPCF10,56,8,ZeroForecast,100,97.359,0,"[0.0, 0.0, 0.0, 0.0, 0.0, 0.0, 0.0, 0.0]","[""2026-07-20"", ""2026-07-27"", ""2026-08-03"", ""2026-08-10"", ""2026-08-17"", ""2026-08-24"", ""2026-08-31"", ""2026-09-07""]",Unreliable,0,,10,17-07-2026 15:11
HPREMIUMRPCF10,91,13,HuberRegressor,98.581,121.577,0.064210428,"[0.0008781850087701513, 0.007331754242812547, 0.0070943758790766, 0.006949400042807877, 0.0069983524107831915, 0.0, 0.0, 0.0, 0.007010711404244242, 0.007202091837369747, 0.007121635162109265, 0.00694561737829736, 0.006678304648246137]","[""2026-07-20"", ""2026-07-27"", ""2026-08-03"", ""2026-08-10"", ""2026-08-17"", ""2026-08-24"", ""2026-08-31"", ""2026-09-07"", ""2026-09-14"", ""2026-09-21"", ""2026-09-28"", ""2026-10-05"", ""2026-10-12""]",Unreliable,0,,10,17-07-2026 15:11
HPREMIUMRGCF4,7,1,LastNonZero,57.895,68.086,0.016,[0.016],"[""2026-07-20""]",Poor,0,,10,17-07-2026 15:11
HPREMIUMRGCF4,14,2,Ridge,86.221,112.752,0.03487238,"[0.018240733541765426, 0.016631646509729838]","[""2026-07-20"", ""2026-07-27""]",Unreliable,0,,10,17-07-2026 15:11
HPREMIUMRGCF4,28,4,ZeroForecast,100,54.603,0,"[0.0, 0.0, 0.0, 0.0]","[""2026-07-20"", ""2026-07-27"", ""2026-08-03"", ""2026-08-10""]",Unreliable,0,,10,17-07-2026 15:11
HPREMIUMRGCF4,56,8,ZeroForecast,100,50.87,0,"[0.0, 0.0, 0.0, 0.0, 0.0, 0.0, 0.0, 0.0]","[""2026-07-20"", ""2026-07-27"", ""2026-08-03"", ""2026-08-10"", ""2026-08-17"", ""2026-08-24"", ""2026-08-31"", ""2026-09-07""]",Unreliable,0,,10,17-07-2026 15:11
HPREMIUMRGCF4,91,13,NaiveLastValue,100,43.096,0,"[0.0, 0.0, 0.0, 0.0, 0.0, 0.0, 0.0, 0.0, 0.0, 0.0, 0.0, 0.0, 0.0]","[""2026-07-20"", ""2026-07-27"", ""2026-08-03"", ""2026-08-10"", ""2026-08-17"", ""2026-08-24"", ""2026-08-31"", ""2026-09-07"", ""2026-09-14"", ""2026-09-21"", ""2026-09-28"", ""2026-10-05"", ""2026-10-12""]",Unreliable,0,,10,17-07-2026 15:11
HPREMIUMRPCF4,7,1,Ridge,72.628,84.05,0.114128004,[0.11412800394708997],"[""2026-07-20""]",Poor,0,,10,17-07-2026 15:11
HPREMIUMRPCF4,14,2,HuberRegressor,82.794,97.248,0.098249317,"[0.04901693590168359, 0.04923238136696201]","[""2026-07-20"", ""2026-07-27""]",Unreliable,0,,10,17-07-2026 15:11
HPREMIUMRPCF4,28,4,RollingMedian_8,93.867,117.674,0.128,"[0.032, 0.032, 0.032, 0.032]","[""2026-07-20"", ""2026-07-27"", ""2026-08-03"", ""2026-08-10""]",Unreliable,0,,10,17-07-2026 15:11
HPREMIUMRPCF4,56,8,RollingMedian_8,92.742,115.107,0.256,"[0.032, 0.032, 0.032, 0.032, 0.032, 0.032, 0.032, 0.032]","[""2026-07-20"", ""2026-07-27"", ""2026-08-03"", ""2026-08-10"", ""2026-08-17"", ""2026-08-24"", ""2026-08-31"", ""2026-09-07""]",Unreliable,0,,10,17-07-2026 15:11
HPREMIUMRPCF4,91,13,RollingMedian_8,92.9,118.951,0.416,"[0.032, 0.032, 0.032, 0.032, 0.032, 0.032, 0.032, 0.032, 0.032, 0.032, 0.032, 0.032, 0.032]","[""2026-07-20"", ""2026-07-27"", ""2026-08-03"", ""2026-08-10"", ""2026-08-17"", ""2026-08-24"", ""2026-08-31"", ""2026-09-07"", ""2026-09-14"", ""2026-09-21"", ""2026-09-28"", ""2026-10-05"", ""2026-10-12""]",Unreliable,0,,10,17-07-2026 15:11
IFSADULTOMIX12,7,1,SBA_alpha_01,61.772,84.052,1.089391934,[1.0893919337874904],"[""2026-07-20""]",Poor,0,,10,17-07-2026 15:11
IFSADULTOMIX12,14,2,Ridge,99.266,180.61,1.64315859,"[0.29831560816092173, 1.3448429822475678]","[""2026-07-20"", ""2026-07-27""]",Unreliable,0,,10,17-07-2026 15:11
IFSADULTOMIX12,28,4,NaiveLastValue,100,49.987,0,"[0.0, 0.0, 0.0, 0.0]","[""2026-07-20"", ""2026-07-27"", ""2026-08-03"", ""2026-08-10""]",Unreliable,0,,10,17-07-2026 15:11
IFSADULTOMIX12,56,8,NaiveLastValue,100,24.995,0,"[0.0, 0.0, 0.0, 0.0, 0.0, 0.0, 0.0, 0.0]","[""2026-07-20"", ""2026-07-27"", ""2026-08-03"", ""2026-08-10"", ""2026-08-17"", ""2026-08-24"", ""2026-08-31"", ""2026-09-07""]",Unreliable,0,,10,17-07-2026 15:11
IFSADULTOMIX12,91,13,NaiveLastValue,100,15.382,0,"[0.0, 0.0, 0.0, 0.0, 0.0, 0.0, 0.0, 0.0, 0.0, 0.0, 0.0, 0.0, 0.0]","[""2026-07-20"", ""2026-07-27"", ""2026-08-03"", ""2026-08-10"", ""2026-08-17"", ""2026-08-24"", ""2026-08-31"", ""2026-09-07"", ""2026-09-14"", ""2026-09-21"", ""2026-09-28"", ""2026-10-05"", ""2026-10-12""]",Unreliable,0,,10,17-07-2026 15:11
IFSADULTOMIX20,7,1,LastNonZero,39.681,42.031,21.16,[21.16],"[""2026-07-20""]",Fair,0,,10,17-07-2026 15:11
IFSADULTOMIX20,14,2,arima,99.299,178.74,0.838035062,"[0.4190175310246365, 0.41901753080693205]","[""2026-07-20"", ""2026-07-27""]",Unreliable,0,,10,17-07-2026 15:11
IFSADULTOMIX20,28,4,NaiveLastValue,100,49.995,0,"[0.0, 0.0, 0.0, 0.0]","[""2026-07-20"", ""2026-07-27"", ""2026-08-03"", ""2026-08-10""]",Unreliable,0,,10,17-07-2026 15:11
IFSADULTOMIX20,56,8,NaiveLastValue,100,24.998,0,"[0.0, 0.0, 0.0, 0.0, 0.0, 0.0, 0.0, 0.0]","[""2026-07-20"", ""2026-07-27"", ""2026-08-03"", ""2026-08-10"", ""2026-08-17"", ""2026-08-24"", ""2026-08-31"", ""2026-09-07""]",Unreliable,0,,10,17-07-2026 15:11
IFSADULTOMIX20,91,13,NaiveLastValue,100,15.383,0,"[0.0, 0.0, 0.0, 0.0, 0.0, 0.0, 0.0, 0.0, 0.0, 0.0, 0.0, 0.0, 0.0]","[""2026-07-20"", ""2026-07-27"", ""2026-08-03"", ""2026-08-10"", ""2026-08-17"", ""2026-08-24"", ""2026-08-31"", ""2026-09-07"", ""2026-09-14"", ""2026-09-21"", ""2026-09-28"", ""2026-10-05"", ""2026-10-12""]",Unreliable,0,,10,17-07-2026 15:11
HPREMIUMSA4,7,1,TwoStage_ET_ET,77.262,104.799,0.262714572,[0.2627145723979322],"[""2026-07-20""]",Unreliable,0,,10,17-07-2026 15:11
HPREMIUMSA4,14,2,GradientBoostingRegressor,52.874,37.595,0.474064782,"[0.21264152816826015, 0.26142325390897764]","[""2026-07-20"", ""2026-07-27""]",Fair,0,,10,17-07-2026 15:11
HPREMIUMSA4,28,4,RollingMedian_8,98.062,102.678,0.112,"[0.028, 0.028, 0.028, 0.028]","[""2026-07-20"", ""2026-07-27"", ""2026-08-03"", ""2026-08-10""]",Unreliable,0,,10,17-07-2026 15:11
HPREMIUMSA4,56,8,SeasonalNaive_52,80.823,110.795,0.8,"[0.6599999999999999, 0.0, 0.0, 0.0, 0.0, 0.04, 0.092, 0.008]","[""2026-07-20"", ""2026-07-27"", ""2026-08-03"", ""2026-08-10"", ""2026-08-17"", ""2026-08-24"", ""2026-08-31"", ""2026-09-07""]",Unreliable,0,,10,17-07-2026 15:11
HPREMIUMSA4,91,13,SeasonalNaive_52,88.043,128.14,3.136,"[0.6599999999999999, 0.0, 0.0, 0.0, 0.0, 0.04, 0.092, 0.008, 0.0, 0.016, 2.28, 0.04, 0.0]","[""2026-07-20"", ""2026-07-27"", ""2026-08-03"", ""2026-08-10"", ""2026-08-17"", ""2026-08-24"", ""2026-08-31"", ""2026-09-07"", ""2026-09-14"", ""2026-09-21"", ""2026-09-28"", ""2026-10-05"", ""2026-10-12""]",Unreliable,0,,10,17-07-2026 15:11
HPREMIUMSA15,7,1,arima,35.196,37.728,0.916990457,[0.9169904570396162],"[""2026-07-20""]",Fair,0,,10,17-07-2026 15:11
HPREMIUMSA15,14,2,ADIDAStyle_4,75.301,96.952,1.27185,"[0.6359249999999999, 0.6359249999999999]","[""2026-07-20"", ""2026-07-27""]",Unreliable,0,,10,17-07-2026 15:11
HPREMIUMSA15,28,4,HistGradientBoostingRegressor,73.489,101.898,4.315206597,"[0.0, 0.6821582776733813, 1.2213954506659779, 2.4116528686193037]","[""2026-07-20"", ""2026-07-27"", ""2026-08-03"", ""2026-08-10""]",Poor,0,,10,17-07-2026 15:11
HPREMIUMSA15,56,8,ExtraTreesRegressor,74.343,90.473,5.95425,"[0.5338499999999999, 0.6463500000000002, 0.7884000000000003, 0.70845, 0.65565, 0.8901, 0.8096999999999999, 0.9217499999999997]","[""2026-07-20"", ""2026-07-27"", ""2026-08-03"", ""2026-08-10"", ""2026-08-17"", ""2026-08-24"", ""2026-08-31"", ""2026-09-07""]",Poor,0,,10,17-07-2026 15:11
HPREMIUMSA15,91,13,SBA_alpha_01,79.347,92.358,5.469377411,"[0.4207213393426057, 0.4207213393426057, 0.4207213393426057, 0.4207213393426057, 0.4207213393426057, 0.4207213393426057, 0.4207213393426057, 0.4207213393426057, 0.4207213393426057, 0.4207213393426057, 0.4207213393426057, 0.4207213393426057, 0.4207213393426057]","[""2026-07-20"", ""2026-07-27"", ""2026-08-03"", ""2026-08-10"", ""2026-08-17"", ""2026-08-24"", ""2026-08-31"", ""2026-09-07"", ""2026-09-14"", ""2026-09-21"", ""2026-09-28"", ""2026-10-05"", ""2026-10-12""]",Unreliable,0,,10,17-07-2026 15:11
IFSGATO20,7,1,LastNonZero,58.491,65.906,7.8,[7.8],"[""2026-07-20""]",Poor,0,,10,17-07-2026 15:11
IFSGATO20,14,2,sarima,99.383,97.583,2.51E-35,"[1.2649430534978198e-35, 1.242398326764926e-35]","[""2026-07-20"", ""2026-07-27""]",Unreliable,0,,10,17-07-2026 15:11
IFSGATO20,28,4,NaiveLastValue,100,49.983,0,"[0.0, 0.0, 0.0, 0.0]","[""2026-07-20"", ""2026-07-27"", ""2026-08-03"", ""2026-08-10""]",Unreliable,0,,10,17-07-2026 15:11
IFSGATO20,56,8,NaiveLastValue,100,24.994,0,"[0.0, 0.0, 0.0, 0.0, 0.0, 0.0, 0.0, 0.0]","[""2026-07-20"", ""2026-07-27"", ""2026-08-03"", ""2026-08-10"", ""2026-08-17"", ""2026-08-24"", ""2026-08-31"", ""2026-09-07""]",Unreliable,0,,10,17-07-2026 15:11
IFSGATO20,91,13,NaiveLastValue,100,15.381,0,"[0.0, 0.0, 0.0, 0.0, 0.0, 0.0, 0.0, 0.0, 0.0, 0.0, 0.0, 0.0, 0.0]","[""2026-07-20"", ""2026-07-27"", ""2026-08-03"", ""2026-08-10"", ""2026-08-17"", ""2026-08-24"", ""2026-08-31"", ""2026-09-07"", ""2026-09-14"", ""2026-09-21"", ""2026-09-28"", ""2026-10-05"", ""2026-10-12""]",Unreliable,0,,10,17-07-2026 15:11
IFSAE15,7,1,LastNonZero,43.503,46.39,11.4975,[11.4975],"[""2026-07-20""]",Fair,0,,10,17-07-2026 15:11
IFSAE15,14,2,GradientBoostingRegressor,93.945,178.388,0.012577066,"[0.0, 0.0125770657833026]","[""2026-07-20"", ""2026-07-27""]",Unreliable,0,,10,17-07-2026 15:11
IFSAE15,28,4,Ridge,98.13,96.32,0.338673347,"[0.0, 0.06855589821358915, 0.24435730186982588, 0.025760146469778922]","[""2026-07-20"", ""2026-07-27"", ""2026-08-03"", ""2026-08-10""]",Unreliable,0,,10,17-07-2026 15:11
IFSAE15,56,8,ZeroForecast,100,24.996,0,"[0.0, 0.0, 0.0, 0.0, 0.0, 0.0, 0.0, 0.0]","[""2026-07-20"", ""2026-07-27"", ""2026-08-03"", ""2026-08-10"", ""2026-08-17"", ""2026-08-24"", ""2026-08-31"", ""2026-09-07""]",Unreliable,0,,10,17-07-2026 15:11
IFSAE15,91,13,ZeroForecast,100,15.382,0,"[0.0, 0.0, 0.0, 0.0, 0.0, 0.0, 0.0, 0.0, 0.0, 0.0, 0.0, 0.0, 0.0]","[""2026-07-20"", ""2026-07-27"", ""2026-08-03"", ""2026-08-10"", ""2026-08-17"", ""2026-08-24"", ""2026-08-31"", ""2026-09-07"", ""2026-09-14"", ""2026-09-21"", ""2026-09-28"", ""2026-10-05"", ""2026-10-12""]",Unreliable,0,,10,17-07-2026 15:11
IFSJR4,7,1,LastNonZero,10,13.319,1.28,[1.28],"[""2026-07-20""]",Excellent,0,,10,17-07-2026 15:11
IFSJR4,14,2,SeasonalNaive_52,80,79.875,0,"[0.0, 0.0]","[""2026-07-20"", ""2026-07-27""]",Unreliable,0,,10,17-07-2026 15:11
IFSJR4,28,4,NaiveLastValue,100,49.922,0,"[0.0, 0.0, 0.0, 0.0]","[""2026-07-20"", ""2026-07-27"", ""2026-08-03"", ""2026-08-10""]",Unreliable,0,,10,17-07-2026 15:11
IFSJR4,56,8,NaiveLastValue,100,24.961,0,"[0.0, 0.0, 0.0, 0.0, 0.0, 0.0, 0.0, 0.0]","[""2026-07-20"", ""2026-07-27"", ""2026-08-03"", ""2026-08-10"", ""2026-08-17"", ""2026-08-24"", ""2026-08-31"", ""2026-09-07""]",Unreliable,0,,10,17-07-2026 15:11
IFSJR4,91,13,NaiveLastValue,100,15.361,0,"[0.0, 0.0, 0.0, 0.0, 0.0, 0.0, 0.0, 0.0, 0.0, 0.0, 0.0, 0.0, 0.0]","[""2026-07-20"", ""2026-07-27"", ""2026-08-03"", ""2026-08-10"", ""2026-08-17"", ""2026-08-24"", ""2026-08-31"", ""2026-09-07"", ""2026-09-14"", ""2026-09-21"", ""2026-09-28"", ""2026-10-05"", ""2026-10-12""]",Unreliable,0,,10,17-07-2026 15:11
JACKPETADULTO20,7,1,LastNonZero,71.429,68.813,8.16,[8.16],"[""2026-07-20""]",Poor,0,,10,17-07-2026 15:11
JACKPETADULTO20,14,2,RecentWeightedAverage,95.867,98.651,4.896,"[2.448, 2.448]","[""2026-07-20"", ""2026-07-27""]",Unreliable,0,,10,17-07-2026 15:11
JACKPETADULTO20,28,4,ZeroForecast,100,69.893,0,"[0.0, 0.0, 0.0, 0.0]","[""2026-07-20"", ""2026-07-27"", ""2026-08-03"", ""2026-08-10""]",Unreliable,0,,10,17-07-2026 15:11
JACKPETADULTO20,56,8,ZeroForecast,100,59.904,0,"[0.0, 0.0, 0.0, 0.0, 0.0, 0.0, 0.0, 0.0]","[""2026-07-20"", ""2026-07-27"", ""2026-08-03"", ""2026-08-10"", ""2026-08-17"", ""2026-08-24"", ""2026-08-31"", ""2026-09-07""]",Unreliable,0,,10,17-07-2026 15:11
JACKPETADULTO20,91,13,ZeroForecast,100,67.601,0,"[0.0, 0.0, 0.0, 0.0, 0.0, 0.0, 0.0, 0.0, 0.0, 0.0, 0.0, 0.0, 0.0]","[""2026-07-20"", ""2026-07-27"", ""2026-08-03"", ""2026-08-10"", ""2026-08-17"", ""2026-08-24"", ""2026-08-31"", ""2026-09-07"", ""2026-09-14"", ""2026-09-21"", ""2026-09-28"", ""2026-10-05"", ""2026-10-12""]",Unreliable,0,,10,17-07-2026 15:11
IFSJR12,7,1,LastNonZero,48.78,44.856,4.32,[4.32],"[""2026-07-20""]",Fair,0,,10,17-07-2026 15:11
IFSJR12,14,2,SeasonalNaive_52,88.571,79.969,0,"[0.0, 0.0]","[""2026-07-20"", ""2026-07-27""]",Unreliable,0,,10,17-07-2026 15:11
IFSJR12,28,4,NaiveLastValue,100,49.977,0,"[0.0, 0.0, 0.0, 0.0]","[""2026-07-20"", ""2026-07-27"", ""2026-08-03"", ""2026-08-10""]",Unreliable,0,,10,17-07-2026 15:11
IFSJR12,56,8,NaiveLastValue,100,24.988,0,"[0.0, 0.0, 0.0, 0.0, 0.0, 0.0, 0.0, 0.0]","[""2026-07-20"", ""2026-07-27"", ""2026-08-03"", ""2026-08-10"", ""2026-08-17"", ""2026-08-24"", ""2026-08-31"", ""2026-09-07""]",Unreliable,0,,10,17-07-2026 15:11
IFSJR12,91,13,NaiveLastValue,100,15.377,0,"[0.0, 0.0, 0.0, 0.0, 0.0, 0.0, 0.0, 0.0, 0.0, 0.0, 0.0, 0.0, 0.0]","[""2026-07-20"", ""2026-07-27"", ""2026-08-03"", ""2026-08-10"", ""2026-08-17"", ""2026-08-24"", ""2026-08-31"", ""2026-09-07"", ""2026-09-14"", ""2026-09-21"", ""2026-09-28"", ""2026-10-05"", ""2026-10-12""]",Unreliable,0,,10,17-07-2026 15:11
JACKPETADULTO4,7,1,HistGradientBoostingRegressor,88.742,111.48,0.355107571,[0.3551075712938656],"[""2026-07-20""]",Unreliable,0,,10,17-07-2026 15:11
JACKPETADULTO4,14,2,sarima,76.158,98.487,0,"[0.0, 0.0]","[""2026-07-20"", ""2026-07-27""]",Unreliable,0,,10,17-07-2026 15:11
JACKPETADULTO4,28,4,ZeroForecast,100,48.592,0,"[0.0, 0.0, 0.0, 0.0]","[""2026-07-20"", ""2026-07-27"", ""2026-08-03"", ""2026-08-10""]",Unreliable,0,,10,17-07-2026 15:11
JACKPETADULTO4,56,8,ZeroForecast,100,48.899,0,"[0.0, 0.0, 0.0, 0.0, 0.0, 0.0, 0.0, 0.0]","[""2026-07-20"", ""2026-07-27"", ""2026-08-03"", ""2026-08-10"", ""2026-08-17"", ""2026-08-24"", ""2026-08-31"", ""2026-09-07""]",Unreliable,0,,10,17-07-2026 15:11
JACKPETADULTO4,91,13,ZeroForecast,100,42.388,0,"[0.0, 0.0, 0.0, 0.0, 0.0, 0.0, 0.0, 0.0, 0.0, 0.0, 0.0, 0.0, 0.0]","[""2026-07-20"", ""2026-07-27"", ""2026-08-03"", ""2026-08-10"", ""2026-08-17"", ""2026-08-24"", ""2026-08-31"", ""2026-09-07"", ""2026-09-14"", ""2026-09-21"", ""2026-09-28"", ""2026-10-05"", ""2026-10-12""]",Unreliable,0,,10,17-07-2026 15:11
JACKPETAP20,7,1,TSBStyle_01_01,52.751,47.665,0.700571532,[0.7005715319700789],"[""2026-07-20""]",Fair,0,,10,17-07-2026 15:11
JACKPETAP20,14,2,sarima,97.741,156.209,1.790727665,"[0.8202512778523479, 0.970476387137768]","[""2026-07-20"", ""2026-07-27""]",Unreliable,0,,10,17-07-2026 15:11
JACKPETAP20,28,4,NaiveLastValue,100,69.772,0,"[0.0, 0.0, 0.0, 0.0]","[""2026-07-20"", ""2026-07-27"", ""2026-08-03"", ""2026-08-10""]",Unreliable,0,,10,17-07-2026 15:11
JACKPETAP20,56,8,ZeroForecast,100,54.843,0,"[0.0, 0.0, 0.0, 0.0, 0.0, 0.0, 0.0, 0.0]","[""2026-07-20"", ""2026-07-27"", ""2026-08-03"", ""2026-08-10"", ""2026-08-17"", ""2026-08-24"", ""2026-08-31"", ""2026-09-07""]",Unreliable,0,,10,17-07-2026 15:11
JACKPETAP20,91,13,ZeroForecast,100,67.532,0,"[0.0, 0.0, 0.0, 0.0, 0.0, 0.0, 0.0, 0.0, 0.0, 0.0, 0.0, 0.0, 0.0]","[""2026-07-20"", ""2026-07-27"", ""2026-08-03"", ""2026-08-10"", ""2026-08-17"", ""2026-08-24"", ""2026-08-31"", ""2026-09-07"", ""2026-09-14"", ""2026-09-21"", ""2026-09-28"", ""2026-10-05"", ""2026-10-12""]",Unreliable,0,,10,17-07-2026 15:11
JACKPETGATO20,7,1,MovingAverage_8,71.908,64.363,1.4475,[1.4474999999999998],"[""2026-07-20""]",Poor,0,,10,17-07-2026 15:11
JACKPETGATO20,14,2,sarima,89.562,149.958,5.530101356,"[2.7652600246329744, 2.764841330966548]","[""2026-07-20"", ""2026-07-27""]",Unreliable,0,,10,17-07-2026 15:11
JACKPETGATO20,28,4,sarima,93.954,79.021,11.34626732,"[2.7652600246329744, 2.764841330966548, 3.0512217263500974, 2.7649442352698426]","[""2026-07-20"", ""2026-07-27"", ""2026-08-03"", ""2026-08-10""]",Unreliable,0,,10,17-07-2026 15:11
JACKPETGATO20,56,8,ZeroForecast,100,79.809,0,"[0.0, 0.0, 0.0, 0.0, 0.0, 0.0, 0.0, 0.0]","[""2026-07-20"", ""2026-07-27"", ""2026-08-03"", ""2026-08-10"", ""2026-08-17"", ""2026-08-24"", ""2026-08-31"", ""2026-09-07""]",Unreliable,0,,10,17-07-2026 15:11
JACKPETGATO20,91,13,ZeroForecast,100,67.55,0,"[0.0, 0.0, 0.0, 0.0, 0.0, 0.0, 0.0, 0.0, 0.0, 0.0, 0.0, 0.0, 0.0]","[""2026-07-20"", ""2026-07-27"", ""2026-08-03"", ""2026-08-10"", ""2026-08-17"", ""2026-08-24"", ""2026-08-31"", ""2026-09-07"", ""2026-09-14"", ""2026-09-21"", ""2026-09-28"", ""2026-10-05"", ""2026-10-12""]",Unreliable,0,,10,17-07-2026 15:11
JACKPETGATO4,7,1,CrostonStyle_alpha_02,88.247,104.807,0.249048198,[0.24904819765428096],"[""2026-07-20""]",Unreliable,0,,10,17-07-2026 15:11
JACKPETGATO4,14,2,GradientBoostingRegressor,96.713,168.994,0,"[0.0, 0.0]","[""2026-07-20"", ""2026-07-27""]",Unreliable,0,,10,17-07-2026 15:11
JACKPETGATO4,28,4,ZeroForecast,100,49.746,0,"[0.0, 0.0, 0.0, 0.0]","[""2026-07-20"", ""2026-07-27"", ""2026-08-03"", ""2026-08-10""]",Unreliable,0,,10,17-07-2026 15:11
JACKPETGATO4,56,8,ZeroForecast,100,24.873,0,"[0.0, 0.0, 0.0, 0.0, 0.0, 0.0, 0.0, 0.0]","[""2026-07-20"", ""2026-07-27"", ""2026-08-03"", ""2026-08-10"", ""2026-08-17"", ""2026-08-24"", ""2026-08-31"", ""2026-09-07""]",Unreliable,0,,10,17-07-2026 15:11
JACKPETGATO4,91,13,ZeroForecast,100,45.684,0,"[0.0, 0.0, 0.0, 0.0, 0.0, 0.0, 0.0, 0.0, 0.0, 0.0, 0.0, 0.0, 0.0]","[""2026-07-20"", ""2026-07-27"", ""2026-08-03"", ""2026-08-10"", ""2026-08-17"", ""2026-08-24"", ""2026-08-31"", ""2026-09-07"", ""2026-09-14"", ""2026-09-21"", ""2026-09-28"", ""2026-10-05"", ""2026-10-12""]",Unreliable,0,,10,17-07-2026 15:11
JACKPETMIX20,7,1,LastNonZero,13.842,13.062,10.2,[10.200000000000001],"[""2026-07-20""]",Excellent,0,,10,17-07-2026 15:11
JACKPETMIX20,14,2,arima,99.982,194.562,0.654925733,"[0.3274628664936443, 0.3274628664936443]","[""2026-07-20"", ""2026-07-27""]",Unreliable,0,,10,17-07-2026 15:11
JACKPETMIX20,28,4,NaiveLastValue,100,49.991,0,"[0.0, 0.0, 0.0, 0.0]","[""2026-07-20"", ""2026-07-27"", ""2026-08-03"", ""2026-08-10""]",Unreliable,0,,10,17-07-2026 15:11
JACKPETMIX20,56,8,NaiveLastValue,100,24.996,0,"[0.0, 0.0, 0.0, 0.0, 0.0, 0.0, 0.0, 0.0]","[""2026-07-20"", ""2026-07-27"", ""2026-08-03"", ""2026-08-10"", ""2026-08-17"", ""2026-08-24"", ""2026-08-31"", ""2026-09-07""]",Unreliable,0,,10,17-07-2026 15:11
JACKPETMIX20,91,13,NaiveLastValue,100,15.382,0,"[0.0, 0.0, 0.0, 0.0, 0.0, 0.0, 0.0, 0.0, 0.0, 0.0, 0.0, 0.0, 0.0]","[""2026-07-20"", ""2026-07-27"", ""2026-08-03"", ""2026-08-10"", ""2026-08-17"", ""2026-08-24"", ""2026-08-31"", ""2026-09-07"", ""2026-09-14"", ""2026-09-21"", ""2026-09-28"", ""2026-10-05"", ""2026-10-12""]",Unreliable,0,,10,17-07-2026 15:11
JACKPETJR20,7,1,SeasonalNaive_52,72.758,155.576,14.08,[14.08],"[""2026-07-20""]",Poor,0,,10,17-07-2026 15:11
JACKPETJR20,14,2,SeasonalNaive_52,86.463,101.95,14.08,"[14.08, 0.0]","[""2026-07-20"", ""2026-07-27""]",Unreliable,0,,10,17-07-2026 15:11
JACKPETJR20,28,4,sarima,95.474,80.185,23.81783333,"[9.929379690756011, 4.625237493546366, 4.634159605762109, 4.629056541401335]","[""2026-07-20"", ""2026-07-27"", ""2026-08-03"", ""2026-08-10""]",Unreliable,0,,10,17-07-2026 15:11
JACKPETJR20,56,8,ZeroForecast,100,54.846,0,"[0.0, 0.0, 0.0, 0.0, 0.0, 0.0, 0.0, 0.0]","[""2026-07-20"", ""2026-07-27"", ""2026-08-03"", ""2026-08-10"", ""2026-08-17"", ""2026-08-24"", ""2026-08-31"", ""2026-09-07""]",Unreliable,0,,10,17-07-2026 15:11
JACKPETJR20,91,13,ZeroForecast,100,67.527,0,"[0.0, 0.0, 0.0, 0.0, 0.0, 0.0, 0.0, 0.0, 0.0, 0.0, 0.0, 0.0, 0.0]","[""2026-07-20"", ""2026-07-27"", ""2026-08-03"", ""2026-08-10"", ""2026-08-17"", ""2026-08-24"", ""2026-08-31"", ""2026-09-07"", ""2026-09-14"", ""2026-09-21"", ""2026-09-28"", ""2026-10-05"", ""2026-10-12""]",Unreliable,0,,10,17-07-2026 15:11
JACKPETORIGINAL10,7,1,arima,52.686,45.466,2.39815024,[2.398150240491255],"[""2026-07-20""]",Fair,0,,10,17-07-2026 15:11
JACKPETORIGINAL10,14,2,HistGradientBoostingRegressor,64.512,83.065,5.332520912,"[3.1443513629816, 2.1881695494719344]","[""2026-07-20"", ""2026-07-27""]",Poor,0,,10,17-07-2026 15:11
JACKPETORIGINAL10,28,4,SBA_alpha_01,88.947,119.717,6.341993202,"[1.5854983006245706, 1.5854983006245706, 1.5854983006245706, 1.5854983006245706]","[""2026-07-20"", ""2026-07-27"", ""2026-08-03"", ""2026-08-10""]",Unreliable,0,,10,17-07-2026 15:11
JACKPETORIGINAL10,56,8,SBA_alpha_01,88.196,103.646,12.6839864,"[1.5854983006245706, 1.5854983006245706, 1.5854983006245706, 1.5854983006245706, 1.5854983006245706, 1.5854983006245706, 1.5854983006245706, 1.5854983006245706]","[""2026-07-20"", ""2026-07-27"", ""2026-08-03"", ""2026-08-10"", ""2026-08-17"", ""2026-08-24"", ""2026-08-31"", ""2026-09-07""]",Unreliable,0,,10,17-07-2026 15:11
JACKPETORIGINAL10,91,13,TwoStage_RF_Ridge,87.067,110.433,23.01961837,"[1.8960201539087191, 1.676969094019644, 1.669536648573363, 2.0004032534627063, 1.9257584290102412, 1.744049529537466, 1.7037997638858278, 1.8054120913573493, 1.8119992540277727, 1.7190154392734391, 1.6626335841597135, 1.6808000759057096, 1.7232210568365884]","[""2026-07-20"", ""2026-07-27"", ""2026-08-03"", ""2026-08-10"", ""2026-08-17"", ""2026-08-24"", ""2026-08-31"", ""2026-09-07"", ""2026-09-14"", ""2026-09-21"", ""2026-09-28"", ""2026-10-05"", ""2026-10-12""]",Unreliable,0,,10,17-07-2026 15:11
JACKPETORIGINAL18,7,1,ADIDA_8,21.68,20.004,17.5173243,[17.517324301747202],"[""2026-07-20""]",Good,0,,10,17-07-2026 15:11
JACKPETORIGINAL18,14,2,ADIDA_8,58.042,79.406,35.0346486,"[17.517324301747202, 17.517324301747202]","[""2026-07-20"", ""2026-07-27""]",Poor,0,,10,17-07-2026 15:11
JACKPETORIGINAL18,28,4,ADIDA_8,42.135,56.223,70.06929721,"[17.517324301747202, 17.517324301747202, 17.517324301747202, 17.517324301747202]","[""2026-07-20"", ""2026-07-27"", ""2026-08-03"", ""2026-08-10""]",Fair,0,,10,17-07-2026 15:11
JACKPETORIGINAL18,56,8,ADIDA_8,33.912,42.827,140.1385944,"[17.517324301747202, 17.517324301747202, 17.517324301747202, 17.517324301747202, 17.517324301747202, 17.517324301747202, 17.517324301747202, 17.517324301747202]","[""2026-07-20"", ""2026-07-27"", ""2026-08-03"", ""2026-08-10"", ""2026-08-17"", ""2026-08-24"", ""2026-08-31"", ""2026-09-07""]",Good,0,,10,17-07-2026 15:11
JACKPETORIGINAL18,91,13,Ridge,41.545,54.705,206.7234667,"[20.55963453023708, 13.548826637264725, 7.446047384877929, 12.132770242111153, 19.899985544599645, 21.372698998587797, 19.97008800800684, 17.672064045230687, 13.721596798186049, 10.47906059534479, 13.578470501596152, 17.980414683100186, 18.361808708590527]","[""2026-07-20"", ""2026-07-27"", ""2026-08-03"", ""2026-08-10"", ""2026-08-17"", ""2026-08-24"", ""2026-08-31"", ""2026-09-07"", ""2026-09-14"", ""2026-09-21"", ""2026-09-28"", ""2026-10-05"", ""2026-10-12""]",Fair,0,,10,17-07-2026 15:11
LACUNICANADULTO12,7,1,RandomForestRegressor,0,0,0,[0.0],"[""2026-07-20""]",Excellent,1,NaiveLastValue,10,17-07-2026 15:11
LACUNICANADULTO12,14,2,RandomForestRegressor,0,0,0,"[0.0, 0.0]","[""2026-07-20"", ""2026-07-27""]",Excellent,1,NaiveLastValue,10,17-07-2026 15:11
LACUNICANADULTO12,28,4,RandomForestRegressor,0,0,0,"[0.0, 0.0, 0.0, 0.0]","[""2026-07-20"", ""2026-07-27"", ""2026-08-03"", ""2026-08-10""]",Excellent,1,NaiveLastValue,10,17-07-2026 15:11
LACUNICANADULTO12,56,8,,,,,,,No Model,0,,,17-07-2026 15:11
LACUNICANADULTO12,91,13,,,,,,,No Model,0,,,17-07-2026 15:11
LACUNICANJR12,7,1,RandomForestRegressor,0,0,0,[0.0],"[""2026-07-20""]",Excellent,1,NaiveLastValue,10,17-07-2026 15:11
LACUNICANJR12,14,2,RandomForestRegressor,0,0,0,"[0.0, 0.0]","[""2026-07-20"", ""2026-07-27""]",Excellent,1,NaiveLastValue,10,17-07-2026 15:11
LACUNICANJR12,28,4,RandomForestRegressor,0,0,0,"[0.0, 0.0, 0.0, 0.0]","[""2026-07-20"", ""2026-07-27"", ""2026-08-03"", ""2026-08-10""]",Excellent,1,NaiveLastValue,10,17-07-2026 15:11
LACUNICANJR12,56,8,,,,,,,No Model,0,,,17-07-2026 15:11
LACUNICANJR12,91,13,,,,,,,No Model,0,,,17-07-2026 15:11
JACKPETGATOMIX20,7,1,LastNonZero,37.214,35.065,8.16,[8.16],"[""2026-07-20""]",Fair,0,,10,17-07-2026 15:11
JACKPETGATOMIX20,14,2,TwoStage_RF_RF,77.895,143.538,7.680914536,"[3.4190363735187606, 4.261878162072678]","[""2026-07-20"", ""2026-07-27""]",Unreliable,0,,10,17-07-2026 15:11
JACKPETGATOMIX20,28,4,TwoStage_Logistic_Huber,97.636,135.338,4.619076864,"[0.0, 3.216809465984285, 0.56300950009321, 0.839257897492876]","[""2026-07-20"", ""2026-07-27"", ""2026-08-03"", ""2026-08-10""]",Unreliable,0,,10,17-07-2026 15:11
JACKPETGATOMIX20,56,8,ZeroForecast,100,29.992,0,"[0.0, 0.0, 0.0, 0.0, 0.0, 0.0, 0.0, 0.0]","[""2026-07-20"", ""2026-07-27"", ""2026-08-03"", ""2026-08-10"", ""2026-08-17"", ""2026-08-24"", ""2026-08-31"", ""2026-09-07""]",Unreliable,0,,10,17-07-2026 15:11
JACKPETGATOMIX20,91,13,ZeroForecast,100,18.457,0,"[0.0, 0.0, 0.0, 0.0, 0.0, 0.0, 0.0, 0.0, 0.0, 0.0, 0.0, 0.0, 0.0]","[""2026-07-20"", ""2026-07-27"", ""2026-08-03"", ""2026-08-10"", ""2026-08-17"", ""2026-08-24"", ""2026-08-31"", ""2026-09-07"", ""2026-09-14"", ""2026-09-21"", ""2026-09-28"", ""2026-10-05"", ""2026-10-12""]",Unreliable,0,,10,17-07-2026 15:11
JAGERELITE18,7,1,sarima,56.351,115.615,0,[0.0],"[""2026-07-20""]",Poor,0,,10,17-07-2026 15:11
JAGERELITE18,14,2,HistGradientBoostingRegressor,75.849,144.563,3.456617393,"[1.7219909022658395, 1.7346264912176863]","[""2026-07-20"", ""2026-07-27""]",Unreliable,0,,10,17-07-2026 15:11
JAGERELITE18,28,4,Ridge,76.574,59.516,6.496090695,"[2.122431566117305, 1.28537917919664, 1.3208184782286192, 1.7674614711542984]","[""2026-07-20"", ""2026-07-27"", ""2026-08-03"", ""2026-08-10""]",Unreliable,0,,10,17-07-2026 15:11
JAGERELITE18,56,8,Ridge,76.214,86.525,22.0361065,"[2.122431566117305, 1.28537917919664, 1.3208184782286192, 1.7674614711542984, 3.1871182698310014, 3.5583239685197547, 3.896231996282336, 4.898341569990917]","[""2026-07-20"", ""2026-07-27"", ""2026-08-03"", ""2026-08-10"", ""2026-08-17"", ""2026-08-24"", ""2026-08-31"", ""2026-09-07""]",Unreliable,0,,10,17-07-2026 15:11
JAGERELITE18,91,13,HistGradientBoostingRegressor,90.681,115.671,48.42749148,"[1.7219909022658395, 1.7346264912176863, 1.298056401852631, 1.365578679819305, 1.4144663054190205, 4.373167996823647, 4.373167996823647, 4.373167996823647, 7.196647931733522, 7.196647931733522, 4.459990948625958, 4.459990948625958, 4.459990948625958]","[""2026-07-20"", ""2026-07-27"", ""2026-08-03"", ""2026-08-10"", ""2026-08-17"", ""2026-08-24"", ""2026-08-31"", ""2026-09-07"", ""2026-09-14"", ""2026-09-21"", ""2026-09-28"", ""2026-10-05"", ""2026-10-12""]",Unreliable,0,,10,17-07-2026 15:11
JACKPETJR4,7,1,TwoStage_RF_RF,75.42,85.195,0.096292603,[0.09629260315794641],"[""2026-07-20""]",Unreliable,0,,10,17-07-2026 15:11
JACKPETJR4,14,2,TwoStage_RF_RF,76.825,95.225,0.199450787,"[0.09629260315794641, 0.10315818428857641]","[""2026-07-20"", ""2026-07-27""]",Unreliable,0,,10,17-07-2026 15:11
JACKPETJR4,28,4,ZeroForecast,100,88.887,0,"[0.0, 0.0, 0.0, 0.0]","[""2026-07-20"", ""2026-07-27"", ""2026-08-03"", ""2026-08-10""]",Unreliable,0,,10,17-07-2026 15:11
JACKPETJR4,56,8,ZeroForecast,100,49.322,0,"[0.0, 0.0, 0.0, 0.0, 0.0, 0.0, 0.0, 0.0]","[""2026-07-20"", ""2026-07-27"", ""2026-08-03"", ""2026-08-10"", ""2026-08-17"", ""2026-08-24"", ""2026-08-31"", ""2026-09-07""]",Unreliable,0,,10,17-07-2026 15:11
JACKPETJR4,91,13,NaiveLastValue,100,45.711,0,"[0.0, 0.0, 0.0, 0.0, 0.0, 0.0, 0.0, 0.0, 0.0, 0.0, 0.0, 0.0, 0.0]","[""2026-07-20"", ""2026-07-27"", ""2026-08-03"", ""2026-08-10"", ""2026-08-17"", ""2026-08-24"", ""2026-08-31"", ""2026-09-07"", ""2026-09-14"", ""2026-09-21"", ""2026-09-28"", ""2026-10-05"", ""2026-10-12""]",Unreliable,0,,10,17-07-2026 15:11
JAGERENERGY18,7,1,MovingAverage_8,55.556,63.034,5.967,[5.967],"[""2026-07-20""]",Poor,0,,10,17-07-2026 15:11
JAGERENERGY18,14,2,MovingAverage_8,83.75,108.036,11.934,"[5.967, 5.967]","[""2026-07-20"", ""2026-07-27""]",Unreliable,0,,10,17-07-2026 15:11
JAGERENERGY18,28,4,ETS,89.007,119.547,28.22256718,"[7.055641795874391, 7.055641795874391, 7.055641795874391, 7.055641795874391]","[""2026-07-20"", ""2026-07-27"", ""2026-08-03"", ""2026-08-10""]",Unreliable,0,,10,17-07-2026 15:11
JAGERENERGY18,56,8,ADIDA_4,83.794,114.935,52.38499499,"[6.548124373856774, 6.548124373856774, 6.548124373856774, 6.548124373856774, 6.548124373856774, 6.548124373856774, 6.548124373856774, 6.548124373856774]","[""2026-07-20"", ""2026-07-27"", ""2026-08-03"", ""2026-08-10"", ""2026-08-17"", ""2026-08-24"", ""2026-08-31"", ""2026-09-07""]",Unreliable,0,,10,17-07-2026 15:11
JAGERENERGY18,91,13,arima,90.981,132.351,74.69022692,"[5.745403441977601, 5.745401613855201, 5.7454020735652405, 5.745401957963943, 5.745401987033702, 5.745401979723655, 5.745401981561881, 5.74540198109963, 5.7454019812158705, 5.74540198118664, 5.74540198119399, 5.745401981192142, 5.7454019811926065]","[""2026-07-20"", ""2026-07-27"", ""2026-08-03"", ""2026-08-10"", ""2026-08-17"", ""2026-08-24"", ""2026-08-31"", ""2026-09-07"", ""2026-09-14"", ""2026-09-21"", ""2026-09-28"", ""2026-10-05"", ""2026-10-12""]",Unreliable,0,,10,17-07-2026 15:11
LAMARCAADULTO20,7,1,LastNonZero,47.748,46.998,11.7,[11.700000000000001],"[""2026-07-20""]",Fair,0,,10,17-07-2026 15:11
LAMARCAADULTO20,14,2,Ridge,97.859,170.44,13.61233524,"[7.582943072466892, 6.029392170333774]","[""2026-07-20"", ""2026-07-27""]",Unreliable,0,,10,17-07-2026 15:11
LAMARCAADULTO20,28,4,ZeroForecast,100,49.992,0,"[0.0, 0.0, 0.0, 0.0]","[""2026-07-20"", ""2026-07-27"", ""2026-08-03"", ""2026-08-10""]",Unreliable,0,,10,17-07-2026 15:11
LAMARCAADULTO20,56,8,ZeroForecast,100,29.995,0,"[0.0, 0.0, 0.0, 0.0, 0.0, 0.0, 0.0, 0.0]","[""2026-07-20"", ""2026-07-27"", ""2026-08-03"", ""2026-08-10"", ""2026-08-17"", ""2026-08-24"", ""2026-08-31"", ""2026-09-07""]",Unreliable,0,,10,17-07-2026 15:11
LAMARCAADULTO20,91,13,ZeroForecast,100,18.458,0,"[0.0, 0.0, 0.0, 0.0, 0.0, 0.0, 0.0, 0.0, 0.0, 0.0, 0.0, 0.0, 0.0]","[""2026-07-20"", ""2026-07-27"", ""2026-08-03"", ""2026-08-10"", ""2026-08-17"", ""2026-08-24"", ""2026-08-31"", ""2026-09-07"", ""2026-09-14"", ""2026-09-21"", ""2026-09-28"", ""2026-10-05"", ""2026-10-12""]",Unreliable,0,,10,17-07-2026 15:11
JAGERELITE20,7,1,arima,81.019,91.89,5.26951413,[5.269514130481473],"[""2026-07-20""]",Unreliable,0,,10,17-07-2026 15:11
JAGERELITE20,14,2,arima,95.742,117.243,10.53902811,"[5.269514130481473, 5.269513984326111]","[""2026-07-20"", ""2026-07-27""]",Unreliable,0,,10,17-07-2026 15:11
JAGERELITE20,28,4,SBA_alpha_02,98.21,133.408,13.2796329,"[3.3199082253404444, 3.3199082253404444, 3.3199082253404444, 3.3199082253404444]","[""2026-07-20"", ""2026-07-27"", ""2026-08-03"", ""2026-08-10""]",Unreliable,0,,10,17-07-2026 15:11
JAGERELITE20,56,8,TwoStage_RF_Ridge,96.605,126.876,4.001458983,"[0.44866938019817315, 0.5454738521551057, 0.5917429764612405, 0.5251228235038666, 0.5026219557196832, 0.46624281628953, 0.4541385824833866, 0.4674465965286695]","[""2026-07-20"", ""2026-07-27"", ""2026-08-03"", ""2026-08-10"", ""2026-08-17"", ""2026-08-24"", ""2026-08-31"", ""2026-09-07""]",Unreliable,0,,10,17-07-2026 15:11
JAGERELITE20,91,13,HuberRegressor,96.266,125.594,13.45267049,"[1.6691068501099262, 0.888310417003594, 1.436516024046921, 1.0062090866480515, 1.244316263805609, 0.9002488110899032, 0.47013178977745707, 0.8815027982703212, 0.9244519343542024, 0.9948973323244692, 1.1828913408315938, 0.9747197733304978, 0.8793680672569018]","[""2026-07-20"", ""2026-07-27"", ""2026-08-03"", ""2026-08-10"", ""2026-08-17"", ""2026-08-24"", ""2026-08-31"", ""2026-09-07"", ""2026-09-14"", ""2026-09-21"", ""2026-09-28"", ""2026-10-05"", ""2026-10-12""]",Unreliable,0,,10,17-07-2026 15:11
LAMARCAAE20,7,1,LastNonZero,18.919,17.276,6.24,[6.24],"[""2026-07-20""]",Excellent,0,,10,17-07-2026 15:11
LAMARCAAE20,14,2,RandomForestRegressor,98.077,153.032,0,"[0.0, 0.0]","[""2026-07-20"", ""2026-07-27""]",Unreliable,0,,10,17-07-2026 15:11
LAMARCAAE20,28,4,ZeroForecast,100,49.985,0,"[0.0, 0.0, 0.0, 0.0]","[""2026-07-20"", ""2026-07-27"", ""2026-08-03"", ""2026-08-10""]",Unreliable,0,,10,17-07-2026 15:11
LAMARCAAE20,56,8,ZeroForecast,100,29.991,0,"[0.0, 0.0, 0.0, 0.0, 0.0, 0.0, 0.0, 0.0]","[""2026-07-20"", ""2026-07-27"", ""2026-08-03"", ""2026-08-10"", ""2026-08-17"", ""2026-08-24"", ""2026-08-31"", ""2026-09-07""]",Unreliable,0,,10,17-07-2026 15:11
LAMARCAAE20,91,13,ZeroForecast,100,18.456,0,"[0.0, 0.0, 0.0, 0.0, 0.0, 0.0, 0.0, 0.0, 0.0, 0.0, 0.0, 0.0, 0.0]","[""2026-07-20"", ""2026-07-27"", ""2026-08-03"", ""2026-08-10"", ""2026-08-17"", ""2026-08-24"", ""2026-08-31"", ""2026-09-07"", ""2026-09-14"", ""2026-09-21"", ""2026-09-28"", ""2026-10-05"", ""2026-10-12""]",Unreliable,0,,10,17-07-2026 15:11
LOYALPETADULTO20,7,1,Ridge,90.927,138.231,0,[0.0],"[""2026-07-20""]",Unreliable,0,,10,17-07-2026 15:11
LOYALPETADULTO20,14,2,arima,99.942,191.092,0.448248898,"[0.22412444887859492, 0.22412444887859487]","[""2026-07-20"", ""2026-07-27""]",Unreliable,0,,10,17-07-2026 15:11
LOYALPETADULTO20,28,4,NaiveLastValue,100,49.989,0,"[0.0, 0.0, 0.0, 0.0]","[""2026-07-20"", ""2026-07-27"", ""2026-08-03"", ""2026-08-10""]",Unreliable,0,,10,17-07-2026 15:11
LOYALPETADULTO20,56,8,NaiveLastValue,100,24.996,0,"[0.0, 0.0, 0.0, 0.0, 0.0, 0.0, 0.0, 0.0]","[""2026-07-20"", ""2026-07-27"", ""2026-08-03"", ""2026-08-10"", ""2026-08-17"", ""2026-08-24"", ""2026-08-31"", ""2026-09-07""]",Unreliable,0,,10,17-07-2026 15:11
LOYALPETADULTO20,91,13,NaiveLastValue,100,15.382,0,"[0.0, 0.0, 0.0, 0.0, 0.0, 0.0, 0.0, 0.0, 0.0, 0.0, 0.0, 0.0, 0.0]","[""2026-07-20"", ""2026-07-27"", ""2026-08-03"", ""2026-08-10"", ""2026-08-17"", ""2026-08-24"", ""2026-08-31"", ""2026-09-07"", ""2026-09-14"", ""2026-09-21"", ""2026-09-28"", ""2026-10-05"", ""2026-10-12""]",Unreliable,0,,10,17-07-2026 15:11
LOYALPETGATO20D,7,1,LastNonZero,2,1.98,8,[8.0],"[""2026-07-20""]",Excellent,0,,10,17-07-2026 15:11
LOYALPETGATO20D,14,2,NaiveLastValue,100,99.975,0,"[0.0, 0.0]","[""2026-07-20"", ""2026-07-27""]",Unreliable,0,,10,17-07-2026 15:11
LOYALPETGATO20D,28,4,NaiveLastValue,100,49.988,0,"[0.0, 0.0, 0.0, 0.0]","[""2026-07-20"", ""2026-07-27"", ""2026-08-03"", ""2026-08-10""]",Unreliable,0,,10,17-07-2026 15:11
LOYALPETGATO20D,56,8,NaiveLastValue,100,24.994,0,"[0.0, 0.0, 0.0, 0.0, 0.0, 0.0, 0.0, 0.0]","[""2026-07-20"", ""2026-07-27"", ""2026-08-03"", ""2026-08-10"", ""2026-08-17"", ""2026-08-24"", ""2026-08-31"", ""2026-09-07""]",Unreliable,0,,10,17-07-2026 15:11
LOYALPETGATO20D,91,13,NaiveLastValue,100,15.381,0,"[0.0, 0.0, 0.0, 0.0, 0.0, 0.0, 0.0, 0.0, 0.0, 0.0, 0.0, 0.0, 0.0]","[""2026-07-20"", ""2026-07-27"", ""2026-08-03"", ""2026-08-10"", ""2026-08-17"", ""2026-08-24"", ""2026-08-31"", ""2026-09-07"", ""2026-09-14"", ""2026-09-21"", ""2026-09-28"", ""2026-10-05"", ""2026-10-12""]",Unreliable,0,,10,17-07-2026 15:11
JAGERENERGY20,7,1,LastNonZero,35.333,38.146,21.84,[21.84],"[""2026-07-20""]",Fair,0,,10,17-07-2026 15:11
JAGERENERGY20,14,2,arima,67.375,104.705,20.40066509,"[10.200332570318647, 10.200332519675356]","[""2026-07-20"", ""2026-07-27""]",Poor,0,,10,17-07-2026 15:11
JAGERENERGY20,28,4,HistGradientBoostingRegressor,76.118,104.831,19.79124938,"[1.723193824814627, 1.8252895316614182, 4.074865058091099, 12.167900966875399]","[""2026-07-20"", ""2026-07-27"", ""2026-08-03"", ""2026-08-10""]",Unreliable,0,,10,17-07-2026 15:11
JAGERENERGY20,56,8,TwoStage_RF_RF,71.424,111.655,63.32282905,"[7.041741623767518, 8.669578681704696, 8.468823616480428, 7.571444250702664, 7.741718747624591, 8.326011858998456, 7.88150663840038, 7.622003634512265]","[""2026-07-20"", ""2026-07-27"", ""2026-08-03"", ""2026-08-10"", ""2026-08-17"", ""2026-08-24"", ""2026-08-31"", ""2026-09-07""]",Poor,0,,10,17-07-2026 15:11
JAGERENERGY20,91,13,arima,97.246,131.498,132.6043229,"[10.200332570318647, 10.200332519675356, 10.200332528451321, 10.200332526930536, 10.200332527194073, 10.200332527148404, 10.200332527156318, 10.200332527154947, 10.200332527155185, 10.200332527155144, 10.200332527155151, 10.20033252715515, 10.20033252715515]","[""2026-07-20"", ""2026-07-27"", ""2026-08-03"", ""2026-08-10"", ""2026-08-17"", ""2026-08-24"", ""2026-08-31"", ""2026-09-07"", ""2026-09-14"", ""2026-09-21"", ""2026-09-28"", ""2026-10-05"", ""2026-10-12""]",Unreliable,0,,10,17-07-2026 15:11
LOYALPETAE20,7,1,ExtraTreesRegressor,0,0,0,[0.0],"[""2026-07-20""]",Excellent,1,NaiveLastValue,10,17-07-2026 15:11
LOYALPETAE20,14,2,ExtraTreesRegressor,0,0,0,"[0.0, 0.0]","[""2026-07-20"", ""2026-07-27""]",Excellent,1,NaiveLastValue,10,17-07-2026 15:11
LOYALPETAE20,28,4,RandomForestRegressor,0,0,0,"[0.0, 0.0, 0.0, 0.0]","[""2026-07-20"", ""2026-07-27"", ""2026-08-03"", ""2026-08-10""]",Excellent,1,NaiveLastValue,10,17-07-2026 15:11
LOYALPETAE20,56,8,RandomForestRegressor,0,0,0,"[0.0, 0.0, 0.0, 0.0, 0.0, 0.0, 0.0, 0.0]","[""2026-07-20"", ""2026-07-27"", ""2026-08-03"", ""2026-08-10"", ""2026-08-17"", ""2026-08-24"", ""2026-08-31"", ""2026-09-07""]",Excellent,1,NaiveLastValue,10,17-07-2026 15:11
LOYALPETAE20,91,13,ExtraTreesRegressor,0,0,0,"[0.0, 0.0, 0.0, 0.0, 0.0, 0.0, 0.0, 0.0, 0.0, 0.0, 0.0, 0.0, 0.0]","[""2026-07-20"", ""2026-07-27"", ""2026-08-03"", ""2026-08-10"", ""2026-08-17"", ""2026-08-24"", ""2026-08-31"", ""2026-09-07"", ""2026-09-14"", ""2026-09-21"", ""2026-09-28"", ""2026-10-05"", ""2026-10-12""]",Excellent,1,NaiveLastValue,10,17-07-2026 15:11
LOYALPETMIX20,7,1,LastNonZero,83.333,142.817,6.12,[6.12],"[""2026-07-20""]",Unreliable,0,,10,17-07-2026 15:11
LOYALPETMIX20,14,2,LastNonZero,100,171.213,12.24,"[6.12, 6.12]","[""2026-07-20"", ""2026-07-27""]",Unreliable,0,,10,17-07-2026 15:11
LOYALPETMIX20,28,4,NaiveLastValue,100,49.984,0,"[0.0, 0.0, 0.0, 0.0]","[""2026-07-20"", ""2026-07-27"", ""2026-08-03"", ""2026-08-10""]",Unreliable,0,,10,17-07-2026 15:11
LOYALPETMIX20,56,8,NaiveLastValue,100,24.992,0,"[0.0, 0.0, 0.0, 0.0, 0.0, 0.0, 0.0, 0.0]","[""2026-07-20"", ""2026-07-27"", ""2026-08-03"", ""2026-08-10"", ""2026-08-17"", ""2026-08-24"", ""2026-08-31"", ""2026-09-07""]",Unreliable,0,,10,17-07-2026 15:11
LOYALPETMIX20,91,13,NaiveLastValue,100,15.38,0,"[0.0, 0.0, 0.0, 0.0, 0.0, 0.0, 0.0, 0.0, 0.0, 0.0, 0.0, 0.0, 0.0]","[""2026-07-20"", ""2026-07-27"", ""2026-08-03"", ""2026-08-10"", ""2026-08-17"", ""2026-08-24"", ""2026-08-31"", ""2026-09-07"", ""2026-09-14"", ""2026-09-21"", ""2026-09-28"", ""2026-10-05"", ""2026-10-12""]",Unreliable,0,,10,17-07-2026 15:11
LOYALPETJR20,7,1,SBA_alpha_01,64.598,77.307,0.386348067,[0.38634806748371214],"[""2026-07-20""]",Poor,0,,10,17-07-2026 15:11
LOYALPETJR20,14,2,SeasonalNaive_52,52.381,66.579,0,"[0.0, 0.0]","[""2026-07-20"", ""2026-07-27""]",Fair,0,,10,17-07-2026 15:11
LOYALPETJR20,28,4,SeasonalNaive_52,54.545,41.588,0,"[0.0, 0.0, 0.0, 0.0]","[""2026-07-20"", ""2026-07-27"", ""2026-08-03"", ""2026-08-10""]",Fair,0,,10,17-07-2026 15:11
LOYALPETJR20,56,8,HuberRegressor,100,24.951,0,"[0.0, 0.0, 0.0, 0.0, 0.0, 0.0, 0.0, 0.0]","[""2026-07-20"", ""2026-07-27"", ""2026-08-03"", ""2026-08-10"", ""2026-08-17"", ""2026-08-24"", ""2026-08-31"", ""2026-09-07""]",Unreliable,0,,10,17-07-2026 15:11
LOYALPETJR20,91,13,NaiveLastValue,100,15.355,0,"[0.0, 0.0, 0.0, 0.0, 0.0, 0.0, 0.0, 0.0, 0.0, 0.0, 0.0, 0.0, 0.0]","[""2026-07-20"", ""2026-07-27"", ""2026-08-03"", ""2026-08-10"", ""2026-08-17"", ""2026-08-24"", ""2026-08-31"", ""2026-09-07"", ""2026-09-14"", ""2026-09-21"", ""2026-09-28"", ""2026-10-05"", ""2026-10-12""]",Unreliable,0,,10,17-07-2026 15:11
LOYALPETGATOMIX20,7,1,SBA_alpha_01,79.869,122.79,1.27441257,[1.2744125704193345],"[""2026-07-20""]",Unreliable,0,,10,17-07-2026 15:11
LOYALPETGATOMIX20,14,2,arima,99.905,187.077,0.650590353,"[0.3252951765735171, 0.32529517657351653]","[""2026-07-20"", ""2026-07-27""]",Unreliable,0,,10,17-07-2026 15:11
LOYALPETGATOMIX20,28,4,NaiveLastValue,100,49.992,0,"[0.0, 0.0, 0.0, 0.0]","[""2026-07-20"", ""2026-07-27"", ""2026-08-03"", ""2026-08-10""]",Unreliable,0,,10,17-07-2026 15:11
LOYALPETGATOMIX20,56,8,NaiveLastValue,100,24.996,0,"[0.0, 0.0, 0.0, 0.0, 0.0, 0.0, 0.0, 0.0]","[""2026-07-20"", ""2026-07-27"", ""2026-08-03"", ""2026-08-10"", ""2026-08-17"", ""2026-08-24"", ""2026-08-31"", ""2026-09-07""]",Unreliable,0,,10,17-07-2026 15:11
LOYALPETGATOMIX20,91,13,NaiveLastValue,100,15.382,0,"[0.0, 0.0, 0.0, 0.0, 0.0, 0.0, 0.0, 0.0, 0.0, 0.0, 0.0, 0.0, 0.0]","[""2026-07-20"", ""2026-07-27"", ""2026-08-03"", ""2026-08-10"", ""2026-08-17"", ""2026-08-24"", ""2026-08-31"", ""2026-09-07"", ""2026-09-14"", ""2026-09-21"", ""2026-09-28"", ""2026-10-05"", ""2026-10-12""]",Unreliable,0,,10,17-07-2026 15:11
MERCOPLUSORIGINALGATO15,7,1,LastNonZero,48.027,58.108,9.87,[9.870000000000001],"[""2026-07-20""]",Fair,0,,10,17-07-2026 15:11
MERCOPLUSORIGINALGATO15,14,2,RandomForestRegressor,47.113,75.96,3.4236,"[2.1220500000000007, 1.3015500000000002]","[""2026-07-20"", ""2026-07-27""]",Fair,0,,10,17-07-2026 15:11
MERCOPLUSORIGINALGATO15,28,4,RandomForestRegressor,55.026,107.601,6.2493,"[2.1220500000000007, 1.3015500000000002, 1.2525000000000002, 1.5732]","[""2026-07-20"", ""2026-07-27"", ""2026-08-03"", ""2026-08-10""]",Poor,0,,10,17-07-2026 15:11
MERCOPLUSORIGINALGATO15,56,8,TwoStage_Logistic_Ridge,94.94,170.201,1.24510386,"[0.18979156566002853, 0.17951209382844333, 0.1876814274036944, 0.13118909364492806, 0.10900195543359334, 0.10700974668256762, 0.1531223637733674, 0.18779561323324984]","[""2026-07-20"", ""2026-07-27"", ""2026-08-03"", ""2026-08-10"", ""2026-08-17"", ""2026-08-24"", ""2026-08-31"", ""2026-09-07""]",Unreliable,0,,10,17-07-2026 15:11
MERCOPLUSORIGINALGATO15,91,13,ZeroForecast,100,39.992,0,"[0.0, 0.0, 0.0, 0.0, 0.0, 0.0, 0.0, 0.0, 0.0, 0.0, 0.0, 0.0, 0.0]","[""2026-07-20"", ""2026-07-27"", ""2026-08-03"", ""2026-08-10"", ""2026-08-17"", ""2026-08-24"", ""2026-08-31"", ""2026-09-07"", ""2026-09-14"", ""2026-09-21"", ""2026-09-28"", ""2026-10-05"", ""2026-10-12""]",Unreliable,0,,10,17-07-2026 15:11
MERCOPLUSPREMIUMADULT15,7,1,LastNonZero,34.24,34.901,10.74,[10.739999999999998],"[""2026-07-20""]",Good,0,,10,17-07-2026 15:11
MERCOPLUSPREMIUMADULT15,14,2,ExtraTreesRegressor,83.762,79.988,0.537,"[0.3222, 0.21479999999999996]","[""2026-07-20"", ""2026-07-27""]",Unreliable,0,,10,17-07-2026 15:11
MERCOPLUSPREMIUMADULT15,28,4,ExtraTreesRegressor,85.376,69.38,1.03515,"[0.3222, 0.21479999999999996, 0.10739999999999998, 0.39074999999999993]","[""2026-07-20"", ""2026-07-27"", ""2026-08-03"", ""2026-08-10""]",Unreliable,0,,10,17-07-2026 15:11
MERCOPLUSPREMIUMADULT15,56,8,ZeroForecast,100,34.991,0,"[0.0, 0.0, 0.0, 0.0, 0.0, 0.0, 0.0, 0.0]","[""2026-07-20"", ""2026-07-27"", ""2026-08-03"", ""2026-08-10"", ""2026-08-17"", ""2026-08-24"", ""2026-08-31"", ""2026-09-07""]",Unreliable,0,,10,17-07-2026 15:11
MERCOPLUSPREMIUMADULT15,91,13,ZeroForecast,100,27.685,0,"[0.0, 0.0, 0.0, 0.0, 0.0, 0.0, 0.0, 0.0, 0.0, 0.0, 0.0, 0.0, 0.0]","[""2026-07-20"", ""2026-07-27"", ""2026-08-03"", ""2026-08-10"", ""2026-08-17"", ""2026-08-24"", ""2026-08-31"", ""2026-09-07"", ""2026-09-14"", ""2026-09-21"", ""2026-09-28"", ""2026-10-05"", ""2026-10-12""]",Unreliable,0,,10,17-07-2026 15:11
MERCOPLUSORIGINALGATO4,7,1,LastNonZero,30.491,31.773,4.704,[4.704],"[""2026-07-20""]",Good,0,,10,17-07-2026 15:11
MERCOPLUSORIGINALGATO4,14,2,LastNonZero,86.31,101.613,9.408,"[4.704, 4.704]","[""2026-07-20"", ""2026-07-27""]",Unreliable,0,,10,17-07-2026 15:11
MERCOPLUSORIGINALGATO4,28,4,ZeroForecast,100,49.976,0,"[0.0, 0.0, 0.0, 0.0]","[""2026-07-20"", ""2026-07-27"", ""2026-08-03"", ""2026-08-10""]",Unreliable,0,,10,17-07-2026 15:11
MERCOPLUSORIGINALGATO4,56,8,NaiveLastValue,100,24.989,0,"[0.0, 0.0, 0.0, 0.0, 0.0, 0.0, 0.0, 0.0]","[""2026-07-20"", ""2026-07-27"", ""2026-08-03"", ""2026-08-10"", ""2026-08-17"", ""2026-08-24"", ""2026-08-31"", ""2026-09-07""]",Unreliable,0,,10,17-07-2026 15:11
MERCOPLUSORIGINALGATO4,91,13,NaiveLastValue,100,15.378,0,"[0.0, 0.0, 0.0, 0.0, 0.0, 0.0, 0.0, 0.0, 0.0, 0.0, 0.0, 0.0, 0.0]","[""2026-07-20"", ""2026-07-27"", ""2026-08-03"", ""2026-08-10"", ""2026-08-17"", ""2026-08-24"", ""2026-08-31"", ""2026-09-07"", ""2026-09-14"", ""2026-09-21"", ""2026-09-28"", ""2026-10-05"", ""2026-10-12""]",Unreliable,0,,10,17-07-2026 15:11
MERCOPLUSPREMIUMJR4,7,1,LastNonZero,43.747,52.221,3.528,[3.528],"[""2026-07-20""]",Fair,0,,10,17-07-2026 15:11
MERCOPLUSPREMIUMJR4,14,2,arima,99.991,183.505,0.320732172,"[0.16036608608112204, 0.16036608608112224]","[""2026-07-20"", ""2026-07-27""]",Unreliable,0,,10,17-07-2026 15:11
MERCOPLUSPREMIUMJR4,28,4,NaiveLastValue,100,49.967,0,"[0.0, 0.0, 0.0, 0.0]","[""2026-07-20"", ""2026-07-27"", ""2026-08-03"", ""2026-08-10""]",Unreliable,0,,10,17-07-2026 15:11
MERCOPLUSPREMIUMJR4,56,8,NaiveLastValue,100,24.983,0,"[0.0, 0.0, 0.0, 0.0, 0.0, 0.0, 0.0, 0.0]","[""2026-07-20"", ""2026-07-27"", ""2026-08-03"", ""2026-08-10"", ""2026-08-17"", ""2026-08-24"", ""2026-08-31"", ""2026-09-07""]",Unreliable,0,,10,17-07-2026 15:11
MERCOPLUSPREMIUMJR4,91,13,NaiveLastValue,100,15.374,0,"[0.0, 0.0, 0.0, 0.0, 0.0, 0.0, 0.0, 0.0, 0.0, 0.0, 0.0, 0.0, 0.0]","[""2026-07-20"", ""2026-07-27"", ""2026-08-03"", ""2026-08-10"", ""2026-08-17"", ""2026-08-24"", ""2026-08-31"", ""2026-09-07"", ""2026-09-14"", ""2026-09-21"", ""2026-09-28"", ""2026-10-05"", ""2026-10-12""]",Unreliable,0,,10,17-07-2026 15:11
LOYALPETMIX20D,7,1,LastNonZero,22.727,23.328,5.1,[5.1000000000000005],"[""2026-07-20""]",Good,0,,10,17-07-2026 15:11
LOYALPETMIX20D,14,2,arima,99.955,191.63,0.364497996,"[0.18224899776616085, 0.18224899776616077]","[""2026-07-20"", ""2026-07-27""]",Unreliable,0,,10,17-07-2026 15:11
LOYALPETMIX20D,28,4,NaiveLastValue,100,49.98,0,"[0.0, 0.0, 0.0, 0.0]","[""2026-07-20"", ""2026-07-27"", ""2026-08-03"", ""2026-08-10""]",Unreliable,0,,10,17-07-2026 15:11
LOYALPETMIX20D,56,8,NaiveLastValue,100,24.99,0,"[0.0, 0.0, 0.0, 0.0, 0.0, 0.0, 0.0, 0.0]","[""2026-07-20"", ""2026-07-27"", ""2026-08-03"", ""2026-08-10"", ""2026-08-17"", ""2026-08-24"", ""2026-08-31"", ""2026-09-07""]",Unreliable,0,,10,17-07-2026 15:11
LOYALPETMIX20D,91,13,NaiveLastValue,100,15.379,0,"[0.0, 0.0, 0.0, 0.0, 0.0, 0.0, 0.0, 0.0, 0.0, 0.0, 0.0, 0.0, 0.0]","[""2026-07-20"", ""2026-07-27"", ""2026-08-03"", ""2026-08-10"", ""2026-08-17"", ""2026-08-24"", ""2026-08-31"", ""2026-09-07"", ""2026-09-14"", ""2026-09-21"", ""2026-09-28"", ""2026-10-05"", ""2026-10-12""]",Unreliable,0,,10,17-07-2026 15:11
MERCOPLUSPREMIUMJR15,7,1,LastNonZero,44.496,55.812,5.925,[5.925],"[""2026-07-20""]",Fair,0,,10,17-07-2026 15:11
MERCOPLUSPREMIUMJR15,14,2,ExtraTreesRegressor,69.357,119.22,4.5465,"[2.488800000000001, 2.0576999999999988]","[""2026-07-20"", ""2026-07-27""]",Poor,0,,10,17-07-2026 15:11
MERCOPLUSPREMIUMJR15,28,4,HistGradientBoostingRegressor,98.414,171.742,3.923071099,"[0.9807677747760348, 0.9807677747760348, 0.9807677747760348, 0.9807677747760348]","[""2026-07-20"", ""2026-07-27"", ""2026-08-03"", ""2026-08-10""]",Unreliable,0,,10,17-07-2026 15:11
MERCOPLUSPREMIUMJR15,56,8,ZeroForecast,100,64.964,0,"[0.0, 0.0, 0.0, 0.0, 0.0, 0.0, 0.0, 0.0]","[""2026-07-20"", ""2026-07-27"", ""2026-08-03"", ""2026-08-10"", ""2026-08-17"", ""2026-08-24"", ""2026-08-31"", ""2026-09-07""]",Unreliable,0,,10,17-07-2026 15:11
MERCOPLUSPREMIUMJR15,91,13,ZeroForecast,100,58.422,0,"[0.0, 0.0, 0.0, 0.0, 0.0, 0.0, 0.0, 0.0, 0.0, 0.0, 0.0, 0.0, 0.0]","[""2026-07-20"", ""2026-07-27"", ""2026-08-03"", ""2026-08-10"", ""2026-08-17"", ""2026-08-24"", ""2026-08-31"", ""2026-09-07"", ""2026-09-14"", ""2026-09-21"", ""2026-09-28"", ""2026-10-05"", ""2026-10-12""]",Unreliable,0,,10,17-07-2026 15:11
MIGCATSUP18,7,1,RandomForestRegressor,0,0,0,[0.0],"[""2026-07-20""]",Excellent,1,NaiveLastValue,10,17-07-2026 15:11
MIGCATSUP18,14,2,RandomForestRegressor,0,0,0,"[0.0, 0.0]","[""2026-07-20"", ""2026-07-27""]",Excellent,1,NaiveLastValue,10,17-07-2026 15:11
MIGCATSUP18,28,4,RandomForestRegressor,0,0,0,"[0.0, 0.0, 0.0, 0.0]","[""2026-07-20"", ""2026-07-27"", ""2026-08-03"", ""2026-08-10""]",Excellent,1,NaiveLastValue,10,17-07-2026 15:11
MIGCATSUP18,56,8,RandomForestRegressor,0,0,0,"[0.0, 0.0, 0.0, 0.0, 0.0, 0.0, 0.0, 0.0]","[""2026-07-20"", ""2026-07-27"", ""2026-08-03"", ""2026-08-10"", ""2026-08-17"", ""2026-08-24"", ""2026-08-31"", ""2026-09-07""]",Excellent,1,NaiveLastValue,10,17-07-2026 15:11
MIGCATSUP18,91,13,RandomForestRegressor,0,0,0,"[0.0, 0.0, 0.0, 0.0, 0.0, 0.0, 0.0, 0.0, 0.0, 0.0, 0.0, 0.0, 0.0]","[""2026-07-20"", ""2026-07-27"", ""2026-08-03"", ""2026-08-10"", ""2026-08-17"", ""2026-08-24"", ""2026-08-31"", ""2026-09-07"", ""2026-09-14"", ""2026-09-21"", ""2026-09-28"", ""2026-10-05"", ""2026-10-12""]",Excellent,1,NaiveLastValue,10,17-07-2026 15:11
MIGCATSUPFISH20,7,1,LastNonZero,30.882,44.67,6.12,[6.12],"[""2026-07-20""]",Good,0,,10,17-07-2026 15:11
MIGCATSUPFISH20,14,2,Ridge,99.992,159.025,0,"[0.0, 0.0]","[""2026-07-20"", ""2026-07-27""]",Unreliable,0,,10,17-07-2026 15:11
MIGCATSUPFISH20,28,4,NaiveLastValue,100,49.984,0,"[0.0, 0.0, 0.0, 0.0]","[""2026-07-20"", ""2026-07-27"", ""2026-08-03"", ""2026-08-10""]",Unreliable,0,,10,17-07-2026 15:11
MIGCATSUPFISH20,56,8,NaiveLastValue,100,24.992,0,"[0.0, 0.0, 0.0, 0.0, 0.0, 0.0, 0.0, 0.0]","[""2026-07-20"", ""2026-07-27"", ""2026-08-03"", ""2026-08-10"", ""2026-08-17"", ""2026-08-24"", ""2026-08-31"", ""2026-09-07""]",Unreliable,0,,10,17-07-2026 15:11
MIGCATSUPFISH20,91,13,NaiveLastValue,100,15.38,0,"[0.0, 0.0, 0.0, 0.0, 0.0, 0.0, 0.0, 0.0, 0.0, 0.0, 0.0, 0.0, 0.0]","[""2026-07-20"", ""2026-07-27"", ""2026-08-03"", ""2026-08-10"", ""2026-08-17"", ""2026-08-24"", ""2026-08-31"", ""2026-09-07"", ""2026-09-14"", ""2026-09-21"", ""2026-09-28"", ""2026-10-05"", ""2026-10-12""]",Unreliable,0,,10,17-07-2026 15:11
MIGHE18,7,1,RandomForestRegressor,0,0,0,[0.0],"[""2026-07-20""]",Excellent,1,NaiveLastValue,10,17-07-2026 15:11
MIGHE18,14,2,RandomForestRegressor,0,0,0,"[0.0, 0.0]","[""2026-07-20"", ""2026-07-27""]",Excellent,1,NaiveLastValue,10,17-07-2026 15:11
MIGHE18,28,4,RandomForestRegressor,0,0,0,"[0.0, 0.0, 0.0, 0.0]","[""2026-07-20"", ""2026-07-27"", ""2026-08-03"", ""2026-08-10""]",Excellent,1,NaiveLastValue,10,17-07-2026 15:11
MIGHE18,56,8,RandomForestRegressor,0,0,0,"[0.0, 0.0, 0.0, 0.0, 0.0, 0.0, 0.0, 0.0]","[""2026-07-20"", ""2026-07-27"", ""2026-08-03"", ""2026-08-10"", ""2026-08-17"", ""2026-08-24"", ""2026-08-31"", ""2026-09-07""]",Excellent,1,NaiveLastValue,10,17-07-2026 15:11
MIGHE18,91,13,,,,,,,No Model,0,,,17-07-2026 15:11
MERCOPLUSPRESTIGE15,7,1,LastNonZero,65.625,67.232,4.05,[4.05],"[""2026-07-20""]",Poor,0,,10,17-07-2026 15:11
MERCOPLUSPRESTIGE15,14,2,ExtraTreesRegressor,66.25,100.437,0,"[0.0, 0.0]","[""2026-07-20"", ""2026-07-27""]",Poor,0,,10,17-07-2026 15:11
MERCOPLUSPRESTIGE15,28,4,ZeroForecast,100,59.965,0,"[0.0, 0.0, 0.0, 0.0]","[""2026-07-20"", ""2026-07-27"", ""2026-08-03"", ""2026-08-10""]",Unreliable,0,,10,17-07-2026 15:11
MERCOPLUSPRESTIGE15,56,8,ZeroForecast,100,34.98,0,"[0.0, 0.0, 0.0, 0.0, 0.0, 0.0, 0.0, 0.0]","[""2026-07-20"", ""2026-07-27"", ""2026-08-03"", ""2026-08-10"", ""2026-08-17"", ""2026-08-24"", ""2026-08-31"", ""2026-09-07""]",Unreliable,0,,10,17-07-2026 15:11
MERCOPLUSPRESTIGE15,91,13,ZeroForecast,100,21.526,0,"[0.0, 0.0, 0.0, 0.0, 0.0, 0.0, 0.0, 0.0, 0.0, 0.0, 0.0, 0.0, 0.0]","[""2026-07-20"", ""2026-07-27"", ""2026-08-03"", ""2026-08-10"", ""2026-08-17"", ""2026-08-24"", ""2026-08-31"", ""2026-09-07"", ""2026-09-14"", ""2026-09-21"", ""2026-09-28"", ""2026-10-05"", ""2026-10-12""]",Unreliable,0,,10,17-07-2026 15:11
LOYALPETJR20D,7,1,LastNonZero,52.555,55.502,6.54,[6.54],"[""2026-07-20""]",Fair,0,,10,17-07-2026 15:11
LOYALPETJR20D,14,2,arima,99.896,189,0.666095315,"[0.3330476572859816, 0.3330476572859781]","[""2026-07-20"", ""2026-07-27""]",Unreliable,0,,10,17-07-2026 15:11
LOYALPETJR20D,28,4,NaiveLastValue,100,49.985,0,"[0.0, 0.0, 0.0, 0.0]","[""2026-07-20"", ""2026-07-27"", ""2026-08-03"", ""2026-08-10""]",Unreliable,0,,10,17-07-2026 15:11
LOYALPETJR20D,56,8,NaiveLastValue,100,24.992,0,"[0.0, 0.0, 0.0, 0.0, 0.0, 0.0, 0.0, 0.0]","[""2026-07-20"", ""2026-07-27"", ""2026-08-03"", ""2026-08-10"", ""2026-08-17"", ""2026-08-24"", ""2026-08-31"", ""2026-09-07""]",Unreliable,0,,10,17-07-2026 15:11
LOYALPETJR20D,91,13,NaiveLastValue,100,15.38,0,"[0.0, 0.0, 0.0, 0.0, 0.0, 0.0, 0.0, 0.0, 0.0, 0.0, 0.0, 0.0, 0.0]","[""2026-07-20"", ""2026-07-27"", ""2026-08-03"", ""2026-08-10"", ""2026-08-17"", ""2026-08-24"", ""2026-08-31"", ""2026-09-07"", ""2026-09-14"", ""2026-09-21"", ""2026-09-28"", ""2026-10-05"", ""2026-10-12""]",Unreliable,0,,10,17-07-2026 15:11
MIGCATSUPMEAT10,7,1,SBA_alpha_01,46.186,71.863,0.274114611,[0.27411461147666016],"[""2026-07-20""]",Fair,0,,10,17-07-2026 15:11
MIGCATSUPMEAT10,14,2,arima,99.914,189.041,0.2143596,"[0.10717980010815584, 0.10717980010815574]","[""2026-07-20"", ""2026-07-27""]",Unreliable,0,,10,17-07-2026 15:11
MIGCATSUPMEAT10,28,4,NaiveLastValue,100,49.949,0,"[0.0, 0.0, 0.0, 0.0]","[""2026-07-20"", ""2026-07-27"", ""2026-08-03"", ""2026-08-10""]",Unreliable,0,,10,17-07-2026 15:11
MIGCATSUPMEAT10,56,8,NaiveLastValue,100,24.972,0,"[0.0, 0.0, 0.0, 0.0, 0.0, 0.0, 0.0, 0.0]","[""2026-07-20"", ""2026-07-27"", ""2026-08-03"", ""2026-08-10"", ""2026-08-17"", ""2026-08-24"", ""2026-08-31"", ""2026-09-07""]",Unreliable,0,,10,17-07-2026 15:11
MIGCATSUPMEAT10,91,13,NaiveLastValue,100,15.368,0,"[0.0, 0.0, 0.0, 0.0, 0.0, 0.0, 0.0, 0.0, 0.0, 0.0, 0.0, 0.0, 0.0]","[""2026-07-20"", ""2026-07-27"", ""2026-08-03"", ""2026-08-10"", ""2026-08-17"", ""2026-08-24"", ""2026-08-31"", ""2026-09-07"", ""2026-09-14"", ""2026-09-21"", ""2026-09-28"", ""2026-10-05"", ""2026-10-12""]",Unreliable,0,,10,17-07-2026 15:11
MIGCATSUP10,7,1,LastNonZero,20.486,21.052,1.4,[1.4000000000000001],"[""2026-07-20""]",Good,0,,10,17-07-2026 15:11
MIGCATSUP10,14,2,SeasonalNaive_52,60.954,63.831,0,"[0.0, 0.0]","[""2026-07-20"", ""2026-07-27""]",Poor,0,,10,17-07-2026 15:11
MIGCATSUP10,28,4,SeasonalNaive_52,76.893,40.92,0,"[0.0, 0.0, 0.0, 0.0]","[""2026-07-20"", ""2026-07-27"", ""2026-08-03"", ""2026-08-10""]",Unreliable,0,,10,17-07-2026 15:11
MIGCATSUP10,56,8,NaiveLastValue,100,24.964,0,"[0.0, 0.0, 0.0, 0.0, 0.0, 0.0, 0.0, 0.0]","[""2026-07-20"", ""2026-07-27"", ""2026-08-03"", ""2026-08-10"", ""2026-08-17"", ""2026-08-24"", ""2026-08-31"", ""2026-09-07""]",Unreliable,0,,10,17-07-2026 15:11
MIGCATSUP10,91,13,SeasonalNaive_52,54.315,16.565,0,"[0.0, 0.0, 0.0, 0.0, 0.0, 0.0, 0.0, 0.0, 0.0, 0.0, 0.0, 0.0, 0.0]","[""2026-07-20"", ""2026-07-27"", ""2026-08-03"", ""2026-08-10"", ""2026-08-17"", ""2026-08-24"", ""2026-08-31"", ""2026-09-07"", ""2026-09-14"", ""2026-09-21"", ""2026-09-28"", ""2026-10-05"", ""2026-10-12""]",Fair,0,,10,17-07-2026 15:11
MIGCATSUP20,7,1,TwoStage_ET_ET,79.879,123.119,3.910033739,[3.9100337389834925],"[""2026-07-20""]",Unreliable,0,,10,17-07-2026 15:11
MIGCATSUP20,14,2,TwoStage_ET_ET,91.677,143.014,8.202875713,"[3.9100337389834925, 4.292841974137711]","[""2026-07-20"", ""2026-07-27""]",Unreliable,0,,10,17-07-2026 15:11
MIGCATSUP20,28,4,ZeroForecast,100,106.256,0,"[0.0, 0.0, 0.0, 0.0]","[""2026-07-20"", ""2026-07-27"", ""2026-08-03"", ""2026-08-10""]",Unreliable,0,,10,17-07-2026 15:11
MIGCATSUP20,56,8,ZeroForecast,100,108.074,0,"[0.0, 0.0, 0.0, 0.0, 0.0, 0.0, 0.0, 0.0]","[""2026-07-20"", ""2026-07-27"", ""2026-08-03"", ""2026-08-10"", ""2026-08-17"", ""2026-08-24"", ""2026-08-31"", ""2026-09-07""]",Unreliable,0,,10,17-07-2026 15:11
MIGCATSUP20,91,13,ZeroForecast,100,106.463,0,"[0.0, 0.0, 0.0, 0.0, 0.0, 0.0, 0.0, 0.0, 0.0, 0.0, 0.0, 0.0, 0.0]","[""2026-07-20"", ""2026-07-27"", ""2026-08-03"", ""2026-08-10"", ""2026-08-17"", ""2026-08-24"", ""2026-08-31"", ""2026-09-07"", ""2026-09-14"", ""2026-09-21"", ""2026-09-28"", ""2026-10-05"", ""2026-10-12""]",Unreliable,0,,10,17-07-2026 15:11
MIGHE20,7,1,ETS,63.837,100.226,0.393750509,[0.3937505094602532],"[""2026-07-20""]",Poor,0,,10,17-07-2026 15:11
MIGHE20,14,2,ZeroForecast,100,96.252,0,"[0.0, 0.0]","[""2026-07-20"", ""2026-07-27""]",Unreliable,0,,10,17-07-2026 15:11
MIGHE20,28,4,ZeroForecast,100,66.308,0,"[0.0, 0.0, 0.0, 0.0]","[""2026-07-20"", ""2026-07-27"", ""2026-08-03"", ""2026-08-10""]",Unreliable,0,,10,17-07-2026 15:11
MIGHE20,56,8,ZeroForecast,100,88.067,0,"[0.0, 0.0, 0.0, 0.0, 0.0, 0.0, 0.0, 0.0]","[""2026-07-20"", ""2026-07-27"", ""2026-08-03"", ""2026-08-10"", ""2026-08-17"", ""2026-08-24"", ""2026-08-31"", ""2026-09-07""]",Unreliable,0,,10,17-07-2026 15:11
MIGHE20,91,13,HuberRegressor,100,85.705,3.63E-06,"[2.667512944499627e-07, 2.666194206922778e-07, 2.70871887732168e-07, 2.7293218004010364e-07, 2.7499247152123514e-07, 2.770527629116092e-07, 2.791130534619061e-07, 2.811733441685585e-07, 2.832336337707225e-07, 2.852939237758435e-07, 2.87354213858251e-07, 2.8941450394397997e-07, 2.9147479413115233e-07]","[""2026-07-20"", ""2026-07-27"", ""2026-08-03"", ""2026-08-10"", ""2026-08-17"", ""2026-08-24"", ""2026-08-31"", ""2026-09-07"", ""2026-09-14"", ""2026-09-21"", ""2026-09-28"", ""2026-10-05"", ""2026-10-12""]",Unreliable,0,,10,17-07-2026 15:11
MIGMAINTPLUS20,7,1,Ridge,77.681,62.466,0.748572432,[0.7485724320317151],"[""2026-07-20""]",Unreliable,0,,10,17-07-2026 15:11
MIGMAINTPLUS20,14,2,ExtraTreesRegressor,91.321,100.01,0.1998,"[0.043800000000000006, 0.156]","[""2026-07-20"", ""2026-07-27""]",Unreliable,0,,10,17-07-2026 15:11
MIGMAINTPLUS20,28,4,SeasonalNaive_52,94.348,49.941,1.56,"[1.56, 0.0, 0.0, 0.0]","[""2026-07-20"", ""2026-07-27"", ""2026-08-03"", ""2026-08-10""]",Unreliable,0,,10,17-07-2026 15:11
MIGMAINTPLUS20,56,8,SeasonalNaive_52,98.285,49.93,12.78,"[1.56, 0.0, 0.0, 0.0, 9.18, 0.0, 0.0, 2.04]","[""2026-07-20"", ""2026-07-27"", ""2026-08-03"", ""2026-08-10"", ""2026-08-17"", ""2026-08-24"", ""2026-08-31"", ""2026-09-07""]",Unreliable,0,,10,17-07-2026 15:11
MIGMAINTPLUS20,91,13,NaiveLastValue,100,36.864,0,"[0.0, 0.0, 0.0, 0.0, 0.0, 0.0, 0.0, 0.0, 0.0, 0.0, 0.0, 0.0, 0.0]","[""2026-07-20"", ""2026-07-27"", ""2026-08-03"", ""2026-08-10"", ""2026-08-17"", ""2026-08-24"", ""2026-08-31"", ""2026-09-07"", ""2026-09-14"", ""2026-09-21"", ""2026-09-28"", ""2026-10-05"", ""2026-10-12""]",Unreliable,0,,10,17-07-2026 15:11
MIGCATSUPMEAT20,7,1,TwoStage_Logistic_Huber,53.538,74.712,0,[0.0],"[""2026-07-20""]",Fair,0,,10,17-07-2026 15:11
MIGCATSUPMEAT20,14,2,RandomForestRegressor,89.475,162.122,9.0666,"[4.532999999999996, 4.533599999999996]","[""2026-07-20"", ""2026-07-27""]",Unreliable,0,,10,17-07-2026 15:11
MIGCATSUPMEAT20,28,4,ExtraTreesRegressor,94.72,74.362,9.8454,"[2.5152000000000005, 2.451, 2.6171999999999995, 2.2620000000000005]","[""2026-07-20"", ""2026-07-27"", ""2026-08-03"", ""2026-08-10""]",Unreliable,0,,10,17-07-2026 15:11
MIGCATSUPMEAT20,56,8,sarima,100,41.656,27.9535879,"[3.496919427956084, 3.4923999179911416, 3.4947759144975437, 3.4935268057573867, 3.494183487128985, 3.4938382566378836, 3.4940197511908604, 3.4939243358854073]","[""2026-07-20"", ""2026-07-27"", ""2026-08-03"", ""2026-08-10"", ""2026-08-17"", ""2026-08-24"", ""2026-08-31"", ""2026-09-07""]",Unreliable,0,,10,17-07-2026 15:11
MIGCATSUPMEAT20,91,13,NaiveLastValue,100,21.533,0,"[0.0, 0.0, 0.0, 0.0, 0.0, 0.0, 0.0, 0.0, 0.0, 0.0, 0.0, 0.0, 0.0]","[""2026-07-20"", ""2026-07-27"", ""2026-08-03"", ""2026-08-10"", ""2026-08-17"", ""2026-08-24"", ""2026-08-31"", ""2026-09-07"", ""2026-09-14"", ""2026-09-21"", ""2026-09-28"", ""2026-10-05"", ""2026-10-12""]",Unreliable,0,,10,17-07-2026 15:11
MIGMAINT20,7,1,TwoStage_RF_RF,57.935,84.074,3.729479626,[3.729479625589273],"[""2026-07-20""]",Poor,0,,10,17-07-2026 15:11
MIGMAINT20,14,2,SES,97.57,124.76,3.341711101,"[1.6708555504675575, 1.6708555504675575]","[""2026-07-20"", ""2026-07-27""]",Unreliable,0,,10,17-07-2026 15:11
MIGMAINT20,28,4,ZeroForecast,100,69.867,0,"[0.0, 0.0, 0.0, 0.0]","[""2026-07-20"", ""2026-07-27"", ""2026-08-03"", ""2026-08-10""]",Unreliable,0,,10,17-07-2026 15:11
MIGMAINT20,56,8,ZeroForecast,100,34.933,0,"[0.0, 0.0, 0.0, 0.0, 0.0, 0.0, 0.0, 0.0]","[""2026-07-20"", ""2026-07-27"", ""2026-08-03"", ""2026-08-10"", ""2026-08-17"", ""2026-08-24"", ""2026-08-31"", ""2026-09-07""]",Unreliable,0,,10,17-07-2026 15:11
MIGMAINT20,91,13,ZeroForecast,100,36.843,0,"[0.0, 0.0, 0.0, 0.0, 0.0, 0.0, 0.0, 0.0, 0.0, 0.0, 0.0, 0.0, 0.0]","[""2026-07-20"", ""2026-07-27"", ""2026-08-03"", ""2026-08-10"", ""2026-08-17"", ""2026-08-24"", ""2026-08-31"", ""2026-09-07"", ""2026-09-14"", ""2026-09-21"", ""2026-09-28"", ""2026-10-05"", ""2026-10-12""]",Unreliable,0,,10,17-07-2026 15:11
MIGPUP20,7,1,TwoStage_ET_ET,27.6,24.674,1.071916919,[1.0719169193971996],"[""2026-07-20""]",Good,0,,10,17-07-2026 15:11
MIGPUP20,14,2,TwoStage_RF_Ridge,61.574,73.735,1.183559632,"[0.6075501463614208, 0.5760094854263413]","[""2026-07-20"", ""2026-07-27""]",Poor,0,,10,17-07-2026 15:11
MIGPUP20,28,4,ZeroForecast,100,79.846,0,"[0.0, 0.0, 0.0, 0.0]","[""2026-07-20"", ""2026-07-27"", ""2026-08-03"", ""2026-08-10""]",Unreliable,0,,10,17-07-2026 15:11
MIGPUP20,56,8,ZeroForecast,100,44.91,0,"[0.0, 0.0, 0.0, 0.0, 0.0, 0.0, 0.0, 0.0]","[""2026-07-20"", ""2026-07-27"", ""2026-08-03"", ""2026-08-10"", ""2026-08-17"", ""2026-08-24"", ""2026-08-31"", ""2026-09-07""]",Unreliable,0,,10,17-07-2026 15:11
MIGPUP20,91,13,ZeroForecast,100,33.779,0,"[0.0, 0.0, 0.0, 0.0, 0.0, 0.0, 0.0, 0.0, 0.0, 0.0, 0.0, 0.0, 0.0]","[""2026-07-20"", ""2026-07-27"", ""2026-08-03"", ""2026-08-10"", ""2026-08-17"", ""2026-08-24"", ""2026-08-31"", ""2026-09-07"", ""2026-09-14"", ""2026-09-21"", ""2026-09-28"", ""2026-10-05"", ""2026-10-12""]",Unreliable,0,,10,17-07-2026 15:11
NATBUDDYCATMEATMB20,7,1,LastNonZero,9.091,9.523,25.74,[25.740000000000002],"[""2026-07-20""]",Excellent,0,,10,17-07-2026 15:11
NATBUDDYCATMEATMB20,14,2,NaiveLastValue,100,99.992,0,"[0.0, 0.0]","[""2026-07-20"", ""2026-07-27""]",Unreliable,0,,10,17-07-2026 15:11
NATBUDDYCATMEATMB20,28,4,NaiveLastValue,100,49.996,0,"[0.0, 0.0, 0.0, 0.0]","[""2026-07-20"", ""2026-07-27"", ""2026-08-03"", ""2026-08-10""]",Unreliable,0,,10,17-07-2026 15:11
NATBUDDYCATMEATMB20,56,8,NaiveLastValue,100,24.998,0,"[0.0, 0.0, 0.0, 0.0, 0.0, 0.0, 0.0, 0.0]","[""2026-07-20"", ""2026-07-27"", ""2026-08-03"", ""2026-08-10"", ""2026-08-17"", ""2026-08-24"", ""2026-08-31"", ""2026-09-07""]",Unreliable,0,,10,17-07-2026 15:11
NATBUDDYCATMEATMB20,91,13,NaiveLastValue,100,15.383,0,"[0.0, 0.0, 0.0, 0.0, 0.0, 0.0, 0.0, 0.0, 0.0, 0.0, 0.0, 0.0, 0.0]","[""2026-07-20"", ""2026-07-27"", ""2026-08-03"", ""2026-08-10"", ""2026-08-17"", ""2026-08-24"", ""2026-08-31"", ""2026-09-07"", ""2026-09-14"", ""2026-09-21"", ""2026-09-28"", ""2026-10-05"", ""2026-10-12""]",Unreliable,0,,10,17-07-2026 15:11
NUTRICHANCECAOGF15,7,1,SBA_alpha_01,1.2,1.207,1.554,[1.5539999999999998],"[""2026-07-20""]",Excellent,0,,10,17-07-2026 15:11
NUTRICHANCECAOGF15,14,2,NaiveLastValue,100,99.978,0,"[0.0, 0.0]","[""2026-07-20"", ""2026-07-27""]",Unreliable,0,,10,17-07-2026 15:11
NUTRICHANCECAOGF15,28,4,NaiveLastValue,100,49.989,0,"[0.0, 0.0, 0.0, 0.0]","[""2026-07-20"", ""2026-07-27"", ""2026-08-03"", ""2026-08-10""]",Unreliable,0,,10,17-07-2026 15:11
NUTRICHANCECAOGF15,56,8,NaiveLastValue,100,24.994,0,"[0.0, 0.0, 0.0, 0.0, 0.0, 0.0, 0.0, 0.0]","[""2026-07-20"", ""2026-07-27"", ""2026-08-03"", ""2026-08-10"", ""2026-08-17"", ""2026-08-24"", ""2026-08-31"", ""2026-09-07""]",Unreliable,0,,10,17-07-2026 15:11
NUTRICHANCECAOGF15,91,13,NaiveLastValue,100,15.381,0,"[0.0, 0.0, 0.0, 0.0, 0.0, 0.0, 0.0, 0.0, 0.0, 0.0, 0.0, 0.0, 0.0]","[""2026-07-20"", ""2026-07-27"", ""2026-08-03"", ""2026-08-10"", ""2026-08-17"", ""2026-08-24"", ""2026-08-31"", ""2026-09-07"", ""2026-09-14"", ""2026-09-21"", ""2026-09-28"", ""2026-10-05"", ""2026-10-12""]",Unreliable,0,,10,17-07-2026 15:11
MISTAVESTOPS25,7,1,LastNonZero,55,54.554,0.375,[0.375],"[""2026-07-20""]",Poor,0,,10,17-07-2026 15:11
MISTAVESTOPS25,14,2,HistGradientBoostingRegressor,97.612,159.592,0.015310815,"[0.0, 0.01531081527625663]","[""2026-07-20"", ""2026-07-27""]",Unreliable,0,,10,17-07-2026 15:11
MISTAVESTOPS25,28,4,NaiveLastValue,100,49.708,0,"[0.0, 0.0, 0.0, 0.0]","[""2026-07-20"", ""2026-07-27"", ""2026-08-03"", ""2026-08-10""]",Unreliable,0,,10,17-07-2026 15:11
MISTAVESTOPS25,56,8,ZeroForecast,100,29.828,0,"[0.0, 0.0, 0.0, 0.0, 0.0, 0.0, 0.0, 0.0]","[""2026-07-20"", ""2026-07-27"", ""2026-08-03"", ""2026-08-10"", ""2026-08-17"", ""2026-08-24"", ""2026-08-31"", ""2026-09-07""]",Unreliable,0,,10,17-07-2026 15:11
MISTAVESTOPS25,91,13,NaiveLastValue,100,30.566,0,"[0.0, 0.0, 0.0, 0.0, 0.0, 0.0, 0.0, 0.0, 0.0, 0.0, 0.0, 0.0, 0.0]","[""2026-07-20"", ""2026-07-27"", ""2026-08-03"", ""2026-08-10"", ""2026-08-17"", ""2026-08-24"", ""2026-08-31"", ""2026-09-07"", ""2026-09-14"", ""2026-09-21"", ""2026-09-28"", ""2026-10-05"", ""2026-10-12""]",Unreliable,0,,10,17-07-2026 15:11
MIGMAINTMIX20,7,1,LastNonZero,45.572,35.951,10.2,[10.200000000000001],"[""2026-07-20""]",Fair,0,,10,17-07-2026 15:11
MIGMAINTMIX20,14,2,GradientBoostingRegressor,94.19,151.594,4.709307474,"[0.0, 4.709307473971436]","[""2026-07-20"", ""2026-07-27""]",Unreliable,0,,10,17-07-2026 15:11
MIGMAINTMIX20,28,4,ZeroForecast,100,59.989,0,"[0.0, 0.0, 0.0, 0.0]","[""2026-07-20"", ""2026-07-27"", ""2026-08-03"", ""2026-08-10""]",Unreliable,0,,10,17-07-2026 15:11
MIGMAINTMIX20,56,8,ZeroForecast,100,34.993,0,"[0.0, 0.0, 0.0, 0.0, 0.0, 0.0, 0.0, 0.0]","[""2026-07-20"", ""2026-07-27"", ""2026-08-03"", ""2026-08-10"", ""2026-08-17"", ""2026-08-24"", ""2026-08-31"", ""2026-09-07""]",Unreliable,0,,10,17-07-2026 15:11
MIGMAINTMIX20,91,13,NaiveLastValue,100,30.764,0,"[0.0, 0.0, 0.0, 0.0, 0.0, 0.0, 0.0, 0.0, 0.0, 0.0, 0.0, 0.0, 0.0]","[""2026-07-20"", ""2026-07-27"", ""2026-08-03"", ""2026-08-10"", ""2026-08-17"", ""2026-08-24"", ""2026-08-31"", ""2026-09-07"", ""2026-09-14"", ""2026-09-21"", ""2026-09-28"", ""2026-10-05"", ""2026-10-12""]",Unreliable,0,,10,17-07-2026 15:11
NUTRICHANCECAOGF4,7,1,SBA_alpha_02,5.84,5.669,0.098723077,[0.09872307692307691],"[""2026-07-20""]",Excellent,0,,10,17-07-2026 15:11
NUTRICHANCECAOGF4,14,2,NaiveLastValue,100,99.8,0,"[0.0, 0.0]","[""2026-07-20"", ""2026-07-27""]",Unreliable,0,,10,17-07-2026 15:11
NUTRICHANCECAOGF4,28,4,NaiveLastValue,100,49.9,0,"[0.0, 0.0, 0.0, 0.0]","[""2026-07-20"", ""2026-07-27"", ""2026-08-03"", ""2026-08-10""]",Unreliable,0,,10,17-07-2026 15:11
NUTRICHANCECAOGF4,56,8,NaiveLastValue,100,24.95,0,"[0.0, 0.0, 0.0, 0.0, 0.0, 0.0, 0.0, 0.0]","[""2026-07-20"", ""2026-07-27"", ""2026-08-03"", ""2026-08-10"", ""2026-08-17"", ""2026-08-24"", ""2026-08-31"", ""2026-09-07""]",Unreliable,0,,10,17-07-2026 15:11
NUTRICHANCECAOGF4,91,13,NaiveLastValue,100,15.354,0,"[0.0, 0.0, 0.0, 0.0, 0.0, 0.0, 0.0, 0.0, 0.0, 0.0, 0.0, 0.0, 0.0]","[""2026-07-20"", ""2026-07-27"", ""2026-08-03"", ""2026-08-10"", ""2026-08-17"", ""2026-08-24"", ""2026-08-31"", ""2026-09-07"", ""2026-09-14"", ""2026-09-21"", ""2026-09-28"", ""2026-10-05"", ""2026-10-12""]",Unreliable,0,,10,17-07-2026 15:11
MISTURACOES5,7,1,ExtraTreesRegressor,0,0,0,[0.0],"[""2026-07-20""]",Excellent,1,NaiveLastValue,10,17-07-2026 15:11
MISTURACOES5,14,2,ExtraTreesRegressor,0,0,0,"[0.0, 0.0]","[""2026-07-20"", ""2026-07-27""]",Excellent,1,NaiveLastValue,10,17-07-2026 15:11
MISTURACOES5,28,4,ExtraTreesRegressor,0,0,0,"[0.0, 0.0, 0.0, 0.0]","[""2026-07-20"", ""2026-07-27"", ""2026-08-03"", ""2026-08-10""]",Excellent,1,NaiveLastValue,10,17-07-2026 15:11
MISTURACOES5,56,8,ExtraTreesRegressor,0,0,0,"[0.0, 0.0, 0.0, 0.0, 0.0, 0.0, 0.0, 0.0]","[""2026-07-20"", ""2026-07-27"", ""2026-08-03"", ""2026-08-10"", ""2026-08-17"", ""2026-08-24"", ""2026-08-31"", ""2026-09-07""]",Excellent,1,NaiveLastValue,10,17-07-2026 15:11
MISTURACOES5,91,13,RandomForestRegressor,0,0,0,"[0.0, 0.0, 0.0, 0.0, 0.0, 0.0, 0.0, 0.0, 0.0, 0.0, 0.0, 0.0, 0.0]","[""2026-07-20"", ""2026-07-27"", ""2026-08-03"", ""2026-08-10"", ""2026-08-17"", ""2026-08-24"", ""2026-08-31"", ""2026-09-07"", ""2026-09-14"", ""2026-09-21"", ""2026-09-28"", ""2026-10-05"", ""2026-10-12""]",Excellent,1,NaiveLastValue,10,17-07-2026 15:11
P00012,7,1,ExtraTreesRegressor,0,0,0,[0.0],"[""2026-07-20""]",Excellent,1,NaiveLastValue,10,17-07-2026 15:11
P00012,14,2,ExtraTreesRegressor,0,0,0,"[0.0, 0.0]","[""2026-07-20"", ""2026-07-27""]",Excellent,1,NaiveLastValue,10,17-07-2026 15:11
P00012,28,4,RandomForestRegressor,0,0,0,"[0.0, 0.0, 0.0, 0.0]","[""2026-07-20"", ""2026-07-27"", ""2026-08-03"", ""2026-08-10""]",Excellent,1,NaiveLastValue,10,17-07-2026 15:11
P00012,56,8,RandomForestRegressor,0,0,0,"[0.0, 0.0, 0.0, 0.0, 0.0, 0.0, 0.0, 0.0]","[""2026-07-20"", ""2026-07-27"", ""2026-08-03"", ""2026-08-10"", ""2026-08-17"", ""2026-08-24"", ""2026-08-31"", ""2026-09-07""]",Excellent,1,NaiveLastValue,10,17-07-2026 15:11
P00012,91,13,RandomForestRegressor,0,0,0,"[0.0, 0.0, 0.0, 0.0, 0.0, 0.0, 0.0, 0.0, 0.0, 0.0, 0.0, 0.0, 0.0]","[""2026-07-20"", ""2026-07-27"", ""2026-08-03"", ""2026-08-10"", ""2026-08-17"", ""2026-08-24"", ""2026-08-31"", ""2026-09-07"", ""2026-09-14"", ""2026-09-21"", ""2026-09-28"", ""2026-10-05"", ""2026-10-12""]",Excellent,1,NaiveLastValue,10,17-07-2026 15:11
MISTAVESTOPS5,7,1,SeasonalNaive_52,60.265,145.984,0,[0.0],"[""2026-07-20""]",Poor,0,,10,17-07-2026 15:11
MISTAVESTOPS5,14,2,arima,89.317,120.617,0.062994467,"[0.03149723331869275, 0.03149723331732947]","[""2026-07-20"", ""2026-07-27""]",Unreliable,0,,10,17-07-2026 15:11
MISTAVESTOPS5,28,4,ZeroForecast,100,68.263,0,"[0.0, 0.0, 0.0, 0.0]","[""2026-07-20"", ""2026-07-27"", ""2026-08-03"", ""2026-08-10""]",Unreliable,0,,10,17-07-2026 15:11
MISTAVESTOPS5,56,8,ZeroForecast,100,38.939,0,"[0.0, 0.0, 0.0, 0.0, 0.0, 0.0, 0.0, 0.0]","[""2026-07-20"", ""2026-07-27"", ""2026-08-03"", ""2026-08-10"", ""2026-08-17"", ""2026-08-24"", ""2026-08-31"", ""2026-09-07""]",Unreliable,0,,10,17-07-2026 15:11
MISTAVESTOPS5,91,13,ZeroForecast,100,27.019,0,"[0.0, 0.0, 0.0, 0.0, 0.0, 0.0, 0.0, 0.0, 0.0, 0.0, 0.0, 0.0, 0.0]","[""2026-07-20"", ""2026-07-27"", ""2026-08-03"", ""2026-08-10"", ""2026-08-17"", ""2026-08-24"", ""2026-08-31"", ""2026-09-07"", ""2026-09-14"", ""2026-09-21"", ""2026-09-28"", ""2026-10-05"", ""2026-10-12""]",Unreliable,0,,10,17-07-2026 15:11
MISTCOETOPS5,7,1,LastNonZero,44.444,46.508,0.3,[0.3],"[""2026-07-20""]",Fair,0,,10,17-07-2026 15:11
MISTCOETOPS5,14,2,TwoStage_Logistic_Huber,93.868,141.162,0.167347767,"[0.07738492873884567, 0.08996283860354341]","[""2026-07-20"", ""2026-07-27""]",Unreliable,0,,10,17-07-2026 15:11
MISTCOETOPS5,28,4,NaiveLastValue,100,49.669,0,"[0.0, 0.0, 0.0, 0.0]","[""2026-07-20"", ""2026-07-27"", ""2026-08-03"", ""2026-08-10""]",Unreliable,0,,10,17-07-2026 15:11
MISTCOETOPS5,56,8,NaiveLastValue,100,24.834,0,"[0.0, 0.0, 0.0, 0.0, 0.0, 0.0, 0.0, 0.0]","[""2026-07-20"", ""2026-07-27"", ""2026-08-03"", ""2026-08-10"", ""2026-08-17"", ""2026-08-24"", ""2026-08-31"", ""2026-09-07""]",Unreliable,0,,10,17-07-2026 15:11
MISTCOETOPS5,91,13,ZeroForecast,100,27.509,0,"[0.0, 0.0, 0.0, 0.0, 0.0, 0.0, 0.0, 0.0, 0.0, 0.0, 0.0, 0.0, 0.0]","[""2026-07-20"", ""2026-07-27"", ""2026-08-03"", ""2026-08-10"", ""2026-08-17"", ""2026-08-24"", ""2026-08-31"", ""2026-09-07"", ""2026-09-14"", ""2026-09-21"", ""2026-09-28"", ""2026-10-05"", ""2026-10-12""]",Unreliable,0,,10,17-07-2026 15:11
P00011,7,1,SBA_alpha_02,2.672,2.707,0.313077273,[0.3130772727272727],"[""2026-07-20""]",Excellent,0,,10,17-07-2026 15:11
P00011,14,2,NaiveLastValue,100,99.93,0,"[0.0, 0.0]","[""2026-07-20"", ""2026-07-27""]",Unreliable,0,,10,17-07-2026 15:11
P00011,28,4,NaiveLastValue,100,49.965,0,"[0.0, 0.0, 0.0, 0.0]","[""2026-07-20"", ""2026-07-27"", ""2026-08-03"", ""2026-08-10""]",Unreliable,0,,10,17-07-2026 15:11
P00011,56,8,NaiveLastValue,100,24.983,0,"[0.0, 0.0, 0.0, 0.0, 0.0, 0.0, 0.0, 0.0]","[""2026-07-20"", ""2026-07-27"", ""2026-08-03"", ""2026-08-10"", ""2026-08-17"", ""2026-08-24"", ""2026-08-31"", ""2026-09-07""]",Unreliable,0,,10,17-07-2026 15:11
P00011,91,13,NaiveLastValue,100,15.374,0,"[0.0, 0.0, 0.0, 0.0, 0.0, 0.0, 0.0, 0.0, 0.0, 0.0, 0.0, 0.0, 0.0]","[""2026-07-20"", ""2026-07-27"", ""2026-08-03"", ""2026-08-10"", ""2026-08-17"", ""2026-08-24"", ""2026-08-31"", ""2026-09-07"", ""2026-09-14"", ""2026-09-21"", ""2026-09-28"", ""2026-10-05"", ""2026-10-12""]",Unreliable,0,,10,17-07-2026 15:11
P00014,7,1,ExtraTreesRegressor,0,0,0,[0.0],"[""2026-07-20""]",Excellent,1,NaiveLastValue,10,17-07-2026 15:11
P00014,14,2,ExtraTreesRegressor,0,0,0,"[0.0, 0.0]","[""2026-07-20"", ""2026-07-27""]",Excellent,1,NaiveLastValue,10,17-07-2026 15:11
P00014,28,4,RandomForestRegressor,0,0,0,"[0.0, 0.0, 0.0, 0.0]","[""2026-07-20"", ""2026-07-27"", ""2026-08-03"", ""2026-08-10""]",Excellent,1,NaiveLastValue,10,17-07-2026 15:11
P00014,56,8,RandomForestRegressor,0,0,0,"[0.0, 0.0, 0.0, 0.0, 0.0, 0.0, 0.0, 0.0]","[""2026-07-20"", ""2026-07-27"", ""2026-08-03"", ""2026-08-10"", ""2026-08-17"", ""2026-08-24"", ""2026-08-31"", ""2026-09-07""]",Excellent,1,NaiveLastValue,10,17-07-2026 15:11
P00014,91,13,RandomForestRegressor,0,0,0,"[0.0, 0.0, 0.0, 0.0, 0.0, 0.0, 0.0, 0.0, 0.0, 0.0, 0.0, 0.0, 0.0]","[""2026-07-20"", ""2026-07-27"", ""2026-08-03"", ""2026-08-10"", ""2026-08-17"", ""2026-08-24"", ""2026-08-31"", ""2026-09-07"", ""2026-09-14"", ""2026-09-21"", ""2026-09-28"", ""2026-10-05"", ""2026-10-12""]",Excellent,1,NaiveLastValue,10,17-07-2026 15:11
P00015,7,1,LastNonZero,29.216,34.21,9.036,[9.036],"[""2026-07-20""]",Good,0,,10,17-07-2026 15:11
P00015,14,2,NaiveLastValue,100,99.978,0,"[0.0, 0.0]","[""2026-07-20"", ""2026-07-27""]",Unreliable,0,,10,17-07-2026 15:11
P00015,28,4,NaiveLastValue,100,49.989,0,"[0.0, 0.0, 0.0, 0.0]","[""2026-07-20"", ""2026-07-27"", ""2026-08-03"", ""2026-08-10""]",Unreliable,0,,10,17-07-2026 15:11
P00015,56,8,NaiveLastValue,100,24.994,0,"[0.0, 0.0, 0.0, 0.0, 0.0, 0.0, 0.0, 0.0]","[""2026-07-20"", ""2026-07-27"", ""2026-08-03"", ""2026-08-10"", ""2026-08-17"", ""2026-08-24"", ""2026-08-31"", ""2026-09-07""]",Unreliable,0,,10,17-07-2026 15:11
P00015,91,13,NaiveLastValue,100,15.381,0,"[0.0, 0.0, 0.0, 0.0, 0.0, 0.0, 0.0, 0.0, 0.0, 0.0, 0.0, 0.0, 0.0]","[""2026-07-20"", ""2026-07-27"", ""2026-08-03"", ""2026-08-10"", ""2026-08-17"", ""2026-08-24"", ""2026-08-31"", ""2026-09-07"", ""2026-09-14"", ""2026-09-21"", ""2026-09-28"", ""2026-10-05"", ""2026-10-12""]",Unreliable,0,,10,17-07-2026 15:11
P00016,7,1,LastNonZero,62.505,90.902,8.001,[8.001],"[""2026-07-20""]",Poor,0,,10,17-07-2026 15:11
P00016,14,2,NaiveLastValue,100,99.975,0,"[0.0, 0.0]","[""2026-07-20"", ""2026-07-27""]",Unreliable,0,,10,17-07-2026 15:11
P00016,28,4,NaiveLastValue,100,49.988,0,"[0.0, 0.0, 0.0, 0.0]","[""2026-07-20"", ""2026-07-27"", ""2026-08-03"", ""2026-08-10""]",Unreliable,0,,10,17-07-2026 15:11
P00016,56,8,NaiveLastValue,100,24.994,0,"[0.0, 0.0, 0.0, 0.0, 0.0, 0.0, 0.0, 0.0]","[""2026-07-20"", ""2026-07-27"", ""2026-08-03"", ""2026-08-10"", ""2026-08-17"", ""2026-08-24"", ""2026-08-31"", ""2026-09-07""]",Unreliable,0,,10,17-07-2026 15:11
P00016,91,13,NaiveLastValue,100,15.381,0,"[0.0, 0.0, 0.0, 0.0, 0.0, 0.0, 0.0, 0.0, 0.0, 0.0, 0.0, 0.0, 0.0]","[""2026-07-20"", ""2026-07-27"", ""2026-08-03"", ""2026-08-10"", ""2026-08-17"", ""2026-08-24"", ""2026-08-31"", ""2026-09-07"", ""2026-09-14"", ""2026-09-21"", ""2026-09-28"", ""2026-10-05"", ""2026-10-12""]",Unreliable,0,,10,17-07-2026 15:11
P00013,7,1,LastNonZero,11.74,13.766,9,[9.0],"[""2026-07-20""]",Excellent,0,,10,17-07-2026 15:11
P00013,14,2,RandomForestRegressor,90.333,111.657,0,"[0.0, 0.0]","[""2026-07-20"", ""2026-07-27""]",Unreliable,0,,10,17-07-2026 15:11
P00013,28,4,NaiveLastValue,100,49.989,0,"[0.0, 0.0, 0.0, 0.0]","[""2026-07-20"", ""2026-07-27"", ""2026-08-03"", ""2026-08-10""]",Unreliable,0,,10,17-07-2026 15:11
P00013,56,8,NaiveLastValue,100,24.994,0,"[0.0, 0.0, 0.0, 0.0, 0.0, 0.0, 0.0, 0.0]","[""2026-07-20"", ""2026-07-27"", ""2026-08-03"", ""2026-08-10"", ""2026-08-17"", ""2026-08-24"", ""2026-08-31"", ""2026-09-07""]",Unreliable,0,,10,17-07-2026 15:11
P00013,91,13,NaiveLastValue,100,15.381,0,"[0.0, 0.0, 0.0, 0.0, 0.0, 0.0, 0.0, 0.0, 0.0, 0.0, 0.0, 0.0, 0.0]","[""2026-07-20"", ""2026-07-27"", ""2026-08-03"", ""2026-08-10"", ""2026-08-17"", ""2026-08-24"", ""2026-08-31"", ""2026-09-07"", ""2026-09-14"", ""2026-09-21"", ""2026-09-28"", ""2026-10-05"", ""2026-10-12""]",Unreliable,0,,10,17-07-2026 15:11
P00018,7,1,ExtraTreesRegressor,0,0,0,[0.0],"[""2026-07-20""]",Excellent,1,NaiveLastValue,10,17-07-2026 15:11
P00018,14,2,ExtraTreesRegressor,0,0,0,"[0.0, 0.0]","[""2026-07-20"", ""2026-07-27""]",Excellent,1,NaiveLastValue,10,17-07-2026 15:11
P00018,28,4,RandomForestRegressor,0,0,0,"[0.0, 0.0, 0.0, 0.0]","[""2026-07-20"", ""2026-07-27"", ""2026-08-03"", ""2026-08-10""]",Excellent,1,NaiveLastValue,10,17-07-2026 15:11
P00018,56,8,RandomForestRegressor,0,0,0,"[0.0, 0.0, 0.0, 0.0, 0.0, 0.0, 0.0, 0.0]","[""2026-07-20"", ""2026-07-27"", ""2026-08-03"", ""2026-08-10"", ""2026-08-17"", ""2026-08-24"", ""2026-08-31"", ""2026-09-07""]",Excellent,1,NaiveLastValue,10,17-07-2026 15:11
P00018,91,13,RandomForestRegressor,0,0,0,"[0.0, 0.0, 0.0, 0.0, 0.0, 0.0, 0.0, 0.0, 0.0, 0.0, 0.0, 0.0, 0.0]","[""2026-07-20"", ""2026-07-27"", ""2026-08-03"", ""2026-08-10"", ""2026-08-17"", ""2026-08-24"", ""2026-08-31"", ""2026-09-07"", ""2026-09-14"", ""2026-09-21"", ""2026-09-28"", ""2026-10-05"", ""2026-10-12""]",Excellent,1,NaiveLastValue,10,17-07-2026 15:11
NUTRICROKADULTO20D,7,1,LastNonZero,1.142,1.137,12.46,[12.46],"[""2026-07-20""]",Excellent,0,,10,17-07-2026 15:11
NUTRICROKADULTO20D,14,2,Ridge,94.072,162.344,0,"[0.0, 0.0]","[""2026-07-20"", ""2026-07-27""]",Unreliable,0,,10,17-07-2026 15:11
NUTRICROKADULTO20D,28,4,NaiveLastValue,100,49.992,0,"[0.0, 0.0, 0.0, 0.0]","[""2026-07-20"", ""2026-07-27"", ""2026-08-03"", ""2026-08-10""]",Unreliable,0,,10,17-07-2026 15:11
NUTRICROKADULTO20D,56,8,NaiveLastValue,100,24.996,0,"[0.0, 0.0, 0.0, 0.0, 0.0, 0.0, 0.0, 0.0]","[""2026-07-20"", ""2026-07-27"", ""2026-08-03"", ""2026-08-10"", ""2026-08-17"", ""2026-08-24"", ""2026-08-31"", ""2026-09-07""]",Unreliable,0,,10,17-07-2026 15:11
NUTRICROKADULTO20D,91,13,NaiveLastValue,100,24.611,0,"[0.0, 0.0, 0.0, 0.0, 0.0, 0.0, 0.0, 0.0, 0.0, 0.0, 0.0, 0.0, 0.0]","[""2026-07-20"", ""2026-07-27"", ""2026-08-03"", ""2026-08-10"", ""2026-08-17"", ""2026-08-24"", ""2026-08-31"", ""2026-09-07"", ""2026-09-14"", ""2026-09-21"", ""2026-09-28"", ""2026-10-05"", ""2026-10-12""]",Unreliable,0,,10,17-07-2026 15:11
P00020,7,1,ExtraTreesRegressor,0,0,0,[0.0],"[""2026-07-20""]",Excellent,1,NaiveLastValue,10,17-07-2026 15:11
P00020,14,2,ExtraTreesRegressor,0,0,0,"[0.0, 0.0]","[""2026-07-20"", ""2026-07-27""]",Excellent,1,NaiveLastValue,10,17-07-2026 15:11
P00020,28,4,RandomForestRegressor,0,0,0,"[0.0, 0.0, 0.0, 0.0]","[""2026-07-20"", ""2026-07-27"", ""2026-08-03"", ""2026-08-10""]",Excellent,1,NaiveLastValue,10,17-07-2026 15:11
P00020,56,8,RandomForestRegressor,0,0,0,"[0.0, 0.0, 0.0, 0.0, 0.0, 0.0, 0.0, 0.0]","[""2026-07-20"", ""2026-07-27"", ""2026-08-03"", ""2026-08-10"", ""2026-08-17"", ""2026-08-24"", ""2026-08-31"", ""2026-09-07""]",Excellent,1,NaiveLastValue,10,17-07-2026 15:11
P00020,91,13,RandomForestRegressor,0,0,0,"[0.0, 0.0, 0.0, 0.0, 0.0, 0.0, 0.0, 0.0, 0.0, 0.0, 0.0, 0.0, 0.0]","[""2026-07-20"", ""2026-07-27"", ""2026-08-03"", ""2026-08-10"", ""2026-08-17"", ""2026-08-24"", ""2026-08-31"", ""2026-09-07"", ""2026-09-14"", ""2026-09-21"", ""2026-09-28"", ""2026-10-05"", ""2026-10-12""]",Excellent,1,NaiveLastValue,10,17-07-2026 15:11
P00019,7,1,SBA_alpha_01,59.542,86.118,0.561762079,[0.5617620786516855],"[""2026-07-20""]",Poor,0,,10,17-07-2026 15:11
P00019,14,2,SBA_alpha_01,87.867,132.376,1.123524157,"[0.5617620786516855, 0.5617620786516855]","[""2026-07-20"", ""2026-07-27""]",Unreliable,0,,10,17-07-2026 15:11
P00019,28,4,ZeroForecast,100,49.966,0,"[0.0, 0.0, 0.0, 0.0]","[""2026-07-20"", ""2026-07-27"", ""2026-08-03"", ""2026-08-10""]",Unreliable,0,,10,17-07-2026 15:11
P00019,56,8,ZeroForecast,100,24.989,0,"[0.0, 0.0, 0.0, 0.0, 0.0, 0.0, 0.0, 0.0]","[""2026-07-20"", ""2026-07-27"", ""2026-08-03"", ""2026-08-10"", ""2026-08-17"", ""2026-08-24"", ""2026-08-31"", ""2026-09-07""]",Unreliable,0,,10,17-07-2026 15:11
P00019,91,13,ZeroForecast,100,15.378,0,"[0.0, 0.0, 0.0, 0.0, 0.0, 0.0, 0.0, 0.0, 0.0, 0.0, 0.0, 0.0, 0.0]","[""2026-07-20"", ""2026-07-27"", ""2026-08-03"", ""2026-08-10"", ""2026-08-17"", ""2026-08-24"", ""2026-08-31"", ""2026-09-07"", ""2026-09-14"", ""2026-09-21"", ""2026-09-28"", ""2026-10-05"", ""2026-10-12""]",Unreliable,0,,10,17-07-2026 15:11
PALANTEADULTO4,7,1,RandomForestRegressor,0,0,0,[0.0],"[""2026-07-20""]",Excellent,1,NaiveLastValue,10,17-07-2026 15:11
PALANTEADULTO4,14,2,RandomForestRegressor,0,0,0,"[0.0, 0.0]","[""2026-07-20"", ""2026-07-27""]",Excellent,1,NaiveLastValue,10,17-07-2026 15:11
PALANTEADULTO4,28,4,RandomForestRegressor,0,0,0,"[0.0, 0.0, 0.0, 0.0]","[""2026-07-20"", ""2026-07-27"", ""2026-08-03"", ""2026-08-10""]",Excellent,1,NaiveLastValue,10,17-07-2026 15:11
PALANTEADULTO4,56,8,RandomForestRegressor,0,0,0,"[0.0, 0.0, 0.0, 0.0, 0.0, 0.0, 0.0, 0.0]","[""2026-07-20"", ""2026-07-27"", ""2026-08-03"", ""2026-08-10"", ""2026-08-17"", ""2026-08-24"", ""2026-08-31"", ""2026-09-07""]",Excellent,1,NaiveLastValue,10,17-07-2026 15:11
PALANTEADULTO4,91,13,RandomForestRegressor,0,0,0,"[0.0, 0.0, 0.0, 0.0, 0.0, 0.0, 0.0, 0.0, 0.0, 0.0, 0.0, 0.0, 0.0]","[""2026-07-20"", ""2026-07-27"", ""2026-08-03"", ""2026-08-10"", ""2026-08-17"", ""2026-08-24"", ""2026-08-31"", ""2026-09-07"", ""2026-09-14"", ""2026-09-21"", ""2026-09-28"", ""2026-10-05"", ""2026-10-12""]",Excellent,1,NaiveLastValue,10,17-07-2026 15:11
NUTRICROKAE20D,7,1,LastNonZero,2.003,1.996,13.1,[13.1],"[""2026-07-20""]",Excellent,0,,10,17-07-2026 15:11
NUTRICROKAE20D,14,2,arima,99.86,187.924,1.609131259,"[0.8045656294370013, 0.8045656294367177]","[""2026-07-20"", ""2026-07-27""]",Unreliable,0,,10,17-07-2026 15:11
NUTRICROKAE20D,28,4,NaiveLastValue,100,49.992,0,"[0.0, 0.0, 0.0, 0.0]","[""2026-07-20"", ""2026-07-27"", ""2026-08-03"", ""2026-08-10""]",Unreliable,0,,10,17-07-2026 15:11
NUTRICROKAE20D,56,8,NaiveLastValue,100,24.996,0,"[0.0, 0.0, 0.0, 0.0, 0.0, 0.0, 0.0, 0.0]","[""2026-07-20"", ""2026-07-27"", ""2026-08-03"", ""2026-08-10"", ""2026-08-17"", ""2026-08-24"", ""2026-08-31"", ""2026-09-07""]",Unreliable,0,,10,17-07-2026 15:11
NUTRICROKAE20D,91,13,NaiveLastValue,100,15.382,0,"[0.0, 0.0, 0.0, 0.0, 0.0, 0.0, 0.0, 0.0, 0.0, 0.0, 0.0, 0.0, 0.0]","[""2026-07-20"", ""2026-07-27"", ""2026-08-03"", ""2026-08-10"", ""2026-08-17"", ""2026-08-24"", ""2026-08-31"", ""2026-09-07"", ""2026-09-14"", ""2026-09-21"", ""2026-09-28"", ""2026-10-05"", ""2026-10-12""]",Unreliable,0,,10,17-07-2026 15:11
PALANTEADULTO20,7,1,SES,31.803,37.348,7.101287953,[7.101287953231871],"[""2026-07-20""]",Good,0,,10,17-07-2026 15:11
PALANTEADULTO20,14,2,Ridge,52.707,92.123,15.2285965,"[9.628692429531029, 5.599904068334094]","[""2026-07-20"", ""2026-07-27""]",Fair,0,,10,17-07-2026 15:11
PALANTEADULTO20,28,4,SES,66.154,78.937,28.40515181,"[7.101287953231871, 7.101287953231871, 7.101287953231871, 7.101287953231871]","[""2026-07-20"", ""2026-07-27"", ""2026-08-03"", ""2026-08-10""]",Poor,0,,10,17-07-2026 15:11
PALANTEADULTO20,56,8,ETS,70.514,96.303,56.81030363,"[7.101287953231871, 7.101287953231871, 7.101287953231871, 7.101287953231871, 7.101287953231871, 7.101287953231871, 7.101287953231871, 7.101287953231871]","[""2026-07-20"", ""2026-07-27"", ""2026-08-03"", ""2026-08-10"", ""2026-08-17"", ""2026-08-24"", ""2026-08-31"", ""2026-09-07""]",Poor,0,,10,17-07-2026 15:11
PALANTEADULTO20,91,13,SBA_alpha_01,80.968,101.495,73.42682254,"[5.648217118432557, 5.648217118432557, 5.648217118432557, 5.648217118432557, 5.648217118432557, 5.648217118432557, 5.648217118432557, 5.648217118432557, 5.648217118432557, 5.648217118432557, 5.648217118432557, 5.648217118432557, 5.648217118432557]","[""2026-07-20"", ""2026-07-27"", ""2026-08-03"", ""2026-08-10"", ""2026-08-17"", ""2026-08-24"", ""2026-08-31"", ""2026-09-07"", ""2026-09-14"", ""2026-09-21"", ""2026-09-28"", ""2026-10-05"", ""2026-10-12""]",Unreliable,0,,10,17-07-2026 15:11
PALANTEGATO4,7,1,HuberRegressor,47.761,119.597,0,[0.0],"[""2026-07-20""]",Fair,0,,10,17-07-2026 15:11
PALANTEGATO4,14,2,HuberRegressor,52.295,95.548,0,"[0.0, 0.0]","[""2026-07-20"", ""2026-07-27""]",Fair,0,,10,17-07-2026 15:11
PALANTEGATO4,28,4,ETS,97.331,138.692,1.002096247,"[0.25052406177774034, 0.25052406177774034, 0.25052406177774034, 0.25052406177774034]","[""2026-07-20"", ""2026-07-27"", ""2026-08-03"", ""2026-08-10""]",Unreliable,0,,10,17-07-2026 15:11
PALANTEGATO4,56,8,ZeroForecast,100,69.199,0,"[0.0, 0.0, 0.0, 0.0, 0.0, 0.0, 0.0, 0.0]","[""2026-07-20"", ""2026-07-27"", ""2026-08-03"", ""2026-08-10"", ""2026-08-17"", ""2026-08-24"", ""2026-08-31"", ""2026-09-07""]",Unreliable,0,,10,17-07-2026 15:11
PALANTEGATO4,91,13,NaiveLastValue,100,71.123,0,"[0.0, 0.0, 0.0, 0.0, 0.0, 0.0, 0.0, 0.0, 0.0, 0.0, 0.0, 0.0, 0.0]","[""2026-07-20"", ""2026-07-27"", ""2026-08-03"", ""2026-08-10"", ""2026-08-17"", ""2026-08-24"", ""2026-08-31"", ""2026-09-07"", ""2026-09-14"", ""2026-09-21"", ""2026-09-28"", ""2026-10-05"", ""2026-10-12""]",Unreliable,0,,10,17-07-2026 15:11
PALANTEAE20,7,1,LastNonZero,29.268,22.76,7.8,[7.800000000000001],"[""2026-07-20""]",Good,0,,10,17-07-2026 15:11
PALANTEAE20,14,2,LastNonZero,50,67.091,15.6,"[7.800000000000001, 7.800000000000001]","[""2026-07-20"", ""2026-07-27""]",Fair,0,,10,17-07-2026 15:11
PALANTEAE20,28,4,ZeroForecast,100,79.976,0,"[0.0, 0.0, 0.0, 0.0]","[""2026-07-20"", ""2026-07-27"", ""2026-08-03"", ""2026-08-10""]",Unreliable,0,,10,17-07-2026 15:11
PALANTEAE20,56,8,ZeroForecast,100,89.972,0,"[0.0, 0.0, 0.0, 0.0, 0.0, 0.0, 0.0, 0.0]","[""2026-07-20"", ""2026-07-27"", ""2026-08-03"", ""2026-08-10"", ""2026-08-17"", ""2026-08-24"", ""2026-08-31"", ""2026-09-07""]",Unreliable,0,,10,17-07-2026 15:11
PALANTEAE20,91,13,ZeroForecast,100,89.204,0,"[0.0, 0.0, 0.0, 0.0, 0.0, 0.0, 0.0, 0.0, 0.0, 0.0, 0.0, 0.0, 0.0]","[""2026-07-20"", ""2026-07-27"", ""2026-08-03"", ""2026-08-10"", ""2026-08-17"", ""2026-08-24"", ""2026-08-31"", ""2026-09-07"", ""2026-09-14"", ""2026-09-21"", ""2026-09-28"", ""2026-10-05"", ""2026-10-12""]",Unreliable,0,,10,17-07-2026 15:11
PALANTEGATO20,7,1,TSB_01_01,39.158,40.839,4.153301946,[4.153301946058457],"[""2026-07-20""]",Fair,0,,10,17-07-2026 15:11
PALANTEGATO20,14,2,ADIDA_8,68.656,101.309,6.401,"[3.2005, 3.2005]","[""2026-07-20"", ""2026-07-27""]",Poor,0,,10,17-07-2026 15:11
PALANTEGATO20,28,4,TSBStyle_01_01,90.099,114.487,16.14881832,"[4.037204579776956, 4.037204579776956, 4.037204579776956, 4.037204579776956]","[""2026-07-20"", ""2026-07-27"", ""2026-08-03"", ""2026-08-10""]",Unreliable,0,,10,17-07-2026 15:11
PALANTEGATO20,56,8,ETS,87.509,107.963,31.72408313,"[3.9655103913910574, 3.9655103913910574, 3.9655103913910574, 3.9655103913910574, 3.9655103913910574, 3.9655103913910574, 3.9655103913910574, 3.9655103913910574]","[""2026-07-20"", ""2026-07-27"", ""2026-08-03"", ""2026-08-10"", ""2026-08-17"", ""2026-08-24"", ""2026-08-31"", ""2026-09-07""]",Unreliable,0,,10,17-07-2026 15:11
PALANTEGATO20,91,13,ETS,97.021,138.044,51.55163509,"[3.9655103913910574, 3.9655103913910574, 3.9655103913910574, 3.9655103913910574, 3.9655103913910574, 3.9655103913910574, 3.9655103913910574, 3.9655103913910574, 3.9655103913910574, 3.9655103913910574, 3.9655103913910574, 3.9655103913910574, 3.9655103913910574]","[""2026-07-20"", ""2026-07-27"", ""2026-08-03"", ""2026-08-10"", ""2026-08-17"", ""2026-08-24"", ""2026-08-31"", ""2026-09-07"", ""2026-09-14"", ""2026-09-21"", ""2026-09-28"", ""2026-10-05"", ""2026-10-12""]",Unreliable,0,,10,17-07-2026 15:11
PALANTEJR4,7,1,TwoStage_Logistic_Ridge,96.535,186.044,0.011963182,[0.011963181874382823],"[""2026-07-20""]",Unreliable,1,LastNonZero,10,17-07-2026 15:11
PALANTEJR4,14,2,NaiveLastValue,100,99.688,0,"[0.0, 0.0]","[""2026-07-20"", ""2026-07-27""]",Unreliable,0,,10,17-07-2026 15:11
PALANTEJR4,28,4,NaiveLastValue,100,49.844,0,"[0.0, 0.0, 0.0, 0.0]","[""2026-07-20"", ""2026-07-27"", ""2026-08-03"", ""2026-08-10""]",Unreliable,0,,10,17-07-2026 15:11
PALANTEJR4,56,8,NaiveLastValue,100,24.922,0,"[0.0, 0.0, 0.0, 0.0, 0.0, 0.0, 0.0, 0.0]","[""2026-07-20"", ""2026-07-27"", ""2026-08-03"", ""2026-08-10"", ""2026-08-17"", ""2026-08-24"", ""2026-08-31"", ""2026-09-07""]",Unreliable,0,,10,17-07-2026 15:11
PALANTEJR4,91,13,NaiveLastValue,100,15.337,0,"[0.0, 0.0, 0.0, 0.0, 0.0, 0.0, 0.0, 0.0, 0.0, 0.0, 0.0, 0.0, 0.0]","[""2026-07-20"", ""2026-07-27"", ""2026-08-03"", ""2026-08-10"", ""2026-08-17"", ""2026-08-24"", ""2026-08-31"", ""2026-09-07"", ""2026-09-14"", ""2026-09-21"", ""2026-09-28"", ""2026-10-05"", ""2026-10-12""]",Unreliable,0,,10,17-07-2026 15:11
PAPAGAIOS3,7,1,RandomForestRegressor,0,0,0,[0.0],"[""2026-07-20""]",Excellent,1,NaiveLastValue,10,17-07-2026 15:11
PAPAGAIOS3,14,2,,,,,,,No Model,0,,,17-07-2026 15:11
PAPAGAIOS3,28,4,,,,,,,No Model,0,,,17-07-2026 15:11
PAPAGAIOS3,56,8,,,,,,,No Model,0,,,17-07-2026 15:11
PAPAGAIOS3,91,13,,,,,,,No Model,0,,,17-07-2026 15:11
P00022,7,1,LastNonZero,60,85.698,7.5,[7.5],"[""2026-07-20""]",Poor,0,,10,17-07-2026 15:11
P00022,14,2,NaiveLastValue,100,99.973,0,"[0.0, 0.0]","[""2026-07-20"", ""2026-07-27""]",Unreliable,0,,10,17-07-2026 15:11
P00022,28,4,NaiveLastValue,100,49.987,0,"[0.0, 0.0, 0.0, 0.0]","[""2026-07-20"", ""2026-07-27"", ""2026-08-03"", ""2026-08-10""]",Unreliable,0,,10,17-07-2026 15:11
P00022,56,8,NaiveLastValue,100,24.993,0,"[0.0, 0.0, 0.0, 0.0, 0.0, 0.0, 0.0, 0.0]","[""2026-07-20"", ""2026-07-27"", ""2026-08-03"", ""2026-08-10"", ""2026-08-17"", ""2026-08-24"", ""2026-08-31"", ""2026-09-07""]",Unreliable,0,,10,17-07-2026 15:11
P00022,91,13,NaiveLastValue,100,15.381,0,"[0.0, 0.0, 0.0, 0.0, 0.0, 0.0, 0.0, 0.0, 0.0, 0.0, 0.0, 0.0, 0.0]","[""2026-07-20"", ""2026-07-27"", ""2026-08-03"", ""2026-08-10"", ""2026-08-17"", ""2026-08-24"", ""2026-08-31"", ""2026-09-07"", ""2026-09-14"", ""2026-09-21"", ""2026-09-28"", ""2026-10-05"", ""2026-10-12""]",Unreliable,0,,10,17-07-2026 15:11
PALANTEJR20,7,1,TSB_01_01,48.005,47.33,1.997683086,[1.997683085609439],"[""2026-07-20""]",Fair,0,,10,17-07-2026 15:11
PALANTEJR20,14,2,SBA_alpha_01,64.671,84.588,3.762850934,"[1.881425466884372, 1.881425466884372]","[""2026-07-20"", ""2026-07-27""]",Poor,0,,10,17-07-2026 15:11
PALANTEJR20,28,4,ZeroForecast,100,79.942,0,"[0.0, 0.0, 0.0, 0.0]","[""2026-07-20"", ""2026-07-27"", ""2026-08-03"", ""2026-08-10""]",Unreliable,0,,10,17-07-2026 15:11
PALANTEJR20,56,8,ZeroForecast,100,84.933,0,"[0.0, 0.0, 0.0, 0.0, 0.0, 0.0, 0.0, 0.0]","[""2026-07-20"", ""2026-07-27"", ""2026-08-03"", ""2026-08-10"", ""2026-08-17"", ""2026-08-24"", ""2026-08-31"", ""2026-09-07""]",Unreliable,0,,10,17-07-2026 15:11
PALANTEJR20,91,13,ZeroForecast,100,73.799,0,"[0.0, 0.0, 0.0, 0.0, 0.0, 0.0, 0.0, 0.0, 0.0, 0.0, 0.0, 0.0, 0.0]","[""2026-07-20"", ""2026-07-27"", ""2026-08-03"", ""2026-08-10"", ""2026-08-17"", ""2026-08-24"", ""2026-08-31"", ""2026-09-07"", ""2026-09-14"", ""2026-09-21"", ""2026-09-28"", ""2026-10-05"", ""2026-10-12""]",Unreliable,0,,10,17-07-2026 15:11
P00017,7,1,LastNonZero,8.346,9.539,8.004,[8.004],"[""2026-07-20""]",Excellent,0,,10,17-07-2026 15:11
P00017,14,2,arima,98.368,158.806,0.050614451,"[0.025307225567265775, 0.025307225567265754]","[""2026-07-20"", ""2026-07-27""]",Unreliable,0,,10,17-07-2026 15:11
P00017,28,4,ZeroForecast,100,69.983,0,"[0.0, 0.0, 0.0, 0.0]","[""2026-07-20"", ""2026-07-27"", ""2026-08-03"", ""2026-08-10""]",Unreliable,0,,10,17-07-2026 15:11
P00017,56,8,ZeroForecast,100,39.99,0,"[0.0, 0.0, 0.0, 0.0, 0.0, 0.0, 0.0, 0.0]","[""2026-07-20"", ""2026-07-27"", ""2026-08-03"", ""2026-08-10"", ""2026-08-17"", ""2026-08-24"", ""2026-08-31"", ""2026-09-07""]",Unreliable,0,,10,17-07-2026 15:11
P00017,91,13,ZeroForecast,100,24.609,0,"[0.0, 0.0, 0.0, 0.0, 0.0, 0.0, 0.0, 0.0, 0.0, 0.0, 0.0, 0.0, 0.0]","[""2026-07-20"", ""2026-07-27"", ""2026-08-03"", ""2026-08-10"", ""2026-08-17"", ""2026-08-24"", ""2026-08-31"", ""2026-09-07"", ""2026-09-14"", ""2026-09-21"", ""2026-09-28"", ""2026-10-05"", ""2026-10-12""]",Unreliable,0,,10,17-07-2026 15:11
PAPAGAIOS5,7,1,GradientBoostingRegressor,0,0,0,[0.0],"[""2026-07-20""]",Excellent,1,NaiveLastValue,10,17-07-2026 15:11
PAPAGAIOS5,14,2,GradientBoostingRegressor,0,0,0,"[0.0, 0.0]","[""2026-07-20"", ""2026-07-27""]",Excellent,1,NaiveLastValue,10,17-07-2026 15:11
PAPAGAIOS5,28,4,GradientBoostingRegressor,0,0,0,"[0.0, 0.0, 0.0, 0.0]","[""2026-07-20"", ""2026-07-27"", ""2026-08-03"", ""2026-08-10""]",Excellent,1,NaiveLastValue,10,17-07-2026 15:11
PAPAGAIOS5,56,8,GradientBoostingRegressor,0,0,0,"[0.0, 0.0, 0.0, 0.0, 0.0, 0.0, 0.0, 0.0]","[""2026-07-20"", ""2026-07-27"", ""2026-08-03"", ""2026-08-10"", ""2026-08-17"", ""2026-08-24"", ""2026-08-31"", ""2026-09-07""]",Excellent,1,NaiveLastValue,10,17-07-2026 15:11
PAPAGAIOS5,91,13,RandomForestRegressor,0,0,0,"[0.0, 0.0, 0.0, 0.0, 0.0, 0.0, 0.0, 0.0, 0.0, 0.0, 0.0, 0.0, 0.0]","[""2026-07-20"", ""2026-07-27"", ""2026-08-03"", ""2026-08-10"", ""2026-08-17"", ""2026-08-24"", ""2026-08-31"", ""2026-09-07"", ""2026-09-14"", ""2026-09-21"", ""2026-09-28"", ""2026-10-05"", ""2026-10-12""]",Excellent,1,NaiveLastValue,10,17-07-2026 15:11
PAPAGAIOS15,7,1,RandomForestRegressor,0,0,0,[0.0],"[""2026-07-20""]",Excellent,1,NaiveLastValue,10,17-07-2026 15:11
PAPAGAIOS15,14,2,ExtraTreesRegressor,0,0,0,"[0.0, 0.0]","[""2026-07-20"", ""2026-07-27""]",Excellent,1,NaiveLastValue,10,17-07-2026 15:11
PAPAGAIOS15,28,4,ExtraTreesRegressor,0,0,0,"[0.0, 0.0, 0.0, 0.0]","[""2026-07-20"", ""2026-07-27"", ""2026-08-03"", ""2026-08-10""]",Excellent,1,NaiveLastValue,10,17-07-2026 15:11
PAPAGAIOS15,56,8,ExtraTreesRegressor,0,0,0,"[0.0, 0.0, 0.0, 0.0, 0.0, 0.0, 0.0, 0.0]","[""2026-07-20"", ""2026-07-27"", ""2026-08-03"", ""2026-08-10"", ""2026-08-17"", ""2026-08-24"", ""2026-08-31"", ""2026-09-07""]",Excellent,1,NaiveLastValue,10,17-07-2026 15:11
PAPAGAIOS15,91,13,RandomForestRegressor,0,0,0,"[0.0, 0.0, 0.0, 0.0, 0.0, 0.0, 0.0, 0.0, 0.0, 0.0, 0.0, 0.0, 0.0]","[""2026-07-20"", ""2026-07-27"", ""2026-08-03"", ""2026-08-10"", ""2026-08-17"", ""2026-08-24"", ""2026-08-31"", ""2026-09-07"", ""2026-09-14"", ""2026-09-21"", ""2026-09-28"", ""2026-10-05"", ""2026-10-12""]",Excellent,1,NaiveLastValue,10,17-07-2026 15:11
P00023,7,1,LastNonZero,36.835,31.598,4.512,[4.5120000000000005],"[""2026-07-20""]",Fair,0,,10,17-07-2026 15:11
P00023,14,2,ExtraTreesRegressor,88.741,134.123,0,"[0.0, 0.0]","[""2026-07-20"", ""2026-07-27""]",Unreliable,0,,10,17-07-2026 15:11
P00023,28,4,Ridge,98.161,126.534,0,"[0.0, 0.0, 0.0, 0.0]","[""2026-07-20"", ""2026-07-27"", ""2026-08-03"", ""2026-08-10""]",Unreliable,0,,10,17-07-2026 15:11
P00023,56,8,Ridge,98.161,63.267,0,"[0.0, 0.0, 0.0, 0.0, 0.0, 0.0, 0.0, 0.0]","[""2026-07-20"", ""2026-07-27"", ""2026-08-03"", ""2026-08-10"", ""2026-08-17"", ""2026-08-24"", ""2026-08-31"", ""2026-09-07""]",Unreliable,0,,10,17-07-2026 15:11
P00023,91,13,ZeroForecast,100,27.68,0,"[0.0, 0.0, 0.0, 0.0, 0.0, 0.0, 0.0, 0.0, 0.0, 0.0, 0.0, 0.0, 0.0]","[""2026-07-20"", ""2026-07-27"", ""2026-08-03"", ""2026-08-10"", ""2026-08-17"", ""2026-08-24"", ""2026-08-31"", ""2026-09-07"", ""2026-09-14"", ""2026-09-21"", ""2026-09-28"", ""2026-10-05"", ""2026-10-12""]",Unreliable,0,,10,17-07-2026 15:11
P00021,7,1,LastNonZero,13.973,15.633,8.82,[8.82],"[""2026-07-20""]",Excellent,0,,10,17-07-2026 15:11
P00021,14,2,NaiveLastValue,100,99.976,0,"[0.0, 0.0]","[""2026-07-20"", ""2026-07-27""]",Unreliable,0,,10,17-07-2026 15:11
P00021,28,4,NaiveLastValue,100,49.988,0,"[0.0, 0.0, 0.0, 0.0]","[""2026-07-20"", ""2026-07-27"", ""2026-08-03"", ""2026-08-10""]",Unreliable,0,,10,17-07-2026 15:11
P00021,56,8,NaiveLastValue,100,24.994,0,"[0.0, 0.0, 0.0, 0.0, 0.0, 0.0, 0.0, 0.0]","[""2026-07-20"", ""2026-07-27"", ""2026-08-03"", ""2026-08-10"", ""2026-08-17"", ""2026-08-24"", ""2026-08-31"", ""2026-09-07""]",Unreliable,0,,10,17-07-2026 15:11
P00021,91,13,NaiveLastValue,100,15.381,0,"[0.0, 0.0, 0.0, 0.0, 0.0, 0.0, 0.0, 0.0, 0.0, 0.0, 0.0, 0.0, 0.0]","[""2026-07-20"", ""2026-07-27"", ""2026-08-03"", ""2026-08-10"", ""2026-08-17"", ""2026-08-24"", ""2026-08-31"", ""2026-09-07"", ""2026-09-14"", ""2026-09-21"", ""2026-09-28"", ""2026-10-05"", ""2026-10-12""]",Unreliable,0,,10,17-07-2026 15:11
PERIQUITOS20,7,1,LastNonZero,18.182,18.018,0.1,[0.1],"[""2026-07-20""]",Excellent,0,,10,17-07-2026 15:11
PERIQUITOS20,14,2,GradientBoostingRegressor,73.322,67.724,7.26E-08,"[3.629507922527465e-08, 3.629507922527465e-08]","[""2026-07-20"", ""2026-07-27""]",Poor,0,,10,17-07-2026 15:11
PERIQUITOS20,28,4,GradientBoostingRegressor,92.595,58.528,1.45E-07,"[3.629507922527465e-08, 3.629507922527465e-08, 3.629507922527465e-08, 3.629507922527465e-08]","[""2026-07-20"", ""2026-07-27"", ""2026-08-03"", ""2026-08-10""]",Unreliable,0,,10,17-07-2026 15:11
PERIQUITOS20,56,8,NaiveLastValue,100,24.51,0,"[0.0, 0.0, 0.0, 0.0, 0.0, 0.0, 0.0, 0.0]","[""2026-07-20"", ""2026-07-27"", ""2026-08-03"", ""2026-08-10"", ""2026-08-17"", ""2026-08-24"", ""2026-08-31"", ""2026-09-07""]",Unreliable,0,,10,17-07-2026 15:11
PERIQUITOS20,91,13,NaiveLastValue,100,15.083,0,"[0.0, 0.0, 0.0, 0.0, 0.0, 0.0, 0.0, 0.0, 0.0, 0.0, 0.0, 0.0, 0.0]","[""2026-07-20"", ""2026-07-27"", ""2026-08-03"", ""2026-08-10"", ""2026-08-17"", ""2026-08-24"", ""2026-08-31"", ""2026-09-07"", ""2026-09-14"", ""2026-09-21"", ""2026-09-28"", ""2026-10-05"", ""2026-10-12""]",Unreliable,0,,10,17-07-2026 15:11
PETFLD1004E,7,1,GradientBoostingRegressor,0,0,0,[0.0],"[""2026-07-20""]",Excellent,1,NaiveLastValue,10,17-07-2026 15:11
PETFLD1004E,14,2,GradientBoostingRegressor,0,0,0,"[0.0, 0.0]","[""2026-07-20"", ""2026-07-27""]",Excellent,1,NaiveLastValue,10,17-07-2026 15:11
PETFLD1004E,28,4,GradientBoostingRegressor,0,0,0,"[0.0, 0.0, 0.0, 0.0]","[""2026-07-20"", ""2026-07-27"", ""2026-08-03"", ""2026-08-10""]",Excellent,1,NaiveLastValue,10,17-07-2026 15:11
PETFLD1004E,56,8,GradientBoostingRegressor,0,0,0,"[0.0, 0.0, 0.0, 0.0, 0.0, 0.0, 0.0, 0.0]","[""2026-07-20"", ""2026-07-27"", ""2026-08-03"", ""2026-08-10"", ""2026-08-17"", ""2026-08-24"", ""2026-08-31"", ""2026-09-07""]",Excellent,1,NaiveLastValue,10,17-07-2026 15:11
PETFLD1004E,91,13,GradientBoostingRegressor,0,0,0,"[0.0, 0.0, 0.0, 0.0, 0.0, 0.0, 0.0, 0.0, 0.0, 0.0, 0.0, 0.0, 0.0]","[""2026-07-20"", ""2026-07-27"", ""2026-08-03"", ""2026-08-10"", ""2026-08-17"", ""2026-08-24"", ""2026-08-31"", ""2026-09-07"", ""2026-09-14"", ""2026-09-21"", ""2026-09-28"", ""2026-10-05"", ""2026-10-12""]",Excellent,1,NaiveLastValue,10,17-07-2026 15:11
PETFLD1005E,7,1,GradientBoostingRegressor,0,0,0,[0.0],"[""2026-07-20""]",Excellent,1,NaiveLastValue,10,17-07-2026 15:11
PETFLD1005E,14,2,GradientBoostingRegressor,0,0,0,"[0.0, 0.0]","[""2026-07-20"", ""2026-07-27""]",Excellent,1,NaiveLastValue,10,17-07-2026 15:11
PETFLD1005E,28,4,GradientBoostingRegressor,0,0,0,"[0.0, 0.0, 0.0, 0.0]","[""2026-07-20"", ""2026-07-27"", ""2026-08-03"", ""2026-08-10""]",Excellent,1,NaiveLastValue,10,17-07-2026 15:11
PETFLD1005E,56,8,GradientBoostingRegressor,0,0,0,"[0.0, 0.0, 0.0, 0.0, 0.0, 0.0, 0.0, 0.0]","[""2026-07-20"", ""2026-07-27"", ""2026-08-03"", ""2026-08-10"", ""2026-08-17"", ""2026-08-24"", ""2026-08-31"", ""2026-09-07""]",Excellent,1,NaiveLastValue,10,17-07-2026 15:11
PETFLD1005E,91,13,GradientBoostingRegressor,0,0,0,"[0.0, 0.0, 0.0, 0.0, 0.0, 0.0, 0.0, 0.0, 0.0, 0.0, 0.0, 0.0, 0.0]","[""2026-07-20"", ""2026-07-27"", ""2026-08-03"", ""2026-08-10"", ""2026-08-17"", ""2026-08-24"", ""2026-08-31"", ""2026-09-07"", ""2026-09-14"", ""2026-09-21"", ""2026-09-28"", ""2026-10-05"", ""2026-10-12""]",Excellent,1,NaiveLastValue,10,17-07-2026 15:11
PERIQUITOS5,7,1,LastNonZero,76.19,90.99,0.2,[0.2],"[""2026-07-20""]",Unreliable,0,,10,17-07-2026 15:11
PERIQUITOS5,14,2,Ridge,100,146.569,0.025250593,"[0.012540212019629002, 0.012710380873649008]","[""2026-07-20"", ""2026-07-27""]",Unreliable,0,,10,17-07-2026 15:11
PERIQUITOS5,28,4,NaiveLastValue,100,49.538,0,"[0.0, 0.0, 0.0, 0.0]","[""2026-07-20"", ""2026-07-27"", ""2026-08-03"", ""2026-08-10""]",Unreliable,0,,10,17-07-2026 15:11
PERIQUITOS5,56,8,NaiveLastValue,100,24.752,0,"[0.0, 0.0, 0.0, 0.0, 0.0, 0.0, 0.0, 0.0]","[""2026-07-20"", ""2026-07-27"", ""2026-08-03"", ""2026-08-10"", ""2026-08-17"", ""2026-08-24"", ""2026-08-31"", ""2026-09-07""]",Unreliable,0,,10,17-07-2026 15:11
PERIQUITOS5,91,13,NaiveLastValue,100,15.232,0,"[0.0, 0.0, 0.0, 0.0, 0.0, 0.0, 0.0, 0.0, 0.0, 0.0, 0.0, 0.0, 0.0]","[""2026-07-20"", ""2026-07-27"", ""2026-08-03"", ""2026-08-10"", ""2026-08-17"", ""2026-08-24"", ""2026-08-31"", ""2026-09-07"", ""2026-09-14"", ""2026-09-21"", ""2026-09-28"", ""2026-10-05"", ""2026-10-12""]",Unreliable,0,,10,17-07-2026 15:11
PETFLD1001,7,1,TwoStage_Logistic_Huber,99.999,199.372,4.19E-08,[4.1929236019050704e-08],"[""2026-07-20""]",Unreliable,1,LastNonZero,10,17-07-2026 15:11
PETFLD1001,14,2,arima,99.957,171.904,0.024172693,"[0.012086346650292169, 0.012086346650292169]","[""2026-07-20"", ""2026-07-27""]",Unreliable,0,,10,17-07-2026 15:11
PETFLD1001,28,4,NaiveLastValue,100,49.844,0,"[0.0, 0.0, 0.0, 0.0]","[""2026-07-20"", ""2026-07-27"", ""2026-08-03"", ""2026-08-10""]",Unreliable,0,,10,17-07-2026 15:11
PETFLD1001,56,8,NaiveLastValue,100,24.922,0,"[0.0, 0.0, 0.0, 0.0, 0.0, 0.0, 0.0, 0.0]","[""2026-07-20"", ""2026-07-27"", ""2026-08-03"", ""2026-08-10"", ""2026-08-17"", ""2026-08-24"", ""2026-08-31"", ""2026-09-07""]",Unreliable,0,,10,17-07-2026 15:11
PETFLD1001,91,13,NaiveLastValue,100,15.337,0,"[0.0, 0.0, 0.0, 0.0, 0.0, 0.0, 0.0, 0.0, 0.0, 0.0, 0.0, 0.0, 0.0]","[""2026-07-20"", ""2026-07-27"", ""2026-08-03"", ""2026-08-10"", ""2026-08-17"", ""2026-08-24"", ""2026-08-31"", ""2026-09-07"", ""2026-09-14"", ""2026-09-21"", ""2026-09-28"", ""2026-10-05"", ""2026-10-12""]",Unreliable,0,,10,17-07-2026 15:11
PETFLD1003,7,1,LastNonZero,62.5,54.645,1.404,[1.404],"[""2026-07-20""]",Poor,0,,10,17-07-2026 15:11
PETFLD1003,14,2,SeasonalNaive_52,75,79.915,0,"[0.0, 0.0]","[""2026-07-20"", ""2026-07-27""]",Unreliable,0,,10,17-07-2026 15:11
PETFLD1003,28,4,SeasonalNaive_52,62.5,49.929,1.404,"[0.0, 0.0, 0.0, 1.404]","[""2026-07-20"", ""2026-07-27"", ""2026-08-03"", ""2026-08-10""]",Poor,0,,10,17-07-2026 15:11
PETFLD1003,56,8,SeasonalNaive_52,72.222,34.943,1.404,"[0.0, 0.0, 0.0, 1.404, 0.0, 0.0, 0.0, 0.0]","[""2026-07-20"", ""2026-07-27"", ""2026-08-03"", ""2026-08-10"", ""2026-08-17"", ""2026-08-24"", ""2026-08-31"", ""2026-09-07""]",Poor,0,,10,17-07-2026 15:11
PETFLD1003,91,13,ZeroForecast,100,27.653,0,"[0.0, 0.0, 0.0, 0.0, 0.0, 0.0, 0.0, 0.0, 0.0, 0.0, 0.0, 0.0, 0.0]","[""2026-07-20"", ""2026-07-27"", ""2026-08-03"", ""2026-08-10"", ""2026-08-17"", ""2026-08-24"", ""2026-08-31"", ""2026-09-07"", ""2026-09-14"", ""2026-09-21"", ""2026-09-28"", ""2026-10-05"", ""2026-10-12""]",Unreliable,0,,10,17-07-2026 15:11
PETFLD1002,7,1,LastNonZero,45.455,39.975,0.702,[0.702],"[""2026-07-20""]",Fair,0,,10,17-07-2026 15:11
PETFLD1002,14,2,SeasonalNaive_52,87.5,73.207,0,"[0.0, 0.0]","[""2026-07-20"", ""2026-07-27""]",Unreliable,0,,10,17-07-2026 15:11
PETFLD1002,28,4,ZeroForecast,100,59.886,0,"[0.0, 0.0, 0.0, 0.0]","[""2026-07-20"", ""2026-07-27"", ""2026-08-03"", ""2026-08-10""]",Unreliable,0,,10,17-07-2026 15:11
PETFLD1002,56,8,ZeroForecast,100,39.929,0,"[0.0, 0.0, 0.0, 0.0, 0.0, 0.0, 0.0, 0.0]","[""2026-07-20"", ""2026-07-27"", ""2026-08-03"", ""2026-08-10"", ""2026-08-17"", ""2026-08-24"", ""2026-08-31"", ""2026-09-07""]",Unreliable,0,,10,17-07-2026 15:11
PETFLD1002,91,13,ZeroForecast,100,36.862,0,"[0.0, 0.0, 0.0, 0.0, 0.0, 0.0, 0.0, 0.0, 0.0, 0.0, 0.0, 0.0, 0.0]","[""2026-07-20"", ""2026-07-27"", ""2026-08-03"", ""2026-08-10"", ""2026-08-17"", ""2026-08-24"", ""2026-08-31"", ""2026-09-07"", ""2026-09-14"", ""2026-09-21"", ""2026-09-28"", ""2026-10-05"", ""2026-10-12""]",Unreliable,0,,10,17-07-2026 15:11
PETFLD1004,7,1,TwoStage_Logistic_Huber,93.111,173.716,0.018808303,[0.01880830250102435],"[""2026-07-20""]",Unreliable,1,LastNonZero,10,17-07-2026 15:11
PETFLD1004,14,2,GradientBoostingRegressor,99.245,153.345,0.001407181,"[0.0, 0.0014071806864961777]","[""2026-07-20"", ""2026-07-27""]",Unreliable,0,,10,17-07-2026 15:11
PETFLD1004,28,4,NaiveLastValue,100,49.844,0,"[0.0, 0.0, 0.0, 0.0]","[""2026-07-20"", ""2026-07-27"", ""2026-08-03"", ""2026-08-10""]",Unreliable,0,,10,17-07-2026 15:11
PETFLD1004,56,8,NaiveLastValue,100,24.922,0,"[0.0, 0.0, 0.0, 0.0, 0.0, 0.0, 0.0, 0.0]","[""2026-07-20"", ""2026-07-27"", ""2026-08-03"", ""2026-08-10"", ""2026-08-17"", ""2026-08-24"", ""2026-08-31"", ""2026-09-07""]",Unreliable,0,,10,17-07-2026 15:11
PETFLD1004,91,13,NaiveLastValue,100,15.337,0,"[0.0, 0.0, 0.0, 0.0, 0.0, 0.0, 0.0, 0.0, 0.0, 0.0, 0.0, 0.0, 0.0]","[""2026-07-20"", ""2026-07-27"", ""2026-08-03"", ""2026-08-10"", ""2026-08-17"", ""2026-08-24"", ""2026-08-31"", ""2026-09-07"", ""2026-09-14"", ""2026-09-21"", ""2026-09-28"", ""2026-10-05"", ""2026-10-12""]",Unreliable,0,,10,17-07-2026 15:11
PETFLD1005,7,1,LastNonZero,48.366,52.836,3,[3.000000000000001],"[""2026-07-20""]",Fair,0,,10,17-07-2026 15:11
PETFLD1005,14,2,ExtraTreesRegressor,97.5,96.13,0,"[0.0, 0.0]","[""2026-07-20"", ""2026-07-27""]",Unreliable,0,,10,17-07-2026 15:11
PETFLD1005,28,4,ZeroForecast,100,49.957,0,"[0.0, 0.0, 0.0, 0.0]","[""2026-07-20"", ""2026-07-27"", ""2026-08-03"", ""2026-08-10""]",Unreliable,0,,10,17-07-2026 15:11
PETFLD1005,56,8,ZeroForecast,100,29.975,0,"[0.0, 0.0, 0.0, 0.0, 0.0, 0.0, 0.0, 0.0]","[""2026-07-20"", ""2026-07-27"", ""2026-08-03"", ""2026-08-10"", ""2026-08-17"", ""2026-08-24"", ""2026-08-31"", ""2026-09-07""]",Unreliable,0,,10,17-07-2026 15:11
PETFLD1005,91,13,ZeroForecast,100,18.446,0,"[0.0, 0.0, 0.0, 0.0, 0.0, 0.0, 0.0, 0.0, 0.0, 0.0, 0.0, 0.0, 0.0]","[""2026-07-20"", ""2026-07-27"", ""2026-08-03"", ""2026-08-10"", ""2026-08-17"", ""2026-08-24"", ""2026-08-31"", ""2026-09-07"", ""2026-09-14"", ""2026-09-21"", ""2026-09-28"", ""2026-10-05"", ""2026-10-12""]",Unreliable,0,,10,17-07-2026 15:11
PETFLD2002,7,1,Ridge,57.094,69.095,0.942189449,[0.942189448774956],"[""2026-07-20""]",Poor,0,,10,17-07-2026 15:11
PETFLD2002,14,2,Ridge,96.937,139.867,1.897195184,"[0.942189448774956, 0.9550057348620716]","[""2026-07-20"", ""2026-07-27""]",Unreliable,0,,10,17-07-2026 15:11
PETFLD2002,28,4,ZeroForecast,100,59.965,0,"[0.0, 0.0, 0.0, 0.0]","[""2026-07-20"", ""2026-07-27"", ""2026-08-03"", ""2026-08-10""]",Unreliable,0,,10,17-07-2026 15:11
PETFLD2002,56,8,ZeroForecast,100,49.965,0,"[0.0, 0.0, 0.0, 0.0, 0.0, 0.0, 0.0, 0.0]","[""2026-07-20"", ""2026-07-27"", ""2026-08-03"", ""2026-08-10"", ""2026-08-17"", ""2026-08-24"", ""2026-08-31"", ""2026-09-07""]",Unreliable,0,,10,17-07-2026 15:11
PETFLD2002,91,13,ZeroForecast,100,55.328,0,"[0.0, 0.0, 0.0, 0.0, 0.0, 0.0, 0.0, 0.0, 0.0, 0.0, 0.0, 0.0, 0.0]","[""2026-07-20"", ""2026-07-27"", ""2026-08-03"", ""2026-08-10"", ""2026-08-17"", ""2026-08-24"", ""2026-08-31"", ""2026-09-07"", ""2026-09-14"", ""2026-09-21"", ""2026-09-28"", ""2026-10-05"", ""2026-10-12""]",Unreliable,0,,10,17-07-2026 15:11
PETFLD2021,7,1,LastNonZero,6.986,7.359,0.64,[0.64],"[""2026-07-20""]",Excellent,0,,10,17-07-2026 15:11
PETFLD2021,14,2,SeasonalNaive_52,60,59.813,0,"[0.0, 0.0]","[""2026-07-20"", ""2026-07-27""]",Poor,0,,10,17-07-2026 15:11
PETFLD2021,28,4,SeasonalNaive_52,57.143,39.875,0,"[0.0, 0.0, 0.0, 0.0]","[""2026-07-20"", ""2026-07-27"", ""2026-08-03"", ""2026-08-10""]",Poor,0,,10,17-07-2026 15:11
PETFLD2021,56,8,SeasonalNaive_52,62.5,24.922,0,"[0.0, 0.0, 0.0, 0.0, 0.0, 0.0, 0.0, 0.0]","[""2026-07-20"", ""2026-07-27"", ""2026-08-03"", ""2026-08-10"", ""2026-08-17"", ""2026-08-24"", ""2026-08-31"", ""2026-09-07""]",Poor,0,,10,17-07-2026 15:11
PETFLD2021,91,13,SeasonalNaive_52,60,18.404,0,"[0.0, 0.0, 0.0, 0.0, 0.0, 0.0, 0.0, 0.0, 0.0, 0.0, 0.0, 0.0, 0.0]","[""2026-07-20"", ""2026-07-27"", ""2026-08-03"", ""2026-08-10"", ""2026-08-17"", ""2026-08-24"", ""2026-08-31"", ""2026-09-07"", ""2026-09-14"", ""2026-09-21"", ""2026-09-28"", ""2026-10-05"", ""2026-10-12""]",Poor,0,,10,17-07-2026 15:11
PETFLD2022,7,1,sarima,54.008,131.274,0.264582444,[0.2645824437283268],"[""2026-07-20""]",Fair,0,,10,17-07-2026 15:11
PETFLD2022,14,2,TwoStage_Logistic_Huber,92.364,134.016,1.658251013,"[0.6017464030930479, 1.0565046101803277]","[""2026-07-20"", ""2026-07-27""]",Unreliable,0,,10,17-07-2026 15:11
PETFLD2022,28,4,NaiveLastValue,100,49.915,0,"[0.0, 0.0, 0.0, 0.0]","[""2026-07-20"", ""2026-07-27"", ""2026-08-03"", ""2026-08-10""]",Unreliable,0,,10,17-07-2026 15:11
PETFLD2022,56,8,ZeroForecast,100,29.953,0,"[0.0, 0.0, 0.0, 0.0, 0.0, 0.0, 0.0, 0.0]","[""2026-07-20"", ""2026-07-27"", ""2026-08-03"", ""2026-08-10"", ""2026-08-17"", ""2026-08-24"", ""2026-08-31"", ""2026-09-07""]",Unreliable,0,,10,17-07-2026 15:11
PETFLD2022,91,13,ZeroForecast,100,33.806,0,"[0.0, 0.0, 0.0, 0.0, 0.0, 0.0, 0.0, 0.0, 0.0, 0.0, 0.0, 0.0, 0.0]","[""2026-07-20"", ""2026-07-27"", ""2026-08-03"", ""2026-08-10"", ""2026-08-17"", ""2026-08-24"", ""2026-08-31"", ""2026-09-07"", ""2026-09-14"", ""2026-09-21"", ""2026-09-28"", ""2026-10-05"", ""2026-10-12""]",Unreliable,0,,10,17-07-2026 15:11
PETFLD2012,7,1,sarima,33.232,33.217,0.072142422,[0.0721424216287377],"[""2026-07-20""]",Good,0,,10,17-07-2026 15:11
PETFLD2012,14,2,sarima,54.001,68.094,0.14427327,"[0.0721424216287377, 0.07213084796182406]","[""2026-07-20"", ""2026-07-27""]",Fair,0,,10,17-07-2026 15:11
PETFLD2012,28,4,LastNonZero,77.383,94.613,22.464,"[5.616, 5.616, 5.616, 5.616]","[""2026-07-20"", ""2026-07-27"", ""2026-08-03"", ""2026-08-10""]",Unreliable,0,,10,17-07-2026 15:11
PETFLD2012,56,8,HistGradientBoostingRegressor,98.196,139.703,10.16066497,"[0.0, 0.0, 1.7353177581529227, 2.1347957312650387, 1.6211344916013761, 2.967314472086098, 0.9822426211718742, 0.7198598933719611]","[""2026-07-20"", ""2026-07-27"", ""2026-08-03"", ""2026-08-10"", ""2026-08-17"", ""2026-08-24"", ""2026-08-31"", ""2026-09-07""]",Unreliable,0,,10,17-07-2026 15:11
PETFLD2012,91,13,GradientBoostingRegressor,94.097,139.483,25.31916601,"[2.0231843332569315, 1.9948810719398682, 1.7203508290711222, 2.542811941509822, 2.4885490136545707, 2.8139470135036806, 1.0773977591247146, 0.5387496265120102, 0.4766789949526635, 1.9153146258534781, 2.2961139750186694, 2.1379782016084636, 3.2932086215947725]","[""2026-07-20"", ""2026-07-27"", ""2026-08-03"", ""2026-08-10"", ""2026-08-17"", ""2026-08-24"", ""2026-08-31"", ""2026-09-07"", ""2026-09-14"", ""2026-09-21"", ""2026-09-28"", ""2026-10-05"", ""2026-10-12""]",Unreliable,0,,10,17-07-2026 15:11
PETFLD2031,7,1,RandomForestRegressor,64.333,106.949,0.0896,[0.08959999999999999],"[""2026-07-20""]",Poor,1,LastNonZero,10,17-07-2026 15:11
PETFLD2031,14,2,LastNonZero,66.667,79.751,1.28,"[0.64, 0.64]","[""2026-07-20"", ""2026-07-27""]",Poor,0,,10,17-07-2026 15:11
PETFLD2031,28,4,SeasonalNaive_52,20,9.969,0,"[0.0, 0.0, 0.0, 0.0]","[""2026-07-20"", ""2026-07-27"", ""2026-08-03"", ""2026-08-10""]",Good,0,,10,17-07-2026 15:11
PETFLD2031,56,8,TwoStage_Logistic_Huber,105.92,111.104,0.008620643,"[0.00131599522661605, 0.00105119587467273, 0.00101213110709518, 0.0010518601922091776, 0.001144472986537073, 0.0010265044433176572, 0.00101112954675128, 0.0010073540889121632]","[""2026-07-20"", ""2026-07-27"", ""2026-08-03"", ""2026-08-10"", ""2026-08-17"", ""2026-08-24"", ""2026-08-31"", ""2026-09-07""]",Unreliable,1,SeasonalNaive_52,10,17-07-2026 15:11
PETFLD2031,91,13,SeasonalNaive_52,61.538,24.539,0.64,"[0.0, 0.0, 0.0, 0.0, 0.0, 0.0, 0.0, 0.64, 0.0, 0.0, 0.0, 0.0, 0.0]","[""2026-07-20"", ""2026-07-27"", ""2026-08-03"", ""2026-08-10"", ""2026-08-17"", ""2026-08-24"", ""2026-08-31"", ""2026-09-07"", ""2026-09-14"", ""2026-09-21"", ""2026-09-28"", ""2026-10-05"", ""2026-10-12""]",Poor,0,,10,17-07-2026 15:11
PETFLD2001,7,1,RandomForestRegressor,92.333,171.59,0.096,[0.096],"[""2026-07-20""]",Unreliable,1,LastNonZero,10,17-07-2026 15:11
PETFLD2001,14,2,SeasonalNaive_52,60,59.813,0,"[0.0, 0.0]","[""2026-07-20"", ""2026-07-27""]",Poor,0,,10,17-07-2026 15:11
PETFLD2001,28,4,SeasonalNaive_52,80,39.875,0,"[0.0, 0.0, 0.0, 0.0]","[""2026-07-20"", ""2026-07-27"", ""2026-08-03"", ""2026-08-10""]",Unreliable,0,,10,17-07-2026 15:11
PETFLD2001,56,8,SeasonalNaive_52,80,19.938,0,"[0.0, 0.0, 0.0, 0.0, 0.0, 0.0, 0.0, 0.0]","[""2026-07-20"", ""2026-07-27"", ""2026-08-03"", ""2026-08-10"", ""2026-08-17"", ""2026-08-24"", ""2026-08-31"", ""2026-09-07""]",Unreliable,0,,10,17-07-2026 15:11
PETFLD2001,91,13,SeasonalNaive_52,58.333,21.471,0,"[0.0, 0.0, 0.0, 0.0, 0.0, 0.0, 0.0, 0.0, 0.0, 0.0, 0.0, 0.0, 0.0]","[""2026-07-20"", ""2026-07-27"", ""2026-08-03"", ""2026-08-10"", ""2026-08-17"", ""2026-08-24"", ""2026-08-31"", ""2026-09-07"", ""2026-09-14"", ""2026-09-21"", ""2026-09-28"", ""2026-10-05"", ""2026-10-12""]",Poor,0,,10,17-07-2026 15:11
PETFLD2011,7,1,LastNonZero,24.224,37.933,0.016,[0.016],"[""2026-07-20""]",Good,0,,10,17-07-2026 15:11
PETFLD2011,14,2,HuberRegressor,100,92.492,0,"[0.0, 0.0]","[""2026-07-20"", ""2026-07-27""]",Unreliable,0,,10,17-07-2026 15:11
PETFLD2011,28,4,NaiveLastValue,100,45.524,0,"[0.0, 0.0, 0.0, 0.0]","[""2026-07-20"", ""2026-07-27"", ""2026-08-03"", ""2026-08-10""]",Unreliable,0,,10,17-07-2026 15:11
PETFLD2011,56,8,NaiveLastValue,100,22.222,0,"[0.0, 0.0, 0.0, 0.0, 0.0, 0.0, 0.0, 0.0]","[""2026-07-20"", ""2026-07-27"", ""2026-08-03"", ""2026-08-10"", ""2026-08-17"", ""2026-08-24"", ""2026-08-31"", ""2026-09-07""]",Unreliable,0,,10,17-07-2026 15:11
PETFLD2011,91,13,NaiveLastValue,100,13.675,0,"[0.0, 0.0, 0.0, 0.0, 0.0, 0.0, 0.0, 0.0, 0.0, 0.0, 0.0, 0.0, 0.0]","[""2026-07-20"", ""2026-07-27"", ""2026-08-03"", ""2026-08-10"", ""2026-08-17"", ""2026-08-24"", ""2026-08-31"", ""2026-09-07"", ""2026-09-14"", ""2026-09-21"", ""2026-09-28"", ""2026-10-05"", ""2026-10-12""]",Unreliable,0,,10,17-07-2026 15:11
PETFLD2041,7,1,TwoStage_Logistic_Huber,82.031,141.835,0.005421951,[0.00542195147699925],"[""2026-07-20""]",Unreliable,1,LastNonZero,10,17-07-2026 15:11
PETFLD2041,14,2,SeasonalNaive_52,80,79.751,0,"[0.0, 0.0]","[""2026-07-20"", ""2026-07-27""]",Unreliable,0,,10,17-07-2026 15:11
PETFLD2041,28,4,SeasonalNaive_52,20,9.969,0,"[0.0, 0.0, 0.0, 0.0]","[""2026-07-20"", ""2026-07-27"", ""2026-08-03"", ""2026-08-10""]",Good,0,,10,17-07-2026 15:11
PETFLD2041,56,8,ExtraTreesRegressor,100,24.922,1.92,"[0.6400000000000005, 0.0, 0.0, 0.0, 0.0, 0.0, 0.6400000000000005, 0.6400000000000005]","[""2026-07-20"", ""2026-07-27"", ""2026-08-03"", ""2026-08-10"", ""2026-08-17"", ""2026-08-24"", ""2026-08-31"", ""2026-09-07""]",Unreliable,1,SeasonalNaive_52,10,17-07-2026 15:11
PETFLD2041,91,13,SeasonalNaive_52,40,6.135,0.64,"[0.0, 0.0, 0.0, 0.0, 0.0, 0.0, 0.0, 0.64, 0.0, 0.0, 0.0, 0.0, 0.0]","[""2026-07-20"", ""2026-07-27"", ""2026-08-03"", ""2026-08-10"", ""2026-08-17"", ""2026-08-24"", ""2026-08-31"", ""2026-09-07"", ""2026-09-14"", ""2026-09-21"", ""2026-09-28"", ""2026-10-05"", ""2026-10-12""]",Fair,0,,10,17-07-2026 15:11
PETFLD2042,7,1,LastNonZero,8.405,8.894,3.51,[3.51],"[""2026-07-20""]",Excellent,0,,10,17-07-2026 15:11
PETFLD2042,14,2,LastNonZero,52.463,67.05,7.02,"[3.51, 3.51]","[""2026-07-20"", ""2026-07-27""]",Fair,0,,10,17-07-2026 15:11
PETFLD2042,28,4,SeasonalNaive_52,68.25,52.695,0.468,"[0.0, 0.46799999999999997, 0.0, 0.0]","[""2026-07-20"", ""2026-07-27"", ""2026-08-03"", ""2026-08-10""]",Poor,0,,10,17-07-2026 15:11
PETFLD2042,56,8,SeasonalNaive_52,91.704,72.228,6.084,"[0.0, 0.46799999999999997, 0.0, 0.0, 0.0, 0.0, 0.0, 5.616]","[""2026-07-20"", ""2026-07-27"", ""2026-08-03"", ""2026-08-10"", ""2026-08-17"", ""2026-08-24"", ""2026-08-31"", ""2026-09-07""]",Unreliable,0,,10,17-07-2026 15:11
PETFLD2042,91,13,ExtraTreesRegressor,76.664,143.87,19.54224,"[0.84942, 1.37124, 1.5443999999999993, 1.8813599999999986, 2.1223799999999984, 1.4999399999999996, 1.13022, 0.9219599999999999, 0.8634599999999999, 1.1278799999999998, 2.0381399999999985, 2.2145399999999977, 1.9772999999999985]","[""2026-07-20"", ""2026-07-27"", ""2026-08-03"", ""2026-08-10"", ""2026-08-17"", ""2026-08-24"", ""2026-08-31"", ""2026-09-07"", ""2026-09-14"", ""2026-09-21"", ""2026-09-28"", ""2026-10-05"", ""2026-10-12""]",Unreliable,0,,10,17-07-2026 15:11
PETFLD2032,7,1,LastNonZero,29.041,27.587,4.212,[4.212],"[""2026-07-20""]",Good,0,,10,17-07-2026 15:11
PETFLD2032,14,2,MovingAverage_8,81.326,121.323,1.5795,"[0.78975, 0.78975]","[""2026-07-20"", ""2026-07-27""]",Unreliable,0,,10,17-07-2026 15:11
PETFLD2032,28,4,HuberRegressor,100,49.985,6.83E-07,"[1.7066704772088628e-07, 1.7078699800562718e-07, 1.709069488720417e-07, 1.7102690067227797e-07]","[""2026-07-20"", ""2026-07-27"", ""2026-08-03"", ""2026-08-10""]",Unreliable,0,,10,17-07-2026 15:11
PETFLD2032,56,8,ZeroForecast,100,74.944,0,"[0.0, 0.0, 0.0, 0.0, 0.0, 0.0, 0.0, 0.0]","[""2026-07-20"", ""2026-07-27"", ""2026-08-03"", ""2026-08-10"", ""2026-08-17"", ""2026-08-24"", ""2026-08-31"", ""2026-09-07""]",Unreliable,0,,10,17-07-2026 15:11
PETFLD2032,91,13,TwoStage_ET_ET,98.85,181.374,6.209297712,"[0.398042880821855, 0.45260173071210225, 0.4784169069248311, 0.49330025271762973, 0.480246671329466, 0.49402846079232704, 0.4972068735711248, 0.50774900754637, 0.49006834147346146, 0.476173255237644, 0.4728614581966597, 0.4794740953099768, 0.48912777701874904]","[""2026-07-20"", ""2026-07-27"", ""2026-08-03"", ""2026-08-10"", ""2026-08-17"", ""2026-08-24"", ""2026-08-31"", ""2026-09-07"", ""2026-09-14"", ""2026-09-21"", ""2026-09-28"", ""2026-10-05"", ""2026-10-12""]",Unreliable,0,,10,17-07-2026 15:11
PETFLD2052,7,1,RandomForestRegressor,90.667,169.886,0.2376,[0.23759999999999995],"[""2026-07-20""]",Unreliable,1,LastNonZero,10,17-07-2026 15:11
PETFLD2052,14,2,sarima,86.513,106.145,0.577949809,"[0.29182912865391136, 0.2861206804760417]","[""2026-07-20"", ""2026-07-27""]",Unreliable,0,,10,17-07-2026 15:11
PETFLD2052,28,4,ZeroForecast,100,59.834,0,"[0.0, 0.0, 0.0, 0.0]","[""2026-07-20"", ""2026-07-27"", ""2026-08-03"", ""2026-08-10""]",Unreliable,0,,10,17-07-2026 15:11
PETFLD2052,56,8,ZeroForecast,100,29.917,0,"[0.0, 0.0, 0.0, 0.0, 0.0, 0.0, 0.0, 0.0]","[""2026-07-20"", ""2026-07-27"", ""2026-08-03"", ""2026-08-10"", ""2026-08-17"", ""2026-08-24"", ""2026-08-31"", ""2026-09-07""]",Unreliable,0,,10,17-07-2026 15:11
PETFLD2052,91,13,ZeroForecast,100,18.41,0,"[0.0, 0.0, 0.0, 0.0, 0.0, 0.0, 0.0, 0.0, 0.0, 0.0, 0.0, 0.0, 0.0]","[""2026-07-20"", ""2026-07-27"", ""2026-08-03"", ""2026-08-10"", ""2026-08-17"", ""2026-08-24"", ""2026-08-31"", ""2026-09-07"", ""2026-09-14"", ""2026-09-21"", ""2026-09-28"", ""2026-10-05"", ""2026-10-12""]",Unreliable,0,,10,17-07-2026 15:11
PETFLD2051,7,1,LastNonZero,30.769,39.875,0.48,[0.48],"[""2026-07-20""]",Good,0,,10,17-07-2026 15:11
PETFLD2051,14,2,ExtraTreesRegressor,76.917,123.042,0,"[0.0, 0.0]","[""2026-07-20"", ""2026-07-27""]",Unreliable,0,,10,17-07-2026 15:11
PETFLD2051,28,4,ExtraTreesRegressor,97.933,154.819,0,"[0.0, 0.0, 0.0, 0.0]","[""2026-07-20"", ""2026-07-27"", ""2026-08-03"", ""2026-08-10""]",Unreliable,0,,10,17-07-2026 15:11
PETFLD2051,56,8,ZeroForecast,100,44.813,0,"[0.0, 0.0, 0.0, 0.0, 0.0, 0.0, 0.0, 0.0]","[""2026-07-20"", ""2026-07-27"", ""2026-08-03"", ""2026-08-10"", ""2026-08-17"", ""2026-08-24"", ""2026-08-31"", ""2026-09-07""]",Unreliable,0,,10,17-07-2026 15:11
PETFLD2051,91,13,ZeroForecast,100,27.577,0,"[0.0, 0.0, 0.0, 0.0, 0.0, 0.0, 0.0, 0.0, 0.0, 0.0, 0.0, 0.0, 0.0]","[""2026-07-20"", ""2026-07-27"", ""2026-08-03"", ""2026-08-10"", ""2026-08-17"", ""2026-08-24"", ""2026-08-31"", ""2026-09-07"", ""2026-09-14"", ""2026-09-21"", ""2026-09-28"", ""2026-10-05"", ""2026-10-12""]",Unreliable,0,,10,17-07-2026 15:11
PETZINGATOPEIXE20,7,1,LastNonZero,9.373,9.833,25.82,[25.82],"[""2026-07-20""]",Excellent,0,,10,17-07-2026 15:11
PETZINGATOPEIXE20,14,2,NaiveLastValue,100,99.992,0,"[0.0, 0.0]","[""2026-07-20"", ""2026-07-27""]",Unreliable,0,,10,17-07-2026 15:11
PETZINGATOPEIXE20,28,4,NaiveLastValue,100,49.996,0,"[0.0, 0.0, 0.0, 0.0]","[""2026-07-20"", ""2026-07-27"", ""2026-08-03"", ""2026-08-10""]",Unreliable,0,,10,17-07-2026 15:11
PETZINGATOPEIXE20,56,8,NaiveLastValue,100,24.998,0,"[0.0, 0.0, 0.0, 0.0, 0.0, 0.0, 0.0, 0.0]","[""2026-07-20"", ""2026-07-27"", ""2026-08-03"", ""2026-08-10"", ""2026-08-17"", ""2026-08-24"", ""2026-08-31"", ""2026-09-07""]",Unreliable,0,,10,17-07-2026 15:11
PETZINGATOPEIXE20,91,13,NaiveLastValue,100,15.383,0,"[0.0, 0.0, 0.0, 0.0, 0.0, 0.0, 0.0, 0.0, 0.0, 0.0, 0.0, 0.0, 0.0]","[""2026-07-20"", ""2026-07-27"", ""2026-08-03"", ""2026-08-10"", ""2026-08-17"", ""2026-08-24"", ""2026-08-31"", ""2026-09-07"", ""2026-09-14"", ""2026-09-21"", ""2026-09-28"", ""2026-10-05"", ""2026-10-12""]",Unreliable,0,,10,17-07-2026 15:11
PETZINGATOCARNEMIX20,7,1,CrostonStyle,34.378,64.939,2.712104946,[2.7121049457177326],"[""2026-07-20""]",Good,0,,10,17-07-2026 15:11
PETZINGATOCARNEMIX20,14,2,Ridge,99.988,152.369,0,"[0.0, 0.0]","[""2026-07-20"", ""2026-07-27""]",Unreliable,0,,10,17-07-2026 15:11
PETZINGATOCARNEMIX20,28,4,NaiveLastValue,100,49.993,0,"[0.0, 0.0, 0.0, 0.0]","[""2026-07-20"", ""2026-07-27"", ""2026-08-03"", ""2026-08-10""]",Unreliable,0,,10,17-07-2026 15:11
PETZINGATOCARNEMIX20,56,8,NaiveLastValue,100,24.996,0,"[0.0, 0.0, 0.0, 0.0, 0.0, 0.0, 0.0, 0.0]","[""2026-07-20"", ""2026-07-27"", ""2026-08-03"", ""2026-08-10"", ""2026-08-17"", ""2026-08-24"", ""2026-08-31"", ""2026-09-07""]",Unreliable,0,,10,17-07-2026 15:11
PETZINGATOCARNEMIX20,91,13,NaiveLastValue,100,15.382,0,"[0.0, 0.0, 0.0, 0.0, 0.0, 0.0, 0.0, 0.0, 0.0, 0.0, 0.0, 0.0, 0.0]","[""2026-07-20"", ""2026-07-27"", ""2026-08-03"", ""2026-08-10"", ""2026-08-17"", ""2026-08-24"", ""2026-08-31"", ""2026-09-07"", ""2026-09-14"", ""2026-09-21"", ""2026-09-28"", ""2026-10-05"", ""2026-10-12""]",Unreliable,0,,10,17-07-2026 15:11
PINTOSMGSAQ,7,1,GradientBoostingRegressor,0,0,0,[0.0],"[""2026-07-20""]",Excellent,1,NaiveLastValue,10,17-07-2026 15:11
PINTOSMGSAQ,14,2,GradientBoostingRegressor,0,0,0,"[0.0, 0.0]","[""2026-07-20"", ""2026-07-27""]",Excellent,1,NaiveLastValue,10,17-07-2026 15:11
PINTOSMGSAQ,28,4,ExtraTreesRegressor,0,0,0,"[0.0, 0.0, 0.0, 0.0]","[""2026-07-20"", ""2026-07-27"", ""2026-08-03"", ""2026-08-10""]",Excellent,1,NaiveLastValue,10,17-07-2026 15:11
PINTOSMGSAQ,56,8,ExtraTreesRegressor,0,0,0,"[0.0, 0.0, 0.0, 0.0, 0.0, 0.0, 0.0, 0.0]","[""2026-07-20"", ""2026-07-27"", ""2026-08-03"", ""2026-08-10"", ""2026-08-17"", ""2026-08-24"", ""2026-08-31"", ""2026-09-07""]",Excellent,1,NaiveLastValue,10,17-07-2026 15:11
PINTOSMGSAQ,91,13,ExtraTreesRegressor,0,0,0,"[0.0, 0.0, 0.0, 0.0, 0.0, 0.0, 0.0, 0.0, 0.0, 0.0, 0.0, 0.0, 0.0]","[""2026-07-20"", ""2026-07-27"", ""2026-08-03"", ""2026-08-10"", ""2026-08-17"", ""2026-08-24"", ""2026-08-31"", ""2026-09-07"", ""2026-09-14"", ""2026-09-21"", ""2026-09-28"", ""2026-10-05"", ""2026-10-12""]",Excellent,1,NaiveLastValue,10,17-07-2026 15:11
PETZINGATOCARNE20,7,1,LastNonZero,44.476,51.244,39.78,[39.78],"[""2026-07-20""]",Fair,0,,10,17-07-2026 15:11
PETZINGATOCARNE20,14,2,arima,99.984,194.658,0.616869801,"[0.3084349005762659, 0.3084349005762659]","[""2026-07-20"", ""2026-07-27""]",Unreliable,0,,10,17-07-2026 15:11
PETZINGATOCARNE20,28,4,NaiveLastValue,100,49.998,0,"[0.0, 0.0, 0.0, 0.0]","[""2026-07-20"", ""2026-07-27"", ""2026-08-03"", ""2026-08-10""]",Unreliable,0,,10,17-07-2026 15:11
PETZINGATOCARNE20,56,8,NaiveLastValue,100,24.999,0,"[0.0, 0.0, 0.0, 0.0, 0.0, 0.0, 0.0, 0.0]","[""2026-07-20"", ""2026-07-27"", ""2026-08-03"", ""2026-08-10"", ""2026-08-17"", ""2026-08-24"", ""2026-08-31"", ""2026-09-07""]",Unreliable,0,,10,17-07-2026 15:11
PETZINGATOCARNE20,91,13,NaiveLastValue,100,15.384,0,"[0.0, 0.0, 0.0, 0.0, 0.0, 0.0, 0.0, 0.0, 0.0, 0.0, 0.0, 0.0, 0.0]","[""2026-07-20"", ""2026-07-27"", ""2026-08-03"", ""2026-08-10"", ""2026-08-17"", ""2026-08-24"", ""2026-08-31"", ""2026-09-07"", ""2026-09-14"", ""2026-09-21"", ""2026-09-28"", ""2026-10-05"", ""2026-10-12""]",Unreliable,0,,10,17-07-2026 15:11
RACAOMB12,7,1,ExtraTreesRegressor,0,0,0,[0.0],"[""2026-07-20""]",Excellent,1,NaiveLastValue,10,17-07-2026 15:11
RACAOMB12,14,2,ExtraTreesRegressor,0,0,0,"[0.0, 0.0]","[""2026-07-20"", ""2026-07-27""]",Excellent,1,NaiveLastValue,10,17-07-2026 15:11
RACAOMB12,28,4,ExtraTreesRegressor,0,0,0,"[0.0, 0.0, 0.0, 0.0]","[""2026-07-20"", ""2026-07-27"", ""2026-08-03"", ""2026-08-10""]",Excellent,1,NaiveLastValue,10,17-07-2026 15:11
RACAOMB12,56,8,ExtraTreesRegressor,0,0,0,"[0.0, 0.0, 0.0, 0.0, 0.0, 0.0, 0.0, 0.0]","[""2026-07-20"", ""2026-07-27"", ""2026-08-03"", ""2026-08-10"", ""2026-08-17"", ""2026-08-24"", ""2026-08-31"", ""2026-09-07""]",Excellent,1,NaiveLastValue,10,17-07-2026 15:11
RACAOMB12,91,13,ExtraTreesRegressor,0,0,0,"[0.0, 0.0, 0.0, 0.0, 0.0, 0.0, 0.0, 0.0, 0.0, 0.0, 0.0, 0.0, 0.0]","[""2026-07-20"", ""2026-07-27"", ""2026-08-03"", ""2026-08-10"", ""2026-08-17"", ""2026-08-24"", ""2026-08-31"", ""2026-09-07"", ""2026-09-14"", ""2026-09-21"", ""2026-09-28"", ""2026-10-05"", ""2026-10-12""]",Excellent,1,NaiveLastValue,10,17-07-2026 15:11
PONGOADULT4,7,1,SBA_alpha_02,5.582,5.429,0.370472727,[0.3704727272727273],"[""2026-07-20""]",Excellent,0,,10,17-07-2026 15:11
PONGOADULT4,14,2,NaiveLastValue,100,99.964,0,"[0.0, 0.0]","[""2026-07-20"", ""2026-07-27""]",Unreliable,0,,10,17-07-2026 15:11
PONGOADULT4,28,4,NaiveLastValue,100,49.982,0,"[0.0, 0.0, 0.0, 0.0]","[""2026-07-20"", ""2026-07-27"", ""2026-08-03"", ""2026-08-10""]",Unreliable,0,,10,17-07-2026 15:11
PONGOADULT4,56,8,NaiveLastValue,100,24.991,0,"[0.0, 0.0, 0.0, 0.0, 0.0, 0.0, 0.0, 0.0]","[""2026-07-20"", ""2026-07-27"", ""2026-08-03"", ""2026-08-10"", ""2026-08-17"", ""2026-08-24"", ""2026-08-31"", ""2026-09-07""]",Unreliable,0,,10,17-07-2026 15:11
PONGOADULT4,91,13,NaiveLastValue,100,15.379,0,"[0.0, 0.0, 0.0, 0.0, 0.0, 0.0, 0.0, 0.0, 0.0, 0.0, 0.0, 0.0, 0.0]","[""2026-07-20"", ""2026-07-27"", ""2026-08-03"", ""2026-08-10"", ""2026-08-17"", ""2026-08-24"", ""2026-08-31"", ""2026-09-07"", ""2026-09-14"", ""2026-09-21"", ""2026-09-28"", ""2026-10-05"", ""2026-10-12""]",Unreliable,0,,10,17-07-2026 15:11
RUFIAADULTO20A,7,1,MovingAverage_4,12.414,13.234,4.435,[4.4350000000000005],"[""2026-07-20""]",Excellent,0,,10,17-07-2026 15:11
RUFIAADULTO20A,14,2,NaiveLastValue,100,114.966,0,"[0.0, 0.0]","[""2026-07-20"", ""2026-07-27""]",Unreliable,0,,10,17-07-2026 15:11
RUFIAADULTO20A,28,4,,,,,,,No Model,0,,,17-07-2026 15:11
RUFIAADULTO20A,56,8,,,,,,,No Model,0,,,17-07-2026 15:11
RUFIAADULTO20A,91,13,,,,,,,No Model,0,,,17-07-2026 15:11
RACAOMB20,7,1,LastNonZero,11.111,11.764,16.38,[16.38],"[""2026-07-20""]",Excellent,0,,10,17-07-2026 15:11
RACAOMB20,14,2,Ridge,99.691,131.767,0,"[0.0, 0.0]","[""2026-07-20"", ""2026-07-27""]",Unreliable,0,,10,17-07-2026 15:11
RACAOMB20,28,4,NaiveLastValue,100,49.994,0,"[0.0, 0.0, 0.0, 0.0]","[""2026-07-20"", ""2026-07-27"", ""2026-08-03"", ""2026-08-10""]",Unreliable,0,,10,17-07-2026 15:11
RACAOMB20,56,8,NaiveLastValue,100,24.997,0,"[0.0, 0.0, 0.0, 0.0, 0.0, 0.0, 0.0, 0.0]","[""2026-07-20"", ""2026-07-27"", ""2026-08-03"", ""2026-08-10"", ""2026-08-17"", ""2026-08-24"", ""2026-08-31"", ""2026-09-07""]",Unreliable,0,,10,17-07-2026 15:11
RACAOMB20,91,13,NaiveLastValue,100,15.383,0,"[0.0, 0.0, 0.0, 0.0, 0.0, 0.0, 0.0, 0.0, 0.0, 0.0, 0.0, 0.0, 0.0]","[""2026-07-20"", ""2026-07-27"", ""2026-08-03"", ""2026-08-10"", ""2026-08-17"", ""2026-08-24"", ""2026-08-31"", ""2026-09-07"", ""2026-09-14"", ""2026-09-21"", ""2026-09-28"", ""2026-10-05"", ""2026-10-12""]",Unreliable,0,,10,17-07-2026 15:11
PILEUADULTO20,7,1,RandomForestRegressor,69,106.403,0,[0.0],"[""2026-07-20""]",Poor,1,LastNonZero,10,17-07-2026 15:11
PILEUADULTO20,14,2,RandomForestRegressor,74,138.602,0,"[0.0, 0.0]","[""2026-07-20"", ""2026-07-27""]",Poor,0,,10,17-07-2026 15:11
PILEUADULTO20,28,4,GradientBoostingRegressor,85.941,122.875,12.98892999,"[0.22508806515454982, 4.261782361450983, 4.261782361450983, 4.240277197910955]","[""2026-07-20"", ""2026-07-27"", ""2026-08-03"", ""2026-08-10""]",Unreliable,0,,10,17-07-2026 15:11
PILEUADULTO20,56,8,RandomForestRegressor,86.667,65.334,18.4704,"[0.0, 0.0, 9.23520000000001, 9.23520000000001, 0.0, 0.0, 0.0, 0.0]","[""2026-07-20"", ""2026-07-27"", ""2026-08-03"", ""2026-08-10"", ""2026-08-17"", ""2026-08-24"", ""2026-08-31"", ""2026-09-07""]",Unreliable,0,,10,17-07-2026 15:11
PILEUADULTO20,91,13,NaiveLastValue,100,15.382,0,"[0.0, 0.0, 0.0, 0.0, 0.0, 0.0, 0.0, 0.0, 0.0, 0.0, 0.0, 0.0, 0.0]","[""2026-07-20"", ""2026-07-27"", ""2026-08-03"", ""2026-08-10"", ""2026-08-17"", ""2026-08-24"", ""2026-08-31"", ""2026-09-07"", ""2026-09-14"", ""2026-09-21"", ""2026-09-28"", ""2026-10-05"", ""2026-10-12""]",Unreliable,0,,10,17-07-2026 15:11
QUINTATILIASMBAE20,7,1,LastNonZero,23.736,20.161,12.72,[12.72],"[""2026-07-20""]",Good,0,,10,17-07-2026 15:11
QUINTATILIASMBAE20,14,2,arima,99.967,191.795,1.112348911,"[0.5561744557375723, 0.5561744557375723]","[""2026-07-20"", ""2026-07-27""]",Unreliable,0,,10,17-07-2026 15:11
QUINTATILIASMBAE20,28,4,NaiveLastValue,100,49.992,0,"[0.0, 0.0, 0.0, 0.0]","[""2026-07-20"", ""2026-07-27"", ""2026-08-03"", ""2026-08-10""]",Unreliable,0,,10,17-07-2026 15:11
QUINTATILIASMBAE20,56,8,NaiveLastValue,100,24.996,0,"[0.0, 0.0, 0.0, 0.0, 0.0, 0.0, 0.0, 0.0]","[""2026-07-20"", ""2026-07-27"", ""2026-08-03"", ""2026-08-10"", ""2026-08-17"", ""2026-08-24"", ""2026-08-31"", ""2026-09-07""]",Unreliable,0,,10,17-07-2026 15:11
QUINTATILIASMBAE20,91,13,NaiveLastValue,100,15.382,0,"[0.0, 0.0, 0.0, 0.0, 0.0, 0.0, 0.0, 0.0, 0.0, 0.0, 0.0, 0.0, 0.0]","[""2026-07-20"", ""2026-07-27"", ""2026-08-03"", ""2026-08-10"", ""2026-08-17"", ""2026-08-24"", ""2026-08-31"", ""2026-09-07"", ""2026-09-14"", ""2026-09-21"", ""2026-09-28"", ""2026-10-05"", ""2026-10-12""]",Unreliable,0,,10,17-07-2026 15:11
RUFIAAE20A,7,1,MovingAverage_4,6.74,6.519,5.375,[5.375],"[""2026-07-20""]",Excellent,0,,10,17-07-2026 15:11
RUFIAAE20A,14,2,ZeroForecast,100,99.951,0,"[0.0, 0.0]","[""2026-07-20"", ""2026-07-27""]",Unreliable,0,,10,17-07-2026 15:11
RUFIAAE20A,28,4,,,,,,,No Model,0,,,17-07-2026 15:11
RUFIAAE20A,56,8,,,,,,,No Model,0,,,17-07-2026 15:11
RUFIAAE20A,91,13,,,,,,,No Model,0,,,17-07-2026 15:11
PETZEZEREADULTO15,7,1,ADIDA_8,48.458,44.388,0.690124478,[0.6901244784017266],"[""2026-07-20""]",Fair,0,,10,17-07-2026 15:11
PETZEZEREADULTO15,14,2,GradientBoostingRegressor,84.775,133.426,1.047079281,"[0.5235396405559812, 0.5235396405559812]","[""2026-07-20"", ""2026-07-27""]",Unreliable,0,,10,17-07-2026 15:11
PETZEZEREADULTO15,28,4,MovingAverage_4,96.875,143.508,0,"[0.0, 0.0, 0.0, 0.0]","[""2026-07-20"", ""2026-07-27"", ""2026-08-03"", ""2026-08-10""]",Unreliable,0,,10,17-07-2026 15:11
PETZEZEREADULTO15,56,8,HuberRegressor,97.252,73.257,0,"[0.0, 0.0, 0.0, 0.0, 0.0, 0.0, 0.0, 0.0]","[""2026-07-20"", ""2026-07-27"", ""2026-08-03"", ""2026-08-10"", ""2026-08-17"", ""2026-08-24"", ""2026-08-31"", ""2026-09-07""]",Unreliable,0,,10,17-07-2026 15:11
PETZEZEREADULTO15,91,13,ZeroForecast,100,95.174,0,"[0.0, 0.0, 0.0, 0.0, 0.0, 0.0, 0.0, 0.0, 0.0, 0.0, 0.0, 0.0, 0.0]","[""2026-07-20"", ""2026-07-27"", ""2026-08-03"", ""2026-08-10"", ""2026-08-17"", ""2026-08-24"", ""2026-08-31"", ""2026-09-07"", ""2026-09-14"", ""2026-09-21"", ""2026-09-28"", ""2026-10-05"", ""2026-10-12""]",Unreliable,0,,10,17-07-2026 15:11
RUFIAADULTOP4,7,1,LastNonZero,23.729,19.707,0.64,[0.64],"[""2026-07-20""]",Good,0,,10,17-07-2026 15:11
RUFIAADULTOP4,14,2,ADIDA_8,57.09,76.921,0.38141952,"[0.19070976000000003, 0.19070976000000003]","[""2026-07-20"", ""2026-07-27""]",Poor,0,,10,17-07-2026 15:11
RUFIAADULTOP4,28,4,ZeroForecast,100,49.844,0,"[0.0, 0.0, 0.0, 0.0]","[""2026-07-20"", ""2026-07-27"", ""2026-08-03"", ""2026-08-10""]",Unreliable,0,,10,17-07-2026 15:11
RUFIAADULTOP4,56,8,NaiveLastValue,100,24.922,0,"[0.0, 0.0, 0.0, 0.0, 0.0, 0.0, 0.0, 0.0]","[""2026-07-20"", ""2026-07-27"", ""2026-08-03"", ""2026-08-10"", ""2026-08-17"", ""2026-08-24"", ""2026-08-31"", ""2026-09-07""]",Unreliable,0,,10,17-07-2026 15:11
RUFIAADULTOP4,91,13,NaiveLastValue,100,15.337,0,"[0.0, 0.0, 0.0, 0.0, 0.0, 0.0, 0.0, 0.0, 0.0, 0.0, 0.0, 0.0, 0.0]","[""2026-07-20"", ""2026-07-27"", ""2026-08-03"", ""2026-08-10"", ""2026-08-17"", ""2026-08-24"", ""2026-08-31"", ""2026-09-07"", ""2026-09-14"", ""2026-09-21"", ""2026-09-28"", ""2026-10-05"", ""2026-10-12""]",Unreliable,0,,10,17-07-2026 15:11
RUFIAESTERIL20A,7,1,RandomForestRegressor,0,0,0,[0.0],"[""2026-07-20""]",Excellent,1,NaiveLastValue,10,17-07-2026 15:11
RUFIAESTERIL20A,14,2,RandomForestRegressor,0,0,0,"[0.0, 0.0]","[""2026-07-20"", ""2026-07-27""]",Excellent,1,NaiveLastValue,10,17-07-2026 15:11
RUFIAESTERIL20A,28,4,,,,,,,No Model,0,,,17-07-2026 15:11
RUFIAESTERIL20A,56,8,,,,,,,No Model,0,,,17-07-2026 15:11
RUFIAESTERIL20A,91,13,,,,,,,No Model,0,,,17-07-2026 15:11
RUFIAADULTO20,7,1,SeasonalNaive_52,39.526,48.318,54.72,[54.720000000000006],"[""2026-07-20""]",Fair,0,,10,17-07-2026 15:11
RUFIAADULTO20,14,2,SeasonalNaive_52,67.466,66.527,67.26,"[54.720000000000006, 12.540000000000001]","[""2026-07-20"", ""2026-07-27""]",Poor,0,,10,17-07-2026 15:11
RUFIAADULTO20,28,4,SeasonalNaive_52,60.176,62.816,149.44,"[54.720000000000006, 12.540000000000001, 12.120000000000001, 70.06]","[""2026-07-20"", ""2026-07-27"", ""2026-08-03"", ""2026-08-10""]",Poor,0,,10,17-07-2026 15:11
RUFIAADULTO20,56,8,SeasonalNaive_52,47.41,50.865,319.46,"[54.720000000000006, 12.540000000000001, 12.120000000000001, 70.06, 60.2, 34.52, 24.18, 51.120000000000005]","[""2026-07-20"", ""2026-07-27"", ""2026-08-03"", ""2026-08-10"", ""2026-08-17"", ""2026-08-24"", ""2026-08-31"", ""2026-09-07""]",Fair,0,,10,17-07-2026 15:11
RUFIAADULTO20,91,13,SeasonalNaive_52,45.237,50.316,562.72,"[54.720000000000006, 12.540000000000001, 12.120000000000001, 70.06, 60.2, 34.52, 24.18, 51.120000000000005, 31.560000000000002, 81.48, 16.38, 42.2, 71.64]","[""2026-07-20"", ""2026-07-27"", ""2026-08-03"", ""2026-08-10"", ""2026-08-17"", ""2026-08-24"", ""2026-08-31"", ""2026-09-07"", ""2026-09-14"", ""2026-09-21"", ""2026-09-28"", ""2026-10-05"", ""2026-10-12""]",Fair,0,,10,17-07-2026 15:11
RUFIAESTERIL10,7,1,ADIDA_8,79.888,100.506,0.149007539,[0.14900753920000004],"[""2026-07-20""]",Unreliable,0,,10,17-07-2026 15:11
RUFIAESTERIL10,14,2,ETS,100,163.464,0.010888155,"[0.0054440777295951355, 0.0054440777295951355]","[""2026-07-20"", ""2026-07-27""]",Unreliable,0,,10,17-07-2026 15:11
RUFIAESTERIL10,28,4,NaiveLastValue,100,49.724,0,"[0.0, 0.0, 0.0, 0.0]","[""2026-07-20"", ""2026-07-27"", ""2026-08-03"", ""2026-08-10""]",Unreliable,0,,10,17-07-2026 15:11
RUFIAESTERIL10,56,8,NaiveLastValue,100,24.834,0,"[0.0, 0.0, 0.0, 0.0, 0.0, 0.0, 0.0, 0.0]","[""2026-07-20"", ""2026-07-27"", ""2026-08-03"", ""2026-08-10"", ""2026-08-17"", ""2026-08-24"", ""2026-08-31"", ""2026-09-07""]",Unreliable,0,,10,17-07-2026 15:11
RUFIAESTERIL10,91,13,ZeroForecast,100,18.356,0,"[0.0, 0.0, 0.0, 0.0, 0.0, 0.0, 0.0, 0.0, 0.0, 0.0, 0.0, 0.0, 0.0]","[""2026-07-20"", ""2026-07-27"", ""2026-08-03"", ""2026-08-10"", ""2026-08-17"", ""2026-08-24"", ""2026-08-31"", ""2026-09-07"", ""2026-09-14"", ""2026-09-21"", ""2026-09-28"", ""2026-10-05"", ""2026-10-12""]",Unreliable,0,,10,17-07-2026 15:11
RUFIAADULTO4,7,1,sarima,43.041,35.949,0.06320667,[0.06320667010572423],"[""2026-07-20""]",Fair,0,,10,17-07-2026 15:11
RUFIAADULTO4,14,2,ZeroForecast,100,139.579,0,"[0.0, 0.0]","[""2026-07-20"", ""2026-07-27""]",Unreliable,0,,10,17-07-2026 15:11
RUFIAADULTO4,28,4,SBA_alpha_02,84.927,82.422,2.501556847,"[0.6253892118742156, 0.6253892118742156, 0.6253892118742156, 0.6253892118742156]","[""2026-07-20"", ""2026-07-27"", ""2026-08-03"", ""2026-08-10""]",Unreliable,0,,10,17-07-2026 15:11
RUFIAADULTO4,56,8,SBA_alpha_01,72.069,79.432,7.226678245,"[0.9033347806264284, 0.9033347806264284, 0.9033347806264284, 0.9033347806264284, 0.9033347806264284, 0.9033347806264284, 0.9033347806264284, 0.9033347806264284]","[""2026-07-20"", ""2026-07-27"", ""2026-08-03"", ""2026-08-10"", ""2026-08-17"", ""2026-08-24"", ""2026-08-31"", ""2026-09-07""]",Poor,0,,10,17-07-2026 15:11
RUFIAADULTO4,91,13,CrostonStyle_alpha_02,65.539,68.757,9.033399727,"[0.6948769020824618, 0.6948769020824618, 0.6948769020824618, 0.6948769020824618, 0.6948769020824618, 0.6948769020824618, 0.6948769020824618, 0.6948769020824618, 0.6948769020824618, 0.6948769020824618, 0.6948769020824618, 0.6948769020824618, 0.6948769020824618]","[""2026-07-20"", ""2026-07-27"", ""2026-08-03"", ""2026-08-10"", ""2026-08-17"", ""2026-08-24"", ""2026-08-31"", ""2026-09-07"", ""2026-09-14"", ""2026-09-21"", ""2026-09-28"", ""2026-10-05"", ""2026-10-12""]",Poor,0,,10,17-07-2026 15:11
ROTDOGSV20,7,1,TwoStage_ET_ET,87.422,155.267,0.00305028,[0.003050279509710775],"[""2026-07-20""]",Unreliable,1,LastNonZero,10,17-07-2026 15:11
ROTDOGSV20,14,2,Ridge,95.921,176.345,0.093394011,"[0.0, 0.09339401061094932]","[""2026-07-20"", ""2026-07-27""]",Unreliable,0,,10,17-07-2026 15:11
ROTDOGSV20,28,4,NaiveLastValue,100,49.979,0,"[0.0, 0.0, 0.0, 0.0]","[""2026-07-20"", ""2026-07-27"", ""2026-08-03"", ""2026-08-10""]",Unreliable,0,,10,17-07-2026 15:11
ROTDOGSV20,56,8,NaiveLastValue,100,24.989,0,"[0.0, 0.0, 0.0, 0.0, 0.0, 0.0, 0.0, 0.0]","[""2026-07-20"", ""2026-07-27"", ""2026-08-03"", ""2026-08-10"", ""2026-08-17"", ""2026-08-24"", ""2026-08-31"", ""2026-09-07""]",Unreliable,0,,10,17-07-2026 15:11
ROTDOGSV20,91,13,NaiveLastValue,100,15.378,0,"[0.0, 0.0, 0.0, 0.0, 0.0, 0.0, 0.0, 0.0, 0.0, 0.0, 0.0, 0.0, 0.0]","[""2026-07-20"", ""2026-07-27"", ""2026-08-03"", ""2026-08-10"", ""2026-08-17"", ""2026-08-24"", ""2026-08-31"", ""2026-09-07"", ""2026-09-14"", ""2026-09-21"", ""2026-09-28"", ""2026-10-05"", ""2026-10-12""]",Unreliable,0,,10,17-07-2026 15:11
RUFIAAE20,7,1,arima,38.349,44.003,10.80617549,[10.806175491950864],"[""2026-07-20""]",Fair,0,,10,17-07-2026 15:11
RUFIAAE20,14,2,arima,49.628,67.809,21.61235098,"[10.806175491950864, 10.806175491950864]","[""2026-07-20"", ""2026-07-27""]",Fair,0,,10,17-07-2026 15:11
RUFIAAE20,28,4,arima,64.596,85.72,43.22470197,"[10.806175491950864, 10.806175491950864, 10.806175491950864, 10.806175491950864]","[""2026-07-20"", ""2026-07-27"", ""2026-08-03"", ""2026-08-10""]",Poor,0,,10,17-07-2026 15:11
RUFIAAE20,56,8,arima,58.292,75.391,86.44940394,"[10.806175491950864, 10.806175491950864, 10.806175491950864, 10.806175491950864, 10.806175491950864, 10.806175491950864, 10.806175491950864, 10.806175491950864]","[""2026-07-20"", ""2026-07-27"", ""2026-08-03"", ""2026-08-10"", ""2026-08-17"", ""2026-08-24"", ""2026-08-31"", ""2026-09-07""]",Poor,0,,10,17-07-2026 15:11
RUFIAAE20,91,13,RandomForestRegressor,59.551,71.556,146.134,"[11.446600000000005, 11.572200000000004, 12.086200000000003, 10.425000000000002, 11.116399999999999, 11.0756, 10.890799999999999, 10.828399999999998, 11.2986, 11.135200000000003, 11.402400000000005, 11.445000000000004, 11.411600000000005]","[""2026-07-20"", ""2026-07-27"", ""2026-08-03"", ""2026-08-10"", ""2026-08-17"", ""2026-08-24"", ""2026-08-31"", ""2026-09-07"", ""2026-09-14"", ""2026-09-21"", ""2026-09-28"", ""2026-10-05"", ""2026-10-12""]",Poor,0,,10,17-07-2026 15:11
RUFIAESTERIL4,7,1,MovingAverage_8,78.76,108.273,0.08,[0.08],"[""2026-07-20""]",Unreliable,0,,10,17-07-2026 15:11
RUFIAESTERIL4,14,2,TwoStage_RF_Ridge,97.803,177.406,0.187439816,"[0.1007986168544393, 0.0866411993929313]","[""2026-07-20"", ""2026-07-27""]",Unreliable,0,,10,17-07-2026 15:11
RUFIAESTERIL4,28,4,NaiveLastValue,100,49.874,0,"[0.0, 0.0, 0.0, 0.0]","[""2026-07-20"", ""2026-07-27"", ""2026-08-03"", ""2026-08-10""]",Unreliable,0,,10,17-07-2026 15:11
RUFIAESTERIL4,56,8,ZeroForecast,100,29.927,0,"[0.0, 0.0, 0.0, 0.0, 0.0, 0.0, 0.0, 0.0]","[""2026-07-20"", ""2026-07-27"", ""2026-08-03"", ""2026-08-10"", ""2026-08-17"", ""2026-08-24"", ""2026-08-31"", ""2026-09-07""]",Unreliable,0,,10,17-07-2026 15:11
RUFIAESTERIL4,91,13,ZeroForecast,100,39.846,0,"[0.0, 0.0, 0.0, 0.0, 0.0, 0.0, 0.0, 0.0, 0.0, 0.0, 0.0, 0.0, 0.0]","[""2026-07-20"", ""2026-07-27"", ""2026-08-03"", ""2026-08-10"", ""2026-08-17"", ""2026-08-24"", ""2026-08-31"", ""2026-09-07"", ""2026-09-14"", ""2026-09-21"", ""2026-09-28"", ""2026-10-05"", ""2026-10-12""]",Unreliable,0,,10,17-07-2026 15:11
RUFIAGATOMBSC20ANI,7,1,LastNonZero,62.5,90.888,6.24,[6.24],"[""2026-07-20""]",Poor,0,,10,17-07-2026 15:11
RUFIAGATOMBSC20ANI,14,2,NaiveLastValue,100,99.968,0,"[0.0, 0.0]","[""2026-07-20"", ""2026-07-27""]",Unreliable,0,,10,17-07-2026 15:11
RUFIAGATOMBSC20ANI,28,4,NaiveLastValue,100,49.984,0,"[0.0, 0.0, 0.0, 0.0]","[""2026-07-20"", ""2026-07-27"", ""2026-08-03"", ""2026-08-10""]",Unreliable,0,,10,17-07-2026 15:11
RUFIAGATOMBSC20ANI,56,8,NaiveLastValue,100,24.992,0,"[0.0, 0.0, 0.0, 0.0, 0.0, 0.0, 0.0, 0.0]","[""2026-07-20"", ""2026-07-27"", ""2026-08-03"", ""2026-08-10"", ""2026-08-17"", ""2026-08-24"", ""2026-08-31"", ""2026-09-07""]",Unreliable,0,,10,17-07-2026 15:11
RUFIAGATOMBSC20ANI,91,13,NaiveLastValue,100,15.38,0,"[0.0, 0.0, 0.0, 0.0, 0.0, 0.0, 0.0, 0.0, 0.0, 0.0, 0.0, 0.0, 0.0]","[""2026-07-20"", ""2026-07-27"", ""2026-08-03"", ""2026-08-10"", ""2026-08-17"", ""2026-08-24"", ""2026-08-31"", ""2026-09-07"", ""2026-09-14"", ""2026-09-21"", ""2026-09-28"", ""2026-10-05"", ""2026-10-12""]",Unreliable,0,,10,17-07-2026 15:11
RUFIAGATO20,7,1,arima,70.123,93.219,2.963213766,[2.9632137664178884],"[""2026-07-20""]",Poor,0,,10,17-07-2026 15:11
RUFIAGATO20,14,2,arima,83.465,146.973,5.924911177,"[2.9632137664178884, 2.961697410723892]","[""2026-07-20"", ""2026-07-27""]",Unreliable,0,,10,17-07-2026 15:11
RUFIAGATO20,28,4,SBA_alpha_01,94.178,140.188,5.257930154,"[1.314482538379276, 1.314482538379276, 1.314482538379276, 1.314482538379276]","[""2026-07-20"", ""2026-07-27"", ""2026-08-03"", ""2026-08-10""]",Unreliable,0,,10,17-07-2026 15:11
RUFIAGATO20,56,8,MovingAverage_4,100,120.464,28.56,"[3.5700000000000003, 3.5700000000000003, 3.5700000000000003, 3.5700000000000003, 3.5700000000000003, 3.5700000000000003, 3.5700000000000003, 3.5700000000000003]","[""2026-07-20"", ""2026-07-27"", ""2026-08-03"", ""2026-08-10"", ""2026-08-17"", ""2026-08-24"", ""2026-08-31"", ""2026-09-07""]",Unreliable,0,,10,17-07-2026 15:11
RUFIAGATO20,91,13,NaiveLastValue,100,64.566,0,"[0.0, 0.0, 0.0, 0.0, 0.0, 0.0, 0.0, 0.0, 0.0, 0.0, 0.0, 0.0, 0.0]","[""2026-07-20"", ""2026-07-27"", ""2026-08-03"", ""2026-08-10"", ""2026-08-17"", ""2026-08-24"", ""2026-08-31"", ""2026-09-07"", ""2026-09-14"", ""2026-09-21"", ""2026-09-28"", ""2026-10-05"", ""2026-10-12""]",Unreliable,0,,10,17-07-2026 15:11
RUFIAGATOMB20ANI,7,1,RandomForestRegressor,0,0,0,[0.0],"[""2026-07-20""]",Excellent,1,NaiveLastValue,10,17-07-2026 15:11
RUFIAGATOMB20ANI,14,2,ExtraTreesRegressor,0,0,0,"[0.0, 0.0]","[""2026-07-20"", ""2026-07-27""]",Excellent,1,NaiveLastValue,10,17-07-2026 15:11
RUFIAGATOMB20ANI,28,4,ExtraTreesRegressor,0,0,0,"[0.0, 0.0, 0.0, 0.0]","[""2026-07-20"", ""2026-07-27"", ""2026-08-03"", ""2026-08-10""]",Excellent,1,NaiveLastValue,10,17-07-2026 15:11
RUFIAGATOMB20ANI,56,8,ExtraTreesRegressor,0,0,0,"[0.0, 0.0, 0.0, 0.0, 0.0, 0.0, 0.0, 0.0]","[""2026-07-20"", ""2026-07-27"", ""2026-08-03"", ""2026-08-10"", ""2026-08-17"", ""2026-08-24"", ""2026-08-31"", ""2026-09-07""]",Excellent,1,NaiveLastValue,10,17-07-2026 15:11
RUFIAGATOMB20ANI,91,13,ExtraTreesRegressor,0,0,0,"[0.0, 0.0, 0.0, 0.0, 0.0, 0.0, 0.0, 0.0, 0.0, 0.0, 0.0, 0.0, 0.0]","[""2026-07-20"", ""2026-07-27"", ""2026-08-03"", ""2026-08-10"", ""2026-08-17"", ""2026-08-24"", ""2026-08-31"", ""2026-09-07"", ""2026-09-14"", ""2026-09-21"", ""2026-09-28"", ""2026-10-05"", ""2026-10-12""]",Excellent,1,NaiveLastValue,10,17-07-2026 15:11
RUFIAESTERIL20,7,1,ADIDA_8,72.738,83.217,0.439973155,[0.4399731545600002],"[""2026-07-20""]",Poor,0,,10,17-07-2026 15:11
RUFIAESTERIL20,14,2,HistGradientBoostingRegressor,88.099,118.823,0.567237708,"[0.28361885410341076, 0.28361885410341076]","[""2026-07-20"", ""2026-07-27""]",Unreliable,0,,10,17-07-2026 15:11
RUFIAESTERIL20,28,4,GradientBoostingRegressor,89.986,130.539,1.457094652,"[0.19509026366918797, 0.9711841553926702, 0.17669809559530059, 0.11412213728071366]","[""2026-07-20"", ""2026-07-27"", ""2026-08-03"", ""2026-08-10""]",Unreliable,0,,10,17-07-2026 15:11
RUFIAESTERIL20,56,8,ZeroForecast,100,69.21,0,"[0.0, 0.0, 0.0, 0.0, 0.0, 0.0, 0.0, 0.0]","[""2026-07-20"", ""2026-07-27"", ""2026-08-03"", ""2026-08-10"", ""2026-08-17"", ""2026-08-24"", ""2026-08-31"", ""2026-09-07""]",Unreliable,0,,10,17-07-2026 15:11
RUFIAESTERIL20,91,13,ZeroForecast,100,57.936,0,"[0.0, 0.0, 0.0, 0.0, 0.0, 0.0, 0.0, 0.0, 0.0, 0.0, 0.0, 0.0, 0.0]","[""2026-07-20"", ""2026-07-27"", ""2026-08-03"", ""2026-08-10"", ""2026-08-17"", ""2026-08-24"", ""2026-08-31"", ""2026-09-07"", ""2026-09-14"", ""2026-09-21"", ""2026-09-28"", ""2026-10-05"", ""2026-10-12""]",Unreliable,0,,10,17-07-2026 15:11
RUFIAJR20A,7,1,NaiveLastValue,42.857,54.536,0,[0.0],"[""2026-07-20""]",Fair,0,,10,17-07-2026 15:11
RUFIAJR20A,14,2,NaiveLastValue,100,127.219,0,"[0.0, 0.0]","[""2026-07-20"", ""2026-07-27""]",Unreliable,0,,10,17-07-2026 15:11
RUFIAJR20A,28,4,,,,,,,No Model,0,,,17-07-2026 15:11
RUFIAJR20A,56,8,,,,,,,No Model,0,,,17-07-2026 15:11
RUFIAJR20A,91,13,,,,,,,No Model,0,,,17-07-2026 15:11
RUFIAGATOSC20,7,1,LastNonZero,41.649,50.237,2.76,[2.76],"[""2026-07-20""]",Fair,0,,10,17-07-2026 15:11
RUFIAGATOSC20,14,2,arima,89.592,161.212,1.979729764,"[0.9898863529223219, 0.9898434113761226]","[""2026-07-20"", ""2026-07-27""]",Unreliable,0,,10,17-07-2026 15:11
RUFIAGATOSC20,28,4,ZeroForecast,100,79.94,0,"[0.0, 0.0, 0.0, 0.0]","[""2026-07-20"", ""2026-07-27"", ""2026-08-03"", ""2026-08-10""]",Unreliable,0,,10,17-07-2026 15:11
RUFIAGATOSC20,56,8,ZeroForecast,100,74.873,0,"[0.0, 0.0, 0.0, 0.0, 0.0, 0.0, 0.0, 0.0]","[""2026-07-20"", ""2026-07-27"", ""2026-08-03"", ""2026-08-10"", ""2026-08-17"", ""2026-08-24"", ""2026-08-31"", ""2026-09-07""]",Unreliable,0,,10,17-07-2026 15:11
RUFIAGATOSC20,91,13,NaiveLastValue,100,64.475,0,"[0.0, 0.0, 0.0, 0.0, 0.0, 0.0, 0.0, 0.0, 0.0, 0.0, 0.0, 0.0, 0.0]","[""2026-07-20"", ""2026-07-27"", ""2026-08-03"", ""2026-08-10"", ""2026-08-17"", ""2026-08-24"", ""2026-08-31"", ""2026-09-07"", ""2026-09-14"", ""2026-09-21"", ""2026-09-28"", ""2026-10-05"", ""2026-10-12""]",Unreliable,0,,10,17-07-2026 15:11
RUFIAJR4A,7,1,LastNonZero,75,119.946,3.584,[3.584],"[""2026-07-20""]",Unreliable,0,,10,17-07-2026 15:11
RUFIAJR4A,14,2,NaiveLastValue,100,99.944,0,"[0.0, 0.0]","[""2026-07-20"", ""2026-07-27""]",Unreliable,0,,10,17-07-2026 15:11
RUFIAJR4A,28,4,,,,,,,No Model,0,,,17-07-2026 15:11
RUFIAJR4A,56,8,,,,,,,No Model,0,,,17-07-2026 15:11
RUFIAJR4A,91,13,,,,,,,No Model,0,,,17-07-2026 15:11
RUFIAGATOSC1.5,7,1,Ridge,74.755,91.754,0.217560872,[0.21756087186547132],"[""2026-07-20""]",Poor,0,,10,17-07-2026 15:11
RUFIAGATOSC1.5,14,2,NaiveLastValue,100,96.513,0,"[0.0, 0.0]","[""2026-07-20"", ""2026-07-27""]",Unreliable,0,,10,17-07-2026 15:11
RUFIAGATOSC1.5,28,4,NaiveLastValue,100,46.698,0,"[0.0, 0.0, 0.0, 0.0]","[""2026-07-20"", ""2026-07-27"", ""2026-08-03"", ""2026-08-10""]",Unreliable,0,,10,17-07-2026 15:11
RUFIAGATOSC1.5,56,8,NaiveLastValue,100,22.959,0,"[0.0, 0.0, 0.0, 0.0, 0.0, 0.0, 0.0, 0.0]","[""2026-07-20"", ""2026-07-27"", ""2026-08-03"", ""2026-08-10"", ""2026-08-17"", ""2026-08-24"", ""2026-08-31"", ""2026-09-07""]",Unreliable,0,,10,17-07-2026 15:11
RUFIAGATOSC1.5,91,13,sarima,99.999,14.129,0.003047834,"[0.0, 0.0, 0.0, 0.0, 0.0, 0.0, 0.0, 0.0030478343302765476, 0.0, 0.0, 0.0, 0.0, 0.0]","[""2026-07-20"", ""2026-07-27"", ""2026-08-03"", ""2026-08-10"", ""2026-08-17"", ""2026-08-24"", ""2026-08-31"", ""2026-09-07"", ""2026-09-14"", ""2026-09-21"", ""2026-09-28"", ""2026-10-05"", ""2026-10-12""]",Unreliable,0,,10,17-07-2026 15:11
RUFIAMIX20A,7,1,MovingAverage_4,41.912,53.017,3.57,[3.5700000000000003],"[""2026-07-20""]",Fair,0,,10,17-07-2026 15:11
RUFIAMIX20A,14,2,NaiveLastValue,100,142.802,0,"[0.0, 0.0]","[""2026-07-20"", ""2026-07-27""]",Unreliable,0,,10,17-07-2026 15:11
RUFIAMIX20A,28,4,,,,,,,No Model,0,,,17-07-2026 15:11
RUFIAMIX20A,56,8,,,,,,,No Model,0,,,17-07-2026 15:11
RUFIAMIX20A,91,13,,,,,,,No Model,0,,,17-07-2026 15:11
RUFIAGATO10,7,1,arima,56.323,67.658,2.532363621,[2.5323636214936363],"[""2026-07-20""]",Poor,0,,10,17-07-2026 15:11
RUFIAGATO10,14,2,SBA_alpha_01,79.714,108.765,2.648586021,"[1.3242930105953814, 1.3242930105953814]","[""2026-07-20"", ""2026-07-27""]",Unreliable,0,,10,17-07-2026 15:11
RUFIAGATO10,28,4,CrostonStyle,77.179,99.647,5.970552814,"[1.4926382034417884, 1.4926382034417884, 1.4926382034417884, 1.4926382034417884]","[""2026-07-20"", ""2026-07-27"", ""2026-08-03"", ""2026-08-10""]",Unreliable,0,,10,17-07-2026 15:11
RUFIAGATO10,56,8,TSB_01_01,71.5,86.29,18.76486651,"[2.345608313539954, 2.345608313539954, 2.345608313539954, 2.345608313539954, 2.345608313539954, 2.345608313539954, 2.345608313539954, 2.345608313539954]","[""2026-07-20"", ""2026-07-27"", ""2026-08-03"", ""2026-08-10"", ""2026-08-17"", ""2026-08-24"", ""2026-08-31"", ""2026-09-07""]",Poor,0,,10,17-07-2026 15:11
RUFIAGATO10,91,13,TSB_01_01,67.726,80.511,30.49290808,"[2.345608313539954, 2.345608313539954, 2.345608313539954, 2.345608313539954, 2.345608313539954, 2.345608313539954, 2.345608313539954, 2.345608313539954, 2.345608313539954, 2.345608313539954, 2.345608313539954, 2.345608313539954, 2.345608313539954]","[""2026-07-20"", ""2026-07-27"", ""2026-08-03"", ""2026-08-10"", ""2026-08-17"", ""2026-08-24"", ""2026-08-31"", ""2026-09-07"", ""2026-09-14"", ""2026-09-21"", ""2026-09-28"", ""2026-10-05"", ""2026-10-12""]",Poor,0,,10,17-07-2026 15:11
RUFIAGATO1.5,7,1,NaiveLastValue,61.182,109.294,0,[0.0],"[""2026-07-20""]",Poor,0,,10,17-07-2026 15:11
RUFIAGATO1.5,14,2,SBA_alpha_01,78.882,97.95,0.471857165,"[0.23592858249820362, 0.23592858249820362]","[""2026-07-20"", ""2026-07-27""]",Unreliable,0,,10,17-07-2026 15:11
RUFIAGATO1.5,28,4,SBA_alpha_01,78.126,99.645,0.94371433,"[0.23592858249820362, 0.23592858249820362, 0.23592858249820362, 0.23592858249820362]","[""2026-07-20"", ""2026-07-27"", ""2026-08-03"", ""2026-08-10""]",Unreliable,0,,10,17-07-2026 15:11
RUFIAGATO1.5,56,8,GradientBoostingRegressor,55.922,90.03,3.240159489,"[0.12420765063245905, 0.22635289293345454, 0.6308782423209631, 1.0904545782338262, 0.17439615723876575, 0.0, 0.18530708308132945, 0.8085628842954468]","[""2026-07-20"", ""2026-07-27"", ""2026-08-03"", ""2026-08-10"", ""2026-08-17"", ""2026-08-24"", ""2026-08-31"", ""2026-09-07""]",Poor,0,,10,17-07-2026 15:11
RUFIAGATO1.5,91,13,ADIDAStyle_4,75.442,91.748,6.02157075,"[0.46319774999999985, 0.46319774999999985, 0.46319774999999985, 0.46319774999999985, 0.46319774999999985, 0.46319774999999985, 0.46319774999999985, 0.46319774999999985, 0.46319774999999985, 0.46319774999999985, 0.46319774999999985, 0.46319774999999985, 0.46319774999999985]","[""2026-07-20"", ""2026-07-27"", ""2026-08-03"", ""2026-08-10"", ""2026-08-17"", ""2026-08-24"", ""2026-08-31"", ""2026-09-07"", ""2026-09-14"", ""2026-09-21"", ""2026-09-28"", ""2026-10-05"", ""2026-10-12""]",Unreliable,0,,10,17-07-2026 15:11
RUFIAGATOSC10,7,1,TwoStage_Logistic_Huber,76.734,137.697,0.292076545,[0.2920765445630942],"[""2026-07-20""]",Unreliable,0,,10,17-07-2026 15:11
RUFIAGATOSC10,14,2,TwoStage_Logistic_Huber,76.563,150.923,0.42082956,"[0.2920765445630942, 0.12875301582028817]","[""2026-07-20"", ""2026-07-27""]",Unreliable,0,,10,17-07-2026 15:11
RUFIAGATOSC10,28,4,ZeroForecast,100,79.807,0,"[0.0, 0.0, 0.0, 0.0]","[""2026-07-20"", ""2026-07-27"", ""2026-08-03"", ""2026-08-10""]",Unreliable,0,,10,17-07-2026 15:11
RUFIAGATOSC10,56,8,ZeroForecast,100,69.834,0,"[0.0, 0.0, 0.0, 0.0, 0.0, 0.0, 0.0, 0.0]","[""2026-07-20"", ""2026-07-27"", ""2026-08-03"", ""2026-08-10"", ""2026-08-17"", ""2026-08-24"", ""2026-08-31"", ""2026-09-07""]",Unreliable,0,,10,17-07-2026 15:11
RUFIAGATOSC10,91,13,ZeroForecast,100,52.182,0,"[0.0, 0.0, 0.0, 0.0, 0.0, 0.0, 0.0, 0.0, 0.0, 0.0, 0.0, 0.0, 0.0]","[""2026-07-20"", ""2026-07-27"", ""2026-08-03"", ""2026-08-10"", ""2026-08-17"", ""2026-08-24"", ""2026-08-31"", ""2026-09-07"", ""2026-09-14"", ""2026-09-21"", ""2026-09-28"", ""2026-10-05"", ""2026-10-12""]",Unreliable,0,,10,17-07-2026 15:11
SETCAT20,7,1,LastNonZero,33.333,39.996,11.7,[11.700000000000001],"[""2026-07-20""]",Good,0,,10,17-07-2026 15:11
SETCAT20,14,2,SBA_alpha_02,100,124.969,2.662758621,"[1.3313793103448275, 1.3313793103448275]","[""2026-07-20"", ""2026-07-27""]",Unreliable,0,,10,17-07-2026 15:11
SETCAT20,28,4,NaiveLastValue,100,49.991,0,"[0.0, 0.0, 0.0, 0.0]","[""2026-07-20"", ""2026-07-27"", ""2026-08-03"", ""2026-08-10""]",Unreliable,0,,10,17-07-2026 15:11
SETCAT20,56,8,NaiveLastValue,100,24.996,0,"[0.0, 0.0, 0.0, 0.0, 0.0, 0.0, 0.0, 0.0]","[""2026-07-20"", ""2026-07-27"", ""2026-08-03"", ""2026-08-10"", ""2026-08-17"", ""2026-08-24"", ""2026-08-31"", ""2026-09-07""]",Unreliable,0,,10,17-07-2026 15:11
SETCAT20,91,13,NaiveLastValue,100,15.382,0,"[0.0, 0.0, 0.0, 0.0, 0.0, 0.0, 0.0, 0.0, 0.0, 0.0, 0.0, 0.0, 0.0]","[""2026-07-20"", ""2026-07-27"", ""2026-08-03"", ""2026-08-10"", ""2026-08-17"", ""2026-08-24"", ""2026-08-31"", ""2026-09-07"", ""2026-09-14"", ""2026-09-21"", ""2026-09-28"", ""2026-10-05"", ""2026-10-12""]",Unreliable,0,,10,17-07-2026 15:11
SETDOGMB20,7,1,RandomForestRegressor,0,0,0,[0.0],"[""2026-07-20""]",Excellent,1,NaiveLastValue,10,17-07-2026 15:11
SETDOGMB20,14,2,RandomForestRegressor,0,0,0,"[0.0, 0.0]","[""2026-07-20"", ""2026-07-27""]",Excellent,1,NaiveLastValue,10,17-07-2026 15:11
SETDOGMB20,28,4,HistGradientBoostingRegressor,0,0,0,"[0.0, 0.0, 0.0, 0.0]","[""2026-07-20"", ""2026-07-27"", ""2026-08-03"", ""2026-08-10""]",Excellent,1,NaiveLastValue,10,17-07-2026 15:11
SETDOGMB20,56,8,ExtraTreesRegressor,0,0,0,"[0.0, 0.0, 0.0, 0.0, 0.0, 0.0, 0.0, 0.0]","[""2026-07-20"", ""2026-07-27"", ""2026-08-03"", ""2026-08-10"", ""2026-08-17"", ""2026-08-24"", ""2026-08-31"", ""2026-09-07""]",Excellent,1,NaiveLastValue,10,17-07-2026 15:11
SETDOGMB20,91,13,ExtraTreesRegressor,0,0,0,"[0.0, 0.0, 0.0, 0.0, 0.0, 0.0, 0.0, 0.0, 0.0, 0.0, 0.0, 0.0, 0.0]","[""2026-07-20"", ""2026-07-27"", ""2026-08-03"", ""2026-08-10"", ""2026-08-17"", ""2026-08-24"", ""2026-08-31"", ""2026-09-07"", ""2026-09-14"", ""2026-09-21"", ""2026-09-28"", ""2026-10-05"", ""2026-10-12""]",Excellent,1,NaiveLastValue,10,17-07-2026 15:11
RUFIARP4,7,1,LastNonZero,34.762,42.348,0.64,[0.64],"[""2026-07-20""]",Good,0,,10,17-07-2026 15:11
RUFIARP4,14,2,LastNonZero,72.222,96.814,1.28,"[0.64, 0.64]","[""2026-07-20"", ""2026-07-27""]",Poor,0,,10,17-07-2026 15:11
RUFIARP4,28,4,LastNonZero,80,123.252,2.56,"[0.64, 0.64, 0.64, 0.64]","[""2026-07-20"", ""2026-07-27"", ""2026-08-03"", ""2026-08-10""]",Unreliable,0,,10,17-07-2026 15:11
RUFIARP4,56,8,HistGradientBoostingRegressor,87.363,129.497,1.12714612,"[0.13463101240678482, 0.13463101240678482, 0.13463101240678482, 0.28596984282286664, 0.22740852860346916, 0.06738318334379681, 0.06738318334379681, 0.07510834446622108]","[""2026-07-20"", ""2026-07-27"", ""2026-08-03"", ""2026-08-10"", ""2026-08-17"", ""2026-08-24"", ""2026-08-31"", ""2026-09-07""]",Unreliable,0,,10,17-07-2026 15:11
RUFIARP4,91,13,HuberRegressor,99.901,121.481,0.024988085,"[0.00370580656128874, 0.004144541504046694, 0.007186321800255994, 0.0038049556350667393, 0.0006979188346491628, 0.0005747925085446328, 0.0004773197490221485, 0.0, 0.0, 0.0, 0.0, 0.0005433885409576369, 0.003853039988001781]","[""2026-07-20"", ""2026-07-27"", ""2026-08-03"", ""2026-08-10"", ""2026-08-17"", ""2026-08-24"", ""2026-08-31"", ""2026-09-07"", ""2026-09-14"", ""2026-09-21"", ""2026-09-28"", ""2026-10-05"", ""2026-10-12""]",Unreliable,0,,10,17-07-2026 15:11
RUFIAMIX4,7,1,TwoStage_Logistic_Huber,21.155,20.963,0.56610025,[0.5661002502676883],"[""2026-07-20""]",Good,0,,10,17-07-2026 15:11
RUFIAMIX4,14,2,SBA_alpha_01,42.289,46.224,1.211725529,"[0.6058627646378557, 0.6058627646378557]","[""2026-07-20"", ""2026-07-27""]",Fair,0,,10,17-07-2026 15:11
RUFIAMIX4,28,4,SBA_alpha_01,61.397,76.238,2.423451059,"[0.6058627646378557, 0.6058627646378557, 0.6058627646378557, 0.6058627646378557]","[""2026-07-20"", ""2026-07-27"", ""2026-08-03"", ""2026-08-10""]",Poor,0,,10,17-07-2026 15:11
RUFIAMIX4,56,8,MovingAverage_8,66.46,82.79,5.192,"[0.649, 0.649, 0.649, 0.649, 0.649, 0.649, 0.649, 0.649]","[""2026-07-20"", ""2026-07-27"", ""2026-08-03"", ""2026-08-10"", ""2026-08-17"", ""2026-08-24"", ""2026-08-31"", ""2026-09-07""]",Poor,0,,10,17-07-2026 15:11
RUFIAMIX4,91,13,SBA_alpha_02,79.021,91.605,5.535462082,"[0.42580477551546453, 0.42580477551546453, 0.42580477551546453, 0.42580477551546453, 0.42580477551546453, 0.42580477551546453, 0.42580477551546453, 0.42580477551546453, 0.42580477551546453, 0.42580477551546453, 0.42580477551546453, 0.42580477551546453, 0.42580477551546453]","[""2026-07-20"", ""2026-07-27"", ""2026-08-03"", ""2026-08-10"", ""2026-08-17"", ""2026-08-24"", ""2026-08-31"", ""2026-09-07"", ""2026-09-14"", ""2026-09-21"", ""2026-09-28"", ""2026-10-05"", ""2026-10-12""]",Unreliable,0,,10,17-07-2026 15:11
RUFIAMIX20,7,1,arima,66.097,94.11,13.58063096,[13.580630957140965],"[""2026-07-20""]",Poor,0,,10,17-07-2026 15:11
RUFIAMIX20,14,2,sarima,77.529,110.865,24.07727661,"[11.728447641683434, 12.348828970553319]","[""2026-07-20"", ""2026-07-27""]",Unreliable,0,,10,17-07-2026 15:11
RUFIAMIX20,28,4,CrostonStyle,80.327,101.678,33.48306503,"[8.370766258422876, 8.370766258422876, 8.370766258422876, 8.370766258422876]","[""2026-07-20"", ""2026-07-27"", ""2026-08-03"", ""2026-08-10""]",Unreliable,0,,10,17-07-2026 15:11
RUFIAMIX20,56,8,ADIDA_8,66.909,82.328,112.7262549,"[14.090781858062462, 14.090781858062462, 14.090781858062462, 14.090781858062462, 14.090781858062462, 14.090781858062462, 14.090781858062462, 14.090781858062462]","[""2026-07-20"", ""2026-07-27"", ""2026-08-03"", ""2026-08-10"", ""2026-08-17"", ""2026-08-24"", ""2026-08-31"", ""2026-09-07""]",Poor,0,,10,17-07-2026 15:11
RUFIAMIX20,91,13,TSB_01_01,65.308,74.795,184.5468603,"[14.195912331328138, 14.195912331328138, 14.195912331328138, 14.195912331328138, 14.195912331328138, 14.195912331328138, 14.195912331328138, 14.195912331328138, 14.195912331328138, 14.195912331328138, 14.195912331328138, 14.195912331328138, 14.195912331328138]","[""2026-07-20"", ""2026-07-27"", ""2026-08-03"", ""2026-08-10"", ""2026-08-17"", ""2026-08-24"", ""2026-08-31"", ""2026-09-07"", ""2026-09-14"", ""2026-09-21"", ""2026-09-28"", ""2026-10-05"", ""2026-10-12""]",Poor,0,,10,17-07-2026 15:11
RUFIAJR20,7,1,arima,81.676,124.296,17.79273841,[17.792738414965324],"[""2026-07-20""]",Unreliable,0,,10,17-07-2026 15:11
RUFIAJR20,14,2,sarima,82.728,129.158,45.8612242,"[23.15160096126709, 22.709623239935787]","[""2026-07-20"", ""2026-07-27""]",Unreliable,0,,10,17-07-2026 15:11
RUFIAJR20,28,4,SBA_alpha_01,89.983,115.181,44.50974082,"[11.127435203776646, 11.127435203776646, 11.127435203776646, 11.127435203776646]","[""2026-07-20"", ""2026-07-27"", ""2026-08-03"", ""2026-08-10""]",Unreliable,0,,10,17-07-2026 15:11
RUFIAJR20,56,8,ADIDAStyle_4,76.003,88.891,144.80712,"[18.10089, 18.10089, 18.10089, 18.10089, 18.10089, 18.10089, 18.10089, 18.10089]","[""2026-07-20"", ""2026-07-27"", ""2026-08-03"", ""2026-08-10"", ""2026-08-17"", ""2026-08-24"", ""2026-08-31"", ""2026-09-07""]",Unreliable,0,,10,17-07-2026 15:11
RUFIAJR20,91,13,MovingAverage_8,75.421,85.31,336.18,"[25.86, 25.86, 25.86, 25.86, 25.86, 25.86, 25.86, 25.86, 25.86, 25.86, 25.86, 25.86, 25.86]","[""2026-07-20"", ""2026-07-27"", ""2026-08-03"", ""2026-08-10"", ""2026-08-17"", ""2026-08-24"", ""2026-08-31"", ""2026-09-07"", ""2026-09-14"", ""2026-09-21"", ""2026-09-28"", ""2026-10-05"", ""2026-10-12""]",Unreliable,0,,10,17-07-2026 15:11
SHFRANGO100,7,1,SBA_alpha_02,48.724,46.859,0.002053454,[0.002053453511522001],"[""2026-07-20""]",Fair,0,,10,17-07-2026 15:11
SHFRANGO100,14,2,sarima,97.622,27.655,0,"[0.0, 0.0]","[""2026-07-20"", ""2026-07-27""]",Unreliable,0,,10,17-07-2026 15:11
SHFRANGO100,28,4,sarima,79.39,3.578,0.010828033,"[0.0, 0.0, 0.0, 0.01082803293435945]","[""2026-07-20"", ""2026-07-27"", ""2026-08-03"", ""2026-08-10""]",Unreliable,0,,10,17-07-2026 15:11
SHFRANGO100,56,8,NaiveLastValue,100,5.348,0,"[0.0, 0.0, 0.0, 0.0, 0.0, 0.0, 0.0, 0.0]","[""2026-07-20"", ""2026-07-27"", ""2026-08-03"", ""2026-08-10"", ""2026-08-17"", ""2026-08-24"", ""2026-08-31"", ""2026-09-07""]",Unreliable,0,,10,17-07-2026 15:11
SHFRANGO100,91,13,NaiveLastValue,100,3.291,0,"[0.0, 0.0, 0.0, 0.0, 0.0, 0.0, 0.0, 0.0, 0.0, 0.0, 0.0, 0.0, 0.0]","[""2026-07-20"", ""2026-07-27"", ""2026-08-03"", ""2026-08-10"", ""2026-08-17"", ""2026-08-24"", ""2026-08-31"", ""2026-09-07"", ""2026-09-14"", ""2026-09-21"", ""2026-09-28"", ""2026-10-05"", ""2026-10-12""]",Unreliable,0,,10,17-07-2026 15:11
SHBORREGO100,7,1,TwoStage_RF_RF,31.803,27.661,0.005637661,[0.005637660580718189],"[""2026-07-20""]",Good,0,,10,17-07-2026 15:11
SHBORREGO100,14,2,Ridge,38.136,48.488,0,"[0.0, 0.0]","[""2026-07-20"", ""2026-07-27""]",Fair,0,,10,17-07-2026 15:11
SHBORREGO100,28,4,TwoStage_RF_RF,57.144,56.203,0.022469353,"[0.005637660580718189, 0.005668011698686137, 0.006309501787718144, 0.004854178462905799]","[""2026-07-20"", ""2026-07-27"", ""2026-08-03"", ""2026-08-10""]",Poor,0,,10,17-07-2026 15:11
SHBORREGO100,56,8,TwoStage_ET_ET,81.532,80.099,0.052723073,"[0.006563154403580622, 0.005763981163072983, 0.006236323898456695, 0.007274541934830302, 0.006468640990126577, 0.006882849259248701, 0.006678962997194, 0.006854617941773367]","[""2026-07-20"", ""2026-07-27"", ""2026-08-03"", ""2026-08-10"", ""2026-08-17"", ""2026-08-24"", ""2026-08-31"", ""2026-09-07""]",Unreliable,0,,10,17-07-2026 15:11
SHBORREGO100,91,13,NaiveLastValue,100,47.579,0,"[0.0, 0.0, 0.0, 0.0, 0.0, 0.0, 0.0, 0.0, 0.0, 0.0, 0.0, 0.0, 0.0]","[""2026-07-20"", ""2026-07-27"", ""2026-08-03"", ""2026-08-10"", ""2026-08-17"", ""2026-08-24"", ""2026-08-31"", ""2026-09-07"", ""2026-09-14"", ""2026-09-21"", ""2026-09-28"", ""2026-10-05"", ""2026-10-12""]",Unreliable,0,,10,17-07-2026 15:11
RUFIAJR4,7,1,CrostonStyle_alpha_02,52.32,49.043,1.160102397,[1.1601023965825707],"[""2026-07-20""]",Fair,0,,10,17-07-2026 15:11
RUFIAJR4,14,2,SBA_alpha_01,65.506,69.035,2.45185949,"[1.225929745060427, 1.225929745060427]","[""2026-07-20"", ""2026-07-27""]",Poor,0,,10,17-07-2026 15:11
RUFIAJR4,28,4,HistGradientBoostingRegressor,53.673,58.816,6.483473807,"[1.7497693161168852, 1.330996458197625, 2.4693489072822326, 0.9333591255757134]","[""2026-07-20"", ""2026-07-27"", ""2026-08-03"", ""2026-08-10""]",Fair,0,,10,17-07-2026 15:11
RUFIAJR4,56,8,TwoStage_ET_ET,51.316,57.69,20.16761241,"[2.629284338805856, 2.3706373598688564, 2.7901672991909954, 2.331343336450829, 2.523759288120865, 2.5262280629520655, 2.557533504293418, 2.438659219201544]","[""2026-07-20"", ""2026-07-27"", ""2026-08-03"", ""2026-08-10"", ""2026-08-17"", ""2026-08-24"", ""2026-08-31"", ""2026-09-07""]",Fair,0,,10,17-07-2026 15:11
RUFIAJR4,91,13,ADIDAStyle_4,61.495,68.499,25.078066,"[1.9290820000000002, 1.9290820000000002, 1.9290820000000002, 1.9290820000000002, 1.9290820000000002, 1.9290820000000002, 1.9290820000000002, 1.9290820000000002, 1.9290820000000002, 1.9290820000000002, 1.9290820000000002, 1.9290820000000002, 1.9290820000000002]","[""2026-07-20"", ""2026-07-27"", ""2026-08-03"", ""2026-08-10"", ""2026-08-17"", ""2026-08-24"", ""2026-08-31"", ""2026-09-07"", ""2026-09-14"", ""2026-09-21"", ""2026-09-28"", ""2026-10-05"", ""2026-10-12""]",Poor,0,,10,17-07-2026 15:11
SHGATOFRANGO50,7,1,Ridge,66.225,61.491,0.002795615,[0.0027956150792280646],"[""2026-07-20""]",Poor,0,,10,17-07-2026 15:11
SHGATOFRANGO50,14,2,SeasonalNaive_52,97.059,64.784,0,"[0.0, 0.0]","[""2026-07-20"", ""2026-07-27""]",Unreliable,0,,10,17-07-2026 15:11
SHGATOFRANGO50,28,4,ZeroForecast,100,30.543,0,"[0.0, 0.0, 0.0, 0.0]","[""2026-07-20"", ""2026-07-27"", ""2026-08-03"", ""2026-08-10""]",Unreliable,0,,10,17-07-2026 15:11
SHGATOFRANGO50,56,8,NaiveLastValue,100,17.647,0,"[0.0, 0.0, 0.0, 0.0, 0.0, 0.0, 0.0, 0.0]","[""2026-07-20"", ""2026-07-27"", ""2026-08-03"", ""2026-08-10"", ""2026-08-17"", ""2026-08-24"", ""2026-08-31"", ""2026-09-07""]",Unreliable,0,,10,17-07-2026 15:11
SHGATOFRANGO50,91,13,NaiveLastValue,100,10.86,0,"[0.0, 0.0, 0.0, 0.0, 0.0, 0.0, 0.0, 0.0, 0.0, 0.0, 0.0, 0.0, 0.0]","[""2026-07-20"", ""2026-07-27"", ""2026-08-03"", ""2026-08-10"", ""2026-08-17"", ""2026-08-24"", ""2026-08-31"", ""2026-09-07"", ""2026-09-14"", ""2026-09-21"", ""2026-09-28"", ""2026-10-05"", ""2026-10-12""]",Unreliable,0,,10,17-07-2026 15:11
SHGATOSALMAOATUM50,7,1,GradientBoostingRegressor,89.998,60.118,0.000456782,[0.00045678174769719286],"[""2026-07-20""]",Unreliable,0,,10,17-07-2026 15:11
SHGATOSALMAOATUM50,14,2,SES,100,45.383,0.002124256,"[0.0010621282332943568, 0.0010621282332943568]","[""2026-07-20"", ""2026-07-27""]",Unreliable,0,,10,17-07-2026 15:11
SHGATOSALMAOATUM50,28,4,GradientBoostingRegressor,96.811,37.54,0.004587265,"[0.00045678174769719286, 0.0, 0.0017947120397353964, 0.002335770977111825]","[""2026-07-20"", ""2026-07-27"", ""2026-08-03"", ""2026-08-10""]",Unreliable,0,,10,17-07-2026 15:11
SHGATOSALMAOATUM50,56,8,NaiveLastValue,100,14.047,0,"[0.0, 0.0, 0.0, 0.0, 0.0, 0.0, 0.0, 0.0]","[""2026-07-20"", ""2026-07-27"", ""2026-08-03"", ""2026-08-10"", ""2026-08-17"", ""2026-08-24"", ""2026-08-31"", ""2026-09-07""]",Unreliable,0,,10,17-07-2026 15:11
SHGATOSALMAOATUM50,91,13,NaiveLastValue,100,10.774,0,"[0.0, 0.0, 0.0, 0.0, 0.0, 0.0, 0.0, 0.0, 0.0, 0.0, 0.0, 0.0, 0.0]","[""2026-07-20"", ""2026-07-27"", ""2026-08-03"", ""2026-08-10"", ""2026-08-17"", ""2026-08-24"", ""2026-08-31"", ""2026-09-07"", ""2026-09-14"", ""2026-09-21"", ""2026-09-28"", ""2026-10-05"", ""2026-10-12""]",Unreliable,0,,10,17-07-2026 15:11
SHGATOSARDINHA50,7,1,MovingAverage_4,80.328,73.372,0.0066,[0.0066],"[""2026-07-20""]",Unreliable,0,,10,17-07-2026 15:11
SHGATOSARDINHA50,14,2,SBA_alpha_01,91.69,82.622,0.003057057,"[0.0015285285158179523, 0.0015285285158179523]","[""2026-07-20"", ""2026-07-27""]",Unreliable,0,,10,17-07-2026 15:11
SHGATOSARDINHA50,28,4,HistGradientBoostingRegressor,90.552,94.214,0.01665986,"[0.009388218407838487, 0.002358396573325184, 0.00298974170641957, 0.0019235029727994383]","[""2026-07-20"", ""2026-07-27"", ""2026-08-03"", ""2026-08-10""]",Unreliable,0,,10,17-07-2026 15:11
SHGATOSARDINHA50,56,8,TwoStage_Logistic_Huber,92.78,60.64,0.022364211,"[0.0055646359499241585, 0.002190124353805307, 0.0, 0.0009331932759328155, 0.0034968399426126475, 0.004582826793695565, 0.0032639382602555264, 0.0023326528408327794]","[""2026-07-20"", ""2026-07-27"", ""2026-08-03"", ""2026-08-10"", ""2026-08-17"", ""2026-08-24"", ""2026-08-31"", ""2026-09-07""]",Unreliable,0,,10,17-07-2026 15:11
SHGATOSARDINHA50,91,13,NaiveLastValue,100,31.147,0,"[0.0, 0.0, 0.0, 0.0, 0.0, 0.0, 0.0, 0.0, 0.0, 0.0, 0.0, 0.0, 0.0]","[""2026-07-20"", ""2026-07-27"", ""2026-08-03"", ""2026-08-10"", ""2026-08-17"", ""2026-08-24"", ""2026-08-31"", ""2026-09-07"", ""2026-09-14"", ""2026-09-21"", ""2026-09-28"", ""2026-10-05"", ""2026-10-12""]",Unreliable,0,,10,17-07-2026 15:11
SHMEDADULTOBOVA190,7,1,SeasonalNaive_52,55.764,137.623,0.00684,[0.00684],"[""2026-07-20""]",Poor,0,,10,17-07-2026 15:11
SHMEDADULTOBOVA190,14,2,SeasonalNaive_52,48.942,55.789,0.00912,"[0.00684, 0.00228]","[""2026-07-20"", ""2026-07-27""]",Fair,0,,10,17-07-2026 15:11
SHMEDADULTOBOVA190,28,4,SeasonalNaive_52,90.086,61.428,0.03648,"[0.00684, 0.00228, 0.0, 0.027360000000000002]","[""2026-07-20"", ""2026-07-27"", ""2026-08-03"", ""2026-08-10""]",Unreliable,0,,10,17-07-2026 15:11
SHMEDADULTOBOVA190,56,8,SeasonalNaive_52,97.827,85.357,0.04332,"[0.00684, 0.00228, 0.0, 0.027360000000000002, 0.0, 0.0, 0.006840000000000001, 0.0]","[""2026-07-20"", ""2026-07-27"", ""2026-08-03"", ""2026-08-10"", ""2026-08-17"", ""2026-08-24"", ""2026-08-31"", ""2026-09-07""]",Unreliable,0,,10,17-07-2026 15:11
SHMEDADULTOBOVA190,91,13,ZeroForecast,100,53.205,0,"[0.0, 0.0, 0.0, 0.0, 0.0, 0.0, 0.0, 0.0, 0.0, 0.0, 0.0, 0.0, 0.0]","[""2026-07-20"", ""2026-07-27"", ""2026-08-03"", ""2026-08-10"", ""2026-08-17"", ""2026-08-24"", ""2026-08-31"", ""2026-09-07"", ""2026-09-14"", ""2026-09-21"", ""2026-09-28"", ""2026-10-05"", ""2026-10-12""]",Unreliable,0,,10,17-07-2026 15:11
SHMEDADULTOFRPE190,7,1,TwoStage_ET_ET,87.552,106.745,0.004983759,[0.004983759380869371],"[""2026-07-20""]",Unreliable,0,,10,17-07-2026 15:11
SHMEDADULTOFRPE190,14,2,TwoStage_ET_ET,99.275,145.482,0.010189836,"[0.004983759380869371, 0.005206076803658595]","[""2026-07-20"", ""2026-07-27""]",Unreliable,0,,10,17-07-2026 15:11
SHMEDADULTOFRPE190,28,4,ZeroForecast,100,55.755,0,"[0.0, 0.0, 0.0, 0.0]","[""2026-07-20"", ""2026-07-27"", ""2026-08-03"", ""2026-08-10""]",Unreliable,0,,10,17-07-2026 15:11
SHMEDADULTOFRPE190,56,8,ZeroForecast,100,44.024,0,"[0.0, 0.0, 0.0, 0.0, 0.0, 0.0, 0.0, 0.0]","[""2026-07-20"", ""2026-07-27"", ""2026-08-03"", ""2026-08-10"", ""2026-08-17"", ""2026-08-24"", ""2026-08-31"", ""2026-09-07""]",Unreliable,0,,10,17-07-2026 15:11
SHMEDADULTOFRPE190,91,13,ZeroForecast,100,58.433,0,"[0.0, 0.0, 0.0, 0.0, 0.0, 0.0, 0.0, 0.0, 0.0, 0.0, 0.0, 0.0, 0.0]","[""2026-07-20"", ""2026-07-27"", ""2026-08-03"", ""2026-08-10"", ""2026-08-17"", ""2026-08-24"", ""2026-08-31"", ""2026-09-07"", ""2026-09-14"", ""2026-09-21"", ""2026-09-28"", ""2026-10-05"", ""2026-10-12""]",Unreliable,0,,10,17-07-2026 15:11
SHPREMIUMBORREGO100,7,1,arima,41.472,45.695,0.024741585,[0.02474158508182268],"[""2026-07-20""]",Fair,0,,10,17-07-2026 15:11
SHPREMIUMBORREGO100,14,2,HistGradientBoostingRegressor,32.911,61.409,0.049565297,"[0.0, 0.04956529695846699]","[""2026-07-20"", ""2026-07-27""]",Good,0,,10,17-07-2026 15:11
SHPREMIUMBORREGO100,28,4,HistGradientBoostingRegressor,57.745,71.777,0.137652093,"[0.0, 0.04956529695846699, 0.04983752367141913, 0.038249272518051394]","[""2026-07-20"", ""2026-07-27"", ""2026-08-03"", ""2026-08-10""]",Poor,0,,10,17-07-2026 15:11
SHPREMIUMBORREGO100,56,8,TwoStage_Logistic_Huber,97.288,101.293,0.006191626,"[0.0, 0.0, 0.0002865703519790821, 0.001427447715842604, 0.001311896637555669, 0.0011678011155859102, 0.001020168949812473, 0.0009777417174835817]","[""2026-07-20"", ""2026-07-27"", ""2026-08-03"", ""2026-08-10"", ""2026-08-17"", ""2026-08-24"", ""2026-08-31"", ""2026-09-07""]",Unreliable,0,,10,17-07-2026 15:11
SHPREMIUMBORREGO100,91,13,HuberRegressor,99.75,89.132,0.007726775,"[0.0, 0.0008189274083920165, 0.0022475019463250256, 0.0007323857737702747, 0.000812505801380245, 0.0008619913220322848, 0.0007725608225630687, 0.0007374488362514985, 0.0, 0.0, 0.0, 0.0, 0.0007434533470260375]","[""2026-07-20"", ""2026-07-27"", ""2026-08-03"", ""2026-08-10"", ""2026-08-17"", ""2026-08-24"", ""2026-08-31"", ""2026-09-07"", ""2026-09-14"", ""2026-09-21"", ""2026-09-28"", ""2026-10-05"", ""2026-10-12""]",Unreliable,0,,10,17-07-2026 15:11
SHJR100,7,1,RandomForestRegressor,26.779,51.653,0.000726,[0.0007260000000000001],"[""2026-07-20""]",Good,0,,10,17-07-2026 15:11
SHJR100,14,2,TSB_01_01,63.802,65.123,0.00846763,"[0.004233814948170909, 0.004233814948170909]","[""2026-07-20"", ""2026-07-27""]",Poor,0,,10,17-07-2026 15:11
SHJR100,28,4,SeasonalNaive_52,92.814,49.545,0.0084,"[0.0, 0.0, 0.0, 0.008400000000000001]","[""2026-07-20"", ""2026-07-27"", ""2026-08-03"", ""2026-08-10""]",Unreliable,0,,10,17-07-2026 15:11
SHJR100,56,8,ZeroForecast,100,28.415,0,"[0.0, 0.0, 0.0, 0.0, 0.0, 0.0, 0.0, 0.0]","[""2026-07-20"", ""2026-07-27"", ""2026-08-03"", ""2026-08-10"", ""2026-08-17"", ""2026-08-24"", ""2026-08-31"", ""2026-09-07""]",Unreliable,0,,10,17-07-2026 15:11
SHJR100,91,13,ZeroForecast,100,17.486,0,"[0.0, 0.0, 0.0, 0.0, 0.0, 0.0, 0.0, 0.0, 0.0, 0.0, 0.0, 0.0, 0.0]","[""2026-07-20"", ""2026-07-27"", ""2026-08-03"", ""2026-08-10"", ""2026-08-17"", ""2026-08-24"", ""2026-08-31"", ""2026-09-07"", ""2026-09-14"", ""2026-09-21"", ""2026-09-28"", ""2026-10-05"", ""2026-10-12""]",Unreliable,0,,10,17-07-2026 15:11
SHPREMIUMFRANGO100,7,1,TwoStage_RF_RF,43.304,51.238,0.0146289,[0.014628899823016621],"[""2026-07-20""]",Fair,0,,10,17-07-2026 15:11
SHPREMIUMFRANGO100,14,2,RandomForestRegressor,66.34,91.075,0.060048,"[0.032358000000000026, 0.02769000000000001]","[""2026-07-20"", ""2026-07-27""]",Poor,0,,10,17-07-2026 15:11
SHPREMIUMFRANGO100,28,4,HistGradientBoostingRegressor,84.659,119.396,0.013649111,"[0.002303373969530281, 0.002368859475910201, 0.007593683120541977, 0.0013831945134180146]","[""2026-07-20"", ""2026-07-27"", ""2026-08-03"", ""2026-08-10""]",Unreliable,0,,10,17-07-2026 15:11
SHPREMIUMFRANGO100,56,8,SeasonalNaive_52,87.767,100.45,0.0396,"[0.0012000000000000001, 0.0, 0.0, 0.0024000000000000002, 0.012, 0.012, 0.012, 0.0]","[""2026-07-20"", ""2026-07-27"", ""2026-08-03"", ""2026-08-10"", ""2026-08-17"", ""2026-08-24"", ""2026-08-31"", ""2026-09-07""]",Unreliable,0,,10,17-07-2026 15:11
SHPREMIUMFRANGO100,91,13,SeasonalNaive_52,84.818,96.951,0.0396,"[0.0012000000000000001, 0.0, 0.0, 0.0024000000000000002, 0.012, 0.012, 0.012, 0.0, 0.0, 0.0, 0.0, 0.0, 0.0]","[""2026-07-20"", ""2026-07-27"", ""2026-08-03"", ""2026-08-10"", ""2026-08-17"", ""2026-08-24"", ""2026-08-31"", ""2026-09-07"", ""2026-09-14"", ""2026-09-21"", ""2026-09-28"", ""2026-10-05"", ""2026-10-12""]",Unreliable,0,,10,17-07-2026 15:11
SHMEDADULTOSARDINHA190,7,1,SeasonalNaive_52,65.866,129.903,0.01368,[0.01368],"[""2026-07-20""]",Poor,0,,10,17-07-2026 15:11
SHMEDADULTOSARDINHA190,14,2,sarima,86.893,76.185,0,"[0.0, 0.0]","[""2026-07-20"", ""2026-07-27""]",Unreliable,0,,10,17-07-2026 15:11
SHMEDADULTOSARDINHA190,28,4,NaiveLastValue,100,47.256,0,"[0.0, 0.0, 0.0, 0.0]","[""2026-07-20"", ""2026-07-27"", ""2026-08-03"", ""2026-08-10""]",Unreliable,0,,10,17-07-2026 15:11
SHMEDADULTOSARDINHA190,56,8,ZeroForecast,100,23.628,0,"[0.0, 0.0, 0.0, 0.0, 0.0, 0.0, 0.0, 0.0]","[""2026-07-20"", ""2026-07-27"", ""2026-08-03"", ""2026-08-10"", ""2026-08-17"", ""2026-08-24"", ""2026-08-31"", ""2026-09-07""]",Unreliable,0,,10,17-07-2026 15:11
SHMEDADULTOSARDINHA190,91,13,ZeroForecast,100,39.466,0,"[0.0, 0.0, 0.0, 0.0, 0.0, 0.0, 0.0, 0.0, 0.0, 0.0, 0.0, 0.0, 0.0]","[""2026-07-20"", ""2026-07-27"", ""2026-08-03"", ""2026-08-10"", ""2026-08-17"", ""2026-08-24"", ""2026-08-31"", ""2026-09-07"", ""2026-09-14"", ""2026-09-21"", ""2026-09-28"", ""2026-10-05"", ""2026-10-12""]",Unreliable,0,,10,17-07-2026 15:11
SINGAGATO20,7,1,TSB_01_01,6.541,6.333,0.016987647,[0.01698764673691989],"[""2026-07-20""]",Excellent,0,,10,17-07-2026 15:11
SINGAGATO20,14,2,NaiveLastValue,100,99.979,0,"[0.0, 0.0]","[""2026-07-20"", ""2026-07-27""]",Unreliable,0,,10,17-07-2026 15:11
SINGAGATO20,28,4,NaiveLastValue,100,49.989,0,"[0.0, 0.0, 0.0, 0.0]","[""2026-07-20"", ""2026-07-27"", ""2026-08-03"", ""2026-08-10""]",Unreliable,0,,10,17-07-2026 15:11
SINGAGATO20,56,8,NaiveLastValue,100,24.995,0,"[0.0, 0.0, 0.0, 0.0, 0.0, 0.0, 0.0, 0.0]","[""2026-07-20"", ""2026-07-27"", ""2026-08-03"", ""2026-08-10"", ""2026-08-17"", ""2026-08-24"", ""2026-08-31"", ""2026-09-07""]",Unreliable,0,,10,17-07-2026 15:11
SINGAGATO20,91,13,NaiveLastValue,100,15.381,0,"[0.0, 0.0, 0.0, 0.0, 0.0, 0.0, 0.0, 0.0, 0.0, 0.0, 0.0, 0.0, 0.0]","[""2026-07-20"", ""2026-07-27"", ""2026-08-03"", ""2026-08-10"", ""2026-08-17"", ""2026-08-24"", ""2026-08-31"", ""2026-09-07"", ""2026-09-14"", ""2026-09-21"", ""2026-09-28"", ""2026-10-05"", ""2026-10-12""]",Unreliable,0,,10,17-07-2026 15:11
SHPREMIUMGATOFRANGO50,7,1,sarima,73.147,86.639,3.25E-18,[3.2454007523451253e-18],"[""2026-07-20""]",Poor,0,,10,17-07-2026 15:11
SHPREMIUMGATOFRANGO50,14,2,NaiveLastValue,100,64.646,0,"[0.0, 0.0]","[""2026-07-20"", ""2026-07-27""]",Unreliable,0,,10,17-07-2026 15:11
SHPREMIUMGATOFRANGO50,28,4,NaiveLastValue,100,40.401,0,"[0.0, 0.0, 0.0, 0.0]","[""2026-07-20"", ""2026-07-27"", ""2026-08-03"", ""2026-08-10""]",Unreliable,0,,10,17-07-2026 15:11
SHPREMIUMGATOFRANGO50,56,8,NaiveLastValue,100,20.2,0,"[0.0, 0.0, 0.0, 0.0, 0.0, 0.0, 0.0, 0.0]","[""2026-07-20"", ""2026-07-27"", ""2026-08-03"", ""2026-08-10"", ""2026-08-17"", ""2026-08-24"", ""2026-08-31"", ""2026-09-07""]",Unreliable,0,,10,17-07-2026 15:11
SHPREMIUMGATOFRANGO50,91,13,NaiveLastValue,100,12.431,0,"[0.0, 0.0, 0.0, 0.0, 0.0, 0.0, 0.0, 0.0, 0.0, 0.0, 0.0, 0.0, 0.0]","[""2026-07-20"", ""2026-07-27"", ""2026-08-03"", ""2026-08-10"", ""2026-08-17"", ""2026-08-24"", ""2026-08-31"", ""2026-09-07"", ""2026-09-14"", ""2026-09-21"", ""2026-09-28"", ""2026-10-05"", ""2026-10-12""]",Unreliable,0,,10,17-07-2026 15:11
SHPREMIUMGATOSALMAOATUM50,7,1,ETS,75.903,111.573,0.016021336,[0.01602133579836655],"[""2026-07-20""]",Unreliable,0,,10,17-07-2026 15:11
SHPREMIUMGATOSALMAOATUM50,14,2,HistGradientBoostingRegressor,87.374,132.711,0.015127071,"[0.011661211732083735, 0.0034658593763911686]","[""2026-07-20"", ""2026-07-27""]",Unreliable,0,,10,17-07-2026 15:11
SHPREMIUMGATOSALMAOATUM50,28,4,TwoStage_Logistic_Huber,97.128,141.46,0.011772031,"[0.0021345570097272056, 0.00345907653001969, 0.003372246991574428, 0.0028061504483318594]","[""2026-07-20"", ""2026-07-27"", ""2026-08-03"", ""2026-08-10""]",Unreliable,0,,10,17-07-2026 15:11
SHPREMIUMGATOSALMAOATUM50,56,8,ZeroForecast,100,57.487,0,"[0.0, 0.0, 0.0, 0.0, 0.0, 0.0, 0.0, 0.0]","[""2026-07-20"", ""2026-07-27"", ""2026-08-03"", ""2026-08-10"", ""2026-08-17"", ""2026-08-24"", ""2026-08-31"", ""2026-09-07""]",Unreliable,0,,10,17-07-2026 15:11
SHPREMIUMGATOSALMAOATUM50,91,13,ZeroForecast,100,59.715,0,"[0.0, 0.0, 0.0, 0.0, 0.0, 0.0, 0.0, 0.0, 0.0, 0.0, 0.0, 0.0, 0.0]","[""2026-07-20"", ""2026-07-27"", ""2026-08-03"", ""2026-08-10"", ""2026-08-17"", ""2026-08-24"", ""2026-08-31"", ""2026-09-07"", ""2026-09-14"", ""2026-09-21"", ""2026-09-28"", ""2026-10-05"", ""2026-10-12""]",Unreliable,0,,10,17-07-2026 15:11
SUMICOOPADULTO20,7,1,ExtraTreesRegressor,0,0,0,[0.0],"[""2026-07-20""]",Excellent,1,NaiveLastValue,10,17-07-2026 15:11
SUMICOOPADULTO20,14,2,ExtraTreesRegressor,0,0,0,"[0.0, 0.0]","[""2026-07-20"", ""2026-07-27""]",Excellent,1,NaiveLastValue,10,17-07-2026 15:11
SUMICOOPADULTO20,28,4,RandomForestRegressor,0,0,0,"[0.0, 0.0, 0.0, 0.0]","[""2026-07-20"", ""2026-07-27"", ""2026-08-03"", ""2026-08-10""]",Excellent,1,NaiveLastValue,10,17-07-2026 15:11
SUMICOOPADULTO20,56,8,RandomForestRegressor,0,0,0,"[0.0, 0.0, 0.0, 0.0, 0.0, 0.0, 0.0, 0.0]","[""2026-07-20"", ""2026-07-27"", ""2026-08-03"", ""2026-08-10"", ""2026-08-17"", ""2026-08-24"", ""2026-08-31"", ""2026-09-07""]",Excellent,1,NaiveLastValue,10,17-07-2026 15:11
SUMICOOPADULTO20,91,13,RandomForestRegressor,0,0,0,"[0.0, 0.0, 0.0, 0.0, 0.0, 0.0, 0.0, 0.0, 0.0, 0.0, 0.0, 0.0, 0.0]","[""2026-07-20"", ""2026-07-27"", ""2026-08-03"", ""2026-08-10"", ""2026-08-17"", ""2026-08-24"", ""2026-08-31"", ""2026-09-07"", ""2026-09-14"", ""2026-09-21"", ""2026-09-28"", ""2026-10-05"", ""2026-10-12""]",Excellent,1,NaiveLastValue,10,17-07-2026 15:11
SUMICOOPAE20,7,1,ExtraTreesRegressor,0,0,0,[0.0],"[""2026-07-20""]",Excellent,1,NaiveLastValue,10,17-07-2026 15:11
SUMICOOPAE20,14,2,ExtraTreesRegressor,0,0,0,"[0.0, 0.0]","[""2026-07-20"", ""2026-07-27""]",Excellent,1,NaiveLastValue,10,17-07-2026 15:11
SUMICOOPAE20,28,4,RandomForestRegressor,0,0,0,"[0.0, 0.0, 0.0, 0.0]","[""2026-07-20"", ""2026-07-27"", ""2026-08-03"", ""2026-08-10""]",Excellent,1,NaiveLastValue,10,17-07-2026 15:11
SUMICOOPAE20,56,8,RandomForestRegressor,0,0,0,"[0.0, 0.0, 0.0, 0.0, 0.0, 0.0, 0.0, 0.0]","[""2026-07-20"", ""2026-07-27"", ""2026-08-03"", ""2026-08-10"", ""2026-08-17"", ""2026-08-24"", ""2026-08-31"", ""2026-09-07""]",Excellent,1,NaiveLastValue,10,17-07-2026 15:11
SUMICOOPAE20,91,13,RandomForestRegressor,0,0,0,"[0.0, 0.0, 0.0, 0.0, 0.0, 0.0, 0.0, 0.0, 0.0, 0.0, 0.0, 0.0, 0.0]","[""2026-07-20"", ""2026-07-27"", ""2026-08-03"", ""2026-08-10"", ""2026-08-17"", ""2026-08-24"", ""2026-08-31"", ""2026-09-07"", ""2026-09-14"", ""2026-09-21"", ""2026-09-28"", ""2026-10-05"", ""2026-10-12""]",Excellent,1,NaiveLastValue,10,17-07-2026 15:11
SUMICOOPJR20,7,1,ExtraTreesRegressor,0,0,0,[0.0],"[""2026-07-20""]",Excellent,1,NaiveLastValue,10,17-07-2026 15:11
SUMICOOPJR20,14,2,ExtraTreesRegressor,0,0,0,"[0.0, 0.0]","[""2026-07-20"", ""2026-07-27""]",Excellent,1,NaiveLastValue,10,17-07-2026 15:11
SUMICOOPJR20,28,4,RandomForestRegressor,0,0,0,"[0.0, 0.0, 0.0, 0.0]","[""2026-07-20"", ""2026-07-27"", ""2026-08-03"", ""2026-08-10""]",Excellent,1,NaiveLastValue,10,17-07-2026 15:11
SUMICOOPJR20,56,8,RandomForestRegressor,0,0,0,"[0.0, 0.0, 0.0, 0.0, 0.0, 0.0, 0.0, 0.0]","[""2026-07-20"", ""2026-07-27"", ""2026-08-03"", ""2026-08-10"", ""2026-08-17"", ""2026-08-24"", ""2026-08-31"", ""2026-09-07""]",Excellent,1,NaiveLastValue,10,17-07-2026 15:11
SUMICOOPJR20,91,13,RandomForestRegressor,0,0,0,"[0.0, 0.0, 0.0, 0.0, 0.0, 0.0, 0.0, 0.0, 0.0, 0.0, 0.0, 0.0, 0.0]","[""2026-07-20"", ""2026-07-27"", ""2026-08-03"", ""2026-08-10"", ""2026-08-17"", ""2026-08-24"", ""2026-08-31"", ""2026-09-07"", ""2026-09-14"", ""2026-09-21"", ""2026-09-28"", ""2026-10-05"", ""2026-10-12""]",Excellent,1,NaiveLastValue,10,17-07-2026 15:11
SHPREMIUMGATOSARDINHA50,7,1,SeasonalNaive_52,58,89.835,0,[0.0],"[""2026-07-20""]",Poor,0,,10,17-07-2026 15:11
SHPREMIUMGATOSARDINHA50,14,2,sarima,99.81,78.732,0,"[0.0, 0.0]","[""2026-07-20"", ""2026-07-27""]",Unreliable,0,,10,17-07-2026 15:11
SHPREMIUMGATOSARDINHA50,28,4,ZeroForecast,100,45.833,0,"[0.0, 0.0, 0.0, 0.0]","[""2026-07-20"", ""2026-07-27"", ""2026-08-03"", ""2026-08-10""]",Unreliable,0,,10,17-07-2026 15:11
SHPREMIUMGATOSARDINHA50,56,8,NaiveLastValue,100,25.224,0,"[0.0, 0.0, 0.0, 0.0, 0.0, 0.0, 0.0, 0.0]","[""2026-07-20"", ""2026-07-27"", ""2026-08-03"", ""2026-08-10"", ""2026-08-17"", ""2026-08-24"", ""2026-08-31"", ""2026-09-07""]",Unreliable,0,,10,17-07-2026 15:11
SHPREMIUMGATOSARDINHA50,91,13,ZeroForecast,100,22.446,0,"[0.0, 0.0, 0.0, 0.0, 0.0, 0.0, 0.0, 0.0, 0.0, 0.0, 0.0, 0.0, 0.0]","[""2026-07-20"", ""2026-07-27"", ""2026-08-03"", ""2026-08-10"", ""2026-08-17"", ""2026-08-24"", ""2026-08-31"", ""2026-09-07"", ""2026-09-14"", ""2026-09-21"", ""2026-09-28"", ""2026-10-05"", ""2026-10-12""]",Unreliable,0,,10,17-07-2026 15:11
SHPREMIUMJR100,7,1,SeasonalNaive_52,74.359,123.997,0,[0.0],"[""2026-07-20""]",Poor,0,,10,17-07-2026 15:11
SHPREMIUMJR100,14,2,Ridge,69.27,76.402,0.085772217,"[0.043550422907962766, 0.042221794171149726]","[""2026-07-20"", ""2026-07-27""]",Poor,0,,10,17-07-2026 15:11
SHPREMIUMJR100,28,4,ZeroForecast,100,46.29,0,"[0.0, 0.0, 0.0, 0.0]","[""2026-07-20"", ""2026-07-27"", ""2026-08-03"", ""2026-08-10""]",Unreliable,0,,10,17-07-2026 15:11
SHPREMIUMJR100,56,8,SeasonalNaive_52,76.496,50.714,0.012,"[0.0, 0.012, 0.0, 0.0, 0.0, 0.0, 0.0, 0.0]","[""2026-07-20"", ""2026-07-27"", ""2026-08-03"", ""2026-08-10"", ""2026-08-17"", ""2026-08-24"", ""2026-08-31"", ""2026-09-07""]",Unreliable,0,,10,17-07-2026 15:11
SHPREMIUMJR100,91,13,ZeroForecast,100,68.769,0,"[0.0, 0.0, 0.0, 0.0, 0.0, 0.0, 0.0, 0.0, 0.0, 0.0, 0.0, 0.0, 0.0]","[""2026-07-20"", ""2026-07-27"", ""2026-08-03"", ""2026-08-10"", ""2026-08-17"", ""2026-08-24"", ""2026-08-31"", ""2026-09-07"", ""2026-09-14"", ""2026-09-21"", ""2026-09-28"", ""2026-10-05"", ""2026-10-12""]",Unreliable,0,,10,17-07-2026 15:11
SHSA100,7,1,SBA_alpha_01,71.606,66.258,0.004115466,[0.004115465585382853],"[""2026-07-20""]",Poor,0,,10,17-07-2026 15:11
SHSA100,14,2,GradientBoostingRegressor,95.43,121.295,0,"[0.0, 0.0]","[""2026-07-20"", ""2026-07-27""]",Unreliable,0,,10,17-07-2026 15:11
SHSA100,28,4,ZeroForecast,100,55.385,0,"[0.0, 0.0, 0.0, 0.0]","[""2026-07-20"", ""2026-07-27"", ""2026-08-03"", ""2026-08-10""]",Unreliable,0,,10,17-07-2026 15:11
SHSA100,56,8,ZeroForecast,100,32.308,0,"[0.0, 0.0, 0.0, 0.0, 0.0, 0.0, 0.0, 0.0]","[""2026-07-20"", ""2026-07-27"", ""2026-08-03"", ""2026-08-10"", ""2026-08-17"", ""2026-08-24"", ""2026-08-31"", ""2026-09-07""]",Unreliable,0,,10,17-07-2026 15:11
SHSA100,91,13,NaiveLastValue,100,28.402,0,"[0.0, 0.0, 0.0, 0.0, 0.0, 0.0, 0.0, 0.0, 0.0, 0.0, 0.0, 0.0, 0.0]","[""2026-07-20"", ""2026-07-27"", ""2026-08-03"", ""2026-08-10"", ""2026-08-17"", ""2026-08-24"", ""2026-08-31"", ""2026-09-07"", ""2026-09-14"", ""2026-09-21"", ""2026-09-28"", ""2026-10-05"", ""2026-10-12""]",Unreliable,0,,10,17-07-2026 15:11
SINGAGATOMIX20,7,1,LastNonZero,29.148,27.397,25.08,[25.080000000000002],"[""2026-07-20""]",Good,0,,10,17-07-2026 15:11
SINGAGATOMIX20,14,2,arima,99.587,189.178,0.323369016,"[0.16168450783304192, 0.16168450783301674]","[""2026-07-20"", ""2026-07-27""]",Unreliable,0,,10,17-07-2026 15:11
SINGAGATOMIX20,28,4,NaiveLastValue,100,49.996,0,"[0.0, 0.0, 0.0, 0.0]","[""2026-07-20"", ""2026-07-27"", ""2026-08-03"", ""2026-08-10""]",Unreliable,0,,10,17-07-2026 15:11
SINGAGATOMIX20,56,8,NaiveLastValue,100,24.998,0,"[0.0, 0.0, 0.0, 0.0, 0.0, 0.0, 0.0, 0.0]","[""2026-07-20"", ""2026-07-27"", ""2026-08-03"", ""2026-08-10"", ""2026-08-17"", ""2026-08-24"", ""2026-08-31"", ""2026-09-07""]",Unreliable,0,,10,17-07-2026 15:11
SINGAGATOMIX20,91,13,NaiveLastValue,100,15.383,0,"[0.0, 0.0, 0.0, 0.0, 0.0, 0.0, 0.0, 0.0, 0.0, 0.0, 0.0, 0.0, 0.0]","[""2026-07-20"", ""2026-07-27"", ""2026-08-03"", ""2026-08-10"", ""2026-08-17"", ""2026-08-24"", ""2026-08-31"", ""2026-09-07"", ""2026-09-14"", ""2026-09-21"", ""2026-09-28"", ""2026-10-05"", ""2026-10-12""]",Unreliable,0,,10,17-07-2026 15:11
UNAP230818,7,1,TwoStage_RF_RF,59.521,58.689,2.513768385,[2.5137683849073746],"[""2026-07-20""]",Poor,0,,10,17-07-2026 15:11
UNAP230818,14,2,arima,97.843,119.389,4.816403968,"[2.40820198418432, 2.4082019841795623]","[""2026-07-20"", ""2026-07-27""]",Unreliable,0,,10,17-07-2026 15:11
UNAP230818,28,4,NaiveLastValue,100,49.974,0,"[0.0, 0.0, 0.0, 0.0]","[""2026-07-20"", ""2026-07-27"", ""2026-08-03"", ""2026-08-10""]",Unreliable,0,,10,17-07-2026 15:11
UNAP230818,56,8,ZeroForecast,100,44.979,0,"[0.0, 0.0, 0.0, 0.0, 0.0, 0.0, 0.0, 0.0]","[""2026-07-20"", ""2026-07-27"", ""2026-08-03"", ""2026-08-10"", ""2026-08-17"", ""2026-08-24"", ""2026-08-31"", ""2026-09-07""]",Unreliable,0,,10,17-07-2026 15:11
UNAP230818,91,13,ZeroForecast,100,46.136,0,"[0.0, 0.0, 0.0, 0.0, 0.0, 0.0, 0.0, 0.0, 0.0, 0.0, 0.0, 0.0, 0.0]","[""2026-07-20"", ""2026-07-27"", ""2026-08-03"", ""2026-08-10"", ""2026-08-17"", ""2026-08-24"", ""2026-08-31"", ""2026-09-07"", ""2026-09-14"", ""2026-09-21"", ""2026-09-28"", ""2026-10-05"", ""2026-10-12""]",Unreliable,0,,10,17-07-2026 15:11
SHPREMIUMSA100,7,1,ExtraTreesRegressor,75.207,121.002,0.013104,[0.013104000000000003],"[""2026-07-20""]",Unreliable,0,,10,17-07-2026 15:11
SHPREMIUMSA100,14,2,ZeroForecast,100,89.424,0,"[0.0, 0.0]","[""2026-07-20"", ""2026-07-27""]",Unreliable,0,,10,17-07-2026 15:11
SHPREMIUMSA100,28,4,NaiveLastValue,100,47.239,0,"[0.0, 0.0, 0.0, 0.0]","[""2026-07-20"", ""2026-07-27"", ""2026-08-03"", ""2026-08-10""]",Unreliable,0,,10,17-07-2026 15:11
SHPREMIUMSA100,56,8,NaiveLastValue,100,23.62,0,"[0.0, 0.0, 0.0, 0.0, 0.0, 0.0, 0.0, 0.0]","[""2026-07-20"", ""2026-07-27"", ""2026-08-03"", ""2026-08-10"", ""2026-08-17"", ""2026-08-24"", ""2026-08-31"", ""2026-09-07""]",Unreliable,0,,10,17-07-2026 15:11
SHPREMIUMSA100,91,13,NaiveLastValue,100,14.535,0,"[0.0, 0.0, 0.0, 0.0, 0.0, 0.0, 0.0, 0.0, 0.0, 0.0, 0.0, 0.0, 0.0]","[""2026-07-20"", ""2026-07-27"", ""2026-08-03"", ""2026-08-10"", ""2026-08-17"", ""2026-08-24"", ""2026-08-31"", ""2026-09-07"", ""2026-09-14"", ""2026-09-21"", ""2026-09-28"", ""2026-10-05"", ""2026-10-12""]",Unreliable,0,,10,17-07-2026 15:11
UNAP230820,7,1,LastNonZero,60,81.741,3.9,[3.9000000000000004],"[""2026-07-20""]",Poor,0,,10,17-07-2026 15:11
UNAP230820,14,2,RandomForestRegressor,87.333,128.131,0.9204,"[0.429, 0.49139999999999995]","[""2026-07-20"", ""2026-07-27""]",Unreliable,0,,10,17-07-2026 15:11
UNAP230820,28,4,ZeroForecast,100,89.872,0,"[0.0, 0.0, 0.0, 0.0]","[""2026-07-20"", ""2026-07-27"", ""2026-08-03"", ""2026-08-10""]",Unreliable,0,,10,17-07-2026 15:11
UNAP230820,56,8,ZeroForecast,100,49.933,0,"[0.0, 0.0, 0.0, 0.0, 0.0, 0.0, 0.0, 0.0]","[""2026-07-20"", ""2026-07-27"", ""2026-08-03"", ""2026-08-10"", ""2026-08-17"", ""2026-08-24"", ""2026-08-31"", ""2026-09-07""]",Unreliable,0,,10,17-07-2026 15:11
UNAP230820,91,13,NaiveLastValue,100,46.099,0,"[0.0, 0.0, 0.0, 0.0, 0.0, 0.0, 0.0, 0.0, 0.0, 0.0, 0.0, 0.0, 0.0]","[""2026-07-20"", ""2026-07-27"", ""2026-08-03"", ""2026-08-10"", ""2026-08-17"", ""2026-08-24"", ""2026-08-31"", ""2026-09-07"", ""2026-09-14"", ""2026-09-21"", ""2026-09-28"", ""2026-10-05"", ""2026-10-12""]",Unreliable,0,,10,17-07-2026 15:11
UNAP230821,7,1,LastNonZero,65,66.263,6.24,[6.24],"[""2026-07-20""]",Poor,0,,10,17-07-2026 15:11
UNAP230821,14,2,TwoStage_RF_Ridge,97.579,173.356,0,"[0.0, 0.0]","[""2026-07-20"", ""2026-07-27""]",Unreliable,0,,10,17-07-2026 15:11
UNAP230821,28,4,ZeroForecast,100,49.974,0,"[0.0, 0.0, 0.0, 0.0]","[""2026-07-20"", ""2026-07-27"", ""2026-08-03"", ""2026-08-10""]",Unreliable,0,,10,17-07-2026 15:11
UNAP230821,56,8,ZeroForecast,100,29.986,0,"[0.0, 0.0, 0.0, 0.0, 0.0, 0.0, 0.0, 0.0]","[""2026-07-20"", ""2026-07-27"", ""2026-08-03"", ""2026-08-10"", ""2026-08-17"", ""2026-08-24"", ""2026-08-31"", ""2026-09-07""]",Unreliable,0,,10,17-07-2026 15:11
UNAP230821,91,13,NaiveLastValue,100,30.745,0,"[0.0, 0.0, 0.0, 0.0, 0.0, 0.0, 0.0, 0.0, 0.0, 0.0, 0.0, 0.0, 0.0]","[""2026-07-20"", ""2026-07-27"", ""2026-08-03"", ""2026-08-10"", ""2026-08-17"", ""2026-08-24"", ""2026-08-31"", ""2026-09-07"", ""2026-09-14"", ""2026-09-21"", ""2026-09-28"", ""2026-10-05"", ""2026-10-12""]",Unreliable,0,,10,17-07-2026 15:11
VITAKEADULTO12,7,1,GradientBoostingRegressor,0,0,0,[0.0],"[""2026-07-20""]",Excellent,1,NaiveLastValue,10,17-07-2026 15:11
VITAKEADULTO12,14,2,GradientBoostingRegressor,0,0,0,"[0.0, 0.0]","[""2026-07-20"", ""2026-07-27""]",Excellent,1,NaiveLastValue,10,17-07-2026 15:11
VITAKEADULTO12,28,4,RandomForestRegressor,0,0,0,"[0.0, 0.0, 0.0, 0.0]","[""2026-07-20"", ""2026-07-27"", ""2026-08-03"", ""2026-08-10""]",Excellent,1,NaiveLastValue,10,17-07-2026 15:11
VITAKEADULTO12,56,8,RandomForestRegressor,0,0,0,"[0.0, 0.0, 0.0, 0.0, 0.0, 0.0, 0.0, 0.0]","[""2026-07-20"", ""2026-07-27"", ""2026-08-03"", ""2026-08-10"", ""2026-08-17"", ""2026-08-24"", ""2026-08-31"", ""2026-09-07""]",Excellent,1,NaiveLastValue,10,17-07-2026 15:11
VITAKEADULTO12,91,13,RandomForestRegressor,0,0,0,"[0.0, 0.0, 0.0, 0.0, 0.0, 0.0, 0.0, 0.0, 0.0, 0.0, 0.0, 0.0, 0.0]","[""2026-07-20"", ""2026-07-27"", ""2026-08-03"", ""2026-08-10"", ""2026-08-17"", ""2026-08-24"", ""2026-08-31"", ""2026-09-07"", ""2026-09-14"", ""2026-09-21"", ""2026-09-28"", ""2026-10-05"", ""2026-10-12""]",Excellent,1,NaiveLastValue,10,17-07-2026 15:11
VITAKERG15,7,1,ExtraTreesRegressor,0,0,0,[0.0],"[""2026-07-20""]",Excellent,1,NaiveLastValue,10,17-07-2026 15:11
VITAKERG15,14,2,ExtraTreesRegressor,0,0,0,"[0.0, 0.0]","[""2026-07-20"", ""2026-07-27""]",Excellent,1,NaiveLastValue,10,17-07-2026 15:11
VITAKERG15,28,4,ExtraTreesRegressor,0,0,0,"[0.0, 0.0, 0.0, 0.0]","[""2026-07-20"", ""2026-07-27"", ""2026-08-03"", ""2026-08-10""]",Excellent,1,NaiveLastValue,10,17-07-2026 15:11
VITAKERG15,56,8,ExtraTreesRegressor,0,0,0,"[0.0, 0.0, 0.0, 0.0, 0.0, 0.0, 0.0, 0.0]","[""2026-07-20"", ""2026-07-27"", ""2026-08-03"", ""2026-08-10"", ""2026-08-17"", ""2026-08-24"", ""2026-08-31"", ""2026-09-07""]",Excellent,1,NaiveLastValue,10,17-07-2026 15:11
VITAKERG15,91,13,ExtraTreesRegressor,0,0,0,"[0.0, 0.0, 0.0, 0.0, 0.0, 0.0, 0.0, 0.0, 0.0, 0.0, 0.0, 0.0, 0.0]","[""2026-07-20"", ""2026-07-27"", ""2026-08-03"", ""2026-08-10"", ""2026-08-17"", ""2026-08-24"", ""2026-08-31"", ""2026-09-07"", ""2026-09-14"", ""2026-09-21"", ""2026-09-28"", ""2026-10-05"", ""2026-10-12""]",Excellent,1,NaiveLastValue,10,17-07-2026 15:11
UNAP230822,7,1,TwoStage_RF_RF,42.854,56.285,0.429230298,[0.42923029790489997],"[""2026-07-20""]",Fair,1,LastNonZero,10,17-07-2026 15:11
UNAP230822,14,2,TwoStage_ET_ET,94.398,125.611,0.84677404,"[0.46362652626494577, 0.383147513323787]","[""2026-07-20"", ""2026-07-27""]",Unreliable,0,,10,17-07-2026 15:11
UNAP230822,28,4,ZeroForecast,100,59.813,0,"[0.0, 0.0, 0.0, 0.0]","[""2026-07-20"", ""2026-07-27"", ""2026-08-03"", ""2026-08-10""]",Unreliable,0,,10,17-07-2026 15:11
UNAP230822,56,8,ZeroForecast,100,34.891,0,"[0.0, 0.0, 0.0, 0.0, 0.0, 0.0, 0.0, 0.0]","[""2026-07-20"", ""2026-07-27"", ""2026-08-03"", ""2026-08-10"", ""2026-08-17"", ""2026-08-24"", ""2026-08-31"", ""2026-09-07""]",Unreliable,0,,10,17-07-2026 15:11
UNAP230822,91,13,ZeroForecast,100,21.471,0,"[0.0, 0.0, 0.0, 0.0, 0.0, 0.0, 0.0, 0.0, 0.0, 0.0, 0.0, 0.0, 0.0]","[""2026-07-20"", ""2026-07-27"", ""2026-08-03"", ""2026-08-10"", ""2026-08-17"", ""2026-08-24"", ""2026-08-31"", ""2026-09-07"", ""2026-09-14"", ""2026-09-21"", ""2026-09-28"", ""2026-10-05"", ""2026-10-12""]",Unreliable,0,,10,17-07-2026 15:11
UNAP230823,7,1,LastNonZero,50,33.304,1.28,[1.28],"[""2026-07-20""]",Fair,0,,10,17-07-2026 15:11
UNAP230823,14,2,ExtraTreesRegressor,66.667,104.954,0,"[0.0, 0.0]","[""2026-07-20"", ""2026-07-27""]",Poor,0,,10,17-07-2026 15:11
UNAP230823,28,4,ExtraTreesRegressor,93.125,146.918,0,"[0.0, 0.0, 0.0, 0.0]","[""2026-07-20"", ""2026-07-27"", ""2026-08-03"", ""2026-08-10""]",Unreliable,0,,10,17-07-2026 15:11
UNAP230823,56,8,ZeroForecast,100,44.899,0,"[0.0, 0.0, 0.0, 0.0, 0.0, 0.0, 0.0, 0.0]","[""2026-07-20"", ""2026-07-27"", ""2026-08-03"", ""2026-08-10"", ""2026-08-17"", ""2026-08-24"", ""2026-08-31"", ""2026-09-07""]",Unreliable,0,,10,17-07-2026 15:11
UNAP230823,91,13,ZeroForecast,100,27.63,0,"[0.0, 0.0, 0.0, 0.0, 0.0, 0.0, 0.0, 0.0, 0.0, 0.0, 0.0, 0.0, 0.0]","[""2026-07-20"", ""2026-07-27"", ""2026-08-03"", ""2026-08-10"", ""2026-08-17"", ""2026-08-24"", ""2026-08-31"", ""2026-09-07"", ""2026-09-14"", ""2026-09-21"", ""2026-09-28"", ""2026-10-05"", ""2026-10-12""]",Unreliable,0,,10,17-07-2026 15:11
ZIRCAOADULTO4,7,1,LastNonZero,12.563,13.402,6.4,[6.4],"[""2026-07-20""]",Excellent,0,,10,17-07-2026 15:11
ZIRCAOADULTO4,14,2,NaiveLastValue,100,99.969,0,"[0.0, 0.0]","[""2026-07-20"", ""2026-07-27""]",Unreliable,0,,10,17-07-2026 15:11
ZIRCAOADULTO4,28,4,NaiveLastValue,100,49.984,0,"[0.0, 0.0, 0.0, 0.0]","[""2026-07-20"", ""2026-07-27"", ""2026-08-03"", ""2026-08-10""]",Unreliable,0,,10,17-07-2026 15:11
ZIRCAOADULTO4,56,8,NaiveLastValue,100,24.992,0,"[0.0, 0.0, 0.0, 0.0, 0.0, 0.0, 0.0, 0.0]","[""2026-07-20"", ""2026-07-27"", ""2026-08-03"", ""2026-08-10"", ""2026-08-17"", ""2026-08-24"", ""2026-08-31"", ""2026-09-07""]",Unreliable,0,,10,17-07-2026 15:11
ZIRCAOADULTO4,91,13,NaiveLastValue,100,15.38,0,"[0.0, 0.0, 0.0, 0.0, 0.0, 0.0, 0.0, 0.0, 0.0, 0.0, 0.0, 0.0, 0.0]","[""2026-07-20"", ""2026-07-27"", ""2026-08-03"", ""2026-08-10"", ""2026-08-17"", ""2026-08-24"", ""2026-08-31"", ""2026-09-07"", ""2026-09-14"", ""2026-09-21"", ""2026-09-28"", ""2026-10-05"", ""2026-10-12""]",Unreliable,0,,10,17-07-2026 15:11
ZIRCAOADULTO18,7,1,SBA_alpha_01,35.191,52.915,3.303914777,[3.3039147768086186],"[""2026-07-20""]",Fair,0,,10,17-07-2026 15:11
ZIRCAOADULTO18,14,2,Ridge,99.789,186.695,0,"[0.0, 0.0]","[""2026-07-20"", ""2026-07-27""]",Unreliable,0,,10,17-07-2026 15:11
ZIRCAOADULTO18,28,4,NaiveLastValue,100,49.986,0,"[0.0, 0.0, 0.0, 0.0]","[""2026-07-20"", ""2026-07-27"", ""2026-08-03"", ""2026-08-10""]",Unreliable,0,,10,17-07-2026 15:11
ZIRCAOADULTO18,56,8,ZeroForecast,100,24.992,0,"[0.0, 0.0, 0.0, 0.0, 0.0, 0.0, 0.0, 0.0]","[""2026-07-20"", ""2026-07-27"", ""2026-08-03"", ""2026-08-10"", ""2026-08-17"", ""2026-08-24"", ""2026-08-31"", ""2026-09-07""]",Unreliable,0,,10,17-07-2026 15:11
ZIRCAOADULTO18,91,13,ZeroForecast,100,15.38,0,"[0.0, 0.0, 0.0, 0.0, 0.0, 0.0, 0.0, 0.0, 0.0, 0.0, 0.0, 0.0, 0.0]","[""2026-07-20"", ""2026-07-27"", ""2026-08-03"", ""2026-08-10"", ""2026-08-17"", ""2026-08-24"", ""2026-08-31"", ""2026-09-07"", ""2026-09-14"", ""2026-09-21"", ""2026-09-28"", ""2026-10-05"", ""2026-10-12""]",Unreliable,0,,10,17-07-2026 15:11
UNAP230825,7,1,LastNonZero,50,39.945,0.486,[0.486],"[""2026-07-20""]",Fair,0,,10,17-07-2026 15:11
UNAP230825,14,2,NaiveLastValue,77.778,112.905,0,"[0.0, 0.0]","[""2026-07-20"", ""2026-07-27""]",Unreliable,0,,10,17-07-2026 15:11
UNAP230825,28,4,ZeroForecast,100,49.816,0,"[0.0, 0.0, 0.0, 0.0]","[""2026-07-20"", ""2026-07-27"", ""2026-08-03"", ""2026-08-10""]",Unreliable,0,,10,17-07-2026 15:11
UNAP230825,56,8,ZeroForecast,100,29.887,0,"[0.0, 0.0, 0.0, 0.0, 0.0, 0.0, 0.0, 0.0]","[""2026-07-20"", ""2026-07-27"", ""2026-08-03"", ""2026-08-10"", ""2026-08-17"", ""2026-08-24"", ""2026-08-31"", ""2026-09-07""]",Unreliable,0,,10,17-07-2026 15:11
UNAP230825,91,13,ZeroForecast,100,18.392,0,"[0.0, 0.0, 0.0, 0.0, 0.0, 0.0, 0.0, 0.0, 0.0, 0.0, 0.0, 0.0, 0.0]","[""2026-07-20"", ""2026-07-27"", ""2026-08-03"", ""2026-08-10"", ""2026-08-17"", ""2026-08-24"", ""2026-08-31"", ""2026-09-07"", ""2026-09-14"", ""2026-09-21"", ""2026-09-28"", ""2026-10-05"", ""2026-10-12""]",Unreliable,0,,10,17-07-2026 15:11
ZMIXPROOLEOS25,7,1,TwoStage_Logistic_Huber,99.998,199.462,9.46E-23,[9.456447765956682e-23],"[""2026-07-20""]",Unreliable,1,LastNonZero,10,17-07-2026 15:11
ZMIXPROOLEOS25,14,2,NaiveLastValue,100,99.734,0,"[0.0, 0.0]","[""2026-07-20"", ""2026-07-27""]",Unreliable,0,,10,17-07-2026 15:11
ZMIXPROOLEOS25,28,4,NaiveLastValue,100,49.867,0,"[0.0, 0.0, 0.0, 0.0]","[""2026-07-20"", ""2026-07-27"", ""2026-08-03"", ""2026-08-10""]",Unreliable,0,,10,17-07-2026 15:11
ZMIXPROOLEOS25,56,8,NaiveLastValue,100,24.934,0,"[0.0, 0.0, 0.0, 0.0, 0.0, 0.0, 0.0, 0.0]","[""2026-07-20"", ""2026-07-27"", ""2026-08-03"", ""2026-08-10"", ""2026-08-17"", ""2026-08-24"", ""2026-08-31"", ""2026-09-07""]",Unreliable,0,,10,17-07-2026 15:11
ZMIXPROOLEOS25,91,13,NaiveLastValue,100,15.344,0,"[0.0, 0.0, 0.0, 0.0, 0.0, 0.0, 0.0, 0.0, 0.0, 0.0, 0.0, 0.0, 0.0]","[""2026-07-20"", ""2026-07-27"", ""2026-08-03"", ""2026-08-10"", ""2026-08-17"", ""2026-08-24"", ""2026-08-31"", ""2026-09-07"", ""2026-09-14"", ""2026-09-21"", ""2026-09-28"", ""2026-10-05"", ""2026-10-12""]",Unreliable,0,,10,17-07-2026 15:11
ZMIXPROMELS25,7,1,HistGradientBoostingRegressor,93.398,175.558,3.69E-07,[3.689083225125808e-07],"[""2026-07-20""]",Unreliable,1,LastNonZero,10,17-07-2026 15:11
ZMIXPROMELS25,14,2,Ridge,99.798,111.548,0,"[0.0, 0.0]","[""2026-07-20"", ""2026-07-27""]",Unreliable,0,,10,17-07-2026 15:11
ZMIXPROMELS25,28,4,NaiveLastValue,100,49.867,0,"[0.0, 0.0, 0.0, 0.0]","[""2026-07-20"", ""2026-07-27"", ""2026-08-03"", ""2026-08-10""]",Unreliable,0,,10,17-07-2026 15:11
ZMIXPROMELS25,56,8,NaiveLastValue,100,24.934,0,"[0.0, 0.0, 0.0, 0.0, 0.0, 0.0, 0.0, 0.0]","[""2026-07-20"", ""2026-07-27"", ""2026-08-03"", ""2026-08-10"", ""2026-08-17"", ""2026-08-24"", ""2026-08-31"", ""2026-09-07""]",Unreliable,0,,10,17-07-2026 15:11
ZMIXPROMELS25,91,13,NaiveLastValue,100,15.344,0,"[0.0, 0.0, 0.0, 0.0, 0.0, 0.0, 0.0, 0.0, 0.0, 0.0, 0.0, 0.0, 0.0]","[""2026-07-20"", ""2026-07-27"", ""2026-08-03"", ""2026-08-10"", ""2026-08-17"", ""2026-08-24"", ""2026-08-31"", ""2026-09-07"", ""2026-09-14"", ""2026-09-21"", ""2026-09-28"", ""2026-10-05"", ""2026-10-12""]",Unreliable,0,,10,17-07-2026 15:11
VITALCAN20,7,1,SBA_alpha_01,43.203,65.181,0.67390271,[0.6739027100271001],"[""2026-07-20""]",Fair,0,,10,17-07-2026 15:11
VITALCAN20,14,2,Ridge,99.948,128.71,0,"[0.0, 0.0]","[""2026-07-20"", ""2026-07-27""]",Unreliable,0,,10,17-07-2026 15:11
VITALCAN20,28,4,NaiveLastValue,100,49.981,0,"[0.0, 0.0, 0.0, 0.0]","[""2026-07-20"", ""2026-07-27"", ""2026-08-03"", ""2026-08-10""]",Unreliable,0,,10,17-07-2026 15:11
VITALCAN20,56,8,NaiveLastValue,100,24.994,0,"[0.0, 0.0, 0.0, 0.0, 0.0, 0.0, 0.0, 0.0]","[""2026-07-20"", ""2026-07-27"", ""2026-08-03"", ""2026-08-10"", ""2026-08-17"", ""2026-08-24"", ""2026-08-31"", ""2026-09-07""]",Unreliable,0,,10,17-07-2026 15:11
VITALCAN20,91,13,NaiveLastValue,100,15.381,0,"[0.0, 0.0, 0.0, 0.0, 0.0, 0.0, 0.0, 0.0, 0.0, 0.0, 0.0, 0.0, 0.0]","[""2026-07-20"", ""2026-07-27"", ""2026-08-03"", ""2026-08-10"", ""2026-08-17"", ""2026-08-24"", ""2026-08-31"", ""2026-09-07"", ""2026-09-14"", ""2026-09-21"", ""2026-09-28"", ""2026-10-05"", ""2026-10-12""]",Unreliable,0,,10,17-07-2026 15:11
ZMIXSTANDARDMELS25,7,1,ADIDA_4,91.947,168.938,9.90E-06,[9.90352031428306e-06],"[""2026-07-20""]",Unreliable,0,,10,17-07-2026 15:11
ZMIXSTANDARDMELS25,14,2,NaiveLastValue,100,99.206,0,"[0.0, 0.0]","[""2026-07-20"", ""2026-07-27""]",Unreliable,0,,10,17-07-2026 15:11
ZMIXSTANDARDMELS25,28,4,NaiveLastValue,100,49.603,0,"[0.0, 0.0, 0.0, 0.0]","[""2026-07-20"", ""2026-07-27"", ""2026-08-03"", ""2026-08-10""]",Unreliable,0,,10,17-07-2026 15:11
ZMIXSTANDARDMELS25,56,8,NaiveLastValue,100,24.802,0,"[0.0, 0.0, 0.0, 0.0, 0.0, 0.0, 0.0, 0.0]","[""2026-07-20"", ""2026-07-27"", ""2026-08-03"", ""2026-08-10"", ""2026-08-17"", ""2026-08-24"", ""2026-08-31"", ""2026-09-07""]",Unreliable,0,,10,17-07-2026 15:11
ZMIXSTANDARDMELS25,91,13,NaiveLastValue,100,15.263,0,"[0.0, 0.0, 0.0, 0.0, 0.0, 0.0, 0.0, 0.0, 0.0, 0.0, 0.0, 0.0, 0.0]","[""2026-07-20"", ""2026-07-27"", ""2026-08-03"", ""2026-08-10"", ""2026-08-17"", ""2026-08-24"", ""2026-08-31"", ""2026-09-07"", ""2026-09-14"", ""2026-09-21"", ""2026-09-28"", ""2026-10-05"", ""2026-10-12""]",Unreliable,0,,10,17-07-2026 15:11
ZIRCAOAE18,7,1,LastNonZero,67.374,89.983,23.202,[23.201999999999998],"[""2026-07-20""]",Poor,0,,10,17-07-2026 15:11
ZIRCAOAE18,14,2,arima,99.873,171.621,1.889143796,"[0.9445718977742846, 0.9445718977742636]","[""2026-07-20"", ""2026-07-27""]",Unreliable,0,,10,17-07-2026 15:11
ZIRCAOAE18,28,4,NaiveLastValue,100,49.986,0,"[0.0, 0.0, 0.0, 0.0]","[""2026-07-20"", ""2026-07-27"", ""2026-08-03"", ""2026-08-10""]",Unreliable,0,,10,17-07-2026 15:11
ZIRCAOAE18,56,8,NaiveLastValue,100,24.998,0,"[0.0, 0.0, 0.0, 0.0, 0.0, 0.0, 0.0, 0.0]","[""2026-07-20"", ""2026-07-27"", ""2026-08-03"", ""2026-08-10"", ""2026-08-17"", ""2026-08-24"", ""2026-08-31"", ""2026-09-07""]",Unreliable,0,,10,17-07-2026 15:11
ZIRCAOAE18,91,13,NaiveLastValue,100,15.383,0,"[0.0, 0.0, 0.0, 0.0, 0.0, 0.0, 0.0, 0.0, 0.0, 0.0, 0.0, 0.0, 0.0]","[""2026-07-20"", ""2026-07-27"", ""2026-08-03"", ""2026-08-10"", ""2026-08-17"", ""2026-08-24"", ""2026-08-31"", ""2026-09-07"", ""2026-09-14"", ""2026-09-21"", ""2026-09-28"", ""2026-10-05"", ""2026-10-12""]",Unreliable,0,,10,17-07-2026 15:11
ZORRO-01-1E,7,1,GradientBoostingRegressor,0,0,0,[0.0],"[""2026-07-20""]",Excellent,1,NaiveLastValue,10,17-07-2026 15:11
ZORRO-01-1E,14,2,GradientBoostingRegressor,0,0,0,"[0.0, 0.0]","[""2026-07-20"", ""2026-07-27""]",Excellent,1,NaiveLastValue,10,17-07-2026 15:11
ZORRO-01-1E,28,4,GradientBoostingRegressor,0,0,0,"[0.0, 0.0, 0.0, 0.0]","[""2026-07-20"", ""2026-07-27"", ""2026-08-03"", ""2026-08-10""]",Excellent,1,NaiveLastValue,10,17-07-2026 15:11
ZORRO-01-1E,56,8,GradientBoostingRegressor,0,0,0,"[0.0, 0.0, 0.0, 0.0, 0.0, 0.0, 0.0, 0.0]","[""2026-07-20"", ""2026-07-27"", ""2026-08-03"", ""2026-08-10"", ""2026-08-17"", ""2026-08-24"", ""2026-08-31"", ""2026-09-07""]",Excellent,1,NaiveLastValue,10,17-07-2026 15:11
ZORRO-01-1E,91,13,GradientBoostingRegressor,0,0,0,"[0.0, 0.0, 0.0, 0.0, 0.0, 0.0, 0.0, 0.0, 0.0, 0.0, 0.0, 0.0, 0.0]","[""2026-07-20"", ""2026-07-27"", ""2026-08-03"", ""2026-08-10"", ""2026-08-17"", ""2026-08-24"", ""2026-08-31"", ""2026-09-07"", ""2026-09-14"", ""2026-09-21"", ""2026-09-28"", ""2026-10-05"", ""2026-10-12""]",Excellent,1,NaiveLastValue,10,17-07-2026 15:11
ZORRO-01-1,7,1,ExtraTreesRegressor,0,0,0,[0.0],"[""2026-07-20""]",Excellent,1,NaiveLastValue,10,17-07-2026 15:11
ZORRO-01-1,14,2,ExtraTreesRegressor,0,0,0,"[0.0, 0.0]","[""2026-07-20"", ""2026-07-27""]",Excellent,1,NaiveLastValue,10,17-07-2026 15:11
ZORRO-01-1,28,4,ExtraTreesRegressor,0,0,0,"[0.0, 0.0, 0.0, 0.0]","[""2026-07-20"", ""2026-07-27"", ""2026-08-03"", ""2026-08-10""]",Excellent,1,NaiveLastValue,10,17-07-2026 15:11
ZORRO-01-1,56,8,ExtraTreesRegressor,0,0,0,"[0.0, 0.0, 0.0, 0.0, 0.0, 0.0, 0.0, 0.0]","[""2026-07-20"", ""2026-07-27"", ""2026-08-03"", ""2026-08-10"", ""2026-08-17"", ""2026-08-24"", ""2026-08-31"", ""2026-09-07""]",Excellent,1,NaiveLastValue,10,17-07-2026 15:11
ZORRO-01-1,91,13,ExtraTreesRegressor,0,0,0,"[0.0, 0.0, 0.0, 0.0, 0.0, 0.0, 0.0, 0.0, 0.0, 0.0, 0.0, 0.0, 0.0]","[""2026-07-20"", ""2026-07-27"", ""2026-08-03"", ""2026-08-10"", ""2026-08-17"", ""2026-08-24"", ""2026-08-31"", ""2026-09-07"", ""2026-09-14"", ""2026-09-21"", ""2026-09-28"", ""2026-10-05"", ""2026-10-12""]",Excellent,1,NaiveLastValue,10,17-07-2026 15:11
UNAP230824,7,1,MovingAverage_4,63.889,77.071,0.195,[0.195],"[""2026-07-20""]",Poor,0,,10,17-07-2026 15:11
UNAP230824,14,2,SeasonalNaive_52,80,59.94,0,"[0.0, 0.0]","[""2026-07-20"", ""2026-07-27""]",Unreliable,0,,10,17-07-2026 15:11
UNAP230824,28,4,ZeroForecast,100,49.889,0,"[0.0, 0.0, 0.0, 0.0]","[""2026-07-20"", ""2026-07-27"", ""2026-08-03"", ""2026-08-10""]",Unreliable,0,,10,17-07-2026 15:11
UNAP230824,56,8,ZeroForecast,100,69.872,0,"[0.0, 0.0, 0.0, 0.0, 0.0, 0.0, 0.0, 0.0]","[""2026-07-20"", ""2026-07-27"", ""2026-08-03"", ""2026-08-10"", ""2026-08-17"", ""2026-08-24"", ""2026-08-31"", ""2026-09-07""]",Unreliable,0,,10,17-07-2026 15:11
UNAP230824,91,13,ZeroForecast,100,61.433,0,"[0.0, 0.0, 0.0, 0.0, 0.0, 0.0, 0.0, 0.0, 0.0, 0.0, 0.0, 0.0, 0.0]","[""2026-07-20"", ""2026-07-27"", ""2026-08-03"", ""2026-08-10"", ""2026-08-17"", ""2026-08-24"", ""2026-08-31"", ""2026-09-07"", ""2026-09-14"", ""2026-09-21"", ""2026-09-28"", ""2026-10-05"", ""2026-10-12""]",Unreliable,0,,10,17-07-2026 15:11
ZORRO-01-2E,7,1,GradientBoostingRegressor,0,0,0,[0.0],"[""2026-07-20""]",Excellent,1,NaiveLastValue,10,17-07-2026 15:11
ZORRO-01-2E,14,2,GradientBoostingRegressor,0,0,0,"[0.0, 0.0]","[""2026-07-20"", ""2026-07-27""]",Excellent,1,NaiveLastValue,10,17-07-2026 15:11
ZORRO-01-2E,28,4,GradientBoostingRegressor,0,0,0,"[0.0, 0.0, 0.0, 0.0]","[""2026-07-20"", ""2026-07-27"", ""2026-08-03"", ""2026-08-10""]",Excellent,1,NaiveLastValue,10,17-07-2026 15:11
ZORRO-01-2E,56,8,GradientBoostingRegressor,0,0,0,"[0.0, 0.0, 0.0, 0.0, 0.0, 0.0, 0.0, 0.0]","[""2026-07-20"", ""2026-07-27"", ""2026-08-03"", ""2026-08-10"", ""2026-08-17"", ""2026-08-24"", ""2026-08-31"", ""2026-09-07""]",Excellent,1,NaiveLastValue,10,17-07-2026 15:11
ZORRO-01-2E,91,13,GradientBoostingRegressor,0,0,0,"[0.0, 0.0, 0.0, 0.0, 0.0, 0.0, 0.0, 0.0, 0.0, 0.0, 0.0, 0.0, 0.0]","[""2026-07-20"", ""2026-07-27"", ""2026-08-03"", ""2026-08-10"", ""2026-08-17"", ""2026-08-24"", ""2026-08-31"", ""2026-09-07"", ""2026-09-14"", ""2026-09-21"", ""2026-09-28"", ""2026-10-05"", ""2026-10-12""]",Excellent,1,NaiveLastValue,10,17-07-2026 15:11
ZORRO-01-3E,7,1,GradientBoostingRegressor,0,0,0,[0.0],"[""2026-07-20""]",Excellent,1,NaiveLastValue,10,17-07-2026 15:11
ZORRO-01-3E,14,2,GradientBoostingRegressor,0,0,0,"[0.0, 0.0]","[""2026-07-20"", ""2026-07-27""]",Excellent,1,NaiveLastValue,10,17-07-2026 15:11
ZORRO-01-3E,28,4,GradientBoostingRegressor,0,0,0,"[0.0, 0.0, 0.0, 0.0]","[""2026-07-20"", ""2026-07-27"", ""2026-08-03"", ""2026-08-10""]",Excellent,1,NaiveLastValue,10,17-07-2026 15:11
ZORRO-01-3E,56,8,GradientBoostingRegressor,0,0,0,"[0.0, 0.0, 0.0, 0.0, 0.0, 0.0, 0.0, 0.0]","[""2026-07-20"", ""2026-07-27"", ""2026-08-03"", ""2026-08-10"", ""2026-08-17"", ""2026-08-24"", ""2026-08-31"", ""2026-09-07""]",Excellent,1,NaiveLastValue,10,17-07-2026 15:11
ZORRO-01-3E,91,13,GradientBoostingRegressor,0,0,0,"[0.0, 0.0, 0.0, 0.0, 0.0, 0.0, 0.0, 0.0, 0.0, 0.0, 0.0, 0.0, 0.0]","[""2026-07-20"", ""2026-07-27"", ""2026-08-03"", ""2026-08-10"", ""2026-08-17"", ""2026-08-24"", ""2026-08-31"", ""2026-09-07"", ""2026-09-14"", ""2026-09-21"", ""2026-09-28"", ""2026-10-05"", ""2026-10-12""]",Excellent,1,NaiveLastValue,10,17-07-2026 15:11
ZMIXLABOURMELS25,7,1,HistGradientBoostingRegressor,79.765,134.054,0.116721011,[0.1167210107180456],"[""2026-07-20""]",Unreliable,1,LastNonZero,10,17-07-2026 15:11
ZMIXLABOURMELS25,14,2,TwoStage_Logistic_Huber,71.97,132.6,0.248246862,"[0.011978457371305392, 0.23626840471674898]","[""2026-07-20"", ""2026-07-27""]",Poor,0,,10,17-07-2026 15:11
ZMIXLABOURMELS25,28,4,ExtraTreesRegressor,27.333,66.998,1.305,"[0.3975, 0.4275, 0.2925, 0.1875]","[""2026-07-20"", ""2026-07-27"", ""2026-08-03"", ""2026-08-10""]",Good,0,,10,17-07-2026 15:11
ZMIXLABOURMELS25,56,8,ZeroForecast,100,39.894,0,"[0.0, 0.0, 0.0, 0.0, 0.0, 0.0, 0.0, 0.0]","[""2026-07-20"", ""2026-07-27"", ""2026-08-03"", ""2026-08-10"", ""2026-08-17"", ""2026-08-24"", ""2026-08-31"", ""2026-09-07""]",Unreliable,0,,10,17-07-2026 15:11
ZMIXLABOURMELS25,91,13,ZeroForecast,100,42.962,0,"[0.0, 0.0, 0.0, 0.0, 0.0, 0.0, 0.0, 0.0, 0.0, 0.0, 0.0, 0.0, 0.0]","[""2026-07-20"", ""2026-07-27"", ""2026-08-03"", ""2026-08-10"", ""2026-08-17"", ""2026-08-24"", ""2026-08-31"", ""2026-09-07"", ""2026-09-14"", ""2026-09-21"", ""2026-09-28"", ""2026-10-05"", ""2026-10-12""]",Unreliable,0,,10,17-07-2026 15:11
ZORRO-02-1E,7,1,LastNonZero,81.793,138.378,21.42,[21.42],"[""2026-07-20""]",Unreliable,0,,10,17-07-2026 15:11
ZORRO-02-1E,14,2,NaiveLastValue,100,99.991,0,"[0.0, 0.0]","[""2026-07-20"", ""2026-07-27""]",Unreliable,0,,10,17-07-2026 15:11
ZORRO-02-1E,28,4,NaiveLastValue,100,49.995,0,"[0.0, 0.0, 0.0, 0.0]","[""2026-07-20"", ""2026-07-27"", ""2026-08-03"", ""2026-08-10""]",Unreliable,0,,10,17-07-2026 15:11
ZORRO-02-1E,56,8,NaiveLastValue,100,24.998,0,"[0.0, 0.0, 0.0, 0.0, 0.0, 0.0, 0.0, 0.0]","[""2026-07-20"", ""2026-07-27"", ""2026-08-03"", ""2026-08-10"", ""2026-08-17"", ""2026-08-24"", ""2026-08-31"", ""2026-09-07""]",Unreliable,0,,10,17-07-2026 15:11
ZORRO-02-1E,91,13,NaiveLastValue,100,15.383,0,"[0.0, 0.0, 0.0, 0.0, 0.0, 0.0, 0.0, 0.0, 0.0, 0.0, 0.0, 0.0, 0.0]","[""2026-07-20"", ""2026-07-27"", ""2026-08-03"", ""2026-08-10"", ""2026-08-17"", ""2026-08-24"", ""2026-08-31"", ""2026-09-07"", ""2026-09-14"", ""2026-09-21"", ""2026-09-28"", ""2026-10-05"", ""2026-10-12""]",Unreliable,0,,10,17-07-2026 15:11
VITALCAT20,7,1,LastNonZero,47.368,47.282,16.38,[16.38],"[""2026-07-20""]",Fair,0,,10,17-07-2026 15:11
VITALCAT20,14,2,arima,99.851,186.178,1.83667811,"[0.9183390551510665, 0.9183390551505551]","[""2026-07-20"", ""2026-07-27""]",Unreliable,0,,10,17-07-2026 15:11
VITALCAT20,28,4,NaiveLastValue,100,49.993,0,"[0.0, 0.0, 0.0, 0.0]","[""2026-07-20"", ""2026-07-27"", ""2026-08-03"", ""2026-08-10""]",Unreliable,0,,10,17-07-2026 15:11
VITALCAT20,56,8,ZeroForecast,100,24.997,0,"[0.0, 0.0, 0.0, 0.0, 0.0, 0.0, 0.0, 0.0]","[""2026-07-20"", ""2026-07-27"", ""2026-08-03"", ""2026-08-10"", ""2026-08-17"", ""2026-08-24"", ""2026-08-31"", ""2026-09-07""]",Unreliable,0,,10,17-07-2026 15:11
VITALCAT20,91,13,NaiveLastValue,100,30.763,0,"[0.0, 0.0, 0.0, 0.0, 0.0, 0.0, 0.0, 0.0, 0.0, 0.0, 0.0, 0.0, 0.0]","[""2026-07-20"", ""2026-07-27"", ""2026-08-03"", ""2026-08-10"", ""2026-08-17"", ""2026-08-24"", ""2026-08-31"", ""2026-09-07"", ""2026-09-14"", ""2026-09-21"", ""2026-09-28"", ""2026-10-05"", ""2026-10-12""]",Unreliable,0,,10,17-07-2026 15:11
ZORRO-01-2,7,1,TwoStage_Logistic_Huber,43.913,53.12,1.257753322,[1.2577533221537944],"[""2026-07-20""]",Fair,0,,10,17-07-2026 15:11
ZORRO-01-2,14,2,ExtraTreesRegressor,78.163,100.538,0,"[0.0, 0.0]","[""2026-07-20"", ""2026-07-27""]",Unreliable,0,,10,17-07-2026 15:11
ZORRO-01-2,28,4,ExtraTreesRegressor,99.829,116.905,0,"[0.0, 0.0, 0.0, 0.0]","[""2026-07-20"", ""2026-07-27"", ""2026-08-03"", ""2026-08-10""]",Unreliable,0,,10,17-07-2026 15:11
ZORRO-01-2,56,8,NaiveLastValue,100,24.989,0,"[0.0, 0.0, 0.0, 0.0, 0.0, 0.0, 0.0, 0.0]","[""2026-07-20"", ""2026-07-27"", ""2026-08-03"", ""2026-08-10"", ""2026-08-17"", ""2026-08-24"", ""2026-08-31"", ""2026-09-07""]",Unreliable,0,,10,17-07-2026 15:11
ZORRO-01-2,91,13,NaiveLastValue,100,15.378,0,"[0.0, 0.0, 0.0, 0.0, 0.0, 0.0, 0.0, 0.0, 0.0, 0.0, 0.0, 0.0, 0.0]","[""2026-07-20"", ""2026-07-27"", ""2026-08-03"", ""2026-08-10"", ""2026-08-17"", ""2026-08-24"", ""2026-08-31"", ""2026-09-07"", ""2026-09-14"", ""2026-09-21"", ""2026-09-28"", ""2026-10-05"", ""2026-10-12""]",Unreliable,0,,10,17-07-2026 15:11
ZORRO-02-1,7,1,LastNonZero,81.863,82.93,10.2,[10.200000000000001],"[""2026-07-20""]",Unreliable,0,,10,17-07-2026 15:11
ZORRO-02-1,14,2,TwoStage_Logistic_Huber,99.695,192.826,1.994156628,"[0.9377370267670986, 1.0564196010950053]","[""2026-07-20"", ""2026-07-27""]",Unreliable,0,,10,17-07-2026 15:11
ZORRO-02-1,28,4,HuberRegressor,99.985,52.532,9.95E-07,"[4.951775984263901e-07, 4.994730105511047e-07, 0.0, 0.0]","[""2026-07-20"", ""2026-07-27"", ""2026-08-03"", ""2026-08-10""]",Unreliable,0,,10,17-07-2026 15:11
ZORRO-02-1,56,8,HuberRegressor,99.987,28.635,9.95E-07,"[4.951775984263901e-07, 4.994730105511047e-07, 0.0, 0.0, 0.0, 0.0, 0.0, 0.0]","[""2026-07-20"", ""2026-07-27"", ""2026-08-03"", ""2026-08-10"", ""2026-08-17"", ""2026-08-24"", ""2026-08-31"", ""2026-09-07""]",Unreliable,0,,10,17-07-2026 15:11
ZORRO-02-1,91,13,HuberRegressor,99.998,32.846,2.08E-06,"[4.951775984263901e-07, 4.994730105511047e-07, 0.0, 0.0, 0.0, 0.0, 0.0, 0.0, 0.0, 0.0, 0.0, 5.424271317982504e-07, 5.467225439229649e-07]","[""2026-07-20"", ""2026-07-27"", ""2026-08-03"", ""2026-08-10"", ""2026-08-17"", ""2026-08-24"", ""2026-08-31"", ""2026-09-07"", ""2026-09-14"", ""2026-09-21"", ""2026-09-28"", ""2026-10-05"", ""2026-10-12""]",Unreliable,0,,10,17-07-2026 15:11
