sku,description,family,velocity_tier,total_volume,n_active,is_forecastable,status,demand_pattern,adi,cv2,zero_pct,updated_at
02135041,ALIM.S.CAO PRO RACA PEQ. 3K,06MARCAPRO,B,60.72,39,1,FORECASTABLE,Lumpy,1.4473684210526316,1.531831461200769,0.35,2026-07-16 16:14
0213876,Pura Spec Cão Ad Borrego 3Kg,06MARCAPRO,C,25.488,6,1,FORECASTABLE,Intermittent,18.8,33.50538638322321,0.9629629629629629,2026-07-16 16:14
0061171,Agricat 20Kg,06MARCAPRO,B,83.46,9,1,FORECASTABLE,Intermittent,14.625,13.750545899205175,0.926829268292683,2026-07-16 16:14
0213874,Pura Spec Cão Júnior 3Kg,06MARCAPRO,C,32.82000000000001,9,1,FORECASTABLE,Intermittent,16.625,27.25062464698587,0.9470588235294117,2026-07-16 16:14
000966587,Silica Gel Kitty 3.8L,SILICA,A,965.16684,97,1,FORECASTABLE,Smooth,1.21875,0.9213841054529335,0.2971014492753623,2026-07-16 16:14
0213875,Pura Spec Cão Júnior 15Kg,06MARCAPRO,B,207.37499999999997,24,1,FORECASTABLE,Intermittent,7.0,7.596225173229044,0.8588235294117647,2026-07-16 16:14
02033464,PorSi Silica 1.5Kg,SILICA,A,293.3892,94,1,FORECASTABLE,Lumpy,1.4301075268817205,1.1115489244488113,0.3037037037037037,2026-07-16 16:14
0213878,Pura Spec Cão Ad Salmão 3Kg,06MARCAPRO,C,31.587,6,1,FORECASTABLE,Intermittent,25.6,28.698826304468533,0.9629629629629629,2026-07-16 16:14
0213880,Pura Spec Cão Ad Frango 3Kg,06MARCAPRO,C,29.964,7,1,FORECASTABLE,Intermittent,22.0,26.08314294333818,0.9539473684210527,2026-07-16 16:14
0213877,Pura Spec Cão Ad Borrego 15Kg,06MARCAPRO,B,274.83000000000004,32,1,FORECASTABLE,Intermittent,5.354838709677419,4.857016957507263,0.8128654970760234,2026-07-16 16:14
0213879,Pura Spec Cão Ad Salmão 15Kg,06MARCAPRO,A,494.5875,46,1,FORECASTABLE,Intermittent,3.7111111111111112,3.361040668067528,0.7309941520467836,2026-07-16 16:14
0213882,Pura Spec Cão Adulto Mini 2Kg,06MARCAPRO,C,39.378,7,1,FORECASTABLE,Intermittent,23.833333333333332,28.968875483523483,0.9597701149425287,2026-07-16 16:14
0213888,Pura Spec Gato Adulto 1.5Kg,06MARCAPRO,C,17.139,4,1,FORECASTABLE,Intermittent,47.333333333333336,43.75684927760942,0.974025974025974,2026-07-16 16:14
0213883,Pura Spec Cão Ad Alta Energia 15Kg,06MARCAPRO,B,263.37,30,1,FORECASTABLE,Intermittent,5.689655172413793,5.045741423789576,0.8245614035087719,2026-07-16 16:14
02153311,PorSi Alimento Cão Júnior 10Kg,06MARCAPRO,C,6.0,2,0,INSUFFICIENT_HISTORY,,,,0.5,2026-07-16 16:14
02153322,PorSi Alimento Cão Júnior 2kg,06MARCAPRO,C,4.32,2,0,INSUFFICIENT_HISTORY,,,,0.5,2026-07-16 16:14
0213881,Pura Spec Cão Ad Frango 15Kg,06MARCAPRO,A,309.79499999999996,35,1,FORECASTABLE,Intermittent,4.970588235294118,4.869790421796754,0.7988505747126436,2026-07-16 16:14
0214171,Pura Spec Gatinhos 1.5Kg,06MARCAPRO,C,12.8655,2,1,FORECASTABLE,Intermittent,55.0,41.400140344049,0.975609756097561,2026-07-16 16:14
0215988,Amostra Pura Spec Cão Borrego 80g,AMOSTRAS,C,0.08128000000000002,2,1,FORECASTABLE,Intermittent,51.0,89.95878348006696,0.9885714285714285,2026-07-16 16:14
0282700,"MIKA GATINHOS 1,5KG",06MARCAPRO,C,7.9815,3,1,FORECASTABLE,Intermittent,7.5,14.918869152910847,0.9302325581395349,2026-07-16 16:14
0214170,Pura Spec Cão Sénior 15Kg,06MARCAPRO,B,79.74000000000001,9,1,FORECASTABLE,Intermittent,11.0,10.968705573022028,0.9090909090909091,2026-07-16 16:14
0213889,Pura Spec Gato Adulto 10Kg,06MARCAPRO,B,89.99000000000001,12,1,FORECASTABLE,Intermittent,15.454545454545455,14.460841551692452,0.9310344827586207,2026-07-16 16:14
0270218,Pura Spec Gatinhos 10Kg,06MARCAPRO,C,17.400000000000002,2,1,FORECASTABLE,Intermittent,44.0,40.015654643942405,0.975609756097561,2026-07-16 16:14
0282709,MIKA GATO ADULTO SEM COR 2KG,06MARCAPRO,C,7.68,3,1,FORECASTABLE,Intermittent,5.5,18.148437500000004,0.9302325581395349,2026-07-16 16:14
0213890,Pura Spec Gato Esterilizado 1.5Kg,06MARCAPRO,C,25.555500000000002,7,1,FORECASTABLE,Intermittent,27.166666666666668,28.251585088369715,0.9597701149425287,2026-07-16 16:14
0282703,MIKA CÃO JÚNIOR 4KG,06MARCAPRO,C,20.48,3,1,FORECASTABLE,Intermittent,19.5,19.240234375000004,0.9302325581395349,2026-07-16 16:14
0213891,Pura Spec Gato Esterilizado 10Kg,06MARCAPRO,B,137.71,19,1,FORECASTABLE,Intermittent,9.11111111111111,9.763309066550843,0.8908045977011494,2026-07-16 16:14
0282704,MIKA CÃO ADULTO 4KG,06MARCAPRO,C,20.48,3,1,FORECASTABLE,Intermittent,17.0,19.710937500000007,0.9318181818181818,2026-07-16 16:14
0258255,Pura Spec Cão Adulto Mini 7Kg,06MARCAPRO,C,33.719,5,1,FORECASTABLE,Intermittent,20.75,21.379633985216625,0.9494949494949495,2026-07-16 16:14
0282714,MIKA RAÇAS PEQUENAS 4KG,06MARCAPRO,C,19.84,2,1,FORECASTABLE,Intermittent,16.0,20.522372528616028,0.9534883720930233,2026-07-16 16:14
0302582,Pura Spec Gato Salmão Esterilizado 1.5Kg,06MARCAPRO,C,8.262,2,1,FORECASTABLE,Intermittent,1.0,14.117647058823527,0.8823529411764706,2026-07-16 16:14
0302583,Pura Spec Gato Salmão Esterilizado 10Kg,06MARCAPRO,C,17.560000000000002,2,1,FORECASTABLE,Intermittent,6.0,7.534578483922352,0.8823529411764706,2026-07-16 16:14
03930S10,Patudini Cachorro 10kg,06MARCAPRO,C,20.53,2,1,FORECASTABLE,Intermittent,12.0,22.987078892542943,0.9545454545454546,2026-07-16 16:14
0282710,MIKA GATO ADULTO SC 4KG,06MARCAPRO,C,20.480000000000004,3,1,FORECASTABLE,Intermittent,16.5,18.148437499999993,0.9302325581395349,2026-07-16 16:14
0282711,MIKA GATO ADULTO SEM COR 10KG,06MARCAPRO,C,29.400000000000002,5,1,FORECASTABLE,Intermittent,10.25,10.65889212827988,0.8837209302325582,2026-07-16 16:14
0294622,Pura Spec Cão Adulto Light 15Kg,06MARCAPRO,C,29.639999999999997,5,1,FORECASTABLE,Intermittent,8.5,9.527801226048615,0.8888888888888888,2026-07-16 16:14
1000911,Activpet 15Kg,06MARCAPRO,B,283.5,14,1,FORECASTABLE,Smooth,1.0,0.37466666666666676,0.06666666666666667,2026-07-16 16:14
0282713,MIKA ALTA ENERGIA 18KG,06MARCAPRO,B,59.669999999999995,5,1,FORECASTABLE,Intermittent,9.75,7.671418685121107,0.8837209302325582,2026-07-16 16:14
1000913,Kitty Gato Peixe 4kg,06MARCAPRO,B,287.36,20,1,FORECASTABLE,Smooth,1.0526315789473684,0.3244676365692631,0.09090909090909091,2026-07-16 16:14
1000914,Kitty Gato Carne 4kg,06MARCAPRO,B,404.47999999999996,20,1,FORECASTABLE,Smooth,1.0526315789473684,0.33203813491427664,0.09090909090909091,2026-07-16 16:14
03933P03,Patudini Gato 3kg,06MARCAPRO,C,18.948,3,1,FORECASTABLE,Intermittent,14.0,14.512356807865748,0.9318181818181818,2026-07-16 16:14
0282712,MIKA CÃO ADULTO 18KG,06MARCAPRO,B,140.4,12,1,FORECASTABLE,Intermittent,3.6363636363636362,2.9732,0.7272727272727273,2026-07-16 16:14
03931S18,Patudini Cão Adulto 18kg,06MARCAPRO,B,163.34999999999997,8,1,FORECASTABLE,Intermittent,6.142857142857143,5.397001844136331,0.8222222222222222,2026-07-16 16:14
03932S15,Patudini Cão Alta Energia 15kg,06MARCAPRO,B,59.05499999999999,5,1,FORECASTABLE,Intermittent,10.75,13.482018964037925,0.8888888888888888,2026-07-16 16:14
115PGS25,A-115 Frangos - Granulado 25 Kg - Linha Prata ,ZEZERE,C,1.05,2,1,FORECASTABLE,Intermittent,43.0,101.38775510204087,0.9884393063583815,2026-07-16 16:14
03933S15,Patudini Gato 15kg,06MARCAPRO,C,42.599999999999994,5,1,FORECASTABLE,Intermittent,9.0,11.31992362626463,0.8863636363636364,2026-07-16 16:14
11925,Petuga Cão Adulto 3kg,06MARCAPRO,C,10.488,3,1,FORECASTABLE,Intermittent,33.5,56.77022186847079,0.9824561403508771,2026-07-16 16:14
115PGSAQ,A-115 Frangos - Granulado 5 Kg - Linha Prata ,ZEZERE,C,0.9,5,1,FORECASTABLE,Intermittent,32.0,34.8888888888889,0.9673202614379085,2026-07-16 16:14
104PMS25,A-104 Pintos - Migalha 25 Kg - Linha Prata,ZEZERE,C,2.85,10,1,FORECASTABLE,Intermittent,18.0,18.284702985534008,0.9431818181818182,2026-07-16 16:14
104PMSAQ,A-104 Pintos - Migalha 5 Kg - Linha Prata,ZEZERE,C,3.6849999999999996,13,1,FORECASTABLE,Intermittent,14.166666666666666,18.52214504141437,0.9261363636363636,2026-07-16 16:14
11977,Petuga Mini-Cão Adulto 3kg,06MARCAPRO,C,13.736999999999998,2,1,FORECASTABLE,Intermittent,13.0,90.60892603848067,0.9859154929577465,2026-07-17 13:17
11976,Petuga Junior 12Kg,06MARCAPRO,C,2.7600000000000002,1,1,FORECASTABLE,Intermittent,129.0,128.00000000000003,0.9922480620155039,2026-07-17 13:17
11975,Petuga Júnior 3kg,06MARCAPRO,C,11.244,2,1,FORECASTABLE,Intermittent,34.0,95.57608298242876,0.9877300613496932,2026-07-17 13:17
11978,"Petuga Gato 1,5kg",06MARCAPRO,C,3.015,1,1,FORECASTABLE,Intermittent,163.0,162.00000000000014,0.9938650306748467,2026-07-17 13:17
11979,"Petuga Gato Esterilizado 1,5kg",06MARCAPRO,C,3.4335,1,1,FORECASTABLE,Intermittent,163.0,161.99999999999994,0.9938650306748467,2026-07-17 13:17
120PMS25,A-120 Galinhas poedeiras - Migalha 25 Kg,ZEZERE,C,2.25,1,1,FORECASTABLE,Intermittent,37.0,35.99999999999997,0.972972972972973,2026-07-17 13:17
11972,Petuga Cão Adulto 12kg,06MARCAPRO,C,22.212,4,1,FORECASTABLE,Intermittent,17.666666666666668,44.44122688657204,0.9745222929936306,2026-07-17 13:17
120PGS25,A-120 Galinhas poedeiras - Granulado 25 Kg,ZEZERE,C,5.975,13,1,FORECASTABLE,Intermittent,12.0,12.313037236743053,0.9177215189873418,2026-07-17 13:17
120PFS25,A-120 Galinhas poedeiras - Farinha 25 Kg,ZEZERE,C,4.7749999999999995,13,1,FORECASTABLE,Intermittent,14.166666666666666,13.728982209917495,0.9261363636363636,2026-07-17 13:17
120PFSAQ,A-120 Galinhas poedeiras - Farinha 5Kg Linha Prata,ZEZERE,C,1.42,11,1,FORECASTABLE,Intermittent,16.0,15.563777028367394,0.9337349397590361,2026-07-17 13:17
1470955,ALIM.S.CAO ATIVID. INTENSA 4K,06MARCAPRO,B,48.32,30,1,FORECASTABLE,Lumpy,2.103448275862069,2.223718257971141,0.53125,2026-07-17 13:17
1471006,ALIM.S.CAO PRO JUNIOR 3K,06MARCAPRO,C,5.76,8,1,FORECASTABLE,Lumpy,3.2857142857142856,3.1666666666666665,0.68,2026-07-17 13:17
1471010,ALIM.S.CAO PRO ADULTO 4K,06MARCAPRO,C,5.12,5,1,FORECASTABLE,Intermittent,5.75,4.46875,0.8,2026-07-17 13:17
144PGS25,A-144 Aves de caça - Granulado 25 Kg,ZEZERE,C,2.2,5,1,FORECASTABLE,Intermittent,34.25,38.821797520661136,0.9705882352941176,2026-07-17 13:17
144PGSAQ,A-144 Aves de caça - Granulado 5 Kg - Linha Prata,ZEZERE,C,1.26,9,1,FORECASTABLE,Intermittent,15.75,21.01662887377173,0.9488636363636364,2026-07-17 13:17
120PGSAQ,A-120 Galinhas poedeiras - Granul. 5Kg Linha Prata,ZEZERE,C,1.495,12,1,FORECASTABLE,Intermittent,14.909090909090908,14.161016096016827,0.9294117647058824,2026-07-17 13:17
1470992,ALIM.S.CAO PRO RACA PEQ. 3K,06MARCAPRO,C,17.28,11,1,FORECASTABLE,Intermittent,5.2,6.666666666666669,0.7962962962962963,2026-07-17 13:17
1836910,PorSi Silica 1.5Kg,SILICA,C,13.104,5,1,FORECASTABLE,Intermittent,1.0,45.32908163265307,0.965034965034965,2026-07-17 13:17
1470966,ALIM.S.CAO ATIVID. INTENSA 10K,06MARCAPRO,B,63.60000000000001,39,1,FORECASTABLE,Lumpy,1.736842105263158,1.7839088643645424,0.4264705882352941,2026-07-17 13:17
1665366,PorSi Alimento Cão Adulto Mix 20Kg,06MARCAPRO,A,724.32,137,1,FORECASTABLE,Erratic,1.2720588235294117,1.0075866866396062,0.21714285714285714,2026-07-17 13:17
1857823,PorSi Alimento Cão Júnior 2kg,06MARCAPRO,B,108.0,49,1,FORECASTABLE,Smooth,1.2083333333333333,0.6202666666666665,0.20967741935483872,2026-07-17 13:17
1665370,PorSi Alimento Cão Adulto Mix 10Kg,06MARCAPRO,A,505.80000000000007,136,1,FORECASTABLE,Smooth,1.2592592592592593,0.9747413983555873,0.20930232558139536,2026-07-17 13:17
1857834,PorSi Alimento Cão Júnior 10Kg,06MARCAPRO,B,171.60000000000002,55,1,FORECASTABLE,Smooth,1.2962962962962963,0.8437576409604377,0.25675675675675674,2026-07-17 13:17
1665381,PorSi Alimento Cão Adulto Mix 4Kg,06MARCAPRO,A,723.552,146,1,FORECASTABLE,Smooth,1.193103448275862,0.7176833248711564,0.1657142857142857,2026-07-17 13:17
1872344,ALIM.S.CAO PRO ADULTO 15K,06MARCAPRO,C,3.15,1,1,FORECASTABLE,Intermittent,14.0,13.000000000000002,0.9285714285714286,2026-07-17 13:17
1836921,PorSi Alimento Cão Atividade Normal 15Kg,06MARCAPRO,A,1594.02,146,1,FORECASTABLE,Smooth,1.193103448275862,0.5851461272781346,0.1657142857142857,2026-07-17 13:17
5913013,"Silica Coshida 3,8L ",SILICA,C,25.272,4,0,INSUFFICIENT_HISTORY,,,,0.2,2026-07-17 13:17
5781163,AL SECO P/CAO CONT RC PEQ FRANGO 3KG,06MARCAPRO,B,95.04,30,1,FORECASTABLE,Intermittent,1.0,5.536475869809203,0.8295454545454546,2026-07-17 13:17
1836932,PorSi Alimento Cão Atividade Normal 4Kg,06MARCAPRO,A,979.8399999999999,149,1,FORECASTABLE,Smooth,1.1689189189189189,0.6010825265437438,0.14857142857142858,2026-07-17 13:17
5758590,Continente Cão Raças Pequenas 1.5Kg,06MARCAPRO,A,261.6,105,1,FORECASTABLE,Lumpy,1.0480769230769231,1.2296065819375468,0.4034090909090909,2026-07-17 13:17
5909591,Orlando 4Kg,06MARCAPRO,A,4293.76,175,1,FORECASTABLE,Smooth,1.0,0.21721259893846084,0.005681818181818182,2026-07-17 13:17
5912446,Orlando Croquete Mix Cão 10Kg,06MARCAPRO,A,3817.79,127,1,FORECASTABLE,Smooth,1.007936507936508,0.2857510312131523,0.015503875968992248,2026-07-17 13:17
5900855,Orlando 20Kg,06MARCAPRO,A,40339.2,173,1,FORECASTABLE,Smooth,1.0116279069767442,0.19006295229023332,0.017045454545454544,2026-07-17 13:17
6040248,AL SECO P/CAO CONTINENTE JUNIOR 10KG,06MARCAPRO,A,890.23,109,1,FORECASTABLE,Smooth,1.0092592592592593,0.952944859820233,0.3806818181818182,2026-07-17 13:17
6040447,Continente Cão Adulto Sopa 4Kg,06MARCAPRO,A,669.0440000000001,115,1,FORECASTABLE,Smooth,1.0087719298245614,0.9340705196208077,0.3465909090909091,2026-07-17 13:17
6040363,AL SECO P/CAO CONTINENTE CROQUETES 4KG,06MARCAPRO,A,1864.5639999999999,114,1,FORECASTABLE,Smooth,1.008849557522124,0.8875043681339705,0.3522727272727273,2026-07-17 13:17
6059538,Continente Cão Adulto Sopa 10Kg,06MARCAPRO,A,697.76,112,1,FORECASTABLE,Lumpy,1.018018018018018,1.0380172361166897,0.36363636363636365,2026-07-17 13:17
6040544,Continente Cão Adulto Croquetes 10Kg,06MARCAPRO,A,613.4,115,1,FORECASTABLE,Lumpy,1.0175438596491229,1.133575662502768,0.3465909090909091,2026-07-17 13:17
62358816,PorSi Alimento Cão Atividade Normal 4Kg,06MARCAPRO,C,5.12,2,1,FORECASTABLE,Intermittent,2.0,84.99999999999993,0.9883720930232558,2026-07-17 13:17
6059551,AL SECO P/CAO CONTINENTE JUNIOR 4KG,06MARCAPRO,A,916.4400000000002,123,1,FORECASTABLE,Smooth,1.040983606557377,0.9569584552892815,0.30113636363636365,2026-07-17 13:17
62358817,PorSi Alimento Cão Atividade Normal 15Kg,06MARCAPRO,C,11.969999999999999,2,1,FORECASTABLE,Intermittent,2.0,87.14404432132972,0.9883720930232558,2026-07-17 13:17
6059623,AL SECO P/CAO CONTINENTE JUNIOR 2KG,06MARCAPRO,A,527.372,125,1,FORECASTABLE,Smooth,1.0241935483870968,0.6775899645279339,0.2897727272727273,2026-07-17 13:17
62358818,PorSi Alimento Cão Adulto Mix 4Kg,06MARCAPRO,C,2.56,1,1,FORECASTABLE,Intermittent,172.0,170.99999999999991,0.9941860465116279,2026-07-17 13:17
6059624,AL SECO P/CAO CONTINENTE SOPA 20KG,06MARCAPRO,A,653.832,101,1,FORECASTABLE,Lumpy,1.14,2.2173831374667716,0.42613636363636365,2026-07-17 13:17
62358819,PorSi Alimento Cão Adulto Mix 10Kg,06MARCAPRO,C,7.2,2,1,FORECASTABLE,Intermittent,2.0,87.38888888888894,0.9883720930232558,2026-07-17 13:17
62358820,PorSi Alimento Cão Adulto Mix 20Kg,06MARCAPRO,C,20.880000000000003,2,1,FORECASTABLE,Intermittent,2.0,97.3733650416171,0.9883720930232558,2026-07-17 13:17
62374173,PorSi Alimento Cão Adulto Mix 10Kg,06MARCAPRO,C,4.2,1,1,FORECASTABLE,Intermittent,168.0,166.99999999999991,0.9940476190476191,2026-07-17 13:17
6059625,AL SECO CAO CONTINENTE ALTA NUTRIC 10KG,06MARCAPRO,A,367.66999999999996,119,1,FORECASTABLE,Lumpy,1.076271186440678,1.2342564633986701,0.32386363636363635,2026-07-17 13:17
62377319,PorSi Alimento Cão Atividade Normal 4Kg,06MARCAPRO,C,5.76,1,1,FORECASTABLE,Intermittent,165.0,163.99999999999991,0.9939393939393939,2026-07-17 13:17
6059635,Continente Cão Alta Nutrição 4Kg,06MARCAPRO,A,458.52,121,1,FORECASTABLE,Smooth,1.025,0.9851578955611607,0.3125,2026-07-17 13:17
62380041,PorSi Alimento Cão Adulto Mix 20Kg,06MARCAPRO,C,5.04,1,1,FORECASTABLE,Intermittent,165.0,163.99999999999986,0.9939393939393939,2026-07-17 13:17
62386229,PorSi Alimento Cão Atividade Normal 4Kg,06MARCAPRO,C,2.56,1,1,FORECASTABLE,Intermittent,163.0,161.99999999999994,0.9938650306748467,2026-07-17 13:17
62392849,PorSi Alimento Cão Adulto Mix 10Kg,06MARCAPRO,C,1.8,1,1,FORECASTABLE,Intermittent,160.0,159.00000000000014,0.99375,2026-07-17 13:17
62386230,PorSi Alimento Cão Atividade Normal 15Kg,06MARCAPRO,C,6.93,1,1,FORECASTABLE,Intermittent,163.0,161.99999999999986,0.9938650306748467,2026-07-17 13:17
62403877,PorSi Alimento Cão Adulto Mix 10Kg,06MARCAPRO,C,3.0,1,1,FORECASTABLE,Intermittent,157.0,155.99999999999991,0.9936305732484076,2026-07-17 13:17
62395661,PorSi Alimento Cão Atividade Normal 15Kg,06MARCAPRO,C,6.93,1,1,FORECASTABLE,Intermittent,159.0,158.00000000000006,0.9937106918238994,2026-07-17 13:17
62411601,PorSi Alimento Cão Atividade Normal 4Kg,06MARCAPRO,C,1.28,1,1,FORECASTABLE,Intermittent,152.0,150.99999999999997,0.993421052631579,2026-07-17 13:17
62455363,PorSi Alimento Cão Atividade Normal 15Kg,06MARCAPRO,C,8.19,1,1,FORECASTABLE,Intermittent,136.0,135.0,0.9926470588235294,2026-07-17 13:17
62411602,PorSi Alimento Cão Atividade Normal 15Kg,06MARCAPRO,C,5.04,1,1,FORECASTABLE,Intermittent,152.0,150.99999999999997,0.993421052631579,2026-07-17 13:17
62462134,PorSi Alimento Cão Adulto Mix 4Kg,06MARCAPRO,C,1.28,1,1,FORECASTABLE,Intermittent,134.0,133.00000000000003,0.9925373134328358,2026-07-17 13:17
62462135,PorSi Alimento Cão Adulto Mix 10Kg,06MARCAPRO,C,1.2,1,1,FORECASTABLE,Intermittent,134.0,132.99999999999997,0.9925373134328358,2026-07-17 13:17
62462136,PorSi Alimento Cão Adulto Mix 20Kg,06MARCAPRO,C,5.76,1,1,FORECASTABLE,Intermittent,134.0,132.99999999999997,0.9925373134328358,2026-07-17 13:17
62462141,PorSi Silica 1.5Kg,SILICA,C,0.9359999999999999,1,1,FORECASTABLE,Intermittent,134.0,132.99999999999994,0.9925373134328358,2026-07-17 13:17
62472212,PorSi Alimento Cão Adulto Mix 4Kg,06MARCAPRO,C,1.28,1,1,FORECASTABLE,Intermittent,130.0,128.99999999999997,0.9923076923076923,2026-07-17 13:17
62465872,PorSi Alimento Cão Atividade Normal 15Kg,06MARCAPRO,C,5.04,1,1,FORECASTABLE,Intermittent,132.0,131.00000000000006,0.9924242424242424,2026-07-17 13:17
62465871,PorSi Alimento Cão Atividade Normal 4Kg,06MARCAPRO,C,1.28,1,1,FORECASTABLE,Intermittent,132.0,131.0,0.9924242424242424,2026-07-17 13:17
62472213,PorSi Alimento Cão Adulto Mix 10Kg,06MARCAPRO,C,1.2,1,1,FORECASTABLE,Intermittent,130.0,129.0,0.9923076923076923,2026-07-17 13:17
62472214,PorSi Alimento Cão Adulto Mix 20Kg,06MARCAPRO,C,2.16,1,1,FORECASTABLE,Intermittent,130.0,129.0,0.9923076923076923,2026-07-17 13:17
62485007,PorSi Alimento Cão Atividade Normal 4Kg,06MARCAPRO,C,0.64,1,1,FORECASTABLE,Intermittent,123.0,121.99999999999993,0.991869918699187,2026-07-17 13:17
62485008,PorSi Alimento Cão Atividade Normal 15Kg,06MARCAPRO,C,3.15,2,1,FORECASTABLE,Intermittent,1.0,63.48000000000003,0.9838709677419355,2026-07-17 13:17
62488660,PorSi Alimento Cão Adulto Mix 4Kg,06MARCAPRO,C,3.84,1,1,FORECASTABLE,Intermittent,122.0,120.99999999999991,0.9918032786885246,2026-07-17 13:17
62488661,PorSi Alimento Cão Adulto Mix 10Kg,06MARCAPRO,C,5.4,1,1,FORECASTABLE,Intermittent,122.0,121.0,0.9918032786885246,2026-07-17 13:17
62488663,PorSi Alimento Cão Adulto Mix 20Kg,06MARCAPRO,C,6.48,1,1,FORECASTABLE,Intermittent,122.0,121.00000000000004,0.9918032786885246,2026-07-17 13:17
62488662,PorSi Alimento Cão Adulto Mix 20Kg,06MARCAPRO,C,5.76,1,1,FORECASTABLE,Intermittent,122.0,121.00000000000009,0.9918032786885246,2026-07-17 13:17
62491874,PorSi Alimento Cão Adulto Mix 10Kg,06MARCAPRO,C,4.8,2,1,FORECASTABLE,Intermittent,1.0,59.50000000000001,0.9834710743801653,2026-07-17 13:17
62491872,PorSi Alimento Cão Adulto Mix 4Kg,06MARCAPRO,C,3.84,2,1,FORECASTABLE,Intermittent,1.0,59.50000000000005,0.9834710743801653,2026-07-17 13:17
62491911,PorSi Alimento Cão Atividade Normal 15Kg,06MARCAPRO,C,2.52,1,1,FORECASTABLE,Intermittent,120.0,119.0000000000001,0.9916666666666667,2026-07-17 13:17
62766887,PorSi Alimento Cão Adulto Mix 10Kg,06MARCAPRO,C,1.2,1,1,FORECASTABLE,Intermittent,22.0,21.000000000000007,0.9545454545454546,2026-07-17 13:17
62491910,PorSi Alimento Cão Atividade Normal 15Kg,06MARCAPRO,C,13.23,2,1,FORECASTABLE,Intermittent,1.0,59.63718820861677,0.9834710743801653,2026-07-17 13:17
62491908,PorSi Alimento Cão Atividade Normal 4Kg,06MARCAPRO,C,3.2,2,1,FORECASTABLE,Intermittent,1.0,61.91999999999995,0.9834710743801653,2026-07-17 13:17
62826087,PorSi Alimento Cão Atividade Normal 15Kg,06MARCAPRO,C,15.12,2,0,INSUFFICIENT_HISTORY,,,,0.5,2026-07-17 13:17
62826088,PorSi Alimento Cão Atividade Normal 4Kg,06MARCAPRO,C,5.12,1,0,INSUFFICIENT_HISTORY,,,,0.6666666666666666,2026-07-17 13:17
62766888,PorSi Alimento Cão Adulto Mix 4Kg,06MARCAPRO,C,1.28,1,1,FORECASTABLE,Intermittent,22.0,21.000000000000014,0.9545454545454546,2026-07-17 13:17
62491879,PorSi Alimento Cão Adulto Mix 20Kg,06MARCAPRO,C,12.96,2,1,FORECASTABLE,Intermittent,1.0,60.24691358024688,0.9834710743801653,2026-07-17 13:17
62766889,PorSi Alimento Cão Adulto Mix 20Kg,06MARCAPRO,C,2.16,1,1,FORECASTABLE,Intermittent,22.0,21.000000000000007,0.9545454545454546,2026-07-17 13:17
62492031,PorSi Silica 1.5Kg,SILICA,C,1.8719999999999999,2,1,FORECASTABLE,Intermittent,1.0,59.49999999999996,0.9834710743801653,2026-07-17 13:17
62500219,PorSi Silica 1.5Kg,SILICA,C,3.7439999999999998,1,1,FORECASTABLE,Intermittent,117.0,115.99999999999987,0.9914529914529915,2026-07-17 13:17
62526863,PorSi Silica 1.5Kg,SILICA,C,5.148,1,1,FORECASTABLE,Intermittent,105.0,104.00000000000006,0.9904761904761905,2026-07-17 13:17
730626,Alim Sc Cão Activpet Croquetes 15Kg,06MARCAPRO,A,2409.045,56,1,FORECASTABLE,Lumpy,1.0545454545454545,3.423759045313034,0.6818181818181818,2026-07-17 13:17
7510921,CONTINENTE POUPANCA SOPA 6KG,06MARCAPRO,A,520.4459999999999,103,1,FORECASTABLE,Lumpy,1.0686274509803921,1.4447332393997037,0.4147727272727273,2026-07-17 13:17
8290076,AL SECO CAO VITALIDADE RP 1.5KG CNT PET,06MARCAPRO,A,219.672,62,1,FORECASTABLE,Smooth,1.0327868852459017,0.4953206985668415,0.046153846153846156,2026-07-17 13:17
700PGS25,R-700 Coelhos - Granulado 25 Kg - Linha Prata ,ZEZERE,C,1.375,5,1,FORECASTABLE,Intermittent,36.5,34.57355371900825,0.9705882352941176,2026-07-17 13:17
700PGSAQ,R-700 Coelhos - Granulado 5 Kg - Linha Prata ,ZEZERE,C,1.055,8,1,FORECASTABLE,Intermittent,20.857142857142858,21.517239055726513,0.9529411764705882,2026-07-17 13:17
7458070,AL SECO CAO CONT.POUPANCA CROQUETES 15KG,06MARCAPRO,A,4975.29,118,1,FORECASTABLE,Lumpy,1.0341880341880343,1.1463690954739676,0.3218390804597701,2026-07-17 13:17
7510922,Continente Poupança Raças Pequenas 4Kg,06MARCAPRO,A,951.748,117,1,FORECASTABLE,Smooth,1.0086206896551724,0.9339846253612096,0.3352272727272727,2026-07-17 13:17
8290131,AL SECO CAO JUN VITALIDADE 2KG CNT PET,06MARCAPRO,B,134.88,43,1,FORECASTABLE,Smooth,1.1428571428571428,0.7635288306885679,0.14,2026-07-17 13:17
8290133,AL SECO CAO JUN VITALIDADE 4KG CNT PET,06MARCAPRO,A,337.92,42,1,FORECASTABLE,Smooth,1.170731707317073,0.7701876721763086,0.16,2026-07-17 13:17
8290140,AL SECO CAO VITALIDADE 4KG CNT PET,06MARCAPRO,A,371.20000000000005,49,1,FORECASTABLE,Smooth,1.2083333333333333,0.9979785969084423,0.18333333333333332,2026-07-17 13:17
8290077,AL SECO CAO VITALIDADE 9KG CNT PET,06MARCAPRO,B,245.64,38,1,FORECASTABLE,Lumpy,1.5135135135135136,2.108634438043543,0.3870967741935484,2026-07-17 13:17
8290144,AL SECO CAO VITALIDADE 14KG CNT PET PP,06MARCAPRO,A,313.992,45,1,FORECASTABLE,Erratic,1.3409090909090908,1.6701244231227812,0.26229508196721313,2026-07-17 13:17
8290150,AL SECO CAO COMPLETO 4KG CNT PET,06MARCAPRO,A,753.9199999999998,56,1,FORECASTABLE,Smooth,1.0727272727272728,0.47224584271347086,0.08196721311475409,2026-07-17 13:17
8290159,AL SECO CAO ALTA NUTRIC 9KG CNT PET PREM,06MARCAPRO,B,52.91999999999999,28,1,FORECASTABLE,Lumpy,1.4814814814814814,2.203092461474387,0.44,2026-07-17 13:17
8290219,AL SECO CAO COMPLETO 10KG CNT PET,06MARCAPRO,A,273.0,47,1,FORECASTABLE,Erratic,1.2391304347826086,1.4529066537857747,0.2033898305084746,2026-07-17 13:17
8290221,AL SECO CAO ALTA NUTRIC 4KG CNT PET PREM,06MARCAPRO,B,117.75999999999999,38,1,FORECASTABLE,Erratic,1.3243243243243243,1.4071951795841215,0.2549019607843137,2026-07-17 13:17
997842,Kitty Gato Carne 10kg,06MARCAPRO,B,57.63,13,1,FORECASTABLE,Smooth,1.0833333333333333,0.7850907298466413,0.13333333333333333,2026-07-17 13:17
998196,Activpet Raças Pequenas 3Kg,06MARCAPRO,B,96.95999999999998,19,1,FORECASTABLE,Smooth,1.1111111111111112,0.5366140574453486,0.13636363636363635,2026-07-17 13:17
8290243,AL SECO CAO ALTA NUTRIC 14KG CNT PET PREM PP,06MARCAPRO,B,179.928,24,1,FORECASTABLE,Lumpy,1.826086956521739,2.8836344995514556,0.5,2026-07-17 13:17
999982,Activpet Light & Sénior 4kg,06MARCAPRO,B,59.52000000000001,17,1,FORECASTABLE,Smooth,1.1875,0.6000693721817549,0.19047619047619047,2026-07-17 13:17
8290268,AL SECO CAO VITALIDADE RP 4KG CNT PET PP,06MARCAPRO,A,465.28000000000003,55,1,FORECASTABLE,Smooth,1.0555555555555556,0.6951103912935712,0.06779661016949153,2026-07-17 13:17
8290237,AL SECO CAO COMPLETO 15KG CNT PET PP,06MARCAPRO,A,1506.582,51,1,FORECASTABLE,Erratic,1.22,1.1552881125306356,0.203125,2026-07-17 13:17
ABFNATUREADULT80,Sample BioFarm Nature Line Dog Maintenance 80g,AMOSTRAS,C,0.016,1,1,FORECASTABLE,Intermittent,141.0,140.00000000000006,0.9929078014184397,2026-07-17 13:17
8290240,AL SECO CAO JUN VITALIDADE 10KG CNT PET PP,06MARCAPRO,A,466.8,62,1,FORECASTABLE,Smooth,1.0491803278688525,0.6877168403592363,0.06060606060606061,2026-07-17 13:17
ABFNATUREAE80,Sample BioFarm Nature Line Dog High Energy 80g,AMOSTRAS,C,0.016,1,1,FORECASTABLE,Intermittent,141.0,140.00000000000006,0.9929078014184397,2026-07-17 13:17
ABFNATURECAT80,Sample BioFarm Nature Line Adult Cat 80g,AMOSTRAS,C,0.016,1,1,FORECASTABLE,Intermittent,141.0,140.00000000000006,0.9929078014184397,2026-07-17 13:17
ABFNATUREJR80,Sample BioFarm Nature Line Puppy 80g,AMOSTRAS,C,0.016,1,1,FORECASTABLE,Intermittent,141.0,140.00000000000006,0.9929078014184397,2026-07-17 13:17
900483,Silica Gel Activpet 3.8L,SILICA,B,238.212,29,1,FORECASTABLE,Intermittent,1.3928571428571428,9.622592934256081,0.8352272727272727,2026-07-17 13:17
ABFPREMIUMCF80,Sample BioFarm Premium Dog Fresh Meat 80g,AMOSTRAS,C,0.016,1,1,FORECASTABLE,Intermittent,141.0,140.00000000000006,0.9929078014184397,2026-07-17 13:17
ABFPREMIUMGF80,Sample BioFarm Premium Adult Dog Grain Free 80g,AMOSTRAS,C,0.016,1,1,FORECASTABLE,Intermittent,141.0,140.00000000000006,0.9929078014184397,2026-07-17 13:17
ABFPREMIUMHIPO80,Sample BioFarm Premium Dog Hypoallergenic 80g,AMOSTRAS,C,0.016,1,1,FORECASTABLE,Intermittent,141.0,140.00000000000006,0.9929078014184397,2026-07-17 13:17
ABFPREMIUMRGCF80,Sample BioFarm Premium Large Breeds Fresh Meat 80g,AMOSTRAS,C,0.016,1,1,FORECASTABLE,Intermittent,141.0,140.00000000000006,0.9929078014184397,2026-07-17 13:17
ABFPREMIUMSA80,Sample BioFarm Premium Dog Salmon and Rice 80g,AMOSTRAS,C,0.016,1,1,FORECASTABLE,Intermittent,141.0,140.00000000000006,0.9929078014184397,2026-07-17 13:17
873824,Alim Sc Cão Activpet Croquetes 20Kg,06MARCAPRO,A,4911.860000000001,105,1,FORECASTABLE,Lumpy,1.6634615384615385,1.108471017239417,0.4,2026-07-17 13:17
AENERGYPETPLUS80,Amostra Energy Pet Plus 80g,11ENERGYP,C,0.016640000000000002,14,1,FORECASTABLE,Intermittent,8.384615384615385,22.862980769230766,0.9102564102564102,2026-07-17 13:17
AGRIBARADULTO4,Agribar Cão Adulto 4Kg,06MARCAPRO,C,21.759999999999998,10,1,FORECASTABLE,Intermittent,17.333333333333332,16.055363321799316,0.9371069182389937,2026-07-17 13:17
AGRIBARAE20,Agribar Alta Energia 20Kg,06MARCAPRO,B,66.6,9,1,FORECASTABLE,Intermittent,21.5,22.89920298677056,0.9488636363636364,2026-07-17 13:17
AGRIBARAEPREMIUM20,Agribar Cão Alta Energia  30/17 20Kg,06MARCAPRO,B,50.34,10,1,FORECASTABLE,Intermittent,19.11111111111111,20.290861395589044,0.9431818181818182,2026-07-17 13:17
AGRIBARADULTO20,Agribar Cão Adulto Premium 20Kg,06MARCAPRO,B,239.7,23,1,FORECASTABLE,Intermittent,7.7727272727272725,7.637745492253301,0.867816091954023,2026-07-17 13:17
AGRIBARGATO4,Agribar Gato Adulto 4Kg,06MARCAPRO,B,154.608,19,1,FORECASTABLE,Intermittent,9.222222222222221,9.97322893109077,0.8908045977011494,2026-07-17 13:17
AGRIBARJR20,Agribar Cão Junior 20Kg,06MARCAPRO,B,35.400000000000006,10,1,FORECASTABLE,Intermittent,14.777777777777779,16.573283539212873,0.9310344827586207,2026-07-17 13:17
AGRIBARJR4,Agribar Cão Junior 4Kg,06MARCAPRO,C,17.92,8,1,FORECASTABLE,Intermittent,20.285714285714285,18.234693877551017,0.9448275862068966,2026-07-17 13:17
AGUILARAE20,Aguilar Cão Alta Energia 20Kg,06MARCAPRO,B,134.92000000000002,14,1,FORECASTABLE,Intermittent,9.538461538461538,10.32804277775175,0.8970588235294118,2026-07-17 13:17
AHAPPYMEDADULTOSARDINHA70,Amostra HO Mediterraneum Cão Adulto Sardinha 70g,AMOSTRAS,C,0.027859999999999996,13,1,FORECASTABLE,Intermittent,4.166666666666667,31.401820661094415,0.9221556886227545,2026-07-17 13:17
AGRIVILMIX20,Agrivil Mix 20Kg,06MARCAPRO,B,187.2,15,1,FORECASTABLE,Intermittent,12.142857142857142,10.533333333333333,0.9132947976878613,2026-07-17 13:17
AGRIBARREGULAR20,Agribar Cão Regular 20Kg,06MARCAPRO,A,380.84000000000003,31,1,FORECASTABLE,Intermittent,5.766666666666667,5.512891524615139,0.8238636363636364,2026-07-17 13:17
ALIMERKAADULTO10,Alimerka Cão Adulto 10kg,06MARCAPRO,B,98.40000000000002,20,1,FORECASTABLE,Lumpy,2.6315789473684212,2.2265080309339664,0.6296296296296297,2026-07-17 13:17
ALIPETADULTOMBVG10,Alipet Cão Adulto MB VG 10Kg,01ALIPET,C,52.5,2,1,FORECASTABLE,Intermittent,25.0,28.502675736961447,0.9661016949152542,2026-07-17 13:17
ALIPETADULTOCH20,Alipet Cão Adulto 20Kg,01ALIPET,B,203.94,3,1,FORECASTABLE,Intermittent,1.0,48.486714634325146,0.9724770642201835,2026-07-17 13:17
ALIMERKAADULTO4,Alimerka Cão Adulto 4kg,06MARCAPRO,B,50.96000000000001,19,1,FORECASTABLE,Lumpy,2.4444444444444446,1.7996618765849541,0.6041666666666666,2026-07-17 13:17
AHAPPYAE80,Amostra HappyOne Cão Alta Energia 80g,04HAPPYONE,C,0.012800000000000002,20,1,FORECASTABLE,Intermittent,6.684210526315789,18.765312499999997,0.8850574712643678,2026-07-17 13:17
ALIPETGATOP20,Alipet Gato Adulto 20Kg,01ALIPET,C,31.759999999999998,5,1,FORECASTABLE,Intermittent,1.5,17.47158474452601,0.921875,2026-07-17 13:17
ALIPETGATOMB18,Alipet Gato Adulto MB 18Kg,06MARCAPRO,B,204.426,13,1,FORECASTABLE,Intermittent,6.75,13.358961116958767,0.9239766081871345,2026-07-17 13:17
ALIPETMIX20,Alipet Cão Adulto Mix 20Kg,01ALIPET,C,29.62,6,1,FORECASTABLE,Intermittent,21.0,37.51013125518327,0.9571428571428572,2026-07-17 13:17
AMIGO10,Amigo Perro Adulto 10kg,06MARCAPRO,A,885.12,77,1,FORECASTABLE,Smooth,1.0394736842105263,0.4363215870431629,0.04938271604938271,2026-07-17 13:17
ALIPETADULTO20,Alipet Cão Adulto 20Kg,01ALIPET,A,4357.72,175,1,FORECASTABLE,Smooth,1.0,0.40855303557202305,0.005681818181818182,2026-07-17 13:17
AMISTADCATMEAT20,AMISTAD Cat 20Kg,06MARCAPRO,C,46.8,2,1,FORECASTABLE,Intermittent,31.0,82.00000000000007,0.9879518072289156,2026-07-17 13:17
AMIGO18,Amigo Perro Adulto 18kg,06MARCAPRO,A,3379.2659999999996,77,1,FORECASTABLE,Smooth,1.0394736842105263,0.35339115081511135,0.04938271604938271,2026-07-17 13:17
ALIPETGATO20,Alipet Gato Adulto 20Kg,01ALIPET,A,5790.12,175,1,FORECASTABLE,Smooth,1.0,0.4616346084250015,0.005681818181818182,2026-07-17 13:17
ANANDABASICHM18,Ananda Basic - HM 18Kg,06MARCAPRO,C,6.425999999999999,1,1,FORECASTABLE,Intermittent,50.0,48.999999999999964,0.98,2026-07-17 13:17
ALIPETGATOMIX20,Alipet Gato Adulto Mix 20Kg,01ALIPET,A,1804.1200000000001,91,1,FORECASTABLE,Lumpy,1.5333333333333334,1.397525124322709,0.35,2026-07-17 13:17
ANANDABASICMB18LCG,Ananda Basic Saco Blanco LCG 18Kg,06MARCAPRO,C,16.11,2,1,FORECASTABLE,Intermittent,29.0,21.167481664117844,0.9354838709677419,2026-07-17 13:17
AMIGO4,Amigo Perro Adulto 4kg,06MARCAPRO,A,899.0480000000001,77,1,FORECASTABLE,Smooth,1.0,0.23790550502060795,0.01282051282051282,2026-07-17 13:17
ANANDABASICMV18LCG,Ananda Basic Saco Verde LCG 18Kg,06MARCAPRO,C,11.934,2,1,FORECASTABLE,Intermittent,20.0,10.342560553633218,0.9090909090909091,2026-07-17 13:17
ANANDABASICMV20JCR,Ananda Basic Manga Verde 20Kg - Juan Camelo Ramirez,06MARCAPRO,C,18.72,2,1,FORECASTABLE,Intermittent,9.0,8.000000000000004,0.8888888888888888,2026-07-17 13:17
ANANDABASICMB18,Ananda Basic Saco Blanco 18Kg,06MARCAPRO,C,4.914,1,1,FORECASTABLE,Intermittent,140.0,138.99999999999994,0.9928571428571429,2026-07-17 13:17
ANANDAAEMV20HON,Ananda Energy Manga Verde 20Kg - Herd Nuñez Honrad,06MARCAPRO,B,87.04,10,1,FORECASTABLE,Intermittent,8.0,9.609195484834556,0.9019607843137255,2026-07-17 13:17
ANANDAAEMB20PLM,Ananda Energy Manga Blanca 20Kg - Piensos los Montes,06MARCAPRO,B,90.85999999999999,20,1,FORECASTABLE,Intermittent,4.315789473684211,3.2163798959912935,0.7619047619047619,2026-07-17 13:17
ANANDAAE18,Ananda Energy 18Kg,06MARCAPRO,A,497.754,120,1,FORECASTABLE,Erratic,1.2857142857142858,1.062859520864007,0.22580645161290322,2026-07-17 13:17
ANANDABASICMB20HON,Ananda Basic Manga Blanca 20Kg - Herd Nuñez Honrad,06MARCAPRO,B,327.58,21,1,FORECASTABLE,Intermittent,4.8,4.9902887238088685,0.7941176470588235,2026-07-17 13:17
ANANDABASICMV20PLM,Ananda Basic Manga Verde 20Kg - Piensos Los Montes,06MARCAPRO,B,84.62,19,1,FORECASTABLE,Intermittent,4.555555555555555,3.4470207600416516,0.7738095238095238,2026-07-17 13:17
ARTIFACTCATKITTENMB20,Artifact Cat Kitten MB 20Kg,06MARCAPRO,C,7.8,1,1,FORECASTABLE,Intermittent,60.0,58.99999999999998,0.9833333333333333,2026-07-17 13:17
ANANDAGATOMB20HON,Ananda Gato Manga Blanca 20Kg - Herd Nuñez Honrado,06MARCAPRO,B,84.7,10,1,FORECASTABLE,Intermittent,8.0,10.406095769637687,0.9019607843137255,2026-07-17 13:17
ANANDAGATO18,Ananda Gato 18Kg,06MARCAPRO,A,327.47399999999993,77,1,FORECASTABLE,Erratic,1.3157894736842106,1.5669881560190018,0.24509803921568626,2026-07-17 13:17
ARTIFACTGATOCARNE10,Artifact Adult Cat Meat 10Kg,06MARCAPRO,C,10.41,2,1,FORECASTABLE,Intermittent,27.0,84.56494946391057,0.9879518072289156,2026-07-17 13:17
ANANDABASIC18,Ananda Basic 18Kg,06MARCAPRO,A,1567.4579999999999,145,1,FORECASTABLE,Smooth,1.0833333333333333,0.8206703633875231,0.08227848101265822,2026-07-17 13:17
ARTIFACTMANUTENCAO18,Artifact Maintenance 18Kg,06MARCAPRO,C,28.08,2,1,FORECASTABLE,Intermittent,13.0,57.76000000000003,0.9823008849557522,2026-07-17 13:17
ANANDAJRMV20HON,Ananda Junior Manga Verde 20Kg - Herd Nuñez Honrad,06MARCAPRO,B,50.7,7,1,FORECASTABLE,Intermittent,11.166666666666666,14.088757396449703,0.9313725490196079,2026-07-17 13:17
ARTIFACTGATOMIX10,Artifact Adult Cat Mix 10Kg,06MARCAPRO,C,11.66,3,1,FORECASTABLE,Intermittent,23.5,67.16281197685132,0.9819277108433735,2026-07-17 13:17
ANANDAJR18,Ananda Junior 18Kg,06MARCAPRO,B,174.123,64,1,FORECASTABLE,Lumpy,1.5714285714285714,2.450414740293693,0.36633663366336633,2026-07-17 13:17
ARTIFACTMIX20,Artifact Adult Dog Mix 20Kg,06MARCAPRO,B,49.000000000000014,5,1,FORECASTABLE,Intermittent,18.0,28.202342357351103,0.9572649572649573,2026-07-17 13:17
ARTIFACTGATOCARNE20,Artifact Adult Cat Meat 20Kg,06MARCAPRO,A,1485.54,72,1,FORECASTABLE,Lumpy,2.408450704225352,2.548992147244902,0.5838150289017341,2026-07-17 13:17
AVICANADULTOMIX20,AVICAN Adulto Mix 20Kg,06MARCAPRO,C,16.38,4,1,FORECASTABLE,Intermittent,23.666666666666668,42.510204081632644,0.9743589743589743,2026-07-17 13:17
ARTIFACTGATOPEIXE20,Artifact Adult Cat Fish 20Kg,06MARCAPRO,B,171.96,21,1,FORECASTABLE,Intermittent,8.45,13.280110582525644,0.88,2026-07-17 13:17
ARTIFACTGATOMIX20,Artifact Adult Cat Mix 20Kg,06MARCAPRO,A,1917.1200000000001,99,1,FORECASTABLE,Lumpy,1.7755102040816326,2.4827735886921687,0.4375,2026-07-17 13:17
AVICANAE20,AVICAN Alta Energia 20Kg,06MARCAPRO,C,20.8,3,1,FORECASTABLE,Intermittent,17.5,55.914062500000014,0.9806451612903225,2026-07-17 13:17
BALAAE20,Bala Adulto Alta Energia 20Kg,06MARCAPRO,C,14.04,4,1,FORECASTABLE,Lumpy,2.0,2.388888888888889,0.5555555555555556,2026-07-17 13:17
ARTIFACTMANUTENCAO20,Artifact Maintenance 20Kg,06MARCAPRO,A,949.46,67,1,FORECASTABLE,Lumpy,2.5757575757575757,3.084118897573229,0.6171428571428571,2026-07-17 13:17
BALAAEMB20,Bala Adulto Alta Energia Manga Branca 20Kg,06MARCAPRO,C,15.66,2,1,FORECASTABLE,Intermittent,6.0,15.000234876176219,0.9375,2026-07-17 13:17
AVICANJR20,AVICAN Junior 20Kg,06MARCAPRO,C,6.24,2,1,FORECASTABLE,Intermittent,1.0,81.87499999999997,0.9871794871794872,2026-07-17 13:17
AVICANGATO20,AVICAN Gato 20Kg,06MARCAPRO,C,25.68,4,1,FORECASTABLE,Intermittent,11.666666666666666,45.80164206480917,0.9772727272727273,2026-07-17 13:17
AVICANADULTO20,AVICAN Adulto 20Kg,06MARCAPRO,B,147.64000000000001,8,1,FORECASTABLE,Intermittent,19.142857142857142,22.69479929542236,0.9545454545454546,2026-07-17 13:17
BALICATPAL18,Bali Cat 18Kg,06MARCAPRO,C,19.278,1,1,FORECASTABLE,Intermittent,144.0,143.0,0.9930555555555556,2026-07-17 13:17
AYALAADULTO18,Ayala Perro Adulto 18kg,06MARCAPRO,B,320.16599999999994,20,1,FORECASTABLE,Lumpy,2.8947368421052633,2.423088176069889,0.6491228070175439,2026-07-17 13:17
AYALAADULTO4,Ayala Cão Adulto 4kg,06MARCAPRO,B,254.80000000000004,19,1,FORECASTABLE,Lumpy,2.8333333333333335,2.3631735297669354,0.6415094339622641,2026-07-17 13:17
BENDOGCOMP2.5,"Benji Complete 2,5Kg",06MARCAPRO,C,10.8,3,1,FORECASTABLE,Intermittent,83.0,56.49874999999999,0.9824561403508771,2026-07-17 13:17
CAMPEAOADULTO20A,Campeão Cão Adulto 20Kg,02CAMPEAO,B,59.16,5,1,FORECASTABLE,Lumpy,1.25,1.0707491082045184,0.4444444444444444,2026-07-17 13:17
BENCATFISH2,Benji Cat Fish 2Kg,06MARCAPRO,C,28.62,5,1,FORECASTABLE,Intermittent,41.5,34.234248205723226,0.9707602339181286,2026-07-17 13:17
CAMPEAOADULTO4A,Campeão Cão Adulto 4Kg,02CAMPEAO,C,4.48,3,1,FORECASTABLE,Lumpy,2.5,2.239999999999999,0.6666666666666666,2026-07-17 13:17
BALICAT18,Bali Cat 18Kg,06MARCAPRO,B,325.404,28,1,FORECASTABLE,Intermittent,6.148148148148148,6.651992084894357,0.8333333333333334,2026-07-17 13:17
CAMPEAOADULTOMV20PG,Campeão Cão Adulto MV - Piensos Galacer 20Kg,06MARCAPRO,C,19.5,6,1,FORECASTABLE,Intermittent,2.8,19.4304,0.9469026548672567,2026-07-17 13:17
BENCATMEAT2,Benji Cat Meat 2Kg,06MARCAPRO,C,33.306000000000004,5,1,FORECASTABLE,Intermittent,41.5,33.23250229663192,0.9707602339181286,2026-07-17 13:17
CAMPEAOADULTOOVO20A,Campeão Cão Adulto com Ovo 20Kg,02CAMPEAO,C,7.14,4,0,INSUFFICIENT_HISTORY,,,,0.5,2026-07-17 13:17
BENCATMIX2,Benji Cat Mix 2Kg,06MARCAPRO,C,37.11,5,1,FORECASTABLE,Intermittent,41.5,35.21497554845251,0.9707602339181286,2026-07-17 13:17
BENMAINTMIX2.5,"Benji Dog Maintenance 2,5Kg",06MARCAPRO,C,12.627500000000001,4,1,FORECASTABLE,Intermittent,55.333333333333336,42.54832135696396,0.9766081871345029,2026-07-17 13:17
CAMPEAOADULTOR20,Campeão Cão Adulto 20Kg,02CAMPEAO,B,66.3,4,1,FORECASTABLE,Intermittent,4.666666666666667,8.406920415224915,0.8260869565217391,2026-07-17 13:17
CAMPEAOADULTOP20,Campeão Cão Adulto 20Kg,02CAMPEAO,A,565.14,14,1,FORECASTABLE,Intermittent,1.0,6.629748833554559,0.78125,2026-07-17 13:17
CAMPEAOADULTOP4,Campeão Cão Adulto 4Kg,02CAMPEAO,C,25.332,6,1,FORECASTABLE,Intermittent,1.2,12.379523253473991,0.9032258064516129,2026-07-17 13:17
CAMPEAOADULTO20,Campeão Cão Adulto 20Kg,02CAMPEAO,A,20532.56,175,1,FORECASTABLE,Smooth,1.0,0.13234595732864118,0.005681818181818182,2026-07-17 13:17
CAMPEAOADULTOMV20,Campeão Cão Adulto MV 20Kg,06MARCAPRO,B,71.75999999999999,17,1,FORECASTABLE,Intermittent,3.625,12.43927221172023,0.9028571428571428,2026-07-17 13:17
CAMPEAOADULTO4,Campeão Cão Adulto 4Kg,02CAMPEAO,A,728.596,170,1,FORECASTABLE,Smooth,1.029585798816568,0.2974120547022143,0.03409090909090909,2026-07-17 13:17
CAMPEAOADULTOOVO20,Campeão Cão Adulto com Ovo 20Kg,02CAMPEAO,A,937.1400000000001,155,1,FORECASTABLE,Erratic,1.12987012987013,1.1873103674283696,0.11931818181818182,2026-07-17 13:17
CAMPEAOAE20A,Campeão Cão Adulto Alta Energia 20Kg,02CAMPEAO,C,1.02,1,0,INSUFFICIENT_HISTORY,,,,0.875,2026-07-17 14:02
CAMPEAOBASIC15A,Campeão Basic 15kg,02CAMPEAO,C,1.7999999999999998,1,0,INSUFFICIENT_HISTORY,,,,0.875,2026-07-17 14:02
CAMPEAOAEMB20PLM,Campeão Cão Adulto AE MB - Piensos Los Montes 20Kg,06MARCAPRO,C,23.4,5,1,FORECASTABLE,Intermittent,5.5,21.199999999999996,0.954954954954955,2026-07-17 14:02
CAMPEAOAEMB20PG,Campeão Cão Adulto AE MB -  Piensos Galacer 20Kg,06MARCAPRO,B,57.720000000000006,9,1,FORECASTABLE,Intermittent,13.0,14.162527392257122,0.9217391304347826,2026-07-17 14:02
CAMPEAOAEMB20,Campeão Cão Adulto Alta Energia MB 20Kg,06MARCAPRO,A,477.36,40,1,FORECASTABLE,Intermittent,1.4871794871794872,5.033870519885513,0.7714285714285715,2026-07-17 14:02
CAMPEAOESTERIL10,Campeão Gato Esterilizado 10Kg,02CAMPEAO,B,33.800000000000004,49,1,FORECASTABLE,Lumpy,1.7291666666666667,2.3160594867126494,0.4235294117647059,2026-07-17 14:02
CAMPEAOAEMB20DA,Campeão Cão Adulto AE MB - Daniel Alonso 20Kg,02CAMPEAO,A,443.8,33,1,FORECASTABLE,Intermittent,3.46875,2.6059930287831277,0.7105263157894737,2026-07-17 14:02
CAMPEAOESTERIL20,Campeão Gato Esterilizado 20Kg,02CAMPEAO,B,97.04,44,1,FORECASTABLE,Lumpy,1.9069767441860466,3.930322713065179,0.47619047619047616,2026-07-17 14:02
CAMPEAOGATO18A,Campeao Gato 18Kg,02CAMPEAO,C,4.59,3,0,INSUFFICIENT_HISTORY,,,,0.625,2026-07-17 14:02
CAMPEAOBASIC15,Campeão Basic 15kg,02CAMPEAO,A,289.47,108,1,FORECASTABLE,Lumpy,1.6074766355140186,1.8290885508866657,0.38636363636363635,2026-07-17 14:02
CAMPEAOAE20,Campeão Cão Adulto Alta Energia 20Kg,02CAMPEAO,A,6386.46,175,1,FORECASTABLE,Smooth,1.0,0.1538566211607932,0.005681818181818182,2026-07-17 14:02
CAMPEAOESTERIL4,Campeão Gato Esterilizado 4Kg,02CAMPEAO,B,32.81999999999999,75,1,FORECASTABLE,Erratic,1.1216216216216217,1.2289342158082746,0.11764705882352941,2026-07-17 14:02
CAMPEAOGATO1.5,Campeão Gato Adulto 1.5Kg,02CAMPEAO,A,383.967,172,1,FORECASTABLE,Smooth,1.0175438596491229,0.3500903551684096,0.022727272727272728,2026-07-17 14:02
CAMPEAOJR20A,Campeão Cão Junior 20Kg,02CAMPEAO,C,21.419999999999998,5,1,FORECASTABLE,Lumpy,1.25,1.7959183673469385,0.4444444444444444,2026-07-17 14:02
CAMPEAOGATO10,Campeão Gato Adulto 10Kg,02CAMPEAO,A,1681.6,175,1,FORECASTABLE,Smooth,1.0,0.1544532245127426,0.005681818181818182,2026-07-17 14:02
CAMPEAOJR4A,Campeão Cão Junior 4Kg,02CAMPEAO,C,6.272,4,1,FORECASTABLE,Lumpy,1.6666666666666667,1.7551020408163263,0.5555555555555556,2026-07-17 14:02
CAMPEAOGATO18,Campeao Gato 18Kg,02CAMPEAO,A,352.34999999999997,146,1,FORECASTABLE,Erratic,1.193103448275862,1.2894203614809596,0.1657142857142857,2026-07-17 14:02
CAMPEAOJRP4,Campeão Cão Junior 4Kg,02CAMPEAO,C,25.16,6,1,FORECASTABLE,Intermittent,1.0,18.92423626469452,0.9047619047619048,2026-07-17 14:02
CAMPEAOMIX20A,Campeão Cão Adulto Mix 20Kg,02CAMPEAO,C,7.14,3,0,INSUFFICIENT_HISTORY,,,,0.625,2026-07-17 14:02
CAMPEAOGATOSC18,Campeao Gato SC 18Kg,02CAMPEAO,B,63.468,37,1,FORECASTABLE,Intermittent,3.6666666666666665,6.563582610855457,0.7238805970149254,2026-07-17 14:02
CAMPEAOMIX4A,Campeão Cão Adulto Mix 4Kg,02CAMPEAO,C,2.24,2,0,INSUFFICIENT_HISTORY,,,,0.75,2026-07-17 14:02
CAMPEAOGATOSC1.5,Campeão Gato Adulto SC 1.5Kg,02CAMPEAO,B,36.9105,71,1,FORECASTABLE,Lumpy,2.2285714285714286,2.004119071303472,0.5590062111801242,2026-07-17 14:02
CAMPEAOGATOSC10,Campeão Gato Adulto SC 10Kg,02CAMPEAO,B,105.17,105,1,FORECASTABLE,Lumpy,1.5961538461538463,1.568946997697412,0.378698224852071,2026-07-17 14:02
CAMPEAOJR20,Campeão Cão Junior 20Kg,02CAMPEAO,A,5413.780000000001,175,1,FORECASTABLE,Smooth,1.0,0.20740648048912738,0.005681818181818182,2026-07-17 14:02
CARPICAN20,Carpican Adulto 20 kg,06MARCAPRO,B,51.48,5,1,FORECASTABLE,Intermittent,5.0,3.7777777777777777,0.7727272727272727,2026-07-17 14:02
CANARIOS20,Canarios 20Kg,ZEZERE,C,0.6799999999999999,6,1,FORECASTABLE,Intermittent,8.6,28.930795847750858,0.9653179190751445,2026-07-17 14:02
CAMPEAOMIX20,Campeão Cão Adulto Mix 20Kg,02CAMPEAO,A,4569.3,175,1,FORECASTABLE,Smooth,1.0,0.2008492906810961,0.005681818181818182,2026-07-17 14:02
CAMPEAOJR4,Campeão Cão Junior 4Kg,02CAMPEAO,A,778.016,173,1,FORECASTABLE,Smooth,1.0116279069767442,0.32615716063836564,0.017045454545454544,2026-07-17 14:02
CANARIOS5,Alimento completo p/ Canários 5Kg,ZEZERE,C,0.27,4,1,FORECASTABLE,Intermittent,38.333333333333336,44.96296296296297,0.9738562091503268,2026-07-17 14:02
CATURRAS20,Caturras 20Kg,ZEZERE,C,0.7000000000000001,5,1,FORECASTABLE,Intermittent,10.75,37.83673469387753,0.9710982658959537,2026-07-17 14:02
CAMPEAORP4,Campeão Raças Pequenas/Mini 4Kg,02CAMPEAO,B,62.684000000000005,79,1,FORECASTABLE,Smooth,1.064102564102564,0.6906527712056443,0.07058823529411765,2026-07-17 14:02
COOPERSAEMB20,Coopers High Energy 20Kg - MB - Etiq. Laranja,06MARCAPRO,C,7.0200000000000005,1,1,FORECASTABLE,Intermittent,55.0,53.99999999999998,0.9818181818181818,2026-07-17 14:02
COOPERSDOGSALMONRICE20MB,Coopers Dog Salmão e Arroz 20Kg - MB - Etiq.Branca,06MARCAPRO,C,5.1000000000000005,1,1,FORECASTABLE,Intermittent,13.0,12.000000000000002,0.9230769230769231,2026-07-17 14:02
CAMPEAOMIX4,Campeão Cão Adulto Mix 4Kg,02CAMPEAO,A,417.6,168,1,FORECASTABLE,Smooth,1.0419161676646707,0.40299901352005973,0.045454545454545456,2026-07-17 14:02
CATURRAS5,Alimento completo p/ Caturras 5Kg,ZEZERE,C,0.34500000000000003,5,1,FORECASTABLE,Intermittent,32.0,40.87481621508084,0.9698795180722891,2026-07-17 14:02
COOPERSBASICMIX20,Coopers Basic Mix 20Kg,06MARCAPRO,B,214.20000000000002,33,1,FORECASTABLE,Intermittent,5.09375,6.866373215953048,0.8058823529411765,2026-07-17 14:02
COOPERSGATOAMISTAD20,Coopers Cat Meat - Croq Amistad 20Kg,06MARCAPRO,B,172.76,11,1,FORECASTABLE,Intermittent,12.8,13.19370924715933,0.9153846153846154,2026-07-17 14:02
COOPERSAE20,Coopers High Energy 20Kg,06MARCAPRO,A,467.68000000000006,66,1,FORECASTABLE,Lumpy,2.646153846153846,4.112422114287233,0.6206896551724138,2026-07-17 14:02
CIPRIDOGAE20D,CipriDOG Alta Energia D 20Kg,06MARCAPRO,B,159.3,14,1,FORECASTABLE,Intermittent,12.615384615384615,11.514294530094585,0.9161676646706587,2026-07-17 14:02
COOPERSGATOMIX20V,Coopers Adult Cat Mix 20Kg - VAL 18 MESES,06MARCAPRO,B,73.44,2,1,FORECASTABLE,Intermittent,5.0,30.111111111111132,0.9642857142857143,2026-07-17 14:02
COOPERSBASIC20,Coopers Basic 20Kg,06MARCAPRO,A,747.4800000000001,64,1,FORECASTABLE,Lumpy,2.7301587301587302,2.6851126855319323,0.632183908045977,2026-07-17 14:02
COOPERSGATOCARNE20,Coopers Cat Meat 20Kg,06MARCAPRO,B,259.15999999999997,39,1,FORECASTABLE,Intermittent,4.473684210526316,5.181219050489525,0.7758620689655172,2026-07-17 14:02
COOPERSJRMV20,Coopers Puppy 20Kg - MV - Etiq. Branca,06MARCAPRO,C,3.12,1,1,FORECASTABLE,Intermittent,55.0,54.0,0.9818181818181818,2026-07-17 14:02
COOPERSGATOMIX20,Coopers Adult Cat Mix 20Kg,06MARCAPRO,A,1383.12,99,1,FORECASTABLE,Lumpy,1.7653061224489797,2.3635335214029545,0.4342857142857143,2026-07-17 14:02
DEKRAAE10,DEKRA High Energy 10Kg,06MARCAPRO,B,95.67000000000002,5,1,FORECASTABLE,Intermittent,8.0,12.8401445821375,0.927536231884058,2026-07-17 14:02
DEKRAPUPPY4,DEKRA Puppy 4Kg,06MARCAPRO,C,38.848,5,1,FORECASTABLE,Intermittent,8.0,12.80747271840879,0.927536231884058,2026-07-17 14:02
COOPERSGATOMIX4,Coopers Adult Cat Mix 4Kg,06MARCAPRO,B,61.76000000000001,28,1,FORECASTABLE,Intermittent,6.185185185185185,10.989957406574671,0.834319526627219,2026-07-17 14:02
DIVINUSADULT20V,Divinus Adult 20Kg,06MARCAPRO,C,13.26,1,0,INSUFFICIENT_HISTORY,,,,0.8,2026-07-17 14:02
COOPERSJR4,Coopers Puppy 4Kg,06MARCAPRO,B,27.552,23,1,FORECASTABLE,Intermittent,7.590909090909091,10.820168447609065,0.863905325443787,2026-07-17 14:02
DIVINUSADULTMIX20D,Divinus Adult Mix 20Kg D,06MARCAPRO,C,8.16,1,0,INSUFFICIENT_HISTORY,,,,0.875,2026-07-17 14:02
COOPERSGATOPEIXE20,Coopers Cat Fish 20Kg,06MARCAPRO,B,84.74000000000001,22,1,FORECASTABLE,Intermittent,7.857142857142857,10.394523803781032,0.8698224852071006,2026-07-17 14:02
COOPERSJR20,Coopers Puppy 20Kg,06MARCAPRO,A,328.92,67,1,FORECASTABLE,Lumpy,2.590909090909091,4.055690564526355,0.6127167630057804,2026-07-17 14:02
DIVINUSCOMPLETE20V,Divinus Complete 20Kg,06MARCAPRO,C,13.26,1,0,INSUFFICIENT_HISTORY,,,,0.8,2026-07-17 14:02
COOPERSMANUTENCAO20,Coopers Maintenance 20Kg,06MARCAPRO,B,143.76000000000002,34,1,FORECASTABLE,Intermittent,4.454545454545454,6.585926228373574,0.7748344370860927,2026-07-17 14:02
DIVINUSCATCHICKEN10,Divinus Cat Chicken 10Kg,06MARCAPRO,C,8.0,1,1,FORECASTABLE,Intermittent,45.0,44.0,0.9777777777777777,2026-07-17 14:02
DIVINUSESTERIL2V,Divinus Cat Sterelized 2kg,06MARCAPRO,C,1.296,1,0,INSUFFICIENT_HISTORY,,,,0.8,2026-07-17 14:02
DIACOBASIC18,Diaco Basic 18Kg,06MARCAPRO,B,247.10399999999998,11,1,FORECASTABLE,Intermittent,16.8,14.45454545454545,0.9352941176470588,2026-07-17 14:02
DIVINUSFLAVOURCATCR18V,DIVINUS FLAVOUR CAT CHICKEN & RICE 18Kg,06MARCAPRO,C,3.6719999999999997,1,0,INSUFFICIENT_HISTORY,,,,0.8,2026-07-17 14:02
DIVINUSADULT20,Divinus Adult 20Kg,06MARCAPRO,A,1815.62,158,1,FORECASTABLE,Smooth,1.10828025477707,0.729316596686079,0.10227272727272728,2026-07-17 14:02
DIVINUSFLAVOURCATSR18V,DIVINUS FLAVOUR CAT SALMON & RICE 18Kg,06MARCAPRO,C,3.6719999999999997,1,0,INSUFFICIENT_HISTORY,,,,0.8,2026-07-17 14:02
DIVINUSADULTMIX20,Divinus Adult Mix 20Kg,06MARCAPRO,B,83.69999999999999,12,1,FORECASTABLE,Intermittent,14.363636363636363,18.116542696008537,0.9294117647058824,2026-07-17 14:02
DIVINUSFLAVOURCATCR18,DIVINUS FLAVOUR CAT CHICKEN & RICE 18Kg,06MARCAPRO,B,70.86599999999999,37,1,FORECASTABLE,Lumpy,2.4722222222222223,2.9349594183059358,0.5934065934065934,2026-07-17 14:02
DIVINUSESTERIL10,Divinus Cat Sterelized 10kg,06MARCAPRO,B,148.20999999999998,59,1,FORECASTABLE,Lumpy,3.0,5.426266284214306,0.6647727272727273,2026-07-17 14:02
DIVINUSGATINHOS2V,Divinus Cat Kitten 2Kg,06MARCAPRO,C,1.944,1,0,INSUFFICIENT_HISTORY,,,,0.8,2026-07-17 14:02
DIVINUSESTERIL2,Divinus Cat Sterelized 2kg,06MARCAPRO,C,14.585,20,1,FORECASTABLE,Intermittent,8.894736842105264,14.210334087094099,0.8850574712643678,2026-07-17 14:02
DIVINUSCOMPLETE20,Divinus Complete 20Kg,06MARCAPRO,A,494.22,139,1,FORECASTABLE,Erratic,1.2608695652173914,1.1489720214688308,0.21022727272727273,2026-07-17 14:02
DIVINUSGATOCARNE20V,Divinus Cat Meat 20Kg - VAL 18 MESES,06MARCAPRO,C,27.54,2,1,FORECASTABLE,Intermittent,51.0,43.93827160493828,0.9642857142857143,2026-07-17 14:02
DIVINUSGATOCARNE2V,Divinus Cat Meat 2Kg,06MARCAPRO,C,1.296,1,0,INSUFFICIENT_HISTORY,,,,0.8,2026-07-17 14:02
DIVINUSFLAVOURCATSR18,DIVINUS FLAVOUR CAT SALMON & RICE 18Kg,06MARCAPRO,B,60.98399999999999,37,1,FORECASTABLE,Lumpy,2.4722222222222223,2.9451284065296095,0.5934065934065934,2026-07-17 14:02
DIVINUSFLAVOURDOGSR18,DIVINUS FLAVOUR DOG SALMON & RICE 18Kg,06MARCAPRO,B,62.982,40,1,FORECASTABLE,Lumpy,2.282051282051282,2.899546279543716,0.5604395604395604,2026-07-17 14:02
DIVINUSFLAVOURDOGLR18,DIVINUS FLAVOUR DOG LAMB & RICE 18Kg,06MARCAPRO,B,61.506,37,1,FORECASTABLE,Lumpy,2.4722222222222223,3.0361564759651274,0.5934065934065934,2026-07-17 14:02
DIVINUSGATOCOMPLETE20V,Divinus Cat Complete 20Kg,06MARCAPRO,C,21.72,1,0,INSUFFICIENT_HISTORY,,,,0.8,2026-07-17 14:02
DIVINUSGATOCOMPLETE2V,Divinus Cat Complete 2Kg,06MARCAPRO,C,1.944,1,0,INSUFFICIENT_HISTORY,,,,0.8,2026-07-17 14:02
DIVINUSGATINHOS2,Divinus Cat Kitten 2Kg,06MARCAPRO,C,21.358,28,1,FORECASTABLE,Intermittent,6.111111111111111,8.268133425755032,0.8409090909090909,2026-07-17 14:02
DIVINUSGATOCOMPLETEMB20,Divinus Cat Complete 20Kg,06MARCAPRO,C,11.22,2,1,FORECASTABLE,Intermittent,1.0,32.88023678114902,0.967741935483871,2026-07-17 14:02
DIVINUSGATOCARNE2,Divinus Cat Meat 2Kg,06MARCAPRO,B,26.172000000000004,36,1,FORECASTABLE,Intermittent,4.171428571428572,5.171009689623301,0.7954545454545454,2026-07-17 14:02
DIVINUSGATOCARNE20,Divinus Cat Meat 20Kg,06MARCAPRO,A,384.8,45,1,FORECASTABLE,Intermittent,3.840909090909091,4.461701756130031,0.7443181818181818,2026-07-17 14:02
DIVINUSGATOPEIXE20V,Divinus Cat Fish 20Kg,06MARCAPRO,C,3.06,1,0,INSUFFICIENT_HISTORY,,,,0.8,2026-07-17 14:02
DIVINUSGATOPEIXE2V,Divinus Cat Fish 2Kg,06MARCAPRO,C,1.296,1,0,INSUFFICIENT_HISTORY,,,,0.8,2026-07-17 14:02
DIVINUSGATOCOMPLETE7,Divinus Cat Complete 7Kg,06MARCAPRO,C,36.547,5,1,FORECASTABLE,Intermittent,33.25,39.19711975281707,0.9715909090909091,2026-07-17 14:02
DIVINUSJR4V,Divinus Puppy 4Kg,06MARCAPRO,C,0.896,1,0,INSUFFICIENT_HISTORY,,,,0.8,2026-07-17 14:02
DIVINUSGATOCOMPDOMUS20,Divinus Cat Complete Domus 20Kg,06MARCAPRO,B,222.54000000000002,26,1,FORECASTABLE,Intermittent,6.64,6.097406683099409,0.8497109826589595,2026-07-17 14:02
DIVINUSGATOCOMPLETE2,Divinus Cat Complete 2Kg,06MARCAPRO,B,26.054000000000002,39,1,FORECASTABLE,Intermittent,4.526315789473684,4.2611818163513435,0.7784090909090909,2026-07-17 14:02
DIVINUSGATOCOMPLETE20,Divinus Cat Complete 20Kg,06MARCAPRO,A,1482.06,146,1,FORECASTABLE,Erratic,1.2,1.1276361166811093,0.17045454545454544,2026-07-17 14:02
DIVINUSGATOPEIXE20,Divinus Cat Fish 20Kg,06MARCAPRO,B,67.98,10,1,FORECASTABLE,Intermittent,18.77777777777778,20.955835097130215,0.9431818181818182,2026-07-17 14:02
DIVINUSGATOPEIXE2,Divinus Cat Fish 2Kg,06MARCAPRO,C,24.418,33,1,FORECASTABLE,Intermittent,5.375,5.801571512822436,0.8125,2026-07-17 14:02
DIVINUSMINI4,Divinus Adult Mini 4Kg,06MARCAPRO,C,19.472,20,1,FORECASTABLE,Intermittent,4.842105263157895,9.571524229806581,0.8850574712643678,2026-07-17 14:02
DIVINUSPUPPY20V,Divinus Puppy 20Kg,06MARCAPRO,C,7.140000000000001,1,0,INSUFFICIENT_HISTORY,,,,0.8,2026-07-17 14:02
DIVINUSPERFORMANCEMB20,Divinus Performance 20Kg,06MARCAPRO,C,27.96,1,1,FORECASTABLE,Intermittent,61.0,60.00000000000003,0.9836065573770492,2026-07-17 14:02
DOMUSADULTO20A,Domus Cão Adulto 20Kg,08DOMUS,C,15.36,2,1,FORECASTABLE,Intermittent,4.0,3.7812499999999996,0.7777777777777778,2026-07-17 14:02
DIVINUSJR4,Divinus Puppy 4Kg,06MARCAPRO,B,75.5,57,1,FORECASTABLE,Lumpy,3.107142857142857,3.765914937765889,0.6761363636363636,2026-07-17 14:02
DOMUSADULTO4A,Domus Cão Adulto 4Kg,08DOMUS,C,1.792,1,1,FORECASTABLE,Intermittent,9.0,7.999999999999998,0.8888888888888888,2026-07-17 14:02
DIVINUSMINI10,Divinus Adult Mini 10kg,06MARCAPRO,B,148.23999999999998,92,1,FORECASTABLE,Lumpy,1.9120879120879122,2.3271484901163766,0.4772727272727273,2026-07-17 14:02
DOMUSAE20A,Domus Cão Alta Energia 20Kg,08DOMUS,C,1.02,1,1,FORECASTABLE,Intermittent,9.0,8.000000000000002,0.8888888888888888,2026-07-17 14:02
DIVINUSPERFORMANCE10,Divinus Performance 10Kg,06MARCAPRO,C,38.1,7,1,FORECASTABLE,Intermittent,22.833333333333332,27.335482670965334,0.9523809523809523,2026-07-17 14:02
DIVINUSPERFORMANCE20,Divinus Performance 20Kg,06MARCAPRO,A,5127.605,166,1,FORECASTABLE,Smooth,1.0545454545454545,0.43768466503932574,0.056818181818181816,2026-07-17 14:02
DOMUSADULTO4,Domus Cão Adulto 4Kg,08DOMUS,B,91.09200000000001,118,1,FORECASTABLE,Lumpy,1.4871794871794872,2.7720976931760153,0.32954545454545453,2026-07-17 14:02
DIVINUSPUPPY20,Divinus Puppy 20Kg,06MARCAPRO,A,1345.64,159,1,FORECASTABLE,Smooth,1.1012658227848102,0.6517601666843033,0.09659090909090909,2026-07-17 14:02
DOMUSJR20A,Domus Cão Junior 20Kg,08DOMUS,C,14.280000000000001,2,1,FORECASTABLE,Intermittent,4.0,3.5918367346938767,0.7777777777777778,2026-07-17 14:02
DOMUSAE20,Domus Cão Alta Energia 20Kg,08DOMUS,A,1202.2,168,1,FORECASTABLE,Smooth,1.0419161676646707,0.6824918216121328,0.045454545454545456,2026-07-17 14:02
DOMUSJR4A,Domus Cão Junior 4Kg,08DOMUS,C,3.584,2,1,FORECASTABLE,Intermittent,4.0,3.499999999999999,0.7777777777777778,2026-07-17 14:02
DOMUSADULTO20,Domus Cão Adulto 20Kg,08DOMUS,A,2363.0600000000004,173,1,FORECASTABLE,Smooth,1.0116279069767442,0.7614987457887757,0.017045454545454544,2026-07-17 14:02
DOMUSAE4,Domus Cão Alta Energia 4Kg,08DOMUS,B,35.54,51,1,FORECASTABLE,Intermittent,3.32,7.654321355632482,0.7068965517241379,2026-07-17 14:02
DOMUSGATO1.5,Domus Gato Adulto 1.5Kg,08DOMUS,B,30.714375,138,1,FORECASTABLE,Erratic,1.27007299270073,2.025624753032249,0.2159090909090909,2026-07-17 14:02
DOMUSGATO20,Domus Gato Adulto 20Kg,08DOMUS,A,1011.04,171,1,FORECASTABLE,Smooth,1.0235294117647058,0.8725245688297508,0.028409090909090908,2026-07-17 14:02
DOMUSJR4,Domus Cão Junior 4Kg,08DOMUS,A,189.23199999999997,145,1,FORECASTABLE,Erratic,1.2083333333333333,1.9772038303483894,0.17613636363636365,2026-07-17 14:02
DOMUSMIX20,Domus Cão Adulto Mix 20Kg,08DOMUS,A,364.82,132,1,FORECASTABLE,Erratic,1.3282442748091603,1.8679385926805616,0.25,2026-07-17 14:02
DOMUSJR20,Domus Cão Junior 20Kg,08DOMUS,A,1312.8600000000001,169,1,FORECASTABLE,Erratic,1.0357142857142858,1.0962160357741684,0.03977272727272727,2026-07-17 14:02
ENERGYPETAE20,EnergyPet Alta Performance 20Kg,11ENERGYP,A,2148.76,166,1,FORECASTABLE,Smooth,1.0545454545454545,0.6515137496908188,0.056818181818181816,2026-07-17 14:02
ENERGYPETJR10,EnergyPet Cão Junior 10Kg,11ENERGYP,C,9.6,3,0,INSUFFICIENT_HISTORY,,,,0.4,2026-07-17 14:02
DOMUSMIX4,Domus Cão Adulto Mix 4Kg,08DOMUS,B,46.57599999999999,73,1,FORECASTABLE,Lumpy,2.361111111111111,4.647640094827413,0.5852272727272727,2026-07-17 14:02
ENERGYPETJR20A,EnergyPet Junior 20Kg,11ENERGYP,C,2.04,1,0,INSUFFICIENT_HISTORY,,,,0.5,2026-07-17 14:02
ENERGYPETGATO20,EnergyPet Gato 20Kg,11ENERGYP,C,12.48,9,1,FORECASTABLE,Intermittent,3.5,4.24588572485207,0.7567567567567568,2026-07-17 14:02
ENERGYPETJR4A,EnergyPet Junior 4Kg,11ENERGYP,C,1.792,1,0,INSUFFICIENT_HISTORY,,,,0.5,2026-07-17 14:02
ENERGYPETPLUS10,Energypet Cão Adulto Plus 10Kg,11ENERGYP,C,12.96,2,0,INSUFFICIENT_HISTORY,,,,0.5,2026-07-17 14:02
ENERGYPETBASIC20,EnergyPet Basic 20Kg,11ENERGYP,A,905.1899999999999,119,1,FORECASTABLE,Lumpy,1.4661016949152543,1.5911128845149294,0.32,2026-07-17 14:02
ENERGYPETPLUS20A,EnergyPet Plus 20Kg,11ENERGYP,C,21.2,1,0,INSUFFICIENT_HISTORY,,,,0.5,2026-07-17 14:02
ENERGYPETBASIC4,EnergyPet Basic 4Kg,11ENERGYP,C,17.288,23,1,FORECASTABLE,Intermittent,7.7272727272727275,8.21238817530318,0.8685714285714285,2026-07-17 14:02
ENERGYPETPLUSP20,EnergyPet Plus 20Kg,11ENERGYP,B,115.77999999999999,4,1,FORECASTABLE,Intermittent,2.6666666666666665,26.916485005708758,0.9354838709677419,2026-07-17 14:02
EXOTICOS5,Alimento completo p/ Exóticos 5Kg,ZEZERE,C,0.12,1,1,FORECASTABLE,Intermittent,38.0,36.99999999999999,0.9736842105263158,2026-07-17 14:02
ENERGYPETGATO10,EnergyPet Gato 10Kg,11ENERGYP,A,195.88,105,1,FORECASTABLE,Lumpy,1.6730769230769231,1.820155901795488,0.4034090909090909,2026-07-17 14:02
ENERGYPETGATO2,Energypet Gato 2Kg,11ENERGYP,C,17.380000000000003,43,1,FORECASTABLE,Intermittent,4.119047619047619,6.213866976710925,0.7542857142857143,2026-07-17 14:02
ENERGYPETJR20,EnergyPet Junior 20Kg,11ENERGYP,A,945.26,153,1,FORECASTABLE,Erratic,1.138157894736842,1.0605098358681895,0.12571428571428572,2026-07-17 14:02
ENERGYPETPLUS20,EnergyPet Plus 20Kg,11ENERGYP,A,2942.4800000000005,163,1,FORECASTABLE,Smooth,1.0740740740740742,0.8671368414185368,0.07386363636363637,2026-07-17 14:02
FRANGOSGRS25,AVIZÊZERE FRANGOS Granulado 25 Kg,ZEZERE,C,0.9,1,1,FORECASTABLE,Intermittent,37.0,35.99999999999999,0.972972972972973,2026-07-17 14:02
ENERGYPETPLUS4,EnergyPet Plus 4Kg,11ENERGYP,B,25.521,40,1,FORECASTABLE,Intermittent,4.256410256410256,5.3941527375574285,0.7714285714285715,2026-07-17 14:02
FRANGOSMGS25,AVIZÊZERE FRANGOS Migalha 25 Kg,ZEZERE,C,0.24000000000000002,2,1,FORECASTABLE,Intermittent,7.0,30.77777777777779,0.9545454545454546,2026-07-17 14:02
GALINHASFRSAQ,AVIZÊZERE POEDEIRAS Farinha 5 Kg,ZEZERE,C,0.005,1,1,FORECASTABLE,Intermittent,18.0,17.000000000000007,0.9444444444444444,2026-07-17 14:02
ENERGYPETJR4,EnergyPet Junior 4Kg,11ENERGYP,B,30.380000000000003,51,1,FORECASTABLE,Intermittent,3.46,4.695643204509395,0.7085714285714285,2026-07-17 14:02
GALINHASGRSAQ,AVIZÊZERE POEDEIRAS GRANULADO 5 Kg,ZEZERE,C,0.005,1,1,FORECASTABLE,Intermittent,18.0,17.000000000000007,0.9444444444444444,2026-07-17 14:02
GALINHASMGSAQ,Avizêzere Poedeiras - Migalha 5 Kg ,ZEZERE,C,0.025,1,1,FORECASTABLE,Intermittent,18.0,17.0,0.9444444444444444,2026-07-17 14:02
FELLOWADULTO12,Fellow Adulto 12kg,06MARCAPRO,B,72.72,8,1,FORECASTABLE,Intermittent,18.571428571428573,25.037447309087344,0.9523809523809523,2026-07-17 14:02
FIPALCAOADULTO20,Fipal Cão Adulto 20Kg,06MARCAPRO,B,248.94,10,1,FORECASTABLE,Intermittent,9.88888888888889,8.600607312532249,0.8958333333333334,2026-07-17 14:02
GARPIADULTO20,Garpi Nutrition Adult 20Kg,06MARCAPRO,C,1.96,1,1,FORECASTABLE,Intermittent,165.0,163.99999999999994,0.9939393939393939,2026-07-17 14:02
FELLOWJR12,Fellow Júnior 12kg,06MARCAPRO,B,74.16,7,1,FORECASTABLE,Intermittent,21.666666666666668,26.316429446696198,0.9583333333333334,2026-07-17 14:02
GARPIADULTO3,Garpi Nutrition Adult Dog 3Kg,06MARCAPRO,C,0.9,1,1,FORECASTABLE,Intermittent,139.0,138.00000000000009,0.9928057553956835,2026-07-17 14:02
GARPICATFISH20,Garpi Cat Fish 20Kg,06MARCAPRO,C,3.6,1,1,FORECASTABLE,Intermittent,68.0,67.0,0.9852941176470589,2026-07-17 14:02
GALACERMANTENIMIENTO20,Galacer Mantenimiento Perro Adulto 20Kg,06MARCAPRO,B,184.89,38,1,FORECASTABLE,Lumpy,2.7837837837837838,2.463261707700124,0.6448598130841121,2026-07-17 14:02
GALINHASMGS25,Avizêzere Poedeiras - Migalha 25 Kg ,ZEZERE,C,2.55,5,1,FORECASTABLE,Intermittent,22.0,29.373702422145332,0.9621212121212122,2026-07-17 14:02
GALACERAE20,Galacer Perro Alta Energia 20Kg,06MARCAPRO,A,474.985,48,1,FORECASTABLE,Lumpy,2.234042553191489,1.6464912983071038,0.5514018691588785,2026-07-17 14:02
GARPIGATO18,Garpi Nutrition Adult Cat 18Kg,06MARCAPRO,C,2.754,1,1,FORECASTABLE,Intermittent,165.0,163.99999999999994,0.9939393939393939,2026-07-17 14:02
GOLIGATOADULTO18,Goli Adult Cat 18kg,06MARCAPRO,C,51.983999999999995,2,1,FORECASTABLE,Intermittent,11.0,6.999999999999998,0.875,2026-07-17 14:02
GARPICATMEAT20,Garpi Cat Meat 20Kg,06MARCAPRO,B,125.82000000000001,26,1,FORECASTABLE,Intermittent,6.04,9.765697482312879,0.8514285714285714,2026-07-17 14:02
GARPICATMIX20,Garpi Cat Mix 20Kg,06MARCAPRO,A,397.3,46,1,FORECASTABLE,Intermittent,3.488888888888889,5.134042782742736,0.7371428571428571,2026-07-17 14:02
GARPIDOGJR20,Garpi Dog Puppy 20Kg,06MARCAPRO,B,96.04,37,1,FORECASTABLE,Intermittent,4.361111111111111,5.946281840431265,0.7757575757575758,2026-07-17 14:02
GARPIDOG20,Garpi Dog Ráfia 20Kg,06MARCAPRO,B,299.6,32,1,FORECASTABLE,Intermittent,4.0,6.984048825224908,0.8171428571428572,2026-07-17 14:02
GARPIDOGAE20,Garpi Dog High Energy 20Kg,06MARCAPRO,B,90.25999999999999,26,1,FORECASTABLE,Intermittent,6.56,10.367172580538808,0.8514285714285714,2026-07-17 14:02
GARPIDOGMIX20,Garpi Dog Mix Ráfia 20Kg,06MARCAPRO,B,43.66,8,1,FORECASTABLE,Intermittent,23.857142857142858,27.412787229180477,0.9542857142857143,2026-07-17 14:02
HAPPYADULTO10,HappyOne Cão Adulto 10Kg,04HAPPYONE,A,2053.795,167,1,FORECASTABLE,Smooth,1.0481927710843373,0.4851331149491252,0.05113636363636364,2026-07-17 14:02
HAPPYADULTO4,HappyOne Cão Adulto Frango 4Kg,04HAPPYONE,A,177.75400000000002,175,1,FORECASTABLE,Smooth,1.0,0.6552241367711782,0.005681818181818182,2026-07-17 14:02
HAPPYADULTO18,HappyOne Cão Adulto 18Kg,04HAPPYONE,A,1052.676,175,1,FORECASTABLE,Smooth,1.0,0.6044438059216825,0.005681818181818182,2026-07-17 14:02
HAPPYADULTO7.5,"HappyOne Cão Adulto 7,5Kg",04HAPPYONE,A,177.89999999999998,105,1,FORECASTABLE,Lumpy,1.1923076923076923,1.5599239013903066,0.4034090909090909,2026-07-17 14:02
HAPPYAE10,HappyOne Cão Adulto Alta Energia 10Kg,04HAPPYONE,B,22.53,41,1,FORECASTABLE,Intermittent,4.3,9.178267217414309,0.7670454545454546,2026-07-17 14:02
HAPPYAE18,HappyOne Cão Adulto Alta Energia 18Kg,04HAPPYONE,A,262.782,174,1,FORECASTABLE,Smooth,1.0057803468208093,0.7301256048861753,0.011363636363636364,2026-07-17 14:02
HAPPYAE4,HappyOne Cão Adulto Alta Energia 4Kg,04HAPPYONE,B,48.53200000000001,169,1,FORECASTABLE,Erratic,1.0297619047619047,1.260627396611102,0.03977272727272727,2026-07-17 14:02
HAPPYESTERIL10,HappyOne Gato Esterilizado 10Kg,04HAPPYONE,A,880.5899999999999,175,1,FORECASTABLE,Smooth,1.0,0.465523094357219,0.005681818181818182,2026-07-17 14:02
HAPPYGATINHOS1.5,HappyOne Gatinhos 1.5Kg,04HAPPYONE,B,75.285,175,1,FORECASTABLE,Erratic,1.0,1.26300183947344,0.005681818181818182,2026-07-17 14:02
HAPPYESTERIL2,HappyOne Gato Esterilizado 2Kg,04HAPPYONE,A,166.69,174,1,FORECASTABLE,Erratic,1.0057803468208093,1.0707537657668114,0.011363636363636364,2026-07-17 14:02
HAPPYESTERIL4,HappyOne Gato Esterilizado 4Kg,04HAPPYONE,B,38.144000000000005,151,1,FORECASTABLE,Erratic,1.14,1.1440972051160416,0.12716763005780346,2026-07-17 14:02
HAPPYGATO10,HappyOne Gato Adulto Atum/Frango 10Kg,04HAPPYONE,A,454.89,175,1,FORECASTABLE,Smooth,1.0,0.5986572667486952,0.005681818181818182,2026-07-17 14:02
HAPPYGATO2,HappyOne Gato Adulto Atum/Frango 2Kg,04HAPPYONE,A,129.487,175,1,FORECASTABLE,Erratic,1.0,1.1342255420590623,0.005681818181818182,2026-07-17 14:02
HAPPYGATOSALMAO2,HappyOne Gato Adulto Salmão 2Kg,04HAPPYONE,A,112.934,174,1,FORECASTABLE,Erratic,1.0057803468208093,1.3297298901039536,0.011363636363636364,2026-07-17 14:02
HAPPYGATOSALMAO10,HappyOne Gato Adulto Salmão 10Kg,04HAPPYONE,A,424.005,175,1,FORECASTABLE,Smooth,1.0,0.512540125445302,0.005681818181818182,2026-07-17 14:02
HAPPYJR10,HappyOne Cão Junior 10Kg,04HAPPYONE,B,87.33,127,1,FORECASTABLE,Erratic,1.380952380952381,2.1766996909957297,0.2784090909090909,2026-07-17 14:02
HAPPYJR4,HappyOne Cão Junior 4Kg,04HAPPYONE,A,158.136,175,1,FORECASTABLE,Erratic,1.0,1.427022727969493,0.005681818181818182,2026-07-17 14:02
HAPPYJR18,HappyOne Cão Junior 18Kg,04HAPPYONE,A,406.87199999999996,174,1,FORECASTABLE,Smooth,1.0057803468208093,0.6195074303870061,0.011363636363636364,2026-07-17 14:02
HAPPYMEDADULTO12,HappyOne Mediterraneum Cão Adulto 12Kg,07HOMED,A,423.36,159,1,FORECASTABLE,Erratic,1.0886075949367089,1.255102940647158,0.09659090909090909,2026-07-17 14:02
HAPPYMEDESTERIL6,HappyOne Mediterraneum Gato Esterilizado 6 Kg,07HOMED,C,2.82,7,1,FORECASTABLE,Lumpy,1.5,1.6316342236306023,0.36363636363636365,2026-07-17 14:02
HAPPYMEDESTERIL3,HappyOne Mediterraneum Gato Esterilizado 3Kg,07HOMED,C,8.733,26,1,FORECASTABLE,Intermittent,1.68,9.80694521461788,0.8522727272727273,2026-07-17 14:02
HAPPYMEDADULTO3,HappyOne Mediterraneum Cão Adulto 3Kg,07HOMED,B,30.375,94,1,FORECASTABLE,Lumpy,1.8709677419354838,2.2088425154702027,0.4659090909090909,2026-07-17 14:02
HAPPYMEDADULTOSARDINHA12,HappyOne Mediterraneum Cão Adulto Sardinha 12Kg,07HOMED,A,263.148,153,1,FORECASTABLE,Smooth,1.144736842105263,0.9012962001968382,0.13068181818181818,2026-07-17 14:02
HAPPYMEDADULTOSARDINHA3,HappyOne Mediterraneum Cão Adulto Sardinha 3Kg,07HOMED,B,21.795,81,1,FORECASTABLE,Lumpy,2.1625,3.2880155399110165,0.5371428571428571,2026-07-17 14:02
HAPPYMEDESTERIL1,HappyOne Mediterraneum Gato Esterilizado 1Kg,07HOMED,C,5.6290000000000004,36,1,FORECASTABLE,Intermittent,3.657142857142857,7.115962779481089,0.791907514450867,2026-07-17 14:02
HAPPYMEDESTERIL2,HappyOne Mediterraneum Gato Esterilizado 2Kg,07HOMED,B,28.094,79,1,FORECASTABLE,Lumpy,1.6025641025641026,2.9406373134067914,0.3875968992248062,2026-07-17 14:02
HAPPYMEDGATINHOS1,HappyOne Mediterraneum Gatos & Gatinhos 1Kg,07HOMED,C,0.28700000000000003,6,1,FORECASTABLE,Intermittent,4.8,71.67145406645703,0.9657142857142857,2026-07-17 14:02
HAPPYMEDESTERILSARDINHA2,HappyOne Mediterraneum Gato Esteril Sardinha 2Kg,07HOMED,C,7.468,32,1,FORECASTABLE,Lumpy,1.6129032258064515,2.603311138773425,0.4074074074074074,2026-07-17 14:02
HAPPYMEDESTERIL7,HappyOne Mediterraneum Gato Esterilizado 7Kg,07HOMED,B,43.533,106,1,FORECASTABLE,Lumpy,1.5333333333333334,1.8567084280077741,0.3942857142857143,2026-07-17 14:02
HAPPYMEDESTERILSARDINHA3,HappyOne Mediterraneum Gato Esteril Sardinha 3Kg,07HOMED,B,23.217000000000002,70,1,FORECASTABLE,Lumpy,1.6666666666666667,3.7074262739835184,0.6022727272727273,2026-07-17 14:02
HAPPYMEDESTERILSARDINHA7,HappyOne Mediterraneum Gato Esteril Sardinha 7Kg,07HOMED,B,27.895,106,1,FORECASTABLE,Lumpy,1.6285714285714286,2.301866000009446,0.3942857142857143,2026-07-17 14:02
HAPPYMEDGATINHOS2,HappyOne Mediterraneum Gatos & Gatinhos 2Kg,07HOMED,C,9.73,58,1,FORECASTABLE,Lumpy,2.56140350877193,7.074515516055808,0.6133333333333333,2026-07-17 14:02
HAPPYMEDGATO2,HappyOne Mediterraneum Gato 2Kg,07HOMED,C,6.216,30,1,FORECASTABLE,Lumpy,2.206896551724138,4.239378098451455,0.5588235294117647,2026-07-17 14:02
HAPPYMEDGATO1,HappyOne Mediterraneum Gato 1Kg,07HOMED,C,4.648000000000001,39,1,FORECASTABLE,Intermittent,3.0526315789473686,4.844771389467384,0.7705882352941177,2026-07-17 14:02
HAPPYMEDGATO3,HappyOne Mediterraneum Gato 3Kg,07HOMED,C,13.881,50,1,FORECASTABLE,Intermittent,2.183673469387755,5.796285080070283,0.7159090909090909,2026-07-17 14:02
HAPPYMEDGATO7,HappyOne Mediterraneum Gato 7Kg,07HOMED,B,20.258,77,1,FORECASTABLE,Lumpy,2.223684210526316,2.948750578491162,0.5549132947976878,2026-07-17 14:02
HAPPYMEDGFBORREGO12,HappyOne Mediterraneum Grain Free Borrego 12Kg,07HOMED,A,194.06400000000002,152,1,FORECASTABLE,Erratic,1.1523178807947019,1.0460996550255666,0.13636363636363635,2026-07-17 14:02
HAPPYMEDGATOSENIOR3,HappyOne Mediterraneum Gato Sénior 3Kg,07HOMED,C,12.911999999999999,85,1,FORECASTABLE,Lumpy,2.0357142857142856,2.802421733565042,0.5086705202312138,2026-07-17 14:02
HAPPYMEDRP6,HappyOne Mediterraneum Raças Pequenas/Mini 6Kg,07HOMED,C,5.717999999999999,15,1,FORECASTABLE,Lumpy,1.4285714285714286,2.1282171834897046,0.34782608695652173,2026-07-17 14:02
HAPPYMEDGFBORREGO3,HappyOne Mediterraneum Grain Free Borrego 3Kg,07HOMED,B,25.566000000000003,78,1,FORECASTABLE,Lumpy,2.220779220779221,3.7668001331341654,0.5542857142857143,2026-07-17 14:02
HAPPYMEDLIGHTSENIOR12,HappyOne Mediterraneum Light & Senior 12Kg,07HOMED,A,209.37600000000003,150,1,FORECASTABLE,Erratic,1.1543624161073827,1.2213127601428782,0.14285714285714285,2026-07-17 14:02
HAPPYMEDJR3,HappyOne Mediterraneum Junior 3Kg,07HOMED,B,22.218,78,1,FORECASTABLE,Lumpy,2.2337662337662336,4.530464128719157,0.5568181818181818,2026-07-17 14:02
HAPPYMEDJR12,HappyOne Mediterraneum Junior 12Kg,07HOMED,B,107.028,141,1,FORECASTABLE,Erratic,1.2428571428571429,1.1325014791908052,0.19886363636363635,2026-07-17 14:02
HAPPYMEDRP3,HappyOne Mediterraneum Raças Pequenas/Mini 3Kg,07HOMED,B,54.078,119,1,FORECASTABLE,Lumpy,1.4661016949152543,1.8225504159462742,0.32,2026-07-17 14:02
HAPPYMEDRP7,HappyOne Mediterraneum Raças Pequenas/Mini 7Kg,07HOMED,B,47.838,117,1,FORECASTABLE,Lumpy,1.3362068965517242,1.5913915420059226,0.3314285714285714,2026-07-17 14:02
HAPPYMEDLIGHTSENIOR3,HappyOne Mediterraneum Light & Senior 3Kg,07HOMED,B,25.968,107,1,FORECASTABLE,Lumpy,1.6132075471698113,2.3974082223905886,0.38857142857142857,2026-07-17 14:02
HAPPYMIX10,HappyOne Cão Adulto Mix 10Kg,04HAPPYONE,C,5.84,15,1,FORECASTABLE,Intermittent,11.071428571428571,23.543517780071316,0.9056603773584906,2026-07-17 14:02
HAPPYMEDRPSARDINHA3,HappyOne Mediterraneum Raças Pequenas Sardinha 3Kg,07HOMED,B,25.3275,78,1,FORECASTABLE,Lumpy,2.1948051948051948,3.6898385979323782,0.5491329479768786,2026-07-17 14:02
HAPPYMEDRPSARDINHA7,HappyOne Mediterraneum Raças Pequenas Sardinha 7Kg,07HOMED,B,24.633000000000003,90,1,FORECASTABLE,Lumpy,1.9325842696629214,2.487415896217512,0.4827586206896552,2026-07-17 14:02
HAPPYMIX18,HappyOne Cão Adulto Mix 18Kg,04HAPPYONE,A,184.84199999999998,161,1,FORECASTABLE,Smooth,1.0,0.733438514477642,0.08522727272727272,2026-07-17 14:02
HAPPYMIX4,HappyOne Cão Adulto Mix 4Kg,04HAPPYONE,B,34.30800000000001,153,1,FORECASTABLE,Erratic,1.131578947368421,1.461885064824843,0.13068181818181818,2026-07-17 14:02
HAPPYRP2,HappyOne Raças Pequenas/Mini 2Kg,04HAPPYONE,A,459.76399999999995,174,1,FORECASTABLE,Smooth,1.0057803468208093,0.35186696959761965,0.011363636363636364,2026-07-17 14:02
HAPPYSILICA6,HappyOne Silica Litter 6L,SILICA,C,22.053599999999996,11,1,FORECASTABLE,Intermittent,9.1,19.126772192252794,0.9371428571428572,2026-07-17 15:11
HIPERCAT2,HiperCAT 2Kg,06MARCAPRO,C,27.36,10,1,FORECASTABLE,Intermittent,16.88888888888889,17.038781163434912,0.9431818181818182,2026-07-17 15:11
HAPPYSENIOR4,HappyOne Sénior 4Kg,04HAPPYONE,B,58.55200000000001,175,1,FORECASTABLE,Smooth,1.0,0.8355839065216851,0.005681818181818182,2026-07-17 15:11
HIPERCAT20,HiperCAT 20Kg,06MARCAPRO,A,523.46,40,1,FORECASTABLE,Intermittent,4.358974358974359,5.432121024137173,0.7727272727272727,2026-07-17 15:11
HAPPYRP4,HappyOne Raças Pequenas/Mini 4Kg,04HAPPYONE,A,143.88400000000001,175,1,FORECASTABLE,Smooth,1.0,0.8239833141898619,0.005681818181818182,2026-07-17 15:11
HAPPYSENIOR10,HappyOne Sénior 10Kg,04HAPPYONE,A,103.095,171,1,FORECASTABLE,Erratic,1.0235294117647058,1.0702292139188374,0.028409090909090908,2026-07-17 15:11
HAPPYSILICA3.8,HappyOne Silica Litter 3.8L,SILICA,B,59.289359999999995,130,1,FORECASTABLE,Erratic,1.3488372093023255,2.163917620266014,0.26136363636363635,2026-07-17 15:11
HPREMIUMADULTOHIPO12,HappyOne Premium Cão Adulto Hipoalergénico 12Kg,09HPREMIUM,B,47.46000000000001,46,1,FORECASTABLE,Erratic,1.0888888888888888,1.282720747473552,0.09803921568627451,2026-07-17 15:11
HIPERDOG20,HiperDog 20Kg,06MARCAPRO,B,119.14,9,1,FORECASTABLE,Intermittent,19.25,23.534112372512208,0.9447852760736196,2026-07-17 15:11
HIPERDOG3.5,HiperDog 3.5Kg,06MARCAPRO,C,11.200000000000001,5,1,FORECASTABLE,Intermittent,25.25,31.6,0.9693251533742331,2026-07-17 15:11
HPREMIUMADULTOHIPO15,HappyOne Premium Cão Adulto Hipoalergénico 15Kg,09HPREMIUM,A,160.425,113,1,FORECASTABLE,Lumpy,1.1607142857142858,1.909417861610147,0.35795454545454547,2026-07-17 15:11
HPREMIUMCF15,HappyOne Premium Cão Carne Fresca 15Kg,09HPREMIUM,B,38.73,64,1,FORECASTABLE,Lumpy,1.4126984126984128,4.495112742030418,0.6363636363636364,2026-07-17 15:11
HPREMIUMCF12,HappyOne Premium Cão Carne Fresca 12Kg,09HPREMIUM,B,25.026000000000003,55,1,FORECASTABLE,Lumpy,1.462962962962963,2.524224042191517,0.35294117647058826,2026-07-17 15:11
HPREMIUMADULTOHIPO4,HappyOne Premium Cão Adulto Hipoalergénico 4Kg,09HPREMIUM,B,64.372,114,1,FORECASTABLE,Lumpy,1.5132743362831858,3.427949607932167,0.3485714285714286,2026-07-17 15:11
HPREMIUMCF4,HappyOne Premium Cão Carne Fresca 4Kg,09HPREMIUM,C,12.388000000000002,57,1,FORECASTABLE,Lumpy,2.8392857142857144,8.006505196473219,0.6742857142857143,2026-07-17 15:11
HPREMIUMCFESTERIL1.5,HappyOne Premium Gato Esteril Carne Fresca 1.5Kg,09HPREMIUM,B,31.14,113,1,FORECASTABLE,Lumpy,1.5267857142857142,3.296590240420848,0.35428571428571426,2026-07-17 15:11
HPREMIUMGF15,HappyOne Premium Cão Grain Free 15Kg,09HPREMIUM,B,87.525,56,1,FORECASTABLE,Lumpy,1.1272727272727272,4.223718056317365,0.6818181818181818,2026-07-17 15:11
HPREMIUMGATINHOSCF1.5,HappyOne Premium Gatinhos Carne Fresca 1.5Kg,09HPREMIUM,B,17.129999999999995,80,1,FORECASTABLE,Lumpy,2.1645569620253164,5.47399521839278,0.5428571428571428,2026-07-17 15:11
HPREMIUMGATOSALMAO1.5,HappyOne Premium Gato Salmão Fresco1.5Kg,09HPREMIUM,B,23.566500000000005,98,1,FORECASTABLE,Lumpy,1.7628865979381443,4.7222075221499376,0.44,2026-07-17 15:11
HPREMIUMGATOLIGHTSENIOR1.5,HappyOne Premium Gato Light & Senior 1.5Kg,09HPREMIUM,C,12.3255,66,1,FORECASTABLE,Lumpy,2.6307692307692307,4.424282679524896,0.6228571428571429,2026-07-17 15:11
HPREMIUMGF12,HappyOne Premium Cão Grain Free 12Kg,09HPREMIUM,B,118.56,105,1,FORECASTABLE,Smooth,1.0673076923076923,0.7778830582373091,0.07894736842105263,2026-07-17 15:11
HPREMIUMCFESTERIL10,HappyOne Premium Gato Esteril Carne Fresca 10Kg,09HPREMIUM,B,48.93000000000001,105,1,FORECASTABLE,Lumpy,1.6634615384615385,2.00995670729871,0.4,2026-07-17 15:11
HPREMIUMGF4,HappyOne Premium Cão Grain Free 4Kg,09HPREMIUM,B,32.667,104,1,FORECASTABLE,Lumpy,1.6699029126213591,3.847914981655109,0.4090909090909091,2026-07-17 15:11
HPREMIUMJRCF12,HappyOne Premium Junior Carne Fresca 12Kg,09HPREMIUM,B,22.991999999999997,45,1,FORECASTABLE,Lumpy,1.5454545454545454,2.403894683164736,0.375,2026-07-17 15:11
HPREMIUMINSETO10,HappyOne Premium Cão Insetos 10Kg,09HPREMIUM,B,45.49,77,1,FORECASTABLE,Lumpy,1.5263157894736843,2.15406283384737,0.35294117647058826,2026-07-17 15:11
HPREMIUMJRCF15,HappyOne Premium Junior Carne Fresca 15Kg,09HPREMIUM,B,51.161249999999995,78,1,FORECASTABLE,Lumpy,1.5454545454545454,3.206243110480485,0.5542857142857143,2026-07-17 15:11
HPREMIUMINSETO4,HappyOne Premium Cão Insetos 4Kg,09HPREMIUM,B,19.94,67,1,FORECASTABLE,Lumpy,1.7727272727272727,3.6319313004208214,0.4369747899159664,2026-07-17 15:11
HPREMIUMJRCF4,HappyOne Premium Junior Carne Fresca 4Kg,09HPREMIUM,C,15.34,83,1,FORECASTABLE,Lumpy,2.0609756097560976,5.341311090297456,0.5202312138728323,2026-07-17 15:11
HPREMIUMRGCF12,HappyOne Premium Raças Grandes Carne Fresca 12Kg,09HPREMIUM,B,35.628,54,1,FORECASTABLE,Lumpy,1.4528301886792452,2.9534331462158483,0.3333333333333333,2026-07-17 15:11
HPREMIUMRGCF15,HappyOne Premium Raças Grandes Carne Fresca 15Kg,09HPREMIUM,B,62.97,70,1,FORECASTABLE,Lumpy,1.3768115942028984,4.623605787006721,0.6022727272727273,2026-07-17 15:11
HPREMIUMLIGHTSENIORCF15,HappyOne Premium Light & Senior Carne Fresca 15Kg,09HPREMIUM,B,83.475,140,1,FORECASTABLE,Erratic,1.2446043165467626,1.57922889578283,0.20454545454545456,2026-07-17 15:11
HPREMIUMLIGHTSENIORCF4,HappyOne Premium Light & Senior Carne Fresca 4Kg,09HPREMIUM,C,9.744000000000003,68,1,FORECASTABLE,Lumpy,2.5522388059701493,5.815983428646922,0.6114285714285714,2026-07-17 15:11
HPREMIUMRPCF10,HappyOne Premium Raças Pequenas/Mini CF 10Kg,09HPREMIUM,B,29.639999999999997,83,1,FORECASTABLE,Lumpy,2.097560975609756,4.8752203682152535,0.5257142857142857,2026-07-17 15:11
HPREMIUMRGCF4,HappyOne Premium Raças Grandes Carne Fresca 4Kg,09HPREMIUM,C,2.136,30,1,FORECASTABLE,Intermittent,5.827586206896552,15.971236796700765,0.8285714285714286,2026-07-17 15:11
HPREMIUMRPCF4,HappyOne Premium Raças Pequenas/Mini CF 4Kg,09HPREMIUM,B,28.184,113,1,FORECASTABLE,Lumpy,1.5357142857142858,3.1752451289442263,0.35795454545454547,2026-07-17 15:11
IFSADULTOMIX12,IFS CAN Adulto Mix 12Kg,06MARCAPRO,B,52.56,6,1,FORECASTABLE,Intermittent,11.4,16.51998498780259,0.9117647058823529,2026-07-17 15:11
IFSADULTOMIX20,IFS CAN ADULTO MIX 20Kg,06MARCAPRO,B,284.02,20,1,FORECASTABLE,Intermittent,6.052631578947368,9.052222132707845,0.8837209302325582,2026-07-17 15:11
HPREMIUMSA4,HappyOne Premium Cão Salmão e Arroz 4Kg,09HPREMIUM,B,37.864,112,1,FORECASTABLE,Lumpy,1.5675675675675675,3.7557609742903635,0.36363636363636365,2026-07-17 15:11
HPREMIUMSA15,HappyOne Premium Cão Salmão e Arroz 15Kg,09HPREMIUM,A,160.515,157,1,FORECASTABLE,Erratic,1.1153846153846154,1.1394658510902334,0.10795454545454546,2026-07-17 15:11
IFSGATO20,IFS Gato 20Kg,06MARCAPRO,B,102.9,19,1,FORECASTABLE,Intermittent,8.944444444444445,10.672551856227704,0.8895348837209303,2026-07-17 15:11
IFSAE15,IFS CAN Alta Energia 15Kg,06MARCAPRO,B,69.4425,18,1,FORECASTABLE,Intermittent,8.176470588235293,12.033725113651927,0.8953488372093024,2026-07-17 15:11
IFSJR4,IFS CAN Junior 4Kg,06MARCAPRO,C,7.040000000000001,6,1,FORECASTABLE,Intermittent,17.6,24.68595041322314,0.9594594594594594,2026-07-17 15:11
JACKPETADULTO20,Jackpet Cão Adulto 20kg,12JACKPET,A,1139.38,95,1,FORECASTABLE,Lumpy,1.7765957446808511,2.66593933938371,0.4378698224852071,2026-07-17 15:11
IFSJR12,IFS CAN Junior 12Kg,06MARCAPRO,B,87.84,23,1,FORECASTABLE,Intermittent,7.318181818181818,8.568395592582636,0.8662790697674418,2026-07-17 15:11
JACKPETADULTO4,Jackpet Cão Adulto 4kg,12JACKPET,B,40.352000000000004,50,1,FORECASTABLE,Intermittent,3.36734693877551,7.325674304522264,0.7041420118343196,2026-07-17 15:11
JACKPETAP20,Jackpet Cão Alta Performance 20kg,12JACKPET,A,197.14,63,1,FORECASTABLE,Lumpy,2.693548387096774,4.337747101189291,0.6272189349112426,2026-07-17 15:11
JACKPETGATO20,Jackpet Gato 20kg,12JACKPET,A,367.6,71,1,FORECASTABLE,Lumpy,2.3857142857142857,4.0347056636524785,0.5798816568047337,2026-07-17 15:11
JACKPETGATO4,Jackpet Gato 4kg,12JACKPET,B,39.472,42,1,FORECASTABLE,Intermittent,4.024390243902439,8.31856774112242,0.7514792899408284,2026-07-17 15:11
JACKPETMIX20,Jackpet Cão Adulto Mix 20kg,12JACKPET,B,62.96000000000001,5,1,FORECASTABLE,Intermittent,36.5,29.09886190623036,0.9662162162162162,2026-07-17 15:11
JACKPETJR20,Jackpet Cachorro 20kg,12JACKPET,A,426.52,73,1,FORECASTABLE,Lumpy,2.3194444444444446,4.696423734904398,0.5680473372781065,2026-07-17 15:11
JACKPETORIGINAL10,Jackpet Original 10kg,06MARCAPRO,A,277.06,64,1,FORECASTABLE,Erratic,1.3015873015873016,1.3418173149905168,0.2558139534883721,2026-07-17 15:11
JACKPETORIGINAL18,Jackpet Original 18kg,06MARCAPRO,A,1479.1680000000001,78,1,FORECASTABLE,Smooth,1.1688311688311688,0.6850769538756113,0.15217391304347827,2026-07-17 15:11
LACUNICANADULTO12,Lacunican Adulto 12Kg,06MARCAPRO,C,3.744,1,1,FORECASTABLE,Intermittent,13.0,11.999999999999998,0.9230769230769231,2026-07-17 15:11
LACUNICANJR12,Lacunican Junior 12Kg,06MARCAPRO,C,3.744,1,1,FORECASTABLE,Intermittent,13.0,11.999999999999998,0.9230769230769231,2026-07-17 15:11
JACKPETGATOMIX20,Jackpet Gato Mix 20kg,12JACKPET,B,156.02,16,1,FORECASTABLE,Intermittent,9.733333333333333,11.156082658685762,0.8918918918918919,2026-07-17 15:11
JAGERELITE18,Jager Elite 18KG,06MARCAPRO,A,326.15999999999997,32,1,FORECASTABLE,Lumpy,2.967741935483871,2.8703039340379823,0.6666666666666666,2026-07-17 15:11
JACKPETJR4,Jackpet Cachorro 4kg,12JACKPET,B,30.124000000000002,46,1,FORECASTABLE,Intermittent,3.577777777777778,7.6963932957073595,0.727810650887574,2026-07-17 15:11
JAGERENERGY18,Jager Energy 18KG,06MARCAPRO,A,553.1759999999999,41,1,FORECASTABLE,Lumpy,2.375,1.9849326187224614,0.5773195876288659,2026-07-17 15:11
LAMARCAADULTO20,La Marca del Éxito Perro Adulto Mantenimiento 20Kg,06MARCAPRO,B,190.32000000000002,11,1,FORECASTABLE,Intermittent,9.7,10.764881752217141,0.907563025210084,2026-07-17 15:11
JAGERELITE20,Jager Elite 20KG,06MARCAPRO,A,1254.8600000000001,74,1,FORECASTABLE,Lumpy,2.3013698630136985,1.9250332893555506,0.5672514619883041,2026-07-17 15:11
LAMARCAAE20,La Marca del Éxito Perro Alta Energia 20Kg,06MARCAPRO,C,39.0,5,1,FORECASTABLE,Intermittent,17.25,17.709600000000005,0.945054945054945,2026-07-17 15:11
LOYALPETADULTO20,Loyal Pet Adult Dog 20Kg,06MARCAPRO,B,65.26,11,1,FORECASTABLE,Intermittent,12.1,28.943940215469482,0.9375,2026-07-17 15:11
LOYALPETGATO20D,Loyal Pet Adult Cat 20Kg D,06MARCAPRO,C,16.16,2,1,FORECASTABLE,Intermittent,36.0,36.0036270953828,0.972972972972973,2026-07-17 15:11
JAGERENERGY20,Jager Energy 20KG,06MARCAPRO,A,1784.6000000000001,90,1,FORECASTABLE,Lumpy,1.9213483146067416,1.2563069977115904,0.4827586206896552,2026-07-17 15:11
LOYALPETAE20,Loyal Pet High Energy 20Kg,06MARCAPRO,C,4.08,2,1,FORECASTABLE,Intermittent,1.0,109.00000000000001,0.9886363636363636,2026-07-17 15:11
LOYALPETMIX20,Loyal Pet Adult Dog Mix 20Kg,06MARCAPRO,C,7.140000000000001,2,1,FORECASTABLE,Intermittent,70.0,131.1428571428571,0.9885714285714285,2026-07-17 15:11
LOYALPETJR20,Loyal Pet Puppy 20Kg,06MARCAPRO,C,25.560000000000002,7,1,FORECASTABLE,Intermittent,15.833333333333334,31.89259185787653,0.9602272727272727,2026-07-17 15:11
LOYALPETGATOMIX20,Loyal Pet Adult Cat Mix 20Kg,06MARCAPRO,B,137.60000000000002,10,1,FORECASTABLE,Intermittent,13.444444444444445,26.569181314223908,0.9431818181818182,2026-07-17 15:11
MERCOPLUSORIGINALGATO15,Mercoplus Original Gato 15kg,06MARCAPRO,B,104.03999999999999,12,1,FORECASTABLE,Intermittent,4.545454545454546,5.133643285321458,0.7931034482758621,2026-07-17 15:11
MERCOPLUSPREMIUMADULT15,Mercoplus Premium Adult 15kg,06MARCAPRO,B,71.685,9,1,FORECASTABLE,Intermittent,6.875,6.047253492416707,0.8448275862068966,2026-07-17 15:11
MERCOPLUSORIGINALGATO4,Mercoplus Original Gato 4kg,06MARCAPRO,C,17.784,7,1,FORECASTABLE,Intermittent,7.166666666666667,9.029726437852014,0.8793103448275862,2026-07-17 15:11
MERCOPLUSPREMIUMJR4,Mercoplus Premium Puppy 4kg,06MARCAPRO,C,9.756,5,1,FORECASTABLE,Intermittent,13.75,13.792175662634035,0.9137931034482759,2026-07-17 15:11
LOYALPETMIX20D,Loyal Pet Adult Dog Mix 20Kg D,06MARCAPRO,C,34.68,7,1,FORECASTABLE,Intermittent,20.5,23.207612456747405,0.9559748427672956,2026-07-17 15:11
MERCOPLUSPREMIUMJR15,Mercoplus Premium Puppy 15kg,06MARCAPRO,B,56.894999999999996,12,1,FORECASTABLE,Intermittent,5.0,4.682152777164757,0.7931034482758621,2026-07-17 15:11
MIGCATSUP18,Migos Cat Supreme 18Kg,06MARCAPRO,C,10.53,1,1,FORECASTABLE,Intermittent,30.0,28.99999999999998,0.9666666666666667,2026-07-17 15:11
MIGCATSUPFISH20,Migos Cat Supreme Fish 20Kg,06MARCAPRO,C,16.92,4,1,FORECASTABLE,Intermittent,18.0,32.5898596650068,0.9642857142857143,2026-07-17 15:11
MIGHE18,Migos High Energy 18Kg,06MARCAPRO,C,7.02,1,1,FORECASTABLE,Intermittent,18.0,17.0,0.9444444444444444,2026-07-17 15:11
MERCOPLUSPRESTIGE15,Mercoplus Prestige 15kg,06MARCAPRO,C,29.025,7,1,FORECASTABLE,Intermittent,19.5,29.418604651162816,0.9593023255813954,2026-07-17 15:11
LOYALPETJR20D,Loyal Pet Puppy 20Kg D,06MARCAPRO,B,59.4,9,1,FORECASTABLE,Intermittent,15.375,17.757490052035504,0.9433962264150944,2026-07-17 15:11
MIGCATSUPMEAT10,Migos Cat Supreme Meat 10Kg,06MARCAPRO,C,16.1,6,1,FORECASTABLE,Intermittent,22.4,21.34928436402917,0.9495798319327731,2026-07-17 15:11
MIGCATSUP10,Migos Cat Supreme 10Kg,06MARCAPRO,B,46.17,12,1,FORECASTABLE,Intermittent,14.636363636363637,22.38239939607881,0.9285714285714286,2026-07-17 15:11
MIGCATSUP20,Migos Cat Supreme 20Kg,06MARCAPRO,A,661.5799999999999,86,1,FORECASTABLE,Lumpy,2.023529411764706,2.9587837691991674,0.5057471264367817,2026-07-17 15:11
MIGHE20,Migos High Energy 20Kg,06MARCAPRO,B,205.0,54,1,FORECASTABLE,Lumpy,3.2452830188679247,6.463100763831055,0.6896551724137931,2026-07-17 15:11
MIGMAINTPLUS20,Migos Maintenance Plus 20Kg,06MARCAPRO,B,85.80000000000001,32,1,FORECASTABLE,Intermittent,5.483870967741935,10.660235708347594,0.813953488372093,2026-07-17 15:11
MIGCATSUPMEAT20,Migos Cat Supreme Meat 20Kg,06MARCAPRO,A,356.21999999999997,27,1,FORECASTABLE,Intermittent,6.615384615384615,8.671506860437836,0.8448275862068966,2026-07-17 15:11
MIGMAINT20,Migos Maintenance 20Kg,06MARCAPRO,A,512.0,57,1,FORECASTABLE,Lumpy,3.0714285714285716,6.086820129394531,0.6724137931034483,2026-07-17 15:11
MIGPUP20,Migos Puppy 20Kg,06MARCAPRO,B,117.66,55,1,FORECASTABLE,Lumpy,3.0,4.518456637966323,0.6802325581395349,2026-07-17 15:11
NATBUDDYCATMEATMB20,NatBuddy Gato 28-12 Carne 20 kg MB,06MARCAPRO,C,49.14,2,1,FORECASTABLE,Intermittent,38.0,67.15419501133785,0.9852941176470589,2026-07-17 15:11
NUTRICHANCECAOGF15,Nutrichance Cão Grain Free 15Kg,06MARCAPRO,C,18.36,2,1,FORECASTABLE,Intermittent,47.0,69.02691272587468,0.9857142857142858,2026-07-17 15:11
MISTAVESTOPS25,Mistura para Aves Top 25 Kg ,ZEZERE,C,10.175,15,1,FORECASTABLE,Intermittent,12.142857142857142,12.182283020120856,0.9147727272727273,2026-07-17 15:11
MIGMAINTMIX20,Migos Maintenance Mix 20Kg,06MARCAPRO,B,193.91500000000002,18,1,FORECASTABLE,Intermittent,8.882352941176471,10.026608929488921,0.8867924528301887,2026-07-17 15:11
NUTRICHANCECAOGF4,Nutrichance Cão Grain Free 4Kg,06MARCAPRO,C,2.176,2,1,FORECASTABLE,Intermittent,47.0,69.45793685121106,0.9857142857142858,2026-07-17 15:11
MISTURACOES5,ZMIX de Coelhos em saquetas de 5Kg,ZEZERE,C,0.3,1,1,FORECASTABLE,Intermittent,143.0,141.99999999999991,0.993006993006993,2026-07-17 15:11
P00012,Pétis Natural Frango Cão 3kg,06MARCAPRO,C,3.561,1,1,FORECASTABLE,Intermittent,164.0,163.00000000000009,0.9939024390243902,2026-07-17 15:11
MISTAVESTOPS5,ZMIX de Aves TOP em saquetas de 5 Kg,ZEZERE,C,8.455,23,1,FORECASTABLE,Intermittent,7.454545454545454,9.445033906502609,0.8693181818181818,2026-07-17 15:11
MISTCOETOPS5,Zmix Coelhos TOP 5Kg,ZEZERE,C,8.55,21,1,FORECASTABLE,Intermittent,8.2,8.586881433603494,0.8764705882352941,2026-07-17 15:11
P00011,Pétis Natural Frango Grão Pequeno Cão 3kg,06MARCAPRO,C,5.982,2,1,FORECASTABLE,Intermittent,39.0,81.12547371301471,0.9878048780487805,2026-07-17 15:11
P00014,Pétis Natural Salmão Cão 3kg,06MARCAPRO,C,3.198,1,1,FORECASTABLE,Intermittent,164.0,162.99999999999994,0.9939024390243902,2026-07-17 15:11
P00015,Pétis Natural Salmão Cão 12kg,06MARCAPRO,C,15.431999999999999,2,1,FORECASTABLE,Intermittent,35.0,83.39981231058728,0.9878048780487805,2026-07-17 15:11
P00016,Pétis Natural Hipoalergénico Cão 3kg,06MARCAPRO,C,11.001,2,1,FORECASTABLE,Intermittent,59.0,97.94584509472789,0.9878048780487805,2026-07-17 15:11
P00013,Pétis Natural Frango Cão 12kg,06MARCAPRO,C,32.004000000000005,4,1,FORECASTABLE,Intermittent,16.333333333333332,41.00035681704015,0.975609756097561,2026-07-17 15:11
P00018,Pétis Natural Frango Gato 1.5kg,06MARCAPRO,C,3.2145,1,1,FORECASTABLE,Intermittent,164.0,163.0000000000001,0.9939024390243902,2026-07-17 15:11
NUTRICROKADULTO20D,Nutricrok Manutenção D 20Kg,06MARCAPRO,B,253.74,20,1,FORECASTABLE,Intermittent,8.842105263157896,7.557313980347495,0.8830409356725146,2026-07-17 15:11
P00020,Pétis Grain Free Frango Cão 3kg,06MARCAPRO,C,3.015,1,1,FORECASTABLE,Intermittent,164.0,162.9999999999999,0.9939024390243902,2026-07-17 15:11
P00019,Pétis Natural Salmão Gato 1.5kg,06MARCAPRO,C,12.427499999999998,4,1,FORECASTABLE,Intermittent,16.333333333333332,47.22606070914382,0.975609756097561,2026-07-17 15:11
PALANTEADULTO4,Palante Perro Adulto 4Kg,06MARCAPRO,C,1.7600000000000002,3,1,FORECASTABLE,Intermittent,2.5,6.7933884297520635,0.8695652173913043,2026-07-17 15:11
NUTRICROKAE20D,Nutricrok Alta Energia D 20Kg,06MARCAPRO,B,145.99,12,1,FORECASTABLE,Intermittent,14.181818181818182,13.172355951498536,0.9285714285714286,2026-07-17 15:11
PALANTEAE20HURTO,Palante Alta Energía 20Kg,06MARCAPRO,C,2.34,1,0,INSUFFICIENT_HISTORY,,,,0.0,2026-07-17 15:11
PALANTEADULTO20,Palante Perro Adulto 20Kg,06MARCAPRO,B,186.02,16,1,FORECASTABLE,Lumpy,1.6,1.2986472524275356,0.38461538461538464,2026-07-17 15:11
PALANTEGATO20HURTO,Palante Gato Adulto 20Kg,06MARCAPRO,C,5.46,1,0,INSUFFICIENT_HISTORY,,,,0.0,2026-07-17 15:11
PALANTEGATO4,Palante Gato Adulto 4Kg,06MARCAPRO,C,5.228,10,1,FORECASTABLE,Lumpy,2.3333333333333335,1.762411685884201,0.5652173913043478,2026-07-17 15:11
PALANTEAE20,Palante Alta Energía 20Kg,06MARCAPRO,B,90.48,12,1,FORECASTABLE,Lumpy,2.1818181818181817,1.5466706302021402,0.5384615384615384,2026-07-17 15:11
PALANTEGATO20,Palante Gato Adulto 20Kg,06MARCAPRO,B,97.82000000000001,14,1,FORECASTABLE,Lumpy,1.8461538461538463,1.723154337236273,0.46153846153846156,2026-07-17 15:11
PALANTEJR4,Palante Cachorros y Madres 4Kg,06MARCAPRO,C,3.04,5,1,FORECASTABLE,Intermittent,3.5,3.6509695290858732,0.782608695652174,2026-07-17 15:11
PAPAGAIOS3,Alimento Completo p/ Papagaios 3Kg,ZEZERE,C,0.18,1,1,FORECASTABLE,Intermittent,9.0,8.000000000000002,0.8888888888888888,2026-07-17 15:11
P00022,Pétis Grain Free Salmão Cão 3kg,06MARCAPRO,C,10.5,2,1,FORECASTABLE,Intermittent,60.0,96.06122448979588,0.9878048780487805,2026-07-17 15:11
PALANTEJR20,Palante Cachorros y Madres 20Kg,06MARCAPRO,B,44.46000000000001,11,1,FORECASTABLE,Lumpy,2.4,2.3370267774699895,0.5769230769230769,2026-07-17 15:11
P00017,Pétis Natural Hipoalergénico Cão 12kg,06MARCAPRO,C,30.012,4,1,FORECASTABLE,Intermittent,16.333333333333332,40.54841669889422,0.975609756097561,2026-07-17 15:11
PAPAGAIOS5,Alimento completo p/ Papagaios 5Kg,ZEZERE,C,0.3,1,1,FORECASTABLE,Intermittent,38.0,36.99999999999997,0.9736842105263158,2026-07-17 15:11
PAPAGAIOS15,Papagaios 15Kg,ZEZERE,C,0.06,1,1,FORECASTABLE,Intermittent,153.0,152.00000000000006,0.9934640522875817,2026-07-17 15:11
P00023,Pétis Grain Free Salmão Cão 12kg,06MARCAPRO,C,25.656,4,1,FORECASTABLE,Intermittent,20.0,43.71506115451963,0.975609756097561,2026-07-17 15:11
P00021,Pétis Grain Free Frango Cão 12kg,06MARCAPRO,C,23.448,3,1,FORECASTABLE,Intermittent,24.5,54.56922628856745,0.9817073170731707,2026-07-17 15:11
PERIQUITOS20,Periquitos 20Kg,ZEZERE,C,0.32,3,1,FORECASTABLE,Intermittent,15.0,57.117187500000036,0.9826589595375722,2026-07-17 15:11
PETFLD1004E,Petfield Classic Gato Adulto 4kg,06MARCAPRO,C,1.28,1,1,FORECASTABLE,Intermittent,46.0,45.00000000000001,0.9782608695652174,2026-07-17 15:11
PETFLD1005E,Petfield Classic Gato Adulto 10kg,06MARCAPRO,C,0.6,1,1,FORECASTABLE,Intermittent,46.0,45.000000000000014,0.9782608695652174,2026-07-17 15:11
PERIQUITOS5,Alimento completo p/ Periquitos 5Kg,ZEZERE,C,0.575,4,1,FORECASTABLE,Intermittent,48.0,60.60491493383743,0.9738562091503268,2026-07-17 15:11
PETFLD1001,Petfield Classic Cão Regular 4kg,06MARCAPRO,C,2.56,4,1,FORECASTABLE,Intermittent,39.0,39.25,0.9751552795031055,2026-07-17 15:11
PETFLD1003,Petfield Classic Cão Adulto 18kg,06MARCAPRO,B,49.068,24,1,FORECASTABLE,Intermittent,6.782608695652174,8.33023158422818,0.8596491228070176,2026-07-17 15:11
PETFLD1002,Petfield Classic Cão Regular 18kg,06MARCAPRO,B,69.49799999999999,35,1,FORECASTABLE,Intermittent,5.088235294117647,5.624324048566473,0.8,2026-07-17 15:11
PETFLD1004,Petfield Classic Gato Adulto 4kg,06MARCAPRO,C,9.6,15,1,FORECASTABLE,Intermittent,10.928571428571429,10.400000000000004,0.9122807017543859,2026-07-17 15:11
PETFLD1005,Petfield Classic Gato Adulto 10kg,06MARCAPRO,C,18.78,17,1,FORECASTABLE,Intermittent,9.25,13.175198277005991,0.9,2026-07-17 15:11
PETFLD2002,Petfield Premium Lamb & Rice 18kg,06MARCAPRO,B,169.21800000000002,58,1,FORECASTABLE,Lumpy,3.0,3.594727133716149,0.6685714285714286,2026-07-17 15:11
PETFLD2021,Petfield Premium Puppy Chicken & Oat 4kg,06MARCAPRO,C,8.852,14,1,FORECASTABLE,Intermittent,12.23076923076923,11.237921831089308,0.9181286549707602,2026-07-17 15:11
PETFLD2022,Petfield Premium Puppy Chicken & Oat 18kg,06MARCAPRO,B,65.77199999999999,32,1,FORECASTABLE,Intermittent,5.612903225806452,7.142545872006266,0.8181818181818182,2026-07-17 15:11
PETFLD2012,Petfield Premium Adult Chicken & Oat 18kg,06MARCAPRO,A,242.92799999999994,61,1,FORECASTABLE,Lumpy,2.816666666666667,3.015341797907849,0.6514285714285715,2026-07-17 15:11
PETFLD2031,Petfield Premium Light & Senior 4kg,06MARCAPRO,C,11.516,19,1,FORECASTABLE,Intermittent,9.055555555555555,8.493500201058293,0.8888888888888888,2026-07-17 15:11
PETFLD2001,Petfield Premium Lamb & Rice 4kg,06MARCAPRO,C,10.236,16,1,FORECASTABLE,Intermittent,11.133333333333333,9.687524480868154,0.9064327485380117,2026-07-17 15:11
PETFLD2011,Petfield Premium Adult Chicken & Oat 4kg,06MARCAPRO,C,10.252,17,1,FORECASTABLE,Intermittent,10.125,9.654607595194925,0.9005847953216374,2026-07-17 15:11
PETZEZEREADULTO18,Pet Zêzere Cão Adulto 18kg,10PETZE,C,67.392,1,0,INSUFFICIENT_HISTORY,,,,0.75,2026-07-17 15:11
PETFLD2041,Petfield Premium Salmon & Rice 4kg,06MARCAPRO,C,10.876000000000001,17,1,FORECASTABLE,Intermittent,10.125,9.000021642208038,0.9,2026-07-17 15:11
PETFLD2042,Petfield Premium Salmon & Rice 18kg,06MARCAPRO,B,138.546,53,1,FORECASTABLE,Lumpy,3.3461538461538463,3.939052315154147,0.6988636363636364,2026-07-17 15:11
PETFLD2032,Petfield Premium Light & Senior 18kg,06MARCAPRO,B,144.71999999999997,48,1,FORECASTABLE,Intermittent,3.5319148936170213,3.7824638004009814,0.7192982456140351,2026-07-17 15:11
PETFLD2052,Petfield Premium Cat Sterilized 6kg,06MARCAPRO,C,12.239999999999998,17,1,FORECASTABLE,Intermittent,10.5625,9.058823529411764,0.9005847953216374,2026-07-17 15:11
PETFLD2051,Petfield Premium Cat Sterilized 2kg,06MARCAPRO,C,10.719999999999999,23,1,FORECASTABLE,Intermittent,7.090909090909091,6.580530184896417,0.8654970760233918,2026-07-17 15:11
PETZINGATOPEIXE20,Petzin Chat Poisson 20Kg,06MARCAPRO,B,72.62,3,1,FORECASTABLE,Intermittent,18.0,51.115491914881765,0.9807692307692307,2026-07-17 15:11
PETZINGATOCARNEMIX20,Petzin Chat Viande Coloré 20Kg,06MARCAPRO,B,64.8,3,1,FORECASTABLE,Intermittent,27.0,55.29347736625519,0.9807692307692307,2026-07-17 15:11
PINTOSMGSAQ,AVIZÊZERE PINTOS Migalha 5 Kg,ZEZERE,C,0.175,2,1,FORECASTABLE,Intermittent,7.0,21.448979591836732,0.9545454545454546,2026-07-17 15:11
PETZINGATOCARNE20,Petzin Chat Viande 20Kg,06MARCAPRO,B,138.58,4,1,FORECASTABLE,Intermittent,18.666666666666668,43.2756389722939,0.9746835443037974,2026-07-17 15:11
ROTDOGMB20,RotundaDog MB 20Kg,06MARCAPRO,C,3.12,1,0,INSUFFICIENT_HISTORY,,,,0.6666666666666666,2026-07-17 15:11
RACAOMB12,Ração em MB 12Kg,06MARCAPRO,C,0.72,1,1,FORECASTABLE,Intermittent,78.0,76.99999999999991,0.9871794871794872,2026-07-17 15:11
PONGOADULT4,Pongo Adult 4Kg,06MARCAPRO,C,12.100000000000001,2,1,FORECASTABLE,Intermittent,72.0,46.29831918584796,0.9787234042553191,2026-07-17 15:11
RUFIAADULTO20A,Rufia Cão Adulto 20Kg,03RUFIA,B,52.05500000000001,6,1,FORECASTABLE,Lumpy,1.6,1.6301655867577087,0.4,2026-07-17 15:11
RACAOMB20,Ração em MB 20Kg,06MARCAPRO,B,109.98,5,1,FORECASTABLE,Intermittent,27.5,34.367134449977335,0.9712643678160919,2026-07-17 15:11
RUFIAADULTO4A,Rufia Cão Adulto 4Kg,03RUFIA,C,8.96,4,0,INSUFFICIENT_HISTORY,,,,0.3333333333333333,2026-07-17 15:11
PILEUADULTO20,PiléuDog Adulto 20Kg,06MARCAPRO,B,262.08,21,1,FORECASTABLE,Intermittent,8.2,7.238095238095238,0.8786127167630058,2026-07-17 15:11
QUINTATILIASMBAE20,Quinta das Tílias Cão Alta Energia MB 20kg,06MARCAPRO,B,117.24000000000001,6,1,FORECASTABLE,Intermittent,31.0,30.04784896239111,0.963855421686747,2026-07-17 15:11
RUFIAAE20A,Rufia Cão Adulto Alta Energia 20Kg,03RUFIA,C,22.520000000000003,3,1,FORECASTABLE,Lumpy,4.0,5.332306944843186,0.7,2026-07-17 15:11
PETZEZEREADULTO15,Pet Zêzere 15kg,10PETZE,A,245.445,129,1,FORECASTABLE,Erratic,1.3359375,1.4803375597874728,0.26704545454545453,2026-07-17 15:11
RUFIAADULTOP4,Rufia Cão Adulto 4Kg,03RUFIA,C,12.64,14,1,FORECASTABLE,Intermittent,2.1538461538461537,4.3236059926293855,0.7777777777777778,2026-07-17 15:11
RUFIAESTERIL20A,Rufia Gato Esterilizado 20Kg,03RUFIA,C,1.02,1,1,FORECASTABLE,Intermittent,10.0,8.999999999999998,0.9,2026-07-17 15:11
RUFIAADULTO20,Rufia Cão Adulto 20Kg,03RUFIA,A,7376.92,175,1,FORECASTABLE,Smooth,1.0,0.33568603638543515,0.005681818181818182,2026-07-17 15:11
RUFIAESTERIL10,Rufia Gato Esterilizado 10Kg,03RUFIA,C,12.629999999999999,15,1,FORECASTABLE,Intermittent,5.214285714285714,6.861998948073839,0.8192771084337349,2026-07-17 15:11
RUFIAADULTO4,Rufia Cão Adulto 4Kg,03RUFIA,A,592.316,159,1,FORECASTABLE,Erratic,1.1012658227848102,1.1172525686706045,0.09659090909090909,2026-07-17 15:11
ROTDOGSV20,RotundaDog SV 20Kg,06MARCAPRO,B,60.839999999999996,13,1,FORECASTABLE,Intermittent,14.0,12.230769230769228,0.9244186046511628,2026-07-17 15:11
RUFIAAE20,Rufia Cão Adulto Alta Energia 20Kg,03RUFIA,A,1913.92,175,1,FORECASTABLE,Smooth,1.0,0.599507574437147,0.005681818181818182,2026-07-17 15:11
RUFIAESTERIL4,Rufia Gato Esterilizado 4Kg,03RUFIA,C,9.976,23,1,FORECASTABLE,Intermittent,3.6818181818181817,4.921575373518738,0.7228915662650602,2026-07-17 15:11
RUFIAGATOMBSC20ANI,Rufia Gato Adulto MB SC 20Kg - ANIMA FRIQUE,03RUFIA,C,8.58,2,1,FORECASTABLE,Intermittent,19.0,46.66115702479344,0.9746835443037974,2026-07-17 15:11
RUFIAGATO20,Rufia Gato Adulto 20Kg,03RUFIA,B,46.22,10,1,FORECASTABLE,Intermittent,4.888888888888889,5.792051110702096,0.782608695652174,2026-07-17 15:11
RUFIAGATOMB20ANI,Rufia Gato Adulto MB 20Kg - ANI MAGHREB,03RUFIA,C,6.24,1,1,FORECASTABLE,Intermittent,96.0,94.99999999999991,0.9895833333333334,2026-07-17 15:11
RUFIAESTERIL20,Rufia Gato Esterilizado 20Kg,03RUFIA,B,41.34,26,1,FORECASTABLE,Lumpy,3.32,6.368867421308751,0.6941176470588235,2026-07-17 15:11
RUFIAJR20A,Rufia Cão Junior 20Kg,03RUFIA,C,27.54,6,1,FORECASTABLE,Lumpy,1.6,1.290809327846365,0.4,2026-07-17 15:11
RUFIAGATOSC20,Rufia Gato Adulto SC 20Kg,03RUFIA,C,15.999999999999998,9,1,FORECASTABLE,Intermittent,5.625,6.187328125000003,0.8085106382978723,2026-07-17 15:11
RUFIAJR4A,Rufia Cão Junior 4Kg,03RUFIA,C,5.376,3,1,FORECASTABLE,Lumpy,4.0,3.9999999999999982,0.7,2026-07-17 15:11
RUFIAGATOSC1.5,Rufia Gato Adulto SC 1.5Kg,03RUFIA,C,2.6910000000000003,7,1,FORECASTABLE,Intermittent,19.333333333333332,31.592935202067096,0.9444444444444444,2026-07-17 15:11
RUFIAMIX20A,Rufia Cão Adulto Mix 20Kg,03RUFIA,C,37.980000000000004,4,1,FORECASTABLE,Lumpy,2.6666666666666665,2.6206883642925067,0.6,2026-07-17 15:11
RUFIAGATO10,Rufia Gato Adulto 10Kg,03RUFIA,A,450.92,165,1,FORECASTABLE,Smooth,1.0609756097560976,0.7293773462337412,0.0625,2026-07-17 15:11
RUFIAMIX4A,Rufia Cão Adulto Mix 4Kg,03RUFIA,C,7.168,3,0,INSUFFICIENT_HISTORY,,,,0.5,2026-07-17 15:11
RUFIAGATO1.5,Rufia Gato Adulto 1.5Kg,03RUFIA,B,99.387,133,1,FORECASTABLE,Erratic,1.3181818181818181,1.1774893845537746,0.24431818181818182,2026-07-17 15:11
RUFIAGATOSC10,Rufia Gato Adulto SC 10Kg,03RUFIA,B,33.730000000000004,31,1,FORECASTABLE,Intermittent,4.966666666666667,6.271741491196946,0.7947019867549668,2026-07-17 15:11
SETCAT20,SETCAT Gato  Adulto Mix 20Kg,06MARCAPRO,C,19.5,2,1,FORECASTABLE,Intermittent,24.0,49.960000000000036,0.9795918367346939,2026-07-17 15:11
SETDOGMB20,SetDog Adulto MB 20Kg,06MARCAPRO,C,57.72,2,1,FORECASTABLE,Intermittent,1.0,57.54273192111035,0.9829059829059829,2026-07-17 15:11
RUFIARP4,Rufia Raças Pequenas/Mini 4Kg,03RUFIA,C,13.404000000000002,32,1,FORECASTABLE,Lumpy,2.6774193548387095,4.46955255320481,0.6235294117647059,2026-07-17 15:11
RUFIAMIX4,Rufia Cão Adulto Mix 4Kg,03RUFIA,A,264.432,125,1,FORECASTABLE,Erratic,1.3870967741935485,1.8391537127598692,0.2897727272727273,2026-07-17 15:11
RUFIAMIX20,Rufia Cão Adulto Mix 20Kg,03RUFIA,A,2385.2,173,1,FORECASTABLE,Smooth,1.0116279069767442,0.7553182317848095,0.017045454545454544,2026-07-17 15:11
RUFIAJR20,Rufia Cão Junior 20Kg,03RUFIA,A,3057.2200000000003,173,1,FORECASTABLE,Smooth,1.0116279069767442,0.7682264980975653,0.017045454545454544,2026-07-17 15:11
SHFRANGO100,Snack HappyOne Cão Frango 100g,SNACKS,C,1.7533,48,1,FORECASTABLE,Intermittent,3.5531914893617023,8.636034616737861,0.7192982456140351,2026-07-17 15:11
SHBORREGO100,Snack HappyOne Cão Borrego 100g,SNACKS,C,1.3622,43,1,FORECASTABLE,Intermittent,4.0476190476190474,9.552100324121371,0.75,2026-07-17 15:11
RUFIAJR4,Rufia Cão Junior 4Kg,03RUFIA,A,673.2919999999999,166,1,FORECASTABLE,Smooth,1.0545454545454545,0.9916118228888766,0.056818181818181816,2026-07-17 15:11
SHGATOFRANGO50,Snack HappyOne Gato Frango 50g,SNACKS,C,0.7484500000000001,44,1,FORECASTABLE,Intermittent,3.7209302325581395,9.053423009151103,0.7333333333333333,2026-07-17 15:11
SHGATOSALMAOATUM50,Snack HappyOne Gato Salmão e Atum 50g,SNACKS,C,0.60525,44,1,FORECASTABLE,Intermittent,3.813953488372093,8.051014721967585,0.7365269461077845,2026-07-17 15:11
SHGATOSARDINHA50,Snack HappyOne Gato Sardinha 50g,SNACKS,C,0.49085,45,1,FORECASTABLE,Intermittent,3.772727272727273,7.475834427868436,0.7321428571428571,2026-07-17 15:11
SHMEDADULTOBOVA190,Snack HappyOne Med Cão Borrego e Vaca 190g,SNACKS,C,5.67093,72,1,FORECASTABLE,Lumpy,2.3661971830985915,6.857415286775725,0.5813953488372093,2026-07-17 15:11
SHMEDADULTOFRPE190,Snack HappyOne Med Cão Frango e Peru 190g,SNACKS,C,5.09903,61,1,FORECASTABLE,Lumpy,2.783333333333333,8.237860136093191,0.6432748538011696,2026-07-17 15:11
SHPREMIUMBORREGO100,Snack HappyOne Premium Borrego 100g,SNACKS,C,4.3408,70,1,FORECASTABLE,Lumpy,2.5072463768115942,5.325959201230267,0.6022727272727273,2026-07-17 15:11
SHJR100,Snack HappyOne Cão Júnior 100g,SNACKS,C,1.7733000000000003,50,1,FORECASTABLE,Intermittent,3.4489795918367347,8.51033120538538,0.7076023391812866,2026-07-17 15:11
SHPREMIUMFRANGO100,Snack HappyOne Premium Frango 100g,SNACKS,C,3.0070000000000006,71,1,FORECASTABLE,Lumpy,2.414285714285714,4.963485789559422,0.5872093023255814,2026-07-17 15:11
SHMEDADULTOSARDINHA190,Snack HappyOne Med Cão Adulto Sardinha 190g,SNACKS,C,4.51573,64,1,FORECASTABLE,Lumpy,2.6507936507936507,7.868830679462416,0.6257309941520468,2026-07-17 15:11
SINGAGATO20,SINGA Adult Cat 20Kg,06MARCAPRO,C,60.84,2,1,FORECASTABLE,Intermittent,10.0,53.73372781065085,0.972972972972973,2026-07-17 15:11
SHPREMIUMGATOFRANGO50,Snack HappyOne Premium Gato Frango 50g,SNACKS,C,0.81965,45,1,FORECASTABLE,Intermittent,3.7045454545454546,7.973420808745049,0.7305389221556886,2026-07-17 15:11
SHPREMIUMGATOSALMAOATUM50,Snack HappyOne Premium Gato Salmão e Atum 50g,SNACKS,C,1.2649000000000001,49,1,FORECASTABLE,Intermittent,3.5208333333333335,7.62828745360364,0.7151162790697675,2026-07-17 15:11
SUMICOOPADULTO20,SUMICOOP Alimento Completo Perros Básico 20 Kg ,06MARCAPRO,C,8.700000000000001,1,1,FORECASTABLE,Intermittent,172.0,171.00000000000006,0.9941860465116279,2026-07-17 15:11
SUMICOOPAE20,SUMICOOP Perros Alta Energía 20 Kg ,06MARCAPRO,C,7.8,1,1,FORECASTABLE,Intermittent,172.0,171.00000000000006,0.9941860465116279,2026-07-17 15:11
SUMICOOPJR20,SUMICOOP Cachorros y Madres 20 Kg ,06MARCAPRO,C,7.8,1,1,FORECASTABLE,Intermittent,172.0,171.00000000000006,0.9941860465116279,2026-07-17 15:11
SHPREMIUMGATOSARDINHA50,Snack HappyOne Premium Gato Sardinha 50g,SNACKS,C,0.7472000000000001,40,1,FORECASTABLE,Intermittent,4.17948717948718,9.983054088941328,0.7604790419161677,2026-07-17 15:11
SHPREMIUMJR100,Snack HappyOne Premium Junior 100g,SNACKS,C,3.4768000000000003,50,1,FORECASTABLE,Intermittent,3.4489795918367347,8.038460817602301,0.7109826589595376,2026-07-17 15:11
SHSA100,Snack HappyOne Cão Salmão e Atum 100g,SNACKS,C,1.3363000000000003,44,1,FORECASTABLE,Intermittent,3.6744186046511627,9.414662612908456,0.7365269461077845,2026-07-17 15:11
SINGAGATOMIX20,SINGA Adult Cat Mix 20Kg,06MARCAPRO,B,219.42000000000002,7,1,FORECASTABLE,Intermittent,17.666666666666668,27.21426164242832,0.9602272727272727,2026-07-17 15:11
UNAP230818,Cão Real Basic Adulto 20kg,06MARCAPRO,A,315.90000000000003,45,1,FORECASTABLE,Lumpy,2.8181818181818183,3.0992775491540914,0.6484375,2026-07-17 15:11
SHPREMIUMSA100,Snack HappyOne Premium Cão Salmão e Atum 100g,SNACKS,C,3.7082,59,1,FORECASTABLE,Lumpy,2.9655172413793105,6.633520006437123,0.6647727272727273,2026-07-17 15:11
UNAP230820,Gato Real Basic Adulto 20kg,06MARCAPRO,B,70.2,32,1,FORECASTABLE,Intermittent,3.7096774193548385,4.132592592592593,0.7398373983739838,2026-07-17 15:11
UNAP230821,Cão Real Adulto 20kg,06MARCAPRO,B,56.16,28,1,FORECASTABLE,Intermittent,4.2592592592592595,5.40625,0.7723577235772358,2026-07-17 15:11
VITAKEADULTO12,Vitake Cão Adulto 12Kg,06MARCAPRO,C,9.996,1,1,FORECASTABLE,Intermittent,32.0,31.000000000000014,0.96875,2026-07-17 15:11
VITAKERG15,VITAKE Cão Adulto Raças Grandes 15Kg,06MARCAPRO,C,10.545,1,1,FORECASTABLE,Intermittent,81.0,79.99999999999994,0.9876543209876543,2026-07-17 15:11
UNAP230822,Cão Real Adulto 4kg,06MARCAPRO,B,33.284000000000006,25,1,FORECASTABLE,Intermittent,3.5,6.483409757220641,0.782608695652174,2026-07-17 15:11
UNAP230823,Cão Real Júnior 4kg,06MARCAPRO,C,12.164000000000001,12,1,FORECASTABLE,Intermittent,5.454545454545454,12.689065939882655,0.8956521739130435,2026-07-17 15:11
ZIRCAOADULTO4,Zircão Cão Adulto 4Kg,06MARCAPRO,C,11.996,2,1,FORECASTABLE,Intermittent,41.0,39.17967976654663,0.975,2026-07-17 15:11
ZIRCAOADULTO18,Zircão Cão Adulto 18Kg,06MARCAPRO,B,65.178,4,1,FORECASTABLE,Intermittent,18.666666666666668,24.786193352914406,0.9555555555555556,2026-07-17 15:11
UNAP230825,"Gato Real Carne e Peixe 1,5kg",06MARCAPRO,C,16.5255,20,1,FORECASTABLE,Intermittent,3.8421052631578947,7.553811219442031,0.8260869565217391,2026-07-17 15:11
ZMIXPROOLEOS25,Zmix Cavalos PRO com Óleo 25 Kg ,ZEZERE,C,1.5,2,1,FORECASTABLE,Intermittent,32.0,84.5,0.9883040935672515,2026-07-17 15:11
ZMIXPROMELS25,Zmix Cavalos PRO com Melaço 25 Kg ,ZEZERE,C,3.75,5,1,FORECASTABLE,Intermittent,8.75,33.800000000000004,0.9712643678160919,2026-07-17 15:11
VITALCAN20,Vital Can 20Kg,06MARCAPRO,C,42.120000000000005,5,1,FORECASTABLE,Intermittent,37.0,35.44032921810698,0.9675324675324676,2026-07-17 15:11
ZMIXSTANDARDMELS25,Zmix Cavalos Standard com Melaço 25 Kg,ZEZERE,C,1.0,2,1,FORECASTABLE,Intermittent,44.0,107.74999999999997,0.9885057471264368,2026-07-17 15:11
ZIRCAOAE18,Zircão Cão Adulto Alta Energia 18Kg,06MARCAPRO,B,114.21,7,1,FORECASTABLE,Intermittent,14.5,16.143834034728865,0.9292929292929293,2026-07-17 15:11
ZORRO-01-1E,ZORRO Dog Puppy 20kg,13ZORRO,C,3.9,1,1,FORECASTABLE,Intermittent,48.0,47.00000000000001,0.9791666666666666,2026-07-17 15:11
ZORRO-01-1,ZORRO Dog Puppy 20kg,13ZORRO,C,4.68,1,1,FORECASTABLE,Intermittent,70.0,69.00000000000003,0.9857142857142858,2026-07-17 15:11
UNAP230824,Cão Real Alta Energia 20kg,06MARCAPRO,B,50.7,34,1,FORECASTABLE,Intermittent,3.757575757575758,3.5140828402366857,0.734375,2026-07-17 15:11
ZORRO-01-2E,ZORRO Dog Active 20kg,13ZORRO,C,3.9,1,1,FORECASTABLE,Intermittent,48.0,47.00000000000001,0.9791666666666666,2026-07-17 15:11
ZORROGATOMIX20,ZORRO Cat Active Mix 20kg,13ZORRO,C,12.24,1,0,INSUFFICIENT_HISTORY,,,,0.5,2026-07-17 15:11
ZORRO-01-3E,ZORRO Dog High Performance 20kg,13ZORRO,C,3.9,1,1,FORECASTABLE,Intermittent,48.0,47.00000000000001,0.9791666666666666,2026-07-17 15:11
ZMIXLABOURMELS25,Zmix Cavalos Labour com Melaço 25 Kg ,ZEZERE,C,6.75,9,1,FORECASTABLE,Intermittent,21.375,18.333333333333332,0.9482758620689655,2026-07-17 15:11
ZORRO-02-1E,ZORRO Cat Active 20kg,13ZORRO,C,25.32,2,1,FORECASTABLE,Intermittent,46.0,34.49084701601492,0.9583333333333334,2026-07-17 15:11
VITALCAT20,Vitalcat Gato 20Kg,06MARCAPRO,B,152.1,12,1,FORECASTABLE,Intermittent,13.454545454545455,12.62003944773176,0.922077922077922,2026-07-17 15:11
ZORRO-01-2,ZORRO Dog Active 20kg,13ZORRO,B,133.98,26,1,FORECASTABLE,Intermittent,5.56,7.7981458756201265,0.8505747126436781,2026-07-17 15:11
ZORRO-02-1,ZORRO Cat Active 20kg,13ZORRO,B,78.89999999999999,7,1,FORECASTABLE,Intermittent,26.166666666666668,33.431849527967735,0.9575757575757575,2026-07-17 15:11
